{"MV1":0.9631812122040457,"MV3":0.7624726441927909,"CH1":0.5902982927751337}