{"MV1":0.9234260678617677,"MV3":0.04852208006242653,"CH1":0.36799727082429035}