{"MV1":0.23612091065310614,"MV3":0.21177710543606032,"CH1":0.2806417529585352}