{"MV1":0.9648466391623565,"MV3":0.42690309210987853,"CH1":0.0796924173486564}