{"MV1":0.3380377940660585,"MV3":0.8239965247521143,"CH1":0.7630108625859003}