{"MV1":0.03096804719636015,"MV3":0.5129012038383995,"CH1":0.8105003008623641}