{"MV1":0.11037473023665745,"MV3":0.04361359811337595,"CH1":0.17791510510601205}