{"MV1":0.3074543631674135,"MV3":0.8600812068369216,"CH1":0.55745618655668}