{"MV1":0.44657274758229804,"MV3":0.11002664169317278,"CH1":0.5040895562742677}