{"MV1":0.9272821951545824,"MV3":0.7443375716556757,"CH1":0.7499161025862974}