{"MV1":0.9942994804516726,"MV3":0.4015751963208485,"CH1":0.8883627580255403}