{"MV1":0.5171313048465446,"MV3":0.19469264347608228,"CH1":0.6495498476172938}