{"MV1":0.948837197423916,"MV3":0.6055508451583556,"CH1":0.7863433861845124}