{"MV1":0.8135393191860305,"MV3":0.554076426922048,"CH1":0.6849271722329482}