{"MV1":0.9071247010160869,"MV3":0.8757629849807084,"CH1":0.6244760035719175}