{"MV1":0.20185404401679863,"MV3":0.0718572255869373,"CH1":0.19105699272962473}