{"MV1":0.15747346940471874,"MV3":0.06394060755416042,"CH1":0.9748113123232868}