{"MV1":0.09510859676513894,"MV3":0.6379541493624054,"CH1":0.3621765266759197}