{"MV1":0.6419792306034807,"MV3":0.1050046686483973,"CH1":0.27327942528522653}