{"MV1":0.6703559653632312,"MV3":0.6299441246822126,"CH1":0.11383541237564165}