{"MV1":0.8068552065392075,"MV3":0.19438962731653942,"CH1":0.36053960276082275}