{"MV1":0.865680259864088,"MV3":0.9165829196097072,"CH1":0.631219064917009}