{"MV1":0.9649088804885937,"MV3":0.30059840707515184,"CH1":0.020566030524775902}