{"MV1":0.13299019970699655,"MV3":0.4161419314971616,"CH1":0.2205122041817682}