{"MV1":0.9919428316104708,"MV3":0.48195660622121517,"CH1":0.2800955790579026}