{"MV1":0.3049611235620757,"MV3":0.10711269635576881,"CH1":0.07730688832880583}