{"MV1":0.9194894037820585,"MV3":0.6395931127010359,"CH1":0.754552212382402}