{"MV1":0.42736932555324214,"MV3":0.44332006825385994,"CH1":0.45292957829026137}