{"MV1":0.580562620608606,"MV3":0.29643871633324925,"CH1":0.09525275510423492}