{"MV1":0.6175463709153268,"MV3":0.8722738381218076,"CH1":0.7690829923151301}