{"MV1":0.9587141154059012,"MV3":0.6559392720165218,"CH1":0.44727292148918585}