{"MV1":0.4441073044886841,"MV3":0.780589329395816,"CH1":0.2705351921331369}