{"MV1":0.6171142377744085,"MV3":0.5334788738649234,"CH1":0.32475019497852853}