{"MV1":0.14011028240716894,"MV3":0.8841057348960787,"CH1":0.85881296735904}