{"MV1":0.3508165484119732,"MV3":0.6376677782874166,"CH1":0.9269368712247781}