{"MV1":0.11520872284016226,"MV3":0.305790318749259,"CH1":0.315063474330449}