{"MV1":0.35425191097647857,"MV3":0.989401861653977,"CH1":0.9973913270770716}