{"MV1":0.12302002148823654,"MV3":0.7110786953370307,"CH1":0.258957655460196}