{"MV1":0.14448256381334978,"MV3":0.03285039780961918,"CH1":0.9808207292466381}