{"MV1":0.5177872135076764,"MV3":0.8761301941187025,"CH1":0.669903818016695}