{"MV1":0.6807024162572141,"MV3":0.0790249228668024,"CH1":0.5803395495344642}