{"MV1":0.5002883143364844,"MV3":0.2631703201334751,"CH1":0.42627249035607495}