{"MV1":0.6234356704435355,"MV3":0.14239072608422476,"CH1":0.015019506366692692}