{"MV1":0.8275745327277085,"MV3":0.747995590693299,"CH1":0.5006004009107589}