{"MV1":0.5951732518997064,"MV3":0.6908159553298249,"CH1":0.267606089323133}