{"MV1":0.14147846427303357,"MV3":0.029722333498545805,"CH1":0.11709117317041373}