{"MV1":0.38510074165502195,"MV3":0.12487065559764898,"CH1":0.7660112043074432}