{"MV1":0.1710813849216707,"MV3":0.5159847327548089,"CH1":0.6561765855340502}