{"MV1":0.3319949854587959,"MV3":0.9759639349595507,"CH1":0.8574150623677772}