{"MV1":0.46333983311419624,"MV3":0.1781765669994777,"CH1":0.9735448742089429}