{"MV1":0.295306925770655,"MV3":0.20320738766560764,"CH1":0.6402925801993913}