{"MV1":0.042505284658484244,"MV3":0.4584795769176616,"CH1":0.6634024471805968}