{"MV1":0.010490237900682375,"MV3":0.9973999892080582,"CH1":0.5446356150395478}