{"MV1":0.4491513418371963,"MV3":0.3834333309715071,"CH1":0.4902162902419973}