{"MV1":0.6855557997608392,"MV3":0.40621723148932387,"CH1":0.7895055198128589}