{"MV1":0.3714330805725986,"MV3":0.35821365239023517,"CH1":0.5879301468514201}