{"MV1":0.896082787394256,"MV3":0.29413457318625125,"CH1":0.9914703560129512}