{"MV1":0.29739864792601944,"MV3":0.08744071311218105,"CH1":0.8538349245605873}