{"MV1":0.018556762915925118,"MV3":0.013913923134249107,"CH1":0.8369636097934536}