{"MV1":0.15614253148857338,"MV3":0.4549028784004373,"CH1":0.5236436839016622}