{"MV1":0.3932669886047695,"MV3":0.5903943262632866,"CH1":0.23609776435480556}