{"MV1":0.8053920413481835,"MV3":0.08082920922191672,"CH1":0.41282097821080677}