{"MV1":0.2891294326909277,"MV3":0.39578793936402845,"CH1":0.9122781208147991}