{"MV1":0.5604214067615088,"MV3":0.5242843430810136,"CH1":0.6068264221251316}