{"MV1":0.3330091590499128,"MV3":0.5826912342219843,"CH1":0.27277357118546075}