{"MV1":0.22668595588396478,"MV3":0.22836983487434448,"CH1":0.682821972042627}