{"MV1":0.6147631846125011,"MV3":0.03853670055325664,"CH1":0.6232503180618562}