{"MV1":0.6400026200806128,"MV3":0.011470335532907883,"CH1":0.28283901220489005}