{"MV1":0.3753210563310203,"MV3":0.425604889639584,"CH1":0.8504463172279741}