{"MV1":0.9008425729508547,"MV3":0.9614521521106477,"CH1":0.11133473948723949}