{"MV1":0.17141454126577838,"MV3":0.08467205813048295,"CH1":0.6884149389889217}