{"MV1":0.5758669936407791,"MV3":0.6285152692035205,"CH1":0.41841620825701464}