{"MV1":0.45089658599982974,"MV3":0.14526913156179,"CH1":0.6894008916271154}