{"MV1":0.42831683986421976,"MV3":0.9020050757896196,"CH1":0.8229480605460088}