{"MV1":0.857373409598136,"MV3":0.41608052075850255,"CH1":0.3583983235034631}