{"MV1":0.489884149877056,"MV3":0.08292459940546071,"CH1":0.7323359540727118}