{"MV1":0.447888754242859,"MV3":0.2973256536132708,"CH1":0.04232708312751221}