{"MV1":0.0682652140113873,"MV3":0.4084564878389759,"CH1":0.9097940233467544}