{"MV1":0.946228385865544,"MV3":0.5352945240496197,"CH1":0.44385220531785174}