{"MV1":0.18336382358553382,"MV3":0.12334199185270556,"CH1":0.6815907343885967}