{"MV1":0.3811632374540833,"MV3":0.5766942671932603,"CH1":0.3317983927891013}