{"MV1":0.4818889995585047,"MV3":0.29659828654366105,"CH1":0.9105838906539501}