{"MV1":0.6523101080558493,"MV3":0.9654093127505091,"CH1":0.15547179991187332}