{"MV1":0.3570797691034375,"MV3":0.70071804683898,"CH1":0.5305017731337751}