{"MV1":0.6790202379305015,"MV3":0.651085154309076,"CH1":0.5122685266496854}