{"MV1":0.38847200647474234,"MV3":0.634688773249203,"CH1":0.466177932143118}