{"MV1":0.9711674858682233,"MV3":0.7544794216452668,"CH1":0.27907911765748605}