{"MV1":0.1565117087895408,"MV3":0.8544850431821363,"CH1":0.488131594168666}