{"MV1":0.343443737073435,"MV3":0.8909413912443639,"CH1":0.9604826795327346}