{"MV1":0.29328694479790773,"MV3":0.9563373804856818,"CH1":0.681989377434632}