{"MV1":0.37880864631544653,"MV3":0.4915001412911749,"CH1":0.5276747123372537}