{"MV1":0.8065167454497539,"MV3":0.8594841175766724,"CH1":0.43922395599677166}