{"MV1":0.09453429166535898,"MV3":0.9201012634981209,"CH1":0.0748794989032644}