{"MV1":0.4575851120818666,"MV3":0.41704053582045064,"CH1":0.9285775491744601}