{"MV1":0.45686205800306257,"MV3":0.4383907078671784,"CH1":0.6724761960395839}