{"MV1":0.765962641232364,"MV3":0.02237979143189195,"CH1":0.9631333451866158}