{"MV1":0.8957694246556577,"MV3":0.5726439947402358,"CH1":0.30954967328310956}