{"MV1":0.13204932408064618,"MV3":0.5402095857154102,"CH1":0.9302625309028375}