{"MV1":0.9243782450917171,"MV3":0.3335071866806627,"CH1":0.957105406405214}