{"MV1":0.6580541016036041,"MV3":0.8493451038841879,"CH1":0.4572521795103335}