{"MV1":0.7214822226488802,"MV3":0.3568500182798976,"CH1":0.16850365888608354}