{"MV1":0.9818589792452671,"MV3":0.5588885439456456,"CH1":0.37729015136047406}