{"MV1":0.941895402006373,"MV3":0.864331288364793,"CH1":0.08851642498580992}