{"MV1":0.9206463354634037,"MV3":0.4064557539667616,"CH1":0.9026386367886123}