{"MV1":0.42323593712222074,"MV3":0.5850554031511859,"CH1":0.6551604071480712}