{"MV1":0.3913619969919311,"MV3":0.6664324276384165,"CH1":0.48931562384514293}