{"MV1":0.3699816758659862,"MV3":0.17547553620483347,"CH1":0.45333282278213294}