{"MV1":0.6535146677999792,"MV3":0.3827027968401715,"CH1":0.23664954066264376}