{"MV1":0.7540906520565467,"MV3":0.006726599149804113,"CH1":0.5542569165371172}