{"MV1":0.5218414453407271,"MV3":0.4100169757892862,"CH1":0.14477878282265777}