{"MV1":0.5308353322527148,"MV3":0.5288513731124911,"CH1":0.882859426859535}