{"MV1":0.39704354943653386,"MV3":0.8616113092291463,"CH1":0.19163561658826156}