{"MV1":0.07611121461578418,"MV3":0.3984167764483012,"CH1":0.7738769711928442}