{"MV1":0.5900412367928054,"MV3":0.4169529776021247,"CH1":0.2292033892079448}