{"MV1":0.49911892316266226,"MV3":0.5012084406072023,"CH1":0.1324212771721286}