{"MV1":0.6202013720480897,"MV3":0.40167743424099955,"CH1":0.12159298389334683}