{"MV1":0.3928690142715129,"MV3":0.9746847645548993,"CH1":0.4747095097798051}