{"MV1":0.13455948657936379,"MV3":0.1465599470183574,"CH1":0.16541170581412035}