{"MV1":0.22760317345809167,"MV3":0.7356247350702902,"CH1":0.8439237883480388}