{"MV1":0.2547142249421107,"MV3":0.6921751985262293,"CH1":0.8238679602711446}