{"MV1":0.16153601436964304,"MV3":0.22272802416629245,"CH1":0.8255275991597342}