{"MV1":0.889730614103045,"MV3":0.07652344170755987,"CH1":0.13361867179963016}