{"MV1":0.9585515056904658,"MV3":0.7228829964972184,"CH1":0.7348200820875627}