{"MV1":0.4265826736777658,"MV3":0.4101006736664988,"CH1":0.679229924391499}