{"MV1":0.26016212365323266,"MV3":0.7070308639567849,"CH1":0.6321339811034135}