{"MV1":0.6471475995858034,"MV3":0.670380351310182,"CH1":0.9096161280327834}