{"MV1":0.06880816174961069,"MV3":0.4041972142321161,"CH1":0.35006208597518385}