{"MV1":0.5890467981749885,"MV3":0.36954091732086625,"CH1":0.7203199555303543}