{"MV1":0.8925832379194197,"MV3":0.16019503024443282,"CH1":0.16003878462868648}