{"MV1":0.5674866143637683,"MV3":0.8279013661269885,"CH1":0.21365523151981336}