{"MV1":0.49570525555745615,"MV3":0.6648328551673304,"CH1":0.8123097753445648}