{"MV1":0.03954154983644842,"MV3":0.35213202996203674,"CH1":0.2649995600409777}