{"MV1":0.32797581827785816,"MV3":0.7259399119092724,"CH1":0.6391366726334476}