{"MV1":0.8265555875311573,"MV3":0.10370645532864176,"CH1":0.5847436989424947}