{"MV1":0.7640399646114842,"MV3":0.4133707244214109,"CH1":0.6397964556092551}