{"MV1":0.7188404548776451,"MV3":0.10677749189076258,"CH1":0.4212141012148167}