{"MV1":0.6364862404624654,"MV3":0.032523455013443225,"CH1":0.9396736551328863}