{"MV1":0.29414406583106956,"MV3":0.7181192117971869,"CH1":0.21206698354883136}