{"MV1":0.6235702280471384,"MV3":0.765261533011145,"CH1":0.3765353274924925}