{"MV1":0.1418700471924207,"MV3":0.8651429736516358,"CH1":0.5465811763432391}