{"MV1":0.9597994633263124,"MV3":0.7020009917966151,"CH1":0.2772542068111655}