{"MV1":0.8880701294512352,"MV3":0.32947773444900674,"CH1":0.7687852622302958}