{"MV1":0.7692314075135842,"MV3":0.4142486582973437,"CH1":0.08642670491580606}