{"MV1":0.9082460505080593,"MV3":0.18228439256994666,"CH1":0.7912479973942754}