{"MV1":0.49359967579560127,"MV3":0.2783598202668832,"CH1":0.44841280041384746}