{"MV1":0.9131416688742675,"MV3":0.05695209023266645,"CH1":0.2325181920825209}