{"MV1":0.5326138093069431,"MV3":0.2593357921221211,"CH1":0.15532894116049734}