{"MV1":0.40158965339341024,"MV3":0.2998133488249286,"CH1":0.5871894148153841}