{"MV1":0.8075140187539598,"MV3":0.2834483059943539,"CH1":0.7830726890375259}