{"MV1":0.7801181904256633,"MV3":0.7436741233607941,"CH1":0.029566188755522305}