{"MV1":0.2977107372314447,"MV3":0.05511584380283485,"CH1":0.1949581801371264}