{"MV1":0.8906465192916488,"MV3":0.6429268089333174,"CH1":0.9461245323535984}