{"MV1":0.42924409855784607,"MV3":0.6328833060411357,"CH1":0.9598016542739399}