{"MV1":0.4304792649628525,"MV3":0.43599325382928855,"CH1":0.6981365518237694}