{"MV1":0.1476914760433614,"MV3":0.7245690651423601,"CH1":0.3409040187875282}