{"MV1":0.2835272473986866,"MV3":0.21404171552017082,"CH1":0.0848841916525348}