{"MV1":0.7048106346148162,"MV3":0.6392858955036972,"CH1":0.6956410643704664}