{"MV1":0.11152329651720883,"MV3":0.6149088661503825,"CH1":0.044299976512148675}