{"MV1":0.20100585586322617,"MV3":0.9525601877975878,"CH1":0.6508963220512195}