{"MV1":0.8793580498851592,"MV3":0.6076226981964388,"CH1":0.1583079315036775}