{"MV1":0.9640707500520357,"MV3":0.0671437882306265,"CH1":0.02320046029634648}