{"MV1":0.18138139959121924,"MV3":0.6616340794133291,"CH1":0.20248058761943577}