{"MV1":0.029320984856684218,"MV3":0.7490680968355975,"CH1":0.15629736090043933}