{"MV1":0.8784154831741263,"MV3":0.4006376287724579,"CH1":0.302040634177988}