{"MV1":0.11932395587448752,"MV3":0.32067078846090213,"CH1":0.1716456715382344}