{"MV1":0.7410505359241448,"MV3":0.9928838517091273,"CH1":0.7678755411143958}