{"MV1":0.8607790884896186,"MV3":0.30653499715717303,"CH1":0.861066730674782}