{"MV1":0.6392087311960075,"MV3":0.126119415311434,"CH1":0.49262271278075664}