{"MV1":0.9165076095140725,"MV3":0.5390722523004121,"CH1":0.9705845389507942}