{"MV1":0.40672449712571945,"MV3":0.1400145416541161,"CH1":0.3267663078611386}