{"MV1":0.8435784516048344,"MV3":0.02842673813975638,"CH1":0.8918494157440136}