{"MV1":0.7608811038881923,"MV3":0.6760133611425435,"CH1":0.5282310334978385}