{"MV1":0.3329507357933651,"MV3":0.16453208065403924,"CH1":0.3440957041060676}