{"MV1":0.3464021976618641,"MV3":0.6409549858471567,"CH1":0.25764495398775267}