{"MV1":0.6905422037746094,"MV3":0.8781661935522315,"CH1":0.5888949035911539}