{"MV1":0.24423984677340216,"MV3":0.018950881270881847,"CH1":0.2049687643384711}