{"MV1":0.3196949575203204,"MV3":0.7708568843662081,"CH1":0.22827120633131337}