{"MV1":0.42876515712138963,"MV3":0.6384535800423945,"CH1":0.6860885697523937}