{"MV1":0.39363150799286484,"MV3":0.8187967718910772,"CH1":0.7740381089045579}