{"MV1":0.5883040167762532,"MV3":0.4654563447696376,"CH1":0.7907039858437794}