{"MV1":0.4594833857139423,"MV3":0.45609892117926076,"CH1":0.5131573074171498}