{"MV1":0.06319754112948794,"MV3":0.40545335144604244,"CH1":0.5321758508645295}