{"MV1":0.2920211736342866,"MV3":0.2972932310201267,"CH1":0.9294802548389135}