{"MV1":0.6934735775438357,"MV3":0.6682180066366067,"CH1":0.0601352422731547}