{"MV1":0.19973117499146364,"MV3":0.8817815813635203,"CH1":0.1791226439796475}