{"MV1":0.5902937076159445,"MV3":0.16602020173768606,"CH1":0.7819538583429221}