{"MV1":0.5135743331774563,"MV3":0.987660533286736,"CH1":0.13026892353468933}