{"MV1":0.8307615715587786,"MV3":0.2759616567956018,"CH1":0.07370090935264528}