{"MV1":0.873250825313665,"MV3":0.5147534397909299,"CH1":0.49636300050134274}