{"MV1":0.22103532680333515,"MV3":0.834164508599362,"CH1":0.7241056344444483}