{"MV1":0.0053124372468495995,"MV3":0.12405773983182156,"CH1":0.8129012901540619}