{"MV1":0.811486563480149,"MV3":0.23206011863189024,"CH1":0.009761406284362062}