{"MV1":0.7759592170318502,"MV3":0.2527839327193905,"CH1":0.8400330829359487}