{"MV1":0.6593092292463637,"MV3":0.23326974659863464,"CH1":0.3756552323003264}