{"MV1":0.033889385374283654,"MV3":0.9576723826659937,"CH1":0.8145902060124368}