{"MV1":0.8314740450156571,"MV3":0.9578961484973388,"CH1":0.4734632791192155}