{"MV1":0.8642468444073693,"MV3":0.5895835638752543,"CH1":0.5313680075193113}