{"MV1":0.621302312338622,"MV3":0.6379517030793185,"CH1":0.35826891638133385}