{"MV1":0.3440143662735208,"MV3":0.9571336008818444,"CH1":0.22881708876822326}