{"MV1":0.976687134452411,"MV3":0.6184877027246429,"CH1":0.5124896739429932}