{"MV1":0.06052553381388048,"MV3":0.468430585349499,"CH1":0.9973702052489245}