{"MV1":0.44186018594227927,"MV3":0.48342744218753664,"CH1":0.3657813681020602}