{"MV1":0.26634903137528976,"MV3":0.6374554663441164,"CH1":0.7001570218217008}