{"MV1":0.16832104562382655,"MV3":0.015265851905152727,"CH1":0.2475428009117998}