{"MV1":0.1873776860605778,"MV3":0.7000640484046424,"CH1":0.3214189645544048}