{"MV1":0.8373610020405774,"MV3":0.7334862174391882,"CH1":0.31767742945859745}