{"MV1":0.6918058551654276,"MV3":0.21519372484338894,"CH1":0.685736604359454}