{"MV1":0.03509958637156918,"MV3":0.9746630188490147,"CH1":0.6024546521019345}