{"MV1":0.5052289097839439,"MV3":0.3155719301456933,"CH1":0.43229086171715747}