{"MV1":0.5490780590903226,"MV3":0.4633566926876499,"CH1":0.9565467807003981}