{"MV1":0.17539240307674298,"MV3":0.5178834678640959,"CH1":0.5360166432820783}