{"MV1":0.19837048402045698,"MV3":0.34321258237620433,"CH1":0.26218665866917545}