{"MV1":0.3178324802150668,"MV3":0.9414058001557021,"CH1":0.006647221995535468}