{"MV1":0.06026098712783534,"MV3":0.5233603444768957,"CH1":0.22605689314461108}