{"MV1":0.018729336247138018,"MV3":0.2002528358393546,"CH1":0.4172222816183391}