{"MV1":0.25570082873956257,"MV3":0.22888093668612985,"CH1":0.31800477080806866}