{"MV1":0.738294401834087,"MV3":0.6502019108824294,"CH1":0.5362880069842546}