{"MV1":0.5507990307457138,"MV3":0.5440431432731534,"CH1":0.44652739244244555}