{"MV1":0.7217424467800844,"MV3":0.28234160293190014,"CH1":0.3048375591129685}