{"MV1":0.5949389528480131,"MV3":0.9506604435830552,"CH1":0.0437396062543427}