{"MV1":0.4836468627259052,"MV3":0.930111577431858,"CH1":0.06764309379067435}