{"MV1":0.11431051094604416,"MV3":0.10945052620513762,"CH1":0.6623598760163726}