{"MV1":0.4874032425367689,"MV3":0.09707677424527172,"CH1":0.19395506817208485}