{"MV1":0.4880962115689219,"MV3":0.3546144861404865,"CH1":0.6725876141339681}