{"MV1":0.6873958523164495,"MV3":0.4684421751887411,"CH1":0.2275348492148329}