{"MV1":0.6115827504965748,"MV3":0.7224321448064198,"CH1":0.9925936207245544}