{"MV1":0.13594511181688862,"MV3":0.5580513010602477,"CH1":0.082297990548575}