{"MV1":0.3377530328390783,"MV3":0.4807979828168668,"CH1":0.14591247196778523}