{"MV1":0.7961664205344323,"MV3":0.5123701354932936,"CH1":0.8148000367157083}