{"MV1":0.6338175334222186,"MV3":0.5337825938653029,"CH1":0.9428357354821943}