{"MV1":0.27341125824244805,"MV3":0.3551770811536509,"CH1":0.8281937948033187}