{"MV1":0.017007055460484755,"MV3":0.48340332444640255,"CH1":0.7415848086013231}