{"MV1":0.01270655588530889,"MV3":0.4883409323806628,"CH1":0.7587349950606006}