{"MV1":0.6165484043487602,"MV3":0.0008741895187467374,"CH1":0.5216219162355687}