{"MV1":0.8293330691746219,"MV3":0.03728197364306196,"CH1":0.3957437550861257}