{"MV1":0.7053364782684335,"MV3":0.3567815516927647,"CH1":0.22473372633899658}