{"MV1":0.6129938771785128,"MV3":0.8167404954639732,"CH1":0.4238045932410466}