{"MV1":0.613396838614494,"MV3":0.7982271795998447,"CH1":0.39777445897278085}