{"MV1":0.08988771853904254,"MV3":0.17351358021628382,"CH1":0.5621122520995648}