{"MV1":0.1150630953540216,"MV3":0.5986481550212169,"CH1":0.8892292375401142}