{"MV1":0.3029220964901287,"MV3":0.20311495741773045,"CH1":0.5323989112441749}