{"MV1":0.5401057186280088,"MV3":0.03256163439751336,"CH1":0.1981380098670109}