{"MV1":0.09660914397900489,"MV3":0.49041644530025663,"CH1":0.09605752791647204}