{"MV1":0.42961767712581334,"MV3":0.7677151493941562,"CH1":0.21248985186789382}