{"MV1":0.5247284331115457,"MV3":0.8396320737998785,"CH1":0.953592322655875}