{"MV1":0.3365276317274133,"MV3":0.5155504208344505,"CH1":0.4538050306387419}