{"MV1":0.976339788874253,"MV3":0.6830201938488135,"CH1":0.6183618505731916}