{"MV1":0.1233912031693376,"MV3":0.6672124431104669,"CH1":0.07940336784567459}