{"MV1":0.6435734462763322,"MV3":0.31162972592333205,"CH1":0.8797061705884032}