{"MV1":0.6019898877804979,"MV3":0.6492933397908358,"CH1":0.3027765860899523}