{"MV1":0.38913032403010317,"MV3":0.35379812646255593,"CH1":0.7122963698598047}