{"MV1":0.2274217958322009,"MV3":0.7295982117970481,"CH1":0.24221329601239994}