{"MV1":0.6458182630188626,"MV3":0.3552060063317234,"CH1":0.8769528502170864}