{"MV1":0.3352868157227866,"MV3":0.4173275412140238,"CH1":0.7100990909618448}