{"MV1":0.24169754699026302,"MV3":0.7659360923124713,"CH1":0.6016034260814999}