{"MV1":0.8286905809905166,"MV3":0.7079282241301602,"CH1":0.8772014022195955}