{"MV1":0.3007678894479118,"MV3":0.9583040015175041,"CH1":0.789019206919954}