{"MV1":0.6734295328503954,"MV3":0.3879939724303424,"CH1":0.2788604225803266}