{"MV1":0.45008074762834005,"MV3":0.06775698478398318,"CH1":0.6746325405508519}