{"MV1":0.9973165206030616,"MV3":0.17315643990377838,"CH1":0.11450444647699387}