{"MV1":0.6939870674402919,"MV3":0.26577091847165,"CH1":0.7081965174723907}