{"MV1":0.0340428826528969,"MV3":0.6895924991283415,"CH1":0.8630286398160643}