{"MV1":0.4241372224362514,"MV3":0.6286401718433746,"CH1":0.32048961258978825}