{"MV1":0.9148049107269564,"MV3":0.6152130737380322,"CH1":0.8276689509860049}