{"MV1":0.2804551405059862,"MV3":0.4695261113218019,"CH1":0.1079771276276762}