{"MV1":0.12972608045780187,"MV3":0.2779160211376711,"CH1":0.11622588054224581}