{"MV1":0.10422454445657803,"MV3":0.7722331205014172,"CH1":0.7376671294005559}