{"MV1":0.021104382448869252,"MV3":0.2352218701448633,"CH1":0.2687481428363523}