{"MV1":0.6130146560902903,"MV3":0.5181472765602245,"CH1":0.4924741764023529}