{"MV1":0.34051182397702084,"MV3":0.3201009905056771,"CH1":0.4973379157111101}