{"MV1":0.9086143138836275,"MV3":0.7587885272817378,"CH1":0.88122011939545}