{"MV1":0.9892801264565546,"MV3":0.31571951731496894,"CH1":0.5126274565084289}