{"MV1":0.7643300076077527,"MV3":0.3001058709698873,"CH1":0.8595851314301347}