{"MV1":0.504298327880719,"MV3":0.3857578128834195,"CH1":0.49180039175729295}