{"MV1":0.04789959990948811,"MV3":0.16938812677051895,"CH1":0.18858711525632987}