{"MV1":0.5043123873581907,"MV3":0.874970973451104,"CH1":0.2239259961561224}