{"MV1":0.039572264744827,"MV3":0.094206150708123,"CH1":0.21244394020864754}