{"MV1":0.5166092446783195,"MV3":0.8214276004426189,"CH1":0.5953155021818102}