{"MV1":0.9983674332465928,"MV3":0.11225694274196185,"CH1":0.5824872903826657}