{"MV1":0.8394641459764093,"MV3":0.217465178958129,"CH1":0.7422648676265996}