{"MV1":0.16617415415734982,"MV3":0.49304985310677774,"CH1":0.10236405458295494}