{"MV1":0.2979644694131456,"MV3":0.5429454338688122,"CH1":0.2838858404352401}