{"MV1":0.5026900823461963,"MV3":0.9376633586187761,"CH1":0.48856168388882715}