{"MV1":0.9537176975921604,"MV3":0.1249461419010135,"CH1":0.6020853211343791}