{"MV1":0.5891457105752907,"MV3":0.6555943769775856,"CH1":0.030008402675673507}