{"MV1":0.8079848910851628,"MV3":0.9835939598929265,"CH1":0.6257020682275674}