{"MV1":0.9933381274431,"MV3":0.23090975589621376,"CH1":0.0772120885194647}