{"MV1":0.861709183796647,"MV3":0.6814954418912293,"CH1":0.9084106237824818}