{"MV1":0.4483981581017151,"MV3":0.7458519439058582,"CH1":0.6049050024170392}