{"MV1":0.7264621141222046,"MV3":0.3732628567432117,"CH1":0.9007636584390774}