{"MV1":0.7085666654057153,"MV3":0.7199181362048235,"CH1":0.6177863434852212}