{"MV1":0.8628286224705775,"MV3":0.4498634414458954,"CH1":0.8629208689216233}