{"MV1":0.06953369283073618,"MV3":0.353141722676371,"CH1":0.5708709134781517}