{"MV1":0.6477760082348416,"MV3":0.9339771132688849,"CH1":0.15861580613390902}