{"MV1":0.9004887388112395,"MV3":0.9090106667207327,"CH1":0.6577038592499149}