{"MV1":0.5833675647161808,"MV3":0.715363294131657,"CH1":0.289806443828177}