{"MV1":0.702282485219611,"MV3":0.9017239848642643,"CH1":0.6825588891517493}