{"MV1":0.2703188314416024,"MV3":0.027792707942375316,"CH1":0.37281567157004314}