{"MV1":0.6531202160071061,"MV3":0.7101147907161544,"CH1":0.9677464187945477}