{"MV1":0.14648852406361568,"MV3":0.5047767905004906,"CH1":0.08429138036643169}