{"MV1":0.09321139020685576,"MV3":0.8532849553620999,"CH1":0.20118559904037459}