{"MV1":0.7525156363039145,"MV3":0.9899239561464961,"CH1":0.569694285875249}