{"MV1":0.9980547690041243,"MV3":0.40836803428222535,"CH1":0.24147175828972434}