{"MV1":0.11122112843403376,"MV3":0.9337043048097058,"CH1":0.33263581133245734}