{"MV1":0.4247673536972111,"MV3":0.10601905020281321,"CH1":0.6799506841362055}