{"MV1":0.9576628154823186,"MV3":0.384571710204186,"CH1":0.4863111557764088}