{"MV1":0.1965232210290322,"MV3":0.17409859076159462,"CH1":0.11222139994105873}