{"MV1":0.18418728496149794,"MV3":0.6099587453035319,"CH1":0.4750339597167458}