{"MV1":0.5928771787952191,"MV3":0.17873368196819517,"CH1":0.0677345680646515}