{"MV1":0.8815470892479518,"MV3":0.431891113470959,"CH1":0.044248268151028}