{"MV1":0.750390181102045,"MV3":0.7684469597734266,"CH1":0.6116522547683372}