{"MV1":0.9155786220740578,"MV3":0.15200822453432739,"CH1":0.8462094073697487}