{"MV1":0.6177936588112372,"MV3":0.8702387012760893,"CH1":0.6153153149738787}