{"MV1":0.5901195641165647,"MV3":0.053782025683358436,"CH1":0.7808117995346411}