{"MV1":0.7612290339421776,"MV3":0.9658163469085294,"CH1":0.7370468849600552}