{"MV1":0.23677743269716178,"MV3":0.2929350317610965,"CH1":0.6399745675720779}