{"MV1":0.7521044038633821,"MV3":0.1626421476547657,"CH1":0.5516662557076883}