{"MV1":0.5201445175811651,"MV3":0.8922101150959239,"CH1":0.29741138627182917}