{"MV1":0.03346731108886003,"MV3":0.8939691964106616,"CH1":0.5561650791809708}