{"MV1":0.18371669643823518,"MV3":0.5835653204744327,"CH1":0.6376672991222231}