{"MV1":0.33254155787093087,"MV3":0.8811332000295522,"CH1":0.3248691930735592}