{"MV1":0.8203594625894202,"MV3":0.49698668210842456,"CH1":0.9188556268335586}