{"MV1":0.10728219876078238,"MV3":0.6499957378450225,"CH1":0.6729479715559172}