{"MV1":0.1378961465314582,"MV3":0.9877853018211318,"CH1":0.7511049846986457}