{"MV1":0.28353260260119495,"MV3":0.6165084941716377,"CH1":0.7606764502148146}