{"MV1":0.5280272479730247,"MV3":0.2838575760905673,"CH1":0.9447631148374698}