{"MV1":0.6076564665238875,"MV3":0.8708017667351431,"CH1":0.6792755430786868}