{"MV1":0.28774545336665647,"MV3":0.11261571253085867,"CH1":0.1611478962938483}