{"MV1":0.08318353926199562,"MV3":0.8839915701740392,"CH1":0.8800534209901856}