{"MV1":0.6274024243045624,"MV3":0.12720169790760816,"CH1":0.40760136502094235}