{"MV1":0.6269347892996283,"MV3":0.8082624059255122,"CH1":0.8853912739470255}