{"MV1":0.4402582859311688,"MV3":0.16958217551019572,"CH1":0.6988937886839635}