{"MV1":0.3710668151514316,"MV3":0.8513919217662738,"CH1":0.5042539752249432}