{"MV1":0.5374679811149861,"MV3":0.32792969280843653,"CH1":0.390981635824344}