{"MV1":0.5433434670336329,"MV3":0.9519822831904301,"CH1":0.7908918219845199}