{"MV1":0.7817102339957803,"MV3":0.2033363359467093,"CH1":0.03931461615867704}