{"MV1":0.821127689407033,"MV3":0.5120663237744185,"CH1":0.022866129742278307}