{"MV1":0.7451814870929107,"MV3":0.4534916076463772,"CH1":0.33055134801880237}