{"MV1":0.31648099202805335,"MV3":0.9604595708470973,"CH1":0.14960052299617987}