{"MV1":0.35323979430958186,"MV3":0.11613112552823202,"CH1":0.9347772644881451}