{"MV1":0.7567740537725866,"MV3":0.316498167033189,"CH1":0.953503686813321}