{"MV1":0.656097788105366,"MV3":0.3488166529666268,"CH1":0.6018609319718998}