{"MV1":0.5862271746742733,"MV3":0.07537127057609916,"CH1":0.9660013083976343}