{"MV1":0.7922175607388502,"MV3":0.5753794165470717,"CH1":0.34855364534980804}