{"MV1":0.38997457283536086,"MV3":0.5281795579676656,"CH1":0.9913333371877925}