{"MV1":0.8752201441157389,"MV3":0.18088954711021588,"CH1":0.34142811471764734}