{"MV1":0.9027502189399316,"MV3":0.7329921814750008,"CH1":0.15650848597526446}