{"MV1":0.8384631967056244,"MV3":0.7029400873300216,"CH1":0.619650793953303}