{"MV1":0.9743470333257281,"MV3":0.1739218510914683,"CH1":0.8723436507219288}