{"MV1":0.5272344908764418,"MV3":0.44405530072612986,"CH1":0.5025110633853742}