{"MV1":0.4301468889827358,"MV3":0.9662226803848462,"CH1":0.7345729560510778}