{"MV1":0.01790234005325042,"MV3":0.0986175418561841,"CH1":0.7509289300404391}