{"MV1":0.2739032176662325,"MV3":0.6491080027829742,"CH1":0.3924110168131336}