{"MV1":0.18948463820935435,"MV3":0.768375643909065,"CH1":0.13627177023893156}