{"MV1":0.27684151895704,"MV3":0.6098580065022997,"CH1":0.7243710968793788}