{"MV1":0.925769957094678,"MV3":0.5836596617528382,"CH1":0.484617562769443}