{"MV1":0.47543769692172133,"MV3":0.295671546476997,"CH1":0.6704079101588674}