{"MV1":0.4976874219911912,"MV3":0.22039575678574153,"CH1":0.4526834505485081}