{"MV1":0.39388165001071107,"MV3":0.6908100946173976,"CH1":0.4919986337950244}