{"MV1":0.6912583957409721,"MV3":0.6628013604090452,"CH1":0.8331148527170813}