{"MV1":0.08224895041367275,"MV3":0.4912780929128958,"CH1":0.7725617431235379}