{"MV1":0.9105885093893779,"MV3":0.8166834377563218,"CH1":0.2909400419298086}