{"MV1":0.9051118125629609,"MV3":0.8738032358289535,"CH1":0.17328797762985226}