{"MV1":0.3732990785431841,"MV3":0.9067053994310892,"CH1":0.3938852478719215}