{"MV1":0.6020795735375885,"MV3":0.8891799171623865,"CH1":0.10375055436007286}