{"MV1":0.8487023025880751,"MV3":0.47620986299510015,"CH1":0.3444108016725722}