{"MV1":0.8742057053600611,"MV3":0.2882292062461832,"CH1":0.5482363237479223}