{"MV1":0.3422420651556447,"MV3":0.7794883418097055,"CH1":0.8909760620782858}