{"MV1":0.1997978552339006,"MV3":0.6615041976823074,"CH1":0.9093290385059888}