{"MV1":0.7064381279652444,"MV3":0.8767702457881799,"CH1":0.041006305142438304}