{"MV1":0.041414458269225296,"MV3":0.5248891900605462,"CH1":0.9323049559103694}