{"MV1":0.12828594102908497,"MV3":0.3228975524756319,"CH1":0.46453932547109633}