{"MV1":0.8118325288919266,"MV3":0.7952124449979439,"CH1":0.10683460726159466}