{"MV1":0.7768977168013278,"MV3":0.23888224630472177,"CH1":0.8572629665883768}