{"MV1":0.8956869194814299,"MV3":0.2213956429602666,"CH1":0.21704220062287682}