{"MV1":0.21480293844564713,"MV3":0.7300024610905824,"CH1":0.2469217397603377}