{"MV1":0.043910313973187454,"MV3":0.5454714969685215,"CH1":0.23814366382634133}