{"MV1":0.46692437706369194,"MV3":0.04574965836896461,"CH1":0.8212055055058934}