{"MV1":0.7319170166214221,"MV3":0.8136290716859932,"CH1":0.9744813771442828}