{"MV1":0.985153046916565,"MV3":0.36657691393836145,"CH1":0.8836539785449196}