{"MV1":0.8468153348754168,"MV3":0.5395031312948364,"CH1":0.8800699019417211}