{"MV1":0.1459226881818877,"MV3":0.6813558016187612,"CH1":0.1578221467882196}