{"MV1":0.3842236555766462,"MV3":0.3749217888167973,"CH1":0.5569644694997791}