{"MV1":0.15569367662829303,"MV3":0.06677595859640884,"CH1":0.4154246265651036}