{"MV1":0.24312073272351398,"MV3":0.115743042349433,"CH1":0.8422237035425025}