{"MV1":0.5035222618926635,"MV3":0.7051054173202973,"CH1":0.8096378885302}