{"MV1":0.22183971001187552,"MV3":0.9768539788809967,"CH1":0.3291669319511229}