{"MV1":0.16643048751952505,"MV3":0.12713051822652077,"CH1":0.634336748503174}