{"MV1":0.6737379150780121,"MV3":0.8879639313929346,"CH1":0.09237138780618048}