{"MV1":0.8820713645340633,"MV3":0.3687283088162163,"CH1":0.69361313641787}