{"MV1":0.8474750095113062,"MV3":0.9631466747250164,"CH1":0.9952670184651684}