{"MV1":0.4761283341815048,"MV3":0.8141492512008622,"CH1":0.7441909868984004}