{"MV1":0.9750097234590065,"MV3":0.21246048586032584,"CH1":0.6804159380325135}