{"MV1":0.24891102029379375,"MV3":0.24293171983919992,"CH1":0.31585502555589573}