{"MV1":0.3181194701645137,"MV3":0.014260297857878301,"CH1":0.688391747729942}