{"MV1":0.4243863902639964,"MV3":0.19261659507274953,"CH1":0.8481057141791986}