{"MV1":0.6072968661628633,"MV3":0.6388715168546819,"CH1":0.9713024821860113}