{"MV1":0.3509333861719096,"MV3":0.6565695643518598,"CH1":0.47793266265087364}