{"MV1":0.950225304096416,"MV3":0.3371435334302124,"CH1":0.1603526937166343}