{"MV1":0.10277247872381357,"MV3":0.8684759281074531,"CH1":0.4971616411824451}