{"MV1":0.7762802381590367,"MV3":0.9476428495292474,"CH1":0.6253724483960392}