{"MV1":0.8116958334199116,"MV3":0.9015596815202954,"CH1":0.11903860515405129}