{"MV1":0.6259492131940071,"MV3":0.5130082266278536,"CH1":0.7738614488989409}