{"MV1":0.5482927064822547,"MV3":0.127016403689724,"CH1":0.014616837965184648}