{"MV1":0.6498235107726495,"MV3":0.1666002206518975,"CH1":0.9277807912058273}