{"MV1":0.7837775492812245,"MV3":0.6854000541475458,"CH1":0.9644598688074081}