{"MV1":0.5836654826395069,"MV3":0.7164195546864381,"CH1":0.7289829554491071}