{"MV1":0.5356193431843668,"MV3":0.4726338929705124,"CH1":0.507442078626092}