{"MV1":0.9402506606892902,"MV3":0.41376967338179216,"CH1":0.9426440339754203}