{"MV1":0.0048134967100973425,"MV3":0.45012890553463525,"CH1":0.6849087046385834}