{"MV1":0.036104249714699055,"MV3":0.8293719378327463,"CH1":0.6266354045706127}