{"MV1":0.0036271613012955894,"MV3":0.21540689622855524,"CH1":0.935515331816139}