{"MV1":0.5764110125281056,"MV3":0.669270370398491,"CH1":0.8143577092651233}