{"MV1":0.9359771256310798,"MV3":0.9011857806103449,"CH1":0.6571606815788671}