{"MV1":0.7703802018146897,"MV3":0.7059342090392954,"CH1":0.3609868020745227}