{"MV1":0.2975672875422122,"MV3":0.6109625021581729,"CH1":0.17541206949446564}