{"MV1":0.25368813164935233,"MV3":0.9670378901671693,"CH1":0.7047816090308101}