{"MV1":0.18801490837772283,"MV3":0.8783780329762627,"CH1":0.13056386741322878}