{"MV1":0.005450066126173714,"MV3":0.3270132828435721,"CH1":0.6602543497928408}