{"MV1":0.6389261699768939,"MV3":0.28152942937037684,"CH1":0.4820587925838532}