{"MV1":0.15417997988046217,"MV3":0.7708586252565149,"CH1":0.06566123771363352}