{"MV1":0.05353071926878328,"MV3":0.028876622981698907,"CH1":0.5953517428375689}