{"MV1":0.06063057356305512,"MV3":0.6123650001699217,"CH1":0.4475347908815598}