{"MV1":0.14340628222233198,"MV3":0.05398555101164415,"CH1":0.6300181881428913}