{"MV1":0.9021137963701062,"MV3":0.7453398149168721,"CH1":0.15199948423904952}