{"MV1":0.13148311222104692,"MV3":0.57003269616201,"CH1":0.8294347544113163}