{"MV1":0.9500156116943921,"MV3":0.5941313176911674,"CH1":0.5462057064462327}