{"MV1":0.6371314604823282,"MV3":0.7494689762877258,"CH1":0.0948719786488601}