{"MV1":0.45785310279018976,"MV3":0.2454851155870419,"CH1":0.522507386722199}