{"MV1":0.5283613665906087,"MV3":0.6897784719914657,"CH1":0.9927364953755127}