{"MV1":0.16872849119817723,"MV3":0.2514768634441794,"CH1":0.13342022068931425}