{"MV1":0.985694435959744,"MV3":0.866588647371639,"CH1":0.015355894828823824}