{"MV1":0.3344257161505785,"MV3":0.516599379613753,"CH1":0.9129648426336261}