{"MV1":0.3364022061952444,"MV3":0.764577294353291,"CH1":0.13183334609881603}