{"MV1":0.20772152077335548,"MV3":0.2802909598602742,"CH1":0.0551318494899129}