{"MV1":0.7107122056364085,"MV3":0.3498168125236023,"CH1":0.670654282399837}