{"MV1":0.6600276616668876,"MV3":0.8887250263323414,"CH1":0.10460112043787939}