{"MV1":0.320307066517763,"MV3":0.5016225753013958,"CH1":0.7541597646320468}