{"MV1":0.2803480172200161,"MV3":0.3555367597032246,"CH1":0.03047151019696359}