{"MV1":0.5421313071346299,"MV3":0.19148361740966724,"CH1":0.5303409514818087}