{"MV1":0.21258761053021147,"MV3":0.6197995593689419,"CH1":0.7306399304974949}