{"MV1":0.1194137546268853,"MV3":0.3540530088790166,"CH1":0.8787493568159237}