{"MV1":0.2930555118188293,"MV3":0.49851874296164966,"CH1":0.5596728936977293}