{"MV1":0.2679577374660306,"MV3":0.07438459443073564,"CH1":0.5414850116244062}