{"MV1":0.4953289252892009,"MV3":0.30512840057108503,"CH1":0.054348993632485354}