{"MV1":0.21386803405205357,"MV3":0.34992566105221123,"CH1":0.6360584505578782}