{"MV1":0.8773101576117641,"MV3":0.13106191783157128,"CH1":0.6312739885503773}