{"MV1":0.4383304499391697,"MV3":0.09811968676379601,"CH1":0.22433369591750785}