{"MV1":0.5872774737725218,"MV3":0.8815945231794884,"CH1":0.6519246690347855}