{"MV1":0.9427877073874914,"MV3":0.306394695305113,"CH1":0.9194012378141861}