{"MV1":0.741914623437945,"MV3":0.31277017025881537,"CH1":0.008877998007739585}