{"MV1":0.6009665713849451,"MV3":0.7762989860734368,"CH1":0.41131292178751955}