{"MV1":0.5800694406120094,"MV3":0.4718507600385008,"CH1":0.1365228775803463}