{"MV1":0.8812783388229811,"MV3":0.9739180949369654,"CH1":0.7891143424360213}