{"MV1":0.029410286838356448,"MV3":0.8595153048530153,"CH1":0.12842536355044698}