{"MV1":0.9154164546110652,"MV3":0.8903059368875793,"CH1":0.4390966687929633}