{"MV1":0.7083552388353164,"MV3":0.8861380550261697,"CH1":0.8443596256987366}