{"MV1":0.32190868636997394,"MV3":0.2811186454061846,"CH1":0.34737807325483494}