{"MV1":0.6084835785819612,"MV3":0.9515477290475901,"CH1":0.5246077215044914}