{"MV1":0.1575158728899685,"MV3":0.9474046861072646,"CH1":0.2691087525970909}