{"MV1":0.696018192690579,"MV3":0.12275485521536245,"CH1":0.22441641299196102}