{"MV1":0.028932925098344886,"MV3":0.5589726919393799,"CH1":0.4373854992096381}