{"MV1":0.8345413187338363,"MV3":0.6524463019015956,"CH1":0.0909038878445737}