{"MV1":0.782194826178191,"MV3":0.7218723043327971,"CH1":0.5732601322344644}