{"MV1":0.364885389116375,"MV3":0.6401432688877422,"CH1":0.25535323472627036}