{"MV1":0.1304022036741984,"MV3":0.3423130035389894,"CH1":0.6551994529683244}