{"MV1":0.7385141812612342,"MV3":0.26400130783940834,"CH1":0.213844719170869}