{"MV1":0.3070403524317873,"MV3":0.22036466212700956,"CH1":0.6091648182522089}