{"MV1":0.7104078941212467,"MV3":0.08098214137737358,"CH1":0.8760205913752439}