{"MV1":0.9577233235095817,"MV3":0.26571472737253665,"CH1":0.7185363121442221}