{"MV1":0.9508711665786067,"MV3":0.8415778806147265,"CH1":0.15555847802875156}