{"MV1":0.7403398516561305,"MV3":0.27879997298603687,"CH1":0.8401337466583984}