{"MV1":0.9169966633852651,"MV3":0.7171182743974006,"CH1":0.1450579613888331}