{"MV1":0.8996637465455118,"MV3":0.1521603435152048,"CH1":0.8002567248441991}