{"MV1":0.08453032458264309,"MV3":0.027247212800181275,"CH1":0.445153515059315}