{"MV1":0.4148455119831266,"MV3":0.0306422598506626,"CH1":0.4570541553694789}