{"MV1":0.34604398743986176,"MV3":0.7494783330188293,"CH1":0.6376970352664643}