{"MV1":0.972665132548855,"MV3":0.7529558169150562,"CH1":0.08504494811226027}