{"MV1":0.22243325913422385,"MV3":0.10238368449088797,"CH1":0.7618671288179979}