{"MV1":0.6350217506313891,"MV3":0.16430256394135068,"CH1":0.17919695531236457}