{"MV1":0.40108264698212315,"MV3":0.9497394914995749,"CH1":0.7154888402625379}