{"MV1":0.5432201211466993,"MV3":0.06597646704944693,"CH1":0.8999846610635559}