{"MV1":0.5566812923177348,"MV3":0.9609264873572532,"CH1":0.7079426211392243}