{"MV1":0.09349878944322598,"MV3":0.7647513895554882,"CH1":0.6230907367364378}