{"MV1":0.20087444147527933,"MV3":0.14892644209623318,"CH1":0.9607128117689332}