{"MV1":0.7686264635822576,"MV3":0.9728870867583096,"CH1":0.9523926653288304}