{"MV1":0.984581293697363,"MV3":0.09762292134110451,"CH1":0.09577312339515975}