{"MV1":0.5512210944007438,"MV3":0.868320868839736,"CH1":0.3292159752982262}