{"MV1":0.8913614072999867,"MV3":0.1993884978144358,"CH1":0.5065506713153961}