{"MV1":0.3909869628005336,"MV3":0.17928406520975826,"CH1":0.4794532508144168}