{"MV1":0.20092039896083114,"MV3":0.155473947323008,"CH1":0.9987479179320785}