{"MV1":0.8380240212142344,"MV3":0.7394133844609864,"CH1":0.9990060074599608}