{"MV1":0.1409086741013328,"MV3":0.8859204409694728,"CH1":0.7718034907394624}