{"MV1":0.19797260182735021,"MV3":0.6718724845326427,"CH1":0.7870203117533959}