{"MV1":0.6394877028777869,"MV3":0.1675101165148255,"CH1":0.08365926838405546}