{"MV1":0.2054887584990147,"MV3":0.3890850368080885,"CH1":0.884501671920954}