{"MV1":0.20994607416049604,"MV3":0.8109919710316303,"CH1":0.7132913351221354}