{"MV1":0.34528204339298163,"MV3":0.3745639877682728,"CH1":0.5658803998126363}