{"MV1":0.12829802057270734,"MV3":0.4601962309158826,"CH1":0.21489009620342947}