{"MV1":0.6173644726526999,"MV3":0.19660365542804625,"CH1":0.5934605268327368}