{"MV1":0.13362834057240291,"MV3":0.027442363654111235,"CH1":0.978583375960505}