{"MV1":0.4899310766267825,"MV3":0.5243830046955358,"CH1":0.5534966942092054}