{"MV1":0.6641907198057823,"MV3":0.06797754276361512,"CH1":0.14271176743609337}