{"MV1":0.6974142492529878,"MV3":0.05042691619242379,"CH1":0.9510322566078739}