{"MV1":0.5074355109165138,"MV3":0.9447056113858482,"CH1":0.5637827979124153}