{"MV1":0.41514612334913403,"MV3":0.9421301325242615,"CH1":0.2233701032666604}