{"MV1":0.6184205541936035,"MV3":0.8830935611449485,"CH1":0.46516867450212296}