{"MV1":0.4712604597201535,"MV3":0.5797294000373969,"CH1":0.0751909751159805}