{"MV1":0.6924607635233745,"MV3":0.7118749682675397,"CH1":0.636890966840547}