{"MV1":0.243530728759642,"MV3":0.15050316136890618,"CH1":0.7388172988079003}