{"MV1":0.5680745426163608,"MV3":0.2163206120017812,"CH1":0.9196087953718651}