{"MV1":0.6909964520744412,"MV3":0.10605632820350874,"CH1":0.23401946378367355}