{"MV1":0.6713620696571654,"MV3":0.9475765851452992,"CH1":0.8844645186756995}