{"MV1":0.5732386847593829,"MV3":0.37310135574479186,"CH1":0.9178618164088086}