{"MV1":0.9043344261801662,"MV3":0.7919373434282404,"CH1":0.15774816098732558}