{"MV1":0.4568741663845787,"MV3":0.974084593269872,"CH1":0.6484303177410996}