{"MV1":0.7442174777232504,"MV3":0.843091178813939,"CH1":0.9108249289546122}