{"MV1":0.10514727596643203,"MV3":0.1349379177380613,"CH1":0.8403332627450468}