{"MV1":0.32878066439261366,"MV3":0.7898348869364673,"CH1":0.3629008620348694}