{"MV1":0.45005312780433804,"MV3":0.25457632970792565,"CH1":0.17227375082932928}