{"MV1":0.294955566807123,"MV3":0.09440244688157062,"CH1":0.8236707107737391}