{"MV1":0.9959670335924649,"MV3":0.018063554811712512,"CH1":0.5394994012716638}