{"MV1":0.23744171203814257,"MV3":0.7641313533453334,"CH1":0.643804494475276}