{"MV1":0.7631599226324842,"MV3":0.38206171188047133,"CH1":0.7522389100002699}