{"MV1":0.3138405598548676,"MV3":0.4534426904076917,"CH1":0.08936737566261488}