{"MV1":0.05609240378986269,"MV3":0.9431446728485275,"CH1":0.9515979528544304}