{"MV1":0.8371565498523408,"MV3":0.32620360786113367,"CH1":0.9945452126130327}