{"MV1":0.44544810145980684,"MV3":0.9357769645253227,"CH1":0.7986229763038184}