{"MV1":0.7121898060317272,"MV3":0.3456991035102308,"CH1":0.6216576741090387}