{"MV1":0.4333685856644086,"MV3":0.4424382368808788,"CH1":0.1413293512157877}