{"MV1":0.7705755301963222,"MV3":0.37139244120215276,"CH1":0.032188110288401295}