{"MV1":0.7708926238145836,"MV3":0.9766062336808822,"CH1":0.759716189328945}