{"MV1":0.6521019919915982,"MV3":0.5577777552910507,"CH1":0.944639767502858}