{"MV1":0.22755546560801876,"MV3":0.696199197853966,"CH1":0.37833737850326155}