{"MV1":0.14833846799417683,"MV3":0.04734015032409322,"CH1":0.12933266056170256}