{"MV1":0.3642392670243927,"MV3":0.5898955707876524,"CH1":0.044571276775776325}