{"MV1":0.20202023258710455,"MV3":0.5917415447722654,"CH1":0.17215360019534243}