{"MV1":0.5114171349141861,"MV3":0.14873550422227821,"CH1":0.08575881588546008}