{"MV1":0.7998919821415414,"MV3":0.9874813457969098,"CH1":0.08130361246072793}