{"MV1":0.2601765219021669,"MV3":0.6753461265942349,"CH1":0.800713665153152}