{"MV1":0.9474375445320438,"MV3":0.3343303156489942,"CH1":0.07163850432276253}