{"MV1":0.8419734088872703,"MV3":0.33397879705962763,"CH1":0.2764831494516272}