{"MV1":0.8459960982974136,"MV3":0.5432007730600716,"CH1":0.5309031475459745}