{"MV1":0.4734238716399376,"MV3":0.10448815590047322,"CH1":0.8654726382740722}