{"MV1":0.48929848779424956,"MV3":0.11104209440698276,"CH1":0.024174770063231765}