{"MV1":0.11306408252767364,"MV3":0.8564591054261775,"CH1":0.9714592353619247}