{"MV1":0.40938360729944767,"MV3":0.13447051799362897,"CH1":0.9429164597479408}