{"MV1":0.6360227852976604,"MV3":0.6976187667602216,"CH1":0.5970363679426486}