{"MV1":0.5386966959511685,"MV3":0.6373396393960726,"CH1":0.2947735034662725}