{"MV1":0.4198179828885422,"MV3":0.4551069739656959,"CH1":0.513462117548652}