{"MV1":0.70983442500206,"MV3":0.7719667407215385,"CH1":0.6726797370120792}