{"MV1":0.612515368081275,"MV3":0.276223334486033,"CH1":0.8190637527414178}