{"MV1":0.9933901873918709,"MV3":0.05470631653315017,"CH1":0.4553659892251517}