{"MV1":0.08182424682542544,"MV3":0.5561759338738452,"CH1":0.2723966431040603}