{"MV1":0.8592444761652314,"MV3":0.30749192650058976,"CH1":0.34182368558013954}