{"MV1":0.9255600311954266,"MV3":0.08004152635917683,"CH1":0.6132631205339548}