{"MV1":0.39203493886124297,"MV3":0.8267224331649909,"CH1":0.12703401734980857}