{"MV1":0.43818338872760076,"MV3":0.6404582738496597,"CH1":0.5348630808374785}