{"MV1":0.09367887614731363,"MV3":0.76898648984466,"CH1":0.39305872366252625}