{"MV1":0.7979712173011164,"MV3":0.5572599564483764,"CH1":0.8737522857027732}