{"MV1":0.3349333863171796,"MV3":0.1451264536346326,"CH1":0.2336641086013066}