{"MV1":0.6565574346648,"MV3":0.8607140131954799,"CH1":0.14053488700692618}