{"MV1":0.3807130212706046,"MV3":0.4203920850392042,"CH1":0.08169487187972924}