{"MV1":0.7985799806436601,"MV3":0.6897319874886575,"CH1":0.6057209919526143}