{"MV1":0.9597160377919672,"MV3":0.3617007777701491,"CH1":0.02496888304599587}