{"MV1":0.8246348675813842,"MV3":0.2563062628954391,"CH1":0.6057924136184941}