{"MV1":0.8061824807848371,"MV3":0.4428769719301018,"CH1":0.9173472772601111}