{"MV1":0.041080733577860795,"MV3":0.01316130168733265,"CH1":0.25816354743353054}