{"MV1":0.1548609352085274,"MV3":0.4749240816613278,"CH1":0.06976353204359087}