{"MV1":0.32950209306391,"MV3":0.9259277953878633,"CH1":0.017037237619702994}