{"MV1":0.4726750550037744,"MV3":0.40561146941732973,"CH1":0.7938554900288387}