{"MV1":0.6407925809906325,"MV3":0.4814384343227377,"CH1":0.8660777472867842}