{"MV1":0.8564487053863892,"MV3":0.24692699749613678,"CH1":0.31685008121446734}