{"MV1":0.3668787513345837,"MV3":0.10209781790443706,"CH1":0.3153755332146262}