{"MV1":0.4170189788324111,"MV3":0.9037866106441715,"CH1":0.04098105739457314}