{"MV1":0.26089791975463705,"MV3":0.11328258634450039,"CH1":0.31213893464435916}