{"MV1":0.06104511274652391,"MV3":0.35862754370609484,"CH1":0.7719314032541192}