{"MV1":0.401880936637662,"MV3":0.2212775586260639,"CH1":0.5305986467886477}