{"MV1":0.5085843722700161,"MV3":0.54851729876313,"CH1":0.9147231002423647}