{"MV1":0.150428949959174,"MV3":0.6159081892981265,"CH1":0.4941659705976338}