{"MV1":0.4035466203865773,"MV3":0.023574998623486776,"CH1":0.27831468033726725}