{"MV1":0.825541228924145,"MV3":0.759578585390779,"CH1":0.24765324532320754}