{"MV1":0.9125460735483565,"MV3":0.8816177661331427,"CH1":0.194157070894461}