{"MV1":0.2121241405358668,"MV3":0.13660254958244866,"CH1":0.7717110325174225}