{"MV1":0.6428327010382817,"MV3":0.3983503166921438,"CH1":0.7313095227922113}