{"MV1":0.7735123610247377,"MV3":0.0217399279629793,"CH1":0.07220932581378614}