{"MV1":0.014401778528046583,"MV3":0.3057086081503506,"CH1":0.25012259410495985}