{"MV1":0.003314836709243485,"MV3":0.889977117544492,"CH1":0.03982828824742146}