{"MV1":0.0026760718380546278,"MV3":0.8194167215952652,"CH1":0.027602798995665645}