{"MV1":0.8704024760458013,"MV3":0.5137706169852503,"CH1":0.48348361770952997}