{"MV1":0.8031575613185788,"MV3":0.024261262256456084,"CH1":0.6736965016888598}