{"MV1":0.775015370643707,"MV3":0.4249990490199742,"CH1":0.5999022681312934}