{"MV1":0.17472805686160298,"MV3":0.5683145598986268,"CH1":0.2986601064572967}