{"MV1":0.7779230522934274,"MV3":0.9524192930548699,"CH1":0.7137668450145795}