{"MV1":0.05002314732291491,"MV3":0.7127390343929837,"CH1":0.49206925005756885}