{"MV1":0.5025592906789502,"MV3":0.5311892931320887,"CH1":0.28919476270486455}