{"MV1":0.5342312976315405,"MV3":0.4795448095975601,"CH1":0.6319747169484957}