{"MV1":0.562527450673705,"MV3":0.8449161317568971,"CH1":0.4696379831679245}