{"MV1":0.30975779173531803,"MV3":0.8351635311958653,"CH1":0.37989457471295296}