{"MV1":0.3715100441300665,"MV3":0.8562164014013969,"CH1":0.873775738549512}