{"MV1":0.3963426841285106,"MV3":0.5486442591234181,"CH1":0.08286175103983118}