{"MV1":0.030099990140049826,"MV3":0.9622881158805362,"CH1":0.041552614378694175}