{"MV1":0.8182509235688217,"MV3":0.6191628830985224,"CH1":0.3193280568988701}