{"MV1":0.7280294021685744,"MV3":0.6436100252288188,"CH1":0.13970310515027484}