{"MV1":0.017746392141602563,"MV3":0.24600282947984864,"CH1":0.7030922024079804}