{"MV1":0.2696297487192949,"MV3":0.9523437836470293,"CH1":0.18220041009865517}