{"MV1":0.9163197121999604,"MV3":0.16165472708792294,"CH1":0.06666385045024514}