{"MV1":0.48646657439079743,"MV3":0.7487051143989324,"CH1":0.4442635824480813}