{"MV1":0.574107533296453,"MV3":0.48292284160208687,"CH1":0.004077174167781417}