{"MV1":0.350822906161286,"MV3":0.4209093271113953,"CH1":0.9328524495326399}