{"MV1":0.1407478095453787,"MV3":0.4543504796976695,"CH1":0.8579750096877848}