{"MV1":0.9935349237574161,"MV3":0.7661693576454939,"CH1":0.7115374549748837}