{"MV1":0.7388708399173072,"MV3":0.9876019389886193,"CH1":0.7415698241889105}