{"MV1":0.5730039446732889,"MV3":0.3585246278475074,"CH1":0.18755386397754004}