{"MV1":0.3325466235209752,"MV3":0.3715153011391057,"CH1":0.6647996313613276}