{"MV1":0.22532510665637695,"MV3":0.21272893636483325,"CH1":0.4270123946581743}