{"MV1":0.28344115472862585,"MV3":0.16413166162478654,"CH1":0.169028060335222}