{"MV1":0.3268937596284667,"MV3":0.241070207227564,"CH1":0.9128302428713687}