{"MV1":0.8403560161996276,"MV3":0.15403068523690777,"CH1":0.8223226151277988}