{"MV1":0.7730539180061707,"MV3":0.30761577119670835,"CH1":0.6336679315406556}