{"MV1":0.5388823710430377,"MV3":0.5366830800099047,"CH1":0.6990604004504312}