{"MV1":0.7223029804170548,"MV3":0.30263176296565353,"CH1":0.7633468819396945}