{"MV1":0.959788998629094,"MV3":0.030236809500806316,"CH1":0.13099801039674275}