{"MV1":0.5459283413690659,"MV3":0.8459332026456997,"CH1":0.09024186923326372}