{"MV1":0.32566255524837917,"MV3":0.1518692171821855,"CH1":0.7870134213932474}