{"MV1":0.9417261119935411,"MV3":0.7892918119681646,"CH1":0.377447028390818}