{"MV1":0.634448549432831,"MV3":0.8102234739726147,"CH1":0.9580338737661198}