{"MV1":0.7311732289247211,"MV3":0.5985340716715049,"CH1":0.7088248386259282}