{"MV1":0.25732427085387966,"MV3":0.7927974099388936,"CH1":0.9372528475544701}