{"MV1":0.13645091294375866,"MV3":0.35109612101229226,"CH1":0.582221481938514}