{"MV1":0.2372177439166424,"MV3":0.32994239297335404,"CH1":0.7586925691556476}