{"MV1":0.9851431005637442,"MV3":0.7450971314313535,"CH1":0.7410338688791777}