{"MV1":0.5730089275102985,"MV3":0.6559433329639521,"CH1":0.2906293355789057}