{"MV1":0.4874206510088305,"MV3":0.42197679045126946,"CH1":0.881379359898023}