{"MV1":0.02491084122419951,"MV3":0.5163798086333683,"CH1":0.6016389189816883}