{"MV1":0.45303624252429175,"MV3":0.44008010682372134,"CH1":0.5739907379802186}