{"MV1":0.4103099124832126,"MV3":0.42264001466267154,"CH1":0.1118303707085665}