{"MV1":0.641080104082132,"MV3":0.47286289855477726,"CH1":0.7949786443939383}