{"MV1":0.490303897528677,"MV3":0.48815023826723825,"CH1":0.04650962579110274}