{"MV1":0.5213049972513334,"MV3":0.7127633631887204,"CH1":0.6210919325322027}