{"MV1":0.17857279313869323,"MV3":0.012534042458577255,"CH1":0.39696177318561876}