{"MV1":0.002423027953797341,"MV3":0.46951421921094805,"CH1":0.8345099059061476}