{"MV1":0.4577106813917792,"MV3":0.3418470549222783,"CH1":0.5133651074432172}