{"MV1":0.8485120860458508,"MV3":0.44928974223533,"CH1":0.20044392918603293}