{"MV1":0.7346660888131112,"MV3":0.7065403177878707,"CH1":0.4239274226096973}