{"MV1":0.9034282545241843,"MV3":0.08591053233076407,"CH1":0.7296026811721503}