{"MV1":0.7416721430595714,"MV3":0.23479156632396747,"CH1":0.15117291828595936}