{"MV1":0.7407807840894602,"MV3":0.26552010860829434,"CH1":0.5066053756780177}