{"MV1":0.6236628009515166,"MV3":0.053162012167873196,"CH1":0.20840454530753016}