{"MV1":0.8942504956654963,"MV3":0.2530676943346969,"CH1":0.8583420223522619}