{"MV1":0.6992467096801435,"MV3":0.8042431908674202,"CH1":0.5624846405865422}