{"MV1":0.5121155830171595,"MV3":0.8580243507149274,"CH1":0.9237492888514098}