{"MV1":0.20178071711414025,"MV3":0.05756695809115042,"CH1":0.6270741664243021}