{"MV1":0.7427414788724934,"MV3":0.7033118040771622,"CH1":0.6502180263152598}