{"MV1":0.8917832583175276,"MV3":0.8439786574072325,"CH1":0.8711913372777116}