{"MV1":0.11064921227764657,"MV3":0.21264141234199163,"CH1":0.9784080244783774}