{"MV1":0.6652263096955664,"MV3":0.4664223990225077,"CH1":0.9320797840420112}