{"MV1":0.31811694781456956,"MV3":0.5521651217089106,"CH1":0.8491651595849039}