{"MV1":0.8921903461683524,"MV3":0.7989213821213923,"CH1":0.23463325777246002}