{"MV1":0.5558652547384807,"MV3":0.6450874633119407,"CH1":0.7285816153626301}