{"MV1":0.46630068712219563,"MV3":0.4338152320486126,"CH1":0.7281977148467392}