{"MV1":0.5403229153596961,"MV3":0.059842712443568424,"CH1":0.3511506235072662}