{"MV1":0.6815862576293641,"MV3":0.5824898674549114,"CH1":0.2984510001696852}