{"MV1":0.39080128487635035,"MV3":0.5760780684630178,"CH1":0.839916906575583}