{"MV1":0.6651218613597567,"MV3":0.05185644284963842,"CH1":0.44438620835116405}