{"MV1":0.9050352988837934,"MV3":0.09980490291408861,"CH1":0.19262150724450988}