{"MV1":0.16628017302421294,"MV3":0.8986463874977572,"CH1":0.1512125003631114}