{"MV1":0.3449664925714402,"MV3":0.16928458733638696,"CH1":0.40411709914889604}