{"MV1":0.4709470030565136,"MV3":0.4264955488693756,"CH1":0.8434195548169757}