{"MV1":0.47305760579274025,"MV3":0.918695638707108,"CH1":0.1029155780281148}