{"MV1":0.1821969135416055,"MV3":0.5521983630901959,"CH1":0.3877525260566741}