{"MV1":0.0321846357111365,"MV3":0.9451492371464524,"CH1":0.23196342116237545}