{"MV1":0.41572341643518496,"MV3":0.23918299519941189,"CH1":0.5548599480641212}