{"MV1":0.9803534131647226,"MV3":0.7545269888277465,"CH1":0.464951065088808}