{"MV1":0.960447249240677,"MV3":0.8665574193511143,"CH1":0.36449680999712053}