{"MV1":0.7063776741867944,"MV3":0.521118083906802,"CH1":0.5802224214035937}