{"MV1":0.325586186794215,"MV3":0.6252376460133594,"CH1":0.9237960375509737}