{"MV1":0.2775110779872868,"MV3":0.750616108527427,"CH1":0.6620675181328459}