{"MV1":0.7897904239143846,"MV3":0.591581585791949,"CH1":0.6739912399256717}