{"MV1":0.4860570215804394,"MV3":0.842586176296156,"CH1":0.14094630920055062}