{"MV1":0.7985047654495172,"MV3":0.1552073598585546,"CH1":0.20648503809362828}