{"MV1":0.31768324679385085,"MV3":0.44192548471929316,"CH1":0.6923274177050187}