{"MV1":0.07512874067255348,"MV3":0.8656674972039536,"CH1":0.2284614613639987}