{"MV1":0.9309004635226708,"MV3":0.06626017927254546,"CH1":0.9480826534605409}