{"MV1":0.04109914580281726,"MV3":0.8970583611302964,"CH1":0.9491890374593475}