{"MV1":0.5667301788385225,"MV3":0.29304970564431565,"CH1":0.36035997992918856}