{"MV1":0.2855150169989369,"MV3":0.3143788160876061,"CH1":0.0935587767597248}