{"MV1":0.38697684335808347,"MV3":0.06151878176092618,"CH1":0.40825777702789967}