{"MV1":0.43544189268691413,"MV3":0.6046557135163134,"CH1":0.83656033972889}