{"MV1":0.43282695664783777,"MV3":0.031112319252144305,"CH1":0.2283013386156728}