{"MV1":0.6466076872939354,"MV3":0.3544507039878012,"CH1":0.15891022559464196}