{"MV1":0.6492284303225282,"MV3":0.16596491740136088,"CH1":0.7847294962875205}