{"MV1":0.12001518144978729,"MV3":0.8207108996120911,"CH1":0.826154203983035}