{"MV1":0.9399382834922364,"MV3":0.45401600358244665,"CH1":0.08108251023236024}