{"MV1":0.5449870726426544,"MV3":0.18520140345664615,"CH1":0.24111487650892882}