{"MV1":0.0021799484923292756,"MV3":0.6441884881879213,"CH1":0.28158978623904596}