{"MV1":0.6159462029034449,"MV3":0.48051397572211674,"CH1":0.8244368388003052}