{"MV1":0.2812549956023208,"MV3":0.3219153377714653,"CH1":0.18314773795480355}