{"MV1":0.4439333024172356,"MV3":0.800547328942123,"CH1":0.5915895629637659}