{"MV1":0.5761748414139438,"MV3":0.003556384565521209,"CH1":0.6987329160019522}