{"MV1":0.2039430616732839,"MV3":0.6406118822710147,"CH1":0.8552254639855922}