{"MV1":0.5458169101187039,"MV3":0.7483342963555473,"CH1":0.2991994989107357}