{"MV1":0.2533055730312148,"MV3":0.15415223174007886,"CH1":0.7027970458543262}