{"MV1":0.32490612920904716,"MV3":0.9837785831522329,"CH1":0.15084066544168873}