{"MV1":0.3760322803682393,"MV3":0.983096859205134,"CH1":0.7978550881791195}