{"MV1":0.7603663538926531,"MV3":0.9747962891121594,"CH1":0.9642452405043601}