{"MV1":0.7242257393976819,"MV3":0.08511016485657363,"CH1":0.7788685239384693}