{"MV1":0.17846475480232082,"MV3":0.9392264300170096,"CH1":0.08768001469293207}