{"MV1":0.6926997059387671,"MV3":0.8201174676349771,"CH1":0.2600657576691636}