{"MV1":0.4238322457255903,"MV3":0.9182471733974636,"CH1":0.18784850743101122}