{"MV1":0.7452745213931463,"MV3":0.33432410984384997,"CH1":0.32810313714625483}