{"MV1":0.30711088808407516,"MV3":0.7477505884212836,"CH1":0.09558942594254771}