{"MV1":0.7120271244090765,"MV3":0.0980375759504799,"CH1":0.5348323506218996}