{"MV1":0.6038959442156973,"MV3":0.06377645855363534,"CH1":0.9446209782355673}