{"MV1":0.08735499677031577,"MV3":0.8606280768123102,"CH1":0.16016331144720275}