{"MV1":0.022736825094117452,"MV3":0.4957759701440966,"CH1":0.038365931169070056}