{"MV1":0.6562192906882199,"MV3":0.2981967548278255,"CH1":0.36583559881052774}