{"MV1":0.18859538384475916,"MV3":0.35486851215191906,"CH1":0.14380425446071876}