{"MV1":0.35334419930693894,"MV3":0.012505262489646785,"CH1":0.25887140635900174}