{"MV1":0.7577980628758021,"MV3":0.6940911418642998,"CH1":0.895149619825317}