{"MV1":0.941688991462753,"MV3":0.663002330536246,"CH1":0.9971850382113927}