{"MV1":0.7561695924728169,"MV3":0.0005347646770222925,"CH1":0.09037776252234087}