{"MV1":0.04445149280771454,"MV3":0.5799476827146718,"CH1":0.2913520054938985}