{"MV1":0.7522511715856856,"MV3":0.6271889416750313,"CH1":0.031239779690804603}