{"MV1":0.5484855575487453,"MV3":0.6537330043084508,"CH1":0.655350066134833}