{"MV1":0.447965030792877,"MV3":0.547225928829988,"CH1":0.9184269015461732}