{"MV1":0.9697586222673475,"MV3":0.8420764155322416,"CH1":0.69765462304022}