{"MV1":0.6398804805008784,"MV3":0.4708256133880052,"CH1":0.713782941610632}