{"MV1":0.7060556046448846,"MV3":0.09359928079470259,"CH1":0.9020400882694771}