{"MV1":0.6959821945874429,"MV3":0.7866742179184285,"CH1":0.2455090105628981}