{"MV1":0.7183885842931752,"MV3":0.8986690457424509,"CH1":0.3108860486444429}