{"MV1":0.04358084669281215,"MV3":0.4675682169521653,"CH1":0.5760720211864866}