{"MV1":0.5847762270101811,"MV3":0.6814428518155166,"CH1":0.22008940671857946}