{"MV1":0.9817255687632108,"MV3":0.636508774336393,"CH1":0.34410099629050284}