{"MV1":0.5793136382390371,"MV3":0.5011644723465712,"CH1":0.6468258774755842}