{"MV1":0.46060742269087673,"MV3":0.8848394005740211,"CH1":0.3013632606934519}