{"MV1":0.20482194340055593,"MV3":0.9136474055751652,"CH1":0.8284522268697392}