{"MV1":0.3145334414343778,"MV3":0.8510414718850344,"CH1":0.8854823679481284}