{"MV1":0.7275330343372615,"MV3":0.7869306452527397,"CH1":0.740330964548168}