{"MV1":0.559835866702844,"MV3":0.9785443774100044,"CH1":0.720434175245486}