{"MV1":0.8902030045610093,"MV3":0.7886178327869875,"CH1":0.8154160073046335}