{"MV1":0.7404976142794225,"MV3":0.7432224558779976,"CH1":0.3843127847115829}