{"MV1":0.40933315102351886,"MV3":0.7986945665562342,"CH1":0.7722218507097283}