{"MV1":0.3545428083663529,"MV3":0.13458206785767057,"CH1":0.7555463179010422}