{"MV1":0.27931233671078115,"MV3":0.4445962556903117,"CH1":0.6589118198085446}