{"MV1":0.47412225285411036,"MV3":0.7884811670643826,"CH1":0.9946292340252202}