{"MV1":0.9780019292625611,"MV3":0.5331010615011462,"CH1":0.8832138696440378}