{"MV1":0.003428664279983118,"MV3":0.19094278871315928,"CH1":0.2724151455897633}