{"MV1":0.7832298630795325,"MV3":0.7763285922743933,"CH1":0.3871889772578193}