{"MV1":0.5345249058275522,"MV3":0.8623049888833444,"CH1":0.13859722753515502}