{"MV1":0.7818872497524212,"MV3":0.39153364370536214,"CH1":0.8989063115880145}