{"MV1":0.4844714316902886,"MV3":0.6847062854043402,"CH1":0.1671287114997697}