{"MV1":0.17610951083576143,"MV3":0.7429889150933928,"CH1":0.7730757027613719}