{"MV1":0.6527755514453015,"MV3":0.6786401615536911,"CH1":0.3230802595687229}