{"MV1":0.9798091757770812,"MV3":0.6500102317129511,"CH1":0.2763278043505788}