{"MV1":0.2651584223564293,"MV3":0.11070659326098431,"CH1":0.5159048927339737}