{"MV1":0.9433181500831614,"MV3":0.8009627319192687,"CH1":0.4356439626577482}