{"MV1":0.18113544753686384,"MV3":0.988709049176551,"CH1":0.36720500477552687}