{"MV1":0.47882829517063996,"MV3":0.5142833794584759,"CH1":0.3805751766412583}