{"MV1":0.5532153141313118,"MV3":0.963574332195146,"CH1":0.4008032360223134}