{"MV1":0.6573685317494992,"MV3":0.9680657628102216,"CH1":0.9870108295467714}