{"MV1":0.47224270102260035,"MV3":0.8904089169502212,"CH1":0.749470310166764}