{"MV1":0.9130796839606732,"MV3":0.12302273614171122,"CH1":0.007150694264070778}