{"MV1":0.29087973540969914,"MV3":0.5251336768055958,"CH1":0.9958167056072181}