{"MV1":0.8286006076214216,"MV3":0.5468524733212524,"CH1":0.4151550069292531}