{"MV1":0.980926262362563,"MV3":0.00811377996110696,"CH1":0.2002004434372454}