{"MV1":0.10158497003512745,"MV3":0.6037080313199635,"CH1":0.04839316000701599}