{"MV1":0.2487887025715514,"MV3":0.3712385331263818,"CH1":0.6593038534404623}