{"MV1":0.32972322004028864,"MV3":0.6403461177870216,"CH1":0.7710186057963003}