{"MV1":0.3387079429448012,"MV3":0.3437576568130115,"CH1":0.575344644992113}