{"MV1":0.3034961126853176,"MV3":0.10719599934759438,"CH1":0.6572886038381381}