{"MV1":0.2806955781600391,"MV3":0.35096906953505,"CH1":0.8749889636331256}