{"MV1":0.1235222220951927,"MV3":0.23792359524310414,"CH1":0.15472571070769414}