{"MV1":0.7997383710494778,"MV3":0.8730445575540784,"CH1":0.19896093092870415}