{"MV1":0.8242307154051246,"MV3":0.42763037357384237,"CH1":0.8141586615806411}