{"MV1":0.937977940935974,"MV3":0.9889699694274369,"CH1":0.33709627181674495}