{"MV1":0.44818539579293826,"MV3":0.07314034462337615,"CH1":0.8773982152156926}