{"MV1":0.20090033587930733,"MV3":0.48810081060031285,"CH1":0.8868374992031748}