{"MV1":0.4260401852567428,"MV3":0.48861052449155495,"CH1":0.44932327024896934}