{"MV1":0.35848907888317194,"MV3":0.6573037325370699,"CH1":0.17344579352381828}