{"MV1":0.01537725220615549,"MV3":0.8107703692286032,"CH1":0.3294814618274673}