{"MV1":0.031398623710637286,"MV3":0.22809502359182743,"CH1":0.8326039532632158}