{"MV1":0.2816613251562442,"MV3":0.2505776182468923,"CH1":0.1132748893498462}