{"MV1":0.8389647266559623,"MV3":0.8784228443672126,"CH1":0.700403974339432}