{"MV1":0.8299096708819351,"MV3":0.3418819722041734,"CH1":0.8460631380549702}