{"MV1":0.9209136115680444,"MV3":0.4086113744169544,"CH1":0.6390097768075949}