{"MV1":0.6817762241728037,"MV3":0.04077036395469891,"CH1":0.6095889324716499}