{"MV1":0.45579562188846934,"MV3":0.02837366180152623,"CH1":0.14334296900915178}