{"MV1":0.7303725102581992,"MV3":0.08816411804747748,"CH1":0.21143263723264638}