{"MV1":0.967305084144516,"MV3":0.8262296949444758,"CH1":0.8235868294913687}