{"MV1":0.6356880979344659,"MV3":0.6200188154544226,"CH1":0.14307440934468585}