{"MV1":0.2026674955415423,"MV3":0.8153872531654708,"CH1":0.9636511052319555}