{"MV1":0.1740426894090088,"MV3":0.2688054897577382,"CH1":0.8400536449522308}