{"MV1":0.9510565160350255,"MV3":0.2743859823722351,"CH1":0.563976980528861}