{"MV1":0.016494790026391648,"MV3":0.6039957279404718,"CH1":0.16140229685503182}