{"MV1":0.4706252414767733,"MV3":0.12250693409670521,"CH1":0.20676163922831392}