{"MV1":0.5040384536172415,"MV3":0.6315530358851943,"CH1":0.5225935146194954}