{"MV1":0.5412842539971143,"MV3":0.22489767691529317,"CH1":0.643345825836506}