{"MV1":0.5726296466779243,"MV3":0.13090238174624969,"CH1":0.2848855719174779}