{"MV1":0.745177416584884,"MV3":0.1301760955159661,"CH1":0.4238651160889688}