{"MV1":0.23510464659230146,"MV3":0.09438876006642882,"CH1":0.13928549987591876}