{"MV1":0.853203399508028,"MV3":0.5850668982624289,"CH1":0.4329120215566794}