{"MV1":0.8882248951719521,"MV3":0.7393114072838128,"CH1":0.6235101223727474}