{"MV1":0.09120735846894112,"MV3":0.05774502718097019,"CH1":0.24119392338794055}