{"MV1":0.7033243086029723,"MV3":0.11549196252178551,"CH1":0.9333908715904223}