{"MV1":0.2533429333057584,"MV3":0.08434023617180109,"CH1":0.39016430739423247}