{"MV1":0.9678931493331262,"MV3":0.42527196502646214,"CH1":0.7367592608253664}