{"MV1":0.7550583001084337,"MV3":0.35108611737573847,"CH1":0.969507724805415}