{"MV1":0.47604271140518106,"MV3":0.08052020478651178,"CH1":0.310823154023534}