{"MV1":0.03877771584531753,"MV3":0.8186955651933863,"CH1":0.9369833326528226}