{"MV1":0.9849927591116526,"MV3":0.41683758938308757,"CH1":0.7208525347630875}