{"MV1":0.508847033550813,"MV3":0.5898150962693366,"CH1":0.3304909361080153}