{"MV1":0.10822397228468272,"MV3":0.1277645766700488,"CH1":0.6401714783582758}