{"MV1":0.9905292118766303,"MV3":0.5379480354487651,"CH1":0.22310273328939234}