{"MV1":0.8649059856355292,"MV3":0.5658408711266412,"CH1":0.7159082532122989}