{"MV1":0.6752308797746188,"MV3":0.5922003244334276,"CH1":0.14379903830631258}