{"MV1":0.26581492549698094,"MV3":0.1506151502029376,"CH1":0.36463421388825845}