{"MV1":0.6020338870255569,"MV3":0.5677312399208244,"CH1":0.886437497558576}