{"MV1":0.9511163623785321,"MV3":0.12654942288803062,"CH1":0.08321944804412751}