{"MV1":0.4476559143577684,"MV3":0.13943600829928948,"CH1":0.7747597472139102}