{"MV1":0.7488673257276359,"MV3":0.20358353177304966,"CH1":0.8543026809732444}