{"MV1":0.8043846481451595,"MV3":0.9849516244899865,"CH1":0.04231339111629684}