{"MV1":0.07096719444653055,"MV3":0.801372525532182,"CH1":0.4923878339127029}