{"MV1":0.3914711723912033,"MV3":0.04699597583865722,"CH1":0.0835528600895531}