{"MV1":0.9780805078017193,"MV3":0.7452848941958138,"CH1":0.35992618855032255}