{"MV1":0.6927182748726151,"MV3":0.021835830971722703,"CH1":0.3351922627707752}