{"MV1":0.8251823407772857,"MV3":0.17993678091133858,"CH1":0.444865220957847}