{"MV1":0.1678678170816651,"MV3":0.8962730341085611,"CH1":0.277695973732068}