{"MV1":0.9979546220278482,"MV3":0.5087726998225437,"CH1":0.3366420328733789}