{"MV1":0.967976904607426,"MV3":0.3172250265963904,"CH1":0.5932208157183998}