{"MV1":0.9144410726264928,"MV3":0.8155668364605673,"CH1":0.19043517871872007}