{"MV1":0.6820902910972585,"MV3":0.5155078176698693,"CH1":0.5926933195460475}