{"MV1":0.935863111878101,"MV3":0.0814890700032701,"CH1":0.7405329899731488}