{"MV1":0.04310009215316124,"MV3":0.5478456372875246,"CH1":0.03687708758552943}