{"MV1":0.13376918731988918,"MV3":0.03791526005157497,"CH1":0.41324671122759726}