{"MV1":0.9596377596280393,"MV3":0.8535839663919194,"CH1":0.41759976552729217}