{"MV1":0.6032299898941337,"MV3":0.75394263500942,"CH1":0.23702958489910586}