{"MV1":0.50237993713333,"MV3":0.09176543920234526,"CH1":0.8261250908859578}