{"MV1":0.530774100953032,"MV3":0.9328269212139029,"CH1":0.5979646559546601}