{"MV1":0.27119331728691,"MV3":0.06360241563407842,"CH1":0.3621143967174254}