{"MV1":0.7099375021874214,"MV3":0.24489960414450151,"CH1":0.6777773473820307}