{"MV1":0.63114300422355,"MV3":0.6183426692340531,"CH1":0.044388001414862654}