{"MV1":0.7152409012621624,"MV3":0.3135125238785119,"CH1":0.4478278582312274}