{"MV1":0.5595282625670388,"MV3":0.9905861816537517,"CH1":0.16347513157239646}