{"MV1":0.8392505994356265,"MV3":0.36694337405630517,"CH1":0.09950255831956134}