{"MV1":0.611879330244723,"MV3":0.9917423349136117,"CH1":0.8472589340095648}