{"MV1":0.10971317037081296,"MV3":0.23870924758755718,"CH1":0.6806101333744554}