{"MV1":0.041788238326466276,"MV3":0.7672475604049768,"CH1":0.5346940480523875}