{"MV1":0.6941146269721644,"MV3":0.028990824378821167,"CH1":0.7043792889116498}