{"MV1":0.2082575959558043,"MV3":0.8414037984337258,"CH1":0.4145874281949693}