{"MV1":0.4807830077287778,"MV3":0.3757351410262123,"CH1":0.27432110748856275}