{"MV1":0.48320579737955494,"MV3":0.613936079986904,"CH1":0.7400344326211868}