{"MV1":0.8449020587906919,"MV3":0.7060212703327869,"CH1":0.4383386638233966}