{"MV1":0.48663495806876567,"MV3":0.29941564012327915,"CH1":0.15190511693140485}