{"MV1":0.7578378765315589,"MV3":0.9565913593131982,"CH1":0.9525278412151426}