{"MV1":0.5932789263681789,"MV3":0.5588109479656876,"CH1":0.6608965931840216}