{"MV1":0.6943109861226194,"MV3":0.9894715556868455,"CH1":0.04859644863245882}