{"MV1":0.5966982777767742,"MV3":0.19868871927727316,"CH1":0.38290099451071824}