{"MV1":0.1607406150542916,"MV3":0.3714068585044147,"CH1":0.12080511296486174}