{"MV1":0.9504606789237608,"MV3":0.7209270619952298,"CH1":0.8122418719124774}