{"MV1":0.7610070791349511,"MV3":0.7411645275882998,"CH1":0.5647619365733122}