{"MV1":0.7994935597521167,"MV3":0.6306644190846821,"CH1":0.16076947154667465}