{"MV1":0.12092548977208994,"MV3":0.8668901547351495,"CH1":0.534332099991072}