{"MV1":0.4280361477133111,"MV3":0.7840436757961817,"CH1":0.8422551884861145}