{"MV1":0.043177653415938266,"MV3":0.4649340091081482,"CH1":0.7715113527305635}