{"MV1":0.7858967721094398,"MV3":0.7352017647861228,"CH1":0.26476589394375716}