{"MV1":0.6787887498492305,"MV3":0.873187416168232,"CH1":0.024204665562167493}