{"MV1":0.8866133734993134,"MV3":0.08589684297574007,"CH1":0.7011284225603109}