{"MV1":0.937752929584907,"MV3":0.6087140299733854,"CH1":0.5591484197936171}