{"MV1":0.2451859446646879,"MV3":0.8053210809807454,"CH1":0.35103536338172414}