{"MV1":0.38765269689322523,"MV3":0.5674015550040307,"CH1":0.14971758864464524}