{"MV1":0.32939008145512116,"MV3":0.8888359614456723,"CH1":0.40772813928118445}