{"MV1":0.33689941700984705,"MV3":0.5606102176250475,"CH1":0.3131844098262053}