{"MV1":0.6991084736468222,"MV3":0.34955228767753,"CH1":0.34519520739727305}