{"MV1":0.5458477876507888,"MV3":0.3189148113726058,"CH1":0.5879529062689752}