{"MV1":0.5576887923326185,"MV3":0.13972486258683503,"CH1":0.45235401266367836}