{"MV1":0.16199273915146029,"MV3":0.8195261552113731,"CH1":0.45039703436723744}