{"MV1":0.891270392400797,"MV3":0.693835606009451,"CH1":0.2668084701333032}