{"MV1":0.46226003656202475,"MV3":0.8925459641618767,"CH1":0.9870907984911883}