{"MV1":0.6502785427646586,"MV3":0.7164974809369526,"CH1":0.5649090056885046}