{"MV1":0.9845437558008057,"MV3":0.9381241493896741,"CH1":0.4521362724351262}