{"MV1":0.6596627768868207,"MV3":0.31715256083227705,"CH1":0.3076847514155695}