{"MV1":0.6050782635746976,"MV3":0.22028631277037458,"CH1":0.649319106730133}