{"MV1":0.60164251887795,"MV3":0.7966774961391669,"CH1":0.5988782033743453}