{"MV1":0.8533928425897069,"MV3":0.1122229798122435,"CH1":0.6523892451481901}