{"MV1":0.3341999550698773,"MV3":0.8975995840512518,"CH1":0.4106164491499853}