{"MV1":0.45773632421659116,"MV3":0.1126321181260661,"CH1":0.3227896119090642}