{"MV1":0.7566257483124849,"MV3":0.6398713732688442,"CH1":0.8463586064034995}