{"MV1":0.381080444316926,"MV3":0.9510097261783745,"CH1":0.7300347114537102}