{"MV1":0.8449058097886487,"MV3":0.20347388020524015,"CH1":0.6637420826058646}