{"MV1":0.7517581665975803,"MV3":0.9214428599987156,"CH1":0.6963079201855236}