{"MV1":0.4915164119390999,"MV3":0.3757311539216692,"CH1":0.6182335717852682}