{"MV1":0.539944329146268,"MV3":0.02092753781045753,"CH1":0.7795375218991295}