{"MV1":0.13368889567965447,"MV3":0.9251166963825773,"CH1":0.04193692167295282}