{"MV1":0.4434080672213583,"MV3":0.9395296809851136,"CH1":0.13107515616629428}