{"MV1":0.7192839873032966,"MV3":0.09304746690809274,"CH1":0.0004302074250636112}