{"MV1":0.9371510375828935,"MV3":0.06674161814445512,"CH1":0.6444248631268276}