{"MV1":0.6093486075146802,"MV3":0.6517108456791499,"CH1":0.4639380654754146}