{"MV1":0.939180499766775,"MV3":0.5879757976276887,"CH1":0.2782956965250619}