{"MV1":0.6892358278606266,"MV3":0.9650285539833335,"CH1":0.15003604079723565}