{"MV1":0.9985927612062434,"MV3":0.2425133856211381,"CH1":0.9111066770925614}