{"MV1":0.38839903779676055,"MV3":0.34677625202869433,"CH1":0.06320576969246372}