{"MV1":0.8292522364934238,"MV3":0.8047076482294369,"CH1":0.15624883299547898}