{"MV1":0.8202544384434505,"MV3":0.9375056028925556,"CH1":0.3783886932684216}