{"MV1":0.7538406017127084,"MV3":0.3940833853479684,"CH1":0.39976682327155166}