{"MV1":0.46501354623044233,"MV3":0.2516941769008272,"CH1":0.4050452310543642}