{"MV1":0.2123807272434851,"MV3":0.16132321973951502,"CH1":0.045353023295758965}