{"MV1":0.533591449456576,"MV3":0.703278881880792,"CH1":0.6542880845290819}