{"MV1":0.378352105122017,"MV3":0.7898286986979117,"CH1":0.4073772897738813}