{"MV1":0.03082160296672687,"MV3":0.43048297254271706,"CH1":0.9491161411010507}