{"MV1":0.6555561956931314,"MV3":0.09659730908357234,"CH1":0.0678951965101745}