{"MV1":0.9139177696758788,"MV3":0.8118005507404574,"CH1":0.1189783584179589}