{"MV1":0.7094119854627011,"MV3":0.2350406472731461,"CH1":0.8129722645893623}