{"MV1":0.8924865171497396,"MV3":0.49483543308480626,"CH1":0.8590637641618294}