{"MV1":0.7508547230320708,"MV3":0.3149827266841543,"CH1":0.2911984434319177}