{"MV1":0.765227201504848,"MV3":0.08318669830881686,"CH1":0.20571380088443814}