{"MV1":0.7004070852882187,"MV3":0.6334968012593186,"CH1":0.0738379965196726}