{"MV1":0.856203900541488,"MV3":0.6082232867626578,"CH1":0.3467041520776222}