{"MV1":0.2850890146693311,"MV3":0.4229794537362378,"CH1":0.417763422587732}