{"MV1":0.3886713632216736,"MV3":0.03310851678729809,"CH1":0.6884973241543261}