{"MV1":0.36843073299528406,"MV3":0.0951083484417149,"CH1":0.6605417897162116}