{"MV1":0.8365386117703254,"MV3":0.9736975118411284,"CH1":0.07857433058219043}