{"MV1":0.8943677491082764,"MV3":0.934794442490989,"CH1":0.24960240821846247}