{"MV1":0.053210594447604787,"MV3":0.4016205884907177,"CH1":0.7813881629193175}