{"MV1":0.9004082003172199,"MV3":0.23451855055530124,"CH1":0.05532431560906792}