{"MV1":0.0639239443419849,"MV3":0.2746092379746894,"CH1":0.21641447998570418}