{"MV1":0.8735648872338774,"MV3":0.04879584129362824,"CH1":0.3666005583084848}