{"MV1":0.7057975065855349,"MV3":0.923754493433594,"CH1":0.7479102651452049}