{"MV1":0.6732886674320142,"MV3":0.20454944630113858,"CH1":0.1427509574688114}