{"MV1":0.6513529210772592,"MV3":0.6517212198715033,"CH1":0.9476130606400979}