{"MV1":0.4355611201955434,"MV3":0.050750650383211804,"CH1":0.8544955561263234}