{"MV1":0.9380957776166274,"MV3":0.5497893772676615,"CH1":0.8972907400931168}