{"MV1":0.13280442292865136,"MV3":0.8481946762525545,"CH1":0.878364277646983}