{"MV1":0.4483963840453613,"MV3":0.5127461775988214,"CH1":0.2097507610052609}