{"MV1":0.39353298847972307,"MV3":0.9243967059466159,"CH1":0.359958136390635}