{"MV1":0.05079944381649193,"MV3":0.10272454105381834,"CH1":0.9356166631655708}