{"MV1":0.007483474614694785,"MV3":0.15148664959326086,"CH1":0.2001926726685359}