{"MV1":0.8696809585858535,"MV3":0.5966104338197903,"CH1":0.6332009345401948}