{"MV1":0.6974652951685023,"MV3":0.09826782747450746,"CH1":0.6219943551971632}