{"MV1":0.4245886078884662,"MV3":0.002650933569747549,"CH1":0.1247018336893786}