{"MV1":0.14769558429249696,"MV3":0.5194997045292873,"CH1":0.05049475914600332}