{"MV1":0.4745128735640264,"MV3":0.012054050757694501,"CH1":0.4025408628962236}