{"MV1":0.22045297068047132,"MV3":0.9400134896956232,"CH1":0.34084551194823676}