{"MV1":0.5741764071782804,"MV3":0.5611739354415495,"CH1":0.015959902575619078}