{"MV1":0.38314658763901455,"MV3":0.7195227308393346,"CH1":0.9573720682553232}