{"MV1":0.27303345063948103,"MV3":0.7108613465917677,"CH1":0.9479312911274306}