{"MV1":0.9714754423180257,"MV3":0.7085555453744842,"CH1":0.5037899046292422}