{"MV1":0.11556151422438554,"MV3":0.297837288970046,"CH1":0.8374952582214342}