{"MV1":0.18298263067468012,"MV3":0.5539922122081486,"CH1":0.1164330367906693}