{"MV1":0.9994404755573442,"MV3":0.13492945877239515,"CH1":0.395168925383625}