{"MV1":0.08811647747619233,"MV3":0.6026112069602674,"CH1":0.8659523998695946}