{"MV1":0.7257372613273848,"MV3":0.9659267829724056,"CH1":0.6488503918057215}