{"MV1":0.23015329561852316,"MV3":0.3736812832153107,"CH1":0.8076399345919867}