{"MV1":0.13116536449355598,"MV3":0.6116229277828683,"CH1":0.6614722725694123}