{"MV1":0.9639833154898982,"MV3":0.9417939220789211,"CH1":0.3447213415943764}