{"MV1":0.3379795852103741,"MV3":0.8360710576475859,"CH1":0.23915557129063303}