{"MV1":0.7676686111484307,"MV3":0.10475832002110386,"CH1":0.9577820516478245}