{"MV1":0.769538484990048,"MV3":0.5872431813066901,"CH1":0.8880135763759385}