{"MV1":0.677086442742696,"MV3":0.7726686444068167,"CH1":0.21115453971335352}