{"MV1":0.19236039410164496,"MV3":0.3777682794171964,"CH1":0.0022003493476875358}