{"MV1":0.5066306248318955,"MV3":0.7543866407548971,"CH1":0.15738846061780853}