{"MV1":0.9077784063622866,"MV3":0.36436135187447105,"CH1":0.8544796109707036}