{"MV1":0.8387166621901663,"MV3":0.36239292043765325,"CH1":0.7798613306114802}