{"MV1":0.3790349230488256,"MV3":0.730826336323007,"CH1":0.3120160248271373}