{"MV1":0.21592758099500364,"MV3":0.4865232905504512,"CH1":0.8085274591975594}