{"MV1":0.20043512721294499,"MV3":0.7466060283758943,"CH1":0.9047111563514033}