{"MV1":0.6839286275991856,"MV3":0.5477451382243063,"CH1":0.8897889874813925}