{"MV1":0.4243894166686508,"MV3":0.44934831397376385,"CH1":0.07747106949021298}