{"MV1":0.7523939760610011,"MV3":0.3048740942809043,"CH1":0.7466792619178962}