{"MV1":0.4227328644366829,"MV3":0.46549531123183463,"CH1":0.23760018201778654}