{"MV1":0.19299269403744268,"MV3":0.2028448619374008,"CH1":0.312415952695699}