{"MV1":0.0485518609715766,"MV3":0.2606556141222448,"CH1":0.23223401733934246}