{"MV1":0.714800561450173,"MV3":0.19658374969226788,"CH1":0.11430103807841796}