{"MV1":0.593177725578168,"MV3":0.8965085903447547,"CH1":0.9782330211836221}