{"MV1":0.24954894027378882,"MV3":0.0762495077508707,"CH1":0.37358195839006114}