{"MV1":0.7053137276785877,"MV3":0.48677289135676716,"CH1":0.3513964625362046}