{"MV1":0.71576934389121,"MV3":0.10502736192128626,"CH1":0.04476932460273386}