{"MV1":0.6864546174131246,"MV3":0.7332916196260947,"CH1":0.6628355610231667}