{"MV1":0.21965584961990003,"MV3":0.5346322035352931,"CH1":0.3462852394072582}