{"MV1":0.10108287349945588,"MV3":0.7226779905086751,"CH1":0.8436430556895299}