{"MV1":0.5494209367392956,"MV3":0.4400011612066761,"CH1":0.6490061103236031}