{"MV1":0.8527165335248861,"MV3":0.38967152047691145,"CH1":0.11329890732795478}