{"MV1":0.8586253336165838,"MV3":0.442097692882514,"CH1":0.9705970134574676}