{"MV1":0.608581535023983,"MV3":0.5390724274655401,"CH1":0.7737589652085399}