{"MV1":0.8957663378673193,"MV3":0.6139251879154326,"CH1":0.7192231937897847}