{"MV1":0.5808722632663457,"MV3":0.55617844309034,"CH1":0.5969681060156803}