{"MV1":0.01982866119703619,"MV3":0.8514104721409974,"CH1":0.35040078414818765}