{"MV1":0.9451242540982987,"MV3":0.4771170766759335,"CH1":0.22461384737175938}