{"MV1":0.6361710056933153,"MV3":0.8341933223179976,"CH1":0.11341455526526023}