{"MV1":0.0659722252736018,"MV3":0.49625813180901956,"CH1":0.7340863763387948}