{"MV1":0.35053547286652464,"MV3":0.7696394822503593,"CH1":0.8761134698911345}