{"MV1":0.14197259688532204,"MV3":0.9391063130197482,"CH1":0.9384283293300261}