{"MV1":0.7656535178088151,"MV3":0.8301108731101128,"CH1":0.07620234263953041}