{"MV1":0.5575516313857292,"MV3":0.4665154109850159,"CH1":0.863951366525352}