{"MV1":0.47391228809556396,"MV3":0.5395087960394567,"CH1":0.5998084747476281}