{"MV1":0.8926116505119804,"MV3":0.3275255728833989,"CH1":0.9087181650915189}