{"MV1":0.5630474412148699,"MV3":0.3985966165588254,"CH1":0.6358472982034995}