{"MV1":0.16033483616008526,"MV3":0.018782995069462793,"CH1":0.9587775017705373}