{"MV1":0.7107240224268622,"MV3":0.03504245532523165,"CH1":0.5026039566245983}