{"MV1":0.46151270922715526,"MV3":0.3585654328032074,"CH1":0.04116508840163602}