{"MV1":0.9599991849999155,"MV3":0.49798869858657824,"CH1":0.5234047969239937}