{"MV1":0.7784353576876432,"MV3":0.7855836858144783,"CH1":0.027756814674117836}