{"MV1":0.09846957129431122,"MV3":0.09075828919088813,"CH1":0.7275416333952218}