{"MV1":0.6147329093830725,"MV3":0.07876955247433104,"CH1":0.7789014629901173}