{"MV1":0.9759075910771918,"MV3":0.05751111286680033,"CH1":0.9582646774108456}