{"MV1":0.7478482581139846,"MV3":0.32444795802122806,"CH1":0.7116131343178316}