{"MV1":0.38498379678500916,"MV3":0.16061351026827442,"CH1":0.18296892012699628}