{"MV1":0.20832079698531225,"MV3":0.22223639351754731,"CH1":0.908572399711307}