{"MV1":0.4006098455409638,"MV3":0.8022386328784511,"CH1":0.29583906308074537}