{"MV1":0.5933265313776023,"MV3":0.8483124310446076,"CH1":0.9315571494873216}