{"MV1":0.6903504126643819,"MV3":0.9145525982657382,"CH1":0.45751972283532416}