{"MV1":0.5134962308636073,"MV3":0.3815322864009433,"CH1":0.8583583545821937}