{"MV1":0.8156780617075698,"MV3":0.6701527375400885,"CH1":0.3745986726477196}