{"MV1":0.528203734318702,"MV3":0.2992927649168694,"CH1":0.68741926252503}