{"MV1":0.5154390243677764,"MV3":0.8407184164613778,"CH1":0.3775140424350387}