{"MV1":0.963257460965434,"MV3":0.5407648300113573,"CH1":0.47923547493595686}