{"MV1":0.4420158423634991,"MV3":0.23499044730774277,"CH1":0.12801870375399005}