{"MV1":0.7761429967470725,"MV3":0.3733569358970944,"CH1":0.7400903438880689}