{"MV1":0.08237921323560637,"MV3":0.15924824064908227,"CH1":0.10419698972473324}