{"MV1":0.4700215754892805,"MV3":0.35604715499161455,"CH1":0.9685875785210747}