{"MV1":0.05423243774217401,"MV3":0.49203673446479346,"CH1":0.9700345362057662}