{"MV1":0.7609402293147519,"MV3":0.24143388718603198,"CH1":0.6830498993024091}