{"MV1":0.17265576274912786,"MV3":0.01577661393801133,"CH1":0.03780583085000999}