{"MV1":0.6193118605241953,"MV3":0.6803300367785814,"CH1":0.24650914770808263}