{"MV1":0.324636736047764,"MV3":0.2897439567216763,"CH1":0.7552339799655516}