{"MV1":0.43629275943393653,"MV3":0.4787692062832495,"CH1":0.6691686823116564}