{"MV1":0.38659669500931193,"MV3":0.5532307154672403,"CH1":0.601408421022471}