{"MV1":0.1936616321483623,"MV3":0.8270999881758875,"CH1":0.7402769581407985}