{"MV1":0.5326819629903272,"MV3":0.2830451337223243,"CH1":0.37355628281806597}