{"MV1":0.6343521523071551,"MV3":0.2686025690903653,"CH1":0.06792282898441115}