{"MV1":0.8807304082895495,"MV3":0.0034252588924080785,"CH1":0.29467709878449433}