{"MV1":0.4288389504694595,"MV3":0.3247449902870687,"CH1":0.8709123209120371}