{"MV1":0.5186707031646292,"MV3":0.03544758032691453,"CH1":0.6080114957124028}