{"MV1":0.3369170570959896,"MV3":0.3898826710902701,"CH1":0.07022995970915658}