{"MV1":0.35490592293520506,"MV3":0.496613773577271,"CH1":0.2390740518410832}