{"MV1":0.11701749053657484,"MV3":0.14513710591610007,"CH1":0.7447217337844246}