{"MV1":0.3801269417098584,"MV3":0.6534310158945539,"CH1":0.10643831552865102}