{"MV1":0.3395350412045567,"MV3":0.5951182154137515,"CH1":0.2555332098824854}