{"MV1":0.968474443937084,"MV3":0.917959399222365,"CH1":0.26629635498598525}