{"MV1":0.7847217516387256,"MV3":0.583130191626178,"CH1":0.8969286011036148}