{"MV1":0.8401687920011122,"MV3":0.6201009481920484,"CH1":0.25670227779437305}