{"MV1":0.7625427914668425,"MV3":0.5800718570888764,"CH1":0.9317198624477876}