{"MV1":0.703556364310606,"MV3":0.3997380112708726,"CH1":0.6776075127643911}