{"MV1":0.6726156077983351,"MV3":0.16566137927094182,"CH1":0.1537836545291006}