{"MV1":0.34279896574391955,"MV3":0.3427230502123285,"CH1":0.9202313940885123}