{"MV1":0.8553585081648692,"MV3":0.5707190901041895,"CH1":0.9808631696027279}