{"MV1":0.5636108846061111,"MV3":0.51454504085422,"CH1":0.46795878491203835}