{"MV1":0.12090871528670455,"MV3":0.24822171437093876,"CH1":0.03515812663187756}