{"MV1":0.046374067521538276,"MV3":0.3468539393398651,"CH1":0.46907375910270765}