{"MV1":0.4921661496994634,"MV3":0.6853183049987631,"CH1":0.17612178568257242}