{"MV1":0.49841837651656207,"MV3":0.4895444007813441,"CH1":0.9831828589390794}