{"MV1":0.44976007233442317,"MV3":0.426548016513588,"CH1":0.8636355411740958}