{"MV1":0.2923949282946987,"MV3":0.7346168589249411,"CH1":0.7554733087055634}