{"MV1":0.7153254384520717,"MV3":0.3404747475214789,"CH1":0.24059183060500822}