{"MV1":0.10376304284939031,"MV3":0.6646426308277779,"CH1":0.208492363109696}