{"MV1":0.052682346760131504,"MV3":0.3058760943337616,"CH1":0.19627262809744328}