{"MV1":0.644209565899846,"MV3":0.012583402389706566,"CH1":0.814469183256528}