{"MV1":0.6460224002993215,"MV3":0.6105341479250952,"CH1":0.6914020535580236}