{"MV1":0.18256892278387937,"MV3":0.16191886218208562,"CH1":0.8839745781444347}