{"MV1":0.5503927016130207,"MV3":0.7745237648519635,"CH1":0.6364017820555338}