{"MV1":0.5687201130981262,"MV3":0.5993474153929045,"CH1":0.06412676885352298}