{"MV1":0.5331603037823935,"MV3":0.3130494565218418,"CH1":0.1326535076431834}