{"MV1":0.4301990611967449,"MV3":0.6156229131919931,"CH1":0.2401177341237115}