{"MV1":0.20678231593103336,"MV3":0.22811788562674762,"CH1":0.47648390976498145}