{"MV1":0.9795260158120214,"MV3":0.9594028347129268,"CH1":0.7458524961785182}