{"MV1":0.8156448781667407,"MV3":0.5528007210452501,"CH1":0.24903116296652694}