{"MV1":0.1326526549795254,"MV3":0.49627979591983773,"CH1":0.32302386077361445}