{"MV1":0.809261630134704,"MV3":0.8845002490448156,"CH1":0.8677033177579825}