{"MV1":0.15904425168786263,"MV3":0.26006893549504906,"CH1":0.6796898509991703}