{"MV1":0.41836917234279003,"MV3":0.15201466454836476,"CH1":0.7704431323308172}