{"MV1":0.044157438704815366,"MV3":0.17277270827433766,"CH1":0.6922861113694003}