{"MV1":0.31669928549825765,"MV3":0.4719621262397502,"CH1":0.36132745519400866}