{"MV1":0.5350632765125805,"MV3":0.8161032009357647,"CH1":0.7336669499015569}