{"MV1":0.9005645845851992,"MV3":0.4220287937980909,"CH1":0.19113142780951198}