{"MV1":0.23721737567605672,"MV3":0.8797133499042429,"CH1":0.16468668660381058}