{"MV1":0.5738408454363635,"MV3":0.08878749136426833,"CH1":0.26579135339997284}