{"MV1":0.1308138526032384,"MV3":0.539815746762078,"CH1":0.621535189627842}