{"MV1":0.8190373630262319,"MV3":0.8334034548997414,"CH1":0.5027069463419735}