{"MV1":0.9762129777243602,"MV3":0.5311589376350512,"CH1":0.949939112042337}