{"MV1":0.5411678236926126,"MV3":0.03230482194990025,"CH1":0.31456787297842803}