{"MV1":0.28444884981558194,"MV3":0.12978549342137757,"CH1":0.5774842121242463}