{"MV1":0.29441908534106076,"MV3":0.3579082899720343,"CH1":0.9128624431846242}