{"MV1":0.5806756217952428,"MV3":0.8522207385998526,"CH1":0.9834289122171809}