{"MV1":0.9441279938618911,"MV3":0.9252483430400997,"CH1":0.962505631142206}