{"MV1":0.2111311337241637,"MV3":0.43244551993107183,"CH1":0.6610739409355362}