{"MV1":0.2812703599758034,"MV3":0.06481318138025705,"CH1":0.42504107634356514}