{"MV1":0.024822697741566868,"MV3":0.4864374736798972,"CH1":0.5469126568411228}