{"MV1":0.5296595852749265,"MV3":0.056699000035444036,"CH1":0.29706907017423}