{"MV1":0.09114630431445858,"MV3":0.32799156188225587,"CH1":0.2978876796477109}