{"MV1":0.6006657182466211,"MV3":0.19503700154108494,"CH1":0.7241192254704001}