{"MV1":0.027193036057493125,"MV3":0.6354973726308623,"CH1":0.980198772992918}