{"MV1":0.7564814222420588,"MV3":0.11763210489181153,"CH1":0.32666366388423596}