{"MV1":0.17703837059457472,"MV3":0.6254515007691608,"CH1":0.5392525090718868}