{"MV1":0.5351099080224865,"MV3":0.6967346322882285,"CH1":0.7277197821606248}