{"MV1":0.46399613892253844,"MV3":0.9342968546306828,"CH1":0.14707951968039956}