{"MV1":0.0663570382852352,"MV3":0.2190789816631441,"CH1":0.6592973038168362}