{"MV1":0.4911971354090633,"MV3":0.03861659453634525,"CH1":0.44609997660450595}