{"MV1":0.15801711518915917,"MV3":0.4612039853989718,"CH1":0.6497439550605105}