{"MV1":0.7010324635101096,"MV3":0.2802006623029927,"CH1":0.9063956452087577}