{"MV1":0.0870767109548154,"MV3":0.6834649953806528,"CH1":0.9329282484714563}