{"MV1":0.9602908982646169,"MV3":0.728035628147511,"CH1":0.46555182875377965}