{"MV1":0.5639383644036655,"MV3":0.9623813423527403,"CH1":0.6787597983987838}