{"MV1":0.1330280922413225,"MV3":0.8553458935449846,"CH1":0.6507438244494947}