{"MV1":0.8093959942706315,"MV3":0.9844357677222358,"CH1":0.2755770088207319}