{"MV1":0.9496277608761218,"MV3":0.321741378229808,"CH1":0.865173648347408}