{"MV1":0.9226973700956881,"MV3":0.048569888196506095,"CH1":0.1841683408701772}