{"MV1":0.008642366852626315,"MV3":0.034536097983100644,"CH1":0.7953554388614041}