{"MV1":0.20042681323608025,"MV3":0.641893238489753,"CH1":0.02290237379282578}