{"MV1":0.462837310594862,"MV3":0.19909619164085046,"CH1":0.21514303808463264}