{"MV1":0.88543928517103,"MV3":0.10460195389415528,"CH1":0.21909179847678795}