{"MV1":0.77345564445938,"MV3":0.346844175884522,"CH1":0.33881763574746027}