{"MV1":0.9089151012044049,"MV3":0.2756519046609145,"CH1":0.8175732592739785}