{"MV1":0.5264206996139214,"MV3":0.7271764445024497,"CH1":0.8679410346818196}