{"MV1":0.07308281618280699,"MV3":0.8431622820898644,"CH1":0.34246325777202213}