{"MV1":0.147509025728643,"MV3":0.754782516490171,"CH1":0.3522313614657152}