{"MV1":0.11229803873178168,"MV3":0.4069924853130098,"CH1":0.041360519526340456}