{"MV1":0.8785010219080189,"MV3":0.18614736344712357,"CH1":0.8961995995037746}