{"MV1":0.7038443966104567,"MV3":0.0384167873405461,"CH1":0.29827708337602166}