{"MV1":0.5109473241809259,"MV3":0.7381441515796292,"CH1":0.6447164376020698}