{"MV1":0.8078825489755612,"MV3":0.5200596045431828,"CH1":0.3852150519281964}