{"MV1":0.2957100294510372,"MV3":0.036033803847920765,"CH1":0.5873725596549698}