{"MV1":0.6664536753134271,"MV3":0.9419461794720828,"CH1":0.5852231666279023}