{"MV1":0.7987315610206044,"MV3":0.9568868671686177,"CH1":0.2187499806497213}