{"MV1":0.3131178395357952,"MV3":0.18439856436953217,"CH1":0.9861440829322072}