{"MV1":0.3802401905402517,"MV3":0.06733163875580439,"CH1":0.5800940818121263}