{"MV1":0.05104331187169964,"MV3":0.16092135668147933,"CH1":0.3332627379304912}