{"MV1":0.610355134120689,"MV3":0.8915093525091692,"CH1":0.32306177177461337}