{"MV1":0.4513833155287533,"MV3":0.28030898856042186,"CH1":0.33318254811491643}