{"MV1":0.13889023980657667,"MV3":0.7184421095412326,"CH1":0.6090406614946299}