{"MV1":0.7233568342333102,"MV3":0.27146709575317407,"CH1":0.21433616364199137}