{"MV1":0.9514037691371223,"MV3":0.33449453369893256,"CH1":0.030825496991801482}