{"MV1":0.6712216888761908,"MV3":0.27961875992504326,"CH1":0.695200606877634}