{"MV1":0.30838488913136675,"MV3":0.9078873613040432,"CH1":0.5159261712156554}