{"MV1":0.6725285930113991,"MV3":0.6572318832332535,"CH1":0.7725883297878204}