{"MV1":0.6597068844726146,"MV3":0.8578552107519691,"CH1":0.8953244781395413}