{"MV1":0.8779927416712121,"MV3":0.19456500354051665,"CH1":0.26605007690374793}