{"MV1":0.9044757494422621,"MV3":0.2885758953306967,"CH1":0.31012526696123455}