{"MV1":0.9426659485294983,"MV3":0.2654812602731059,"CH1":0.5541013791092875}