{"MV1":0.9453206507499738,"MV3":0.1298839109108919,"CH1":0.09456861383984105}