{"MV1":0.8853822246001107,"MV3":0.7891904947615651,"CH1":0.2912078538542008}