{"MV1":0.6077640697737732,"MV3":0.5281196413389796,"CH1":0.54842961165337}