{"MV1":0.9771907261660162,"MV3":0.3455704541853599,"CH1":0.05169269803749221}