{"MV1":0.778870351029277,"MV3":0.3979178673100948,"CH1":0.006196532515665654}