{"MV1":0.8175477161261393,"MV3":0.6254460145638706,"CH1":0.6298499974800724}