{"MV1":0.5853293405935447,"MV3":0.696750370341951,"CH1":0.2801514622539726}