{"MV1":0.014771618556126853,"MV3":0.1362992341118583,"CH1":0.755771478704247}