{"MV1":0.8789738914026962,"MV3":0.2327390144649043,"CH1":0.3599482644965094}