{"MV1":0.9358817387615338,"MV3":0.4099030338012499,"CH1":0.21682442386108147}