{"MV1":0.8542330134915832,"MV3":0.3925911197605071,"CH1":0.6062092238980621}