{"MV1":0.5647499443665246,"MV3":0.7829607264881197,"CH1":0.9984712953689495}