{"MV1":0.5166625084876157,"MV3":0.49308230181232937,"CH1":0.5838221570418509}