{"MV1":0.19076705891436463,"MV3":0.05533925871538081,"CH1":0.7407099442735142}