{"MV1":0.2266973017402889,"MV3":0.08452767577174836,"CH1":0.21545792074519177}