{"MV1":0.8814746456388312,"MV3":0.21669971508981056,"CH1":0.1603118826086417}