{"MV1":0.0313291508902066,"MV3":0.42643066572931876,"CH1":0.27903117424291424}