{"MV1":0.18251998143257853,"MV3":0.9042839849611788,"CH1":0.3606954634938998}