{"MV1":0.7754353293589938,"MV3":0.024132997001519607,"CH1":0.7377033242013357}