{"MV1":0.6883399261875721,"MV3":0.5156132608161256,"CH1":0.22743535472648702}