{"MV1":0.8542333296323844,"MV3":0.7386332595969318,"CH1":0.9198708593188921}