{"MV1":0.07197142030428749,"MV3":0.7592136076641258,"CH1":0.20808882113030125}