{"MV1":0.15652655758222234,"MV3":0.3474914631006175,"CH1":0.1422947568248638}