{"MV1":0.28395719120374296,"MV3":0.9989999886008007,"CH1":0.14556532314897874}