{"MV1":0.8614836543079466,"MV3":0.1327085278021134,"CH1":0.08540075822349968}