{"MV1":0.622884389330731,"MV3":0.4886311409122668,"CH1":0.9421487819038852}