{"MV1":0.6344980405574139,"MV3":0.0533045853278068,"CH1":0.8162236966755188}