{"MV1":0.5212722847204518,"MV3":0.2794977904854007,"CH1":0.35788734140912926}