{"MV1":0.11867295413218315,"MV3":0.5701179543211061,"CH1":0.9358104708319361}