{"MV1":0.7057552613476663,"MV3":0.4440670462805355,"CH1":0.2873826052366958}