{"MV1":0.8896658414883669,"MV3":0.5669719228646819,"CH1":0.7108166481508748}