{"MV1":0.5265347046306351,"MV3":0.6702807532658313,"CH1":0.5582476951847314}