{"MV1":0.46002636775626504,"MV3":0.9997575893113516,"CH1":0.7553450644527195}