{"MV1":0.28695771893501976,"MV3":0.7281916250550627,"CH1":0.26765051192710343}