{"MV1":0.9397434869892075,"MV3":0.9112355877586171,"CH1":0.64816351411196}