{"MV1":0.2327309878789494,"MV3":0.6334928208424246,"CH1":0.532169922601342}