{"MV1":0.5843493325885316,"MV3":0.8101247449868724,"CH1":0.6318316624845125}