{"MV1":0.24151672963217452,"MV3":0.7002375782329215,"CH1":0.2791145229154055}