{"MV1":0.2835665867843703,"MV3":0.8090264131510483,"CH1":0.8350912934398095}