{"MV1":0.8423887174697964,"MV3":0.41177002204193447,"CH1":0.18096310032217822}