{"MV1":0.9835200366956353,"MV3":0.027664094797505423,"CH1":0.8715720505606052}