{"MV1":0.6659390562511114,"MV3":0.3441623472568629,"CH1":0.13980910508652644}