{"MV1":0.5602376781849823,"MV3":0.9636316477054144,"CH1":0.1089666166372637}