{"MV1":0.9284059096391528,"MV3":0.23162226554380405,"CH1":0.6221491267843393}