{"MV1":0.3766668912537363,"MV3":0.9756113431800961,"CH1":0.7679203171586546}