{"MV1":0.4313089559088853,"MV3":0.18856021762780595,"CH1":0.4979398072915139}