{"MV1":0.43683421236269826,"MV3":0.6940796389654132,"CH1":0.9299419631696959}