{"MV1":0.12220168976601653,"MV3":0.02516014879078654,"CH1":0.7727792117583272}