{"MV1":0.4091783991881871,"MV3":0.2880620274430252,"CH1":0.6430583021921863}