{"MV1":0.19045448841486412,"MV3":0.32439095339184953,"CH1":0.7503301315593125}