{"MV1":0.7141451398341294,"MV3":0.0307205009625926,"CH1":0.9895877156463793}