{"MV1":0.772166498285052,"MV3":0.5429899282380244,"CH1":0.4500965137422659}