{"MV1":0.14260015556055816,"MV3":0.6182720949028172,"CH1":0.4772446534541106}