{"MV1":0.07044606999537051,"MV3":0.4538817000935137,"CH1":0.0029503191171406096}