{"MV1":0.7327251768359614,"MV3":0.5664638403506209,"CH1":0.8050484622459882}