{"MV1":0.4982247408981374,"MV3":0.6727210946272043,"CH1":0.2905196359426223}