{"MV1":0.09729008780749104,"MV3":0.04571702035127412,"CH1":0.9375806847427193}