{"MV1":0.37806272225341453,"MV3":0.5615966815804054,"CH1":0.8367986869869287}