{"MV1":0.36762237818550303,"MV3":0.1570247405966394,"CH1":0.09060996023867407}