{"MV1":0.40407928552938754,"MV3":0.6259614074748876,"CH1":0.682393198437127}