{"MV1":0.7337839919612125,"MV3":0.44651540285431535,"CH1":0.9066819703687253}