{"MV1":0.5294865558207187,"MV3":0.31359585209988317,"CH1":0.6369828162770136}