{"MV1":0.9116229363879076,"MV3":0.9073243428565653,"CH1":0.13271257342045717}