{"MV1":0.7045495106877006,"MV3":0.7007953285685664,"CH1":0.4218952411624435}