{"MV1":0.013674919023791476,"MV3":0.7772338993457611,"CH1":0.7059352938148568}