{"MV1":0.04977307034453493,"MV3":0.9127957816748146,"CH1":0.9344065582277711}