{"MV1":0.6307097084465034,"MV3":0.4903627184616919,"CH1":0.4528139370697448}