{"MV1":0.47141040943657253,"MV3":0.8343268489396156,"CH1":0.30746047067011206}