{"MV1":0.5178922806268866,"MV3":0.5072953464025148,"CH1":0.6004032924882289}