{"MV1":0.4224801569084917,"MV3":0.3633043867932174,"CH1":0.9708636925688559}