{"MV1":0.02820602631260405,"MV3":0.40292560031430924,"CH1":0.19963220602140241}