{"MV1":0.18041639697749412,"MV3":0.1819701483111954,"CH1":0.27391322171525545}