{"MV1":0.1499948004958065,"MV3":0.14817020442588869,"CH1":0.4624138174998579}