{"MV1":0.2602346115902915,"MV3":0.6108315224420852,"CH1":0.7733394924794966}