{"MV1":0.48707451518058953,"MV3":0.5276385345081949,"CH1":0.4934965936740352}