{"MV1":0.14822484939587155,"MV3":0.9621038990420503,"CH1":0.04287654623702197}