{"MV1":0.059803610527874196,"MV3":0.25036155885936917,"CH1":0.9583575753667924}