{"MV1":0.25001314690077414,"MV3":0.2056575999596636,"CH1":0.36975064721731854}