{"MV1":0.24485272770119582,"MV3":0.7942806848461054,"CH1":0.28833211558321004}