{"MV1":0.5207933410963085,"MV3":0.6333203863851558,"CH1":0.2004470015014015}