{"MV1":0.3127613435505209,"MV3":0.08476904278025998,"CH1":0.30104899439134813}