{"MV1":0.41804097361765835,"MV3":0.3197300865167255,"CH1":0.0484292670943246}