{"MV1":0.2758063896077404,"MV3":0.36203840862027314,"CH1":0.03737219785643964}