{"MV1":0.5777580301202003,"MV3":0.45389798484581734,"CH1":0.28072329801993134}