{"MV1":0.027358818158028986,"MV3":0.6982861512111733,"CH1":0.5013467655534121}