{"MV1":0.6857036254840538,"MV3":0.9079065731873379,"CH1":0.524744984388589}