{"MV1":0.2879955532882097,"MV3":0.5929785191932118,"CH1":0.48356241614963824}