{"MV1":0.9702296872839186,"MV3":0.1924633645400855,"CH1":0.7733987988455313}