{"MV1":0.632031797229275,"MV3":0.0708556302005624,"CH1":0.544038040970781}