{"MV1":0.09007322489396097,"MV3":0.9140711980673928,"CH1":0.9420693645941498}