{"MV1":0.6589177272149978,"MV3":0.2108786789256002,"CH1":0.06785152618142964}