{"MV1":0.798449292942531,"MV3":0.8569160384517049,"CH1":0.8377658115027313}