{"MV1":0.07918615221027858,"MV3":0.8470111338695109,"CH1":0.8427171015046132}