{"MV1":0.5373833213038244,"MV3":0.9872013615869476,"CH1":0.2120720938840266}