{"MV1":0.9560624149683506,"MV3":0.3198680017344602,"CH1":0.7278460467801748}