{"MV1":0.32132800588094446,"MV3":0.9024732814264277,"CH1":0.18043218774161562}