{"MV1":0.5198321758559912,"MV3":0.2603039589806875,"CH1":0.704987581725304}