{"MV1":0.7693347228129335,"MV3":0.5123795455540278,"CH1":0.8947000306229698}