{"MV1":0.9904752646312595,"MV3":0.05306494098913106,"CH1":0.35177483906347384}