{"MV1":0.11048145853763847,"MV3":0.0020542799222967867,"CH1":0.8144831954758238}