{"MV1":0.9441861571980773,"MV3":0.5677082417692999,"CH1":0.303866094302941}