{"MV1":0.6125132218266137,"MV3":0.7342994918892506,"CH1":0.6825954447994118}