{"MV1":0.8412168892918739,"MV3":0.182548963793566,"CH1":0.1354462646918959}