{"MV1":0.1216465983729711,"MV3":0.4777150894760802,"CH1":0.44183573572295576}