{"MV1":0.7069472843834876,"MV3":0.3474710986247417,"CH1":0.030295584691130473}