{"MV1":0.08678423911325117,"MV3":0.8172273803658959,"CH1":0.07117518038255788}