{"MV1":0.5760773879597313,"MV3":0.43155095749051775,"CH1":0.8317558844329607}