{"MV1":0.11669005321289128,"MV3":0.8011352198908738,"CH1":0.5729280639995972}