{"MV1":0.002715631108766825,"MV3":0.9314531948192618,"CH1":0.2582961982844949}