{"MV1":0.5809899657046991,"MV3":0.9005194184051004,"CH1":0.006019528582033806}