{"MV1":0.3198787654644355,"MV3":0.2663188500420389,"CH1":0.4251556308265615}