{"MV1":0.9554443265780985,"MV3":0.5660663585991912,"CH1":0.4395397033241396}