{"MV1":0.5147747574983453,"MV3":0.7430693184655279,"CH1":0.40030345715081517}