{"MV1":0.2220476385286002,"MV3":0.9207875859084719,"CH1":0.5100170695173871}