{"MV1":0.20746010850519725,"MV3":0.7034130982980163,"CH1":0.9747895032978141}