{"MV1":0.22194368415278742,"MV3":0.34928730324502644,"CH1":0.8366736687597291}