{"MV1":0.1275864388759378,"MV3":0.5543536219528437,"CH1":0.9116253358524382}