{"MV1":0.629050457186977,"MV3":0.24601088675898097,"CH1":0.5182028759387133}