{"MV1":0.838831212504382,"MV3":0.3439299958405707,"CH1":0.6900896294080785}