{"MV1":0.04508339615331158,"MV3":0.44181706560881884,"CH1":0.8306119120818016}