{"MV1":0.7097569873795913,"MV3":0.17913068572754998,"CH1":0.15072629644676916}