{"MV1":0.7890492440043287,"MV3":0.30698371371681865,"CH1":0.8924183144060914}