{"MV1":0.5707636371338966,"MV3":0.10974032037676795,"CH1":0.8697425108012345}