{"MV1":0.06008167202599646,"MV3":0.7560726514509826,"CH1":0.16706134366622738}