{"MV1":0.5694635404739538,"MV3":0.5733643797837,"CH1":0.3391444058173767}