{"MV1":0.12761388255204786,"MV3":0.672469095741058,"CH1":0.9298440974804597}