{"MV1":0.6247854820513614,"MV3":0.19727797177128026,"CH1":0.2980955551451189}