{"MV1":0.6264308211804805,"MV3":0.5110715503296234,"CH1":0.18303455561598647}