{"MV1":0.574438540419739,"MV3":0.4310687505132238,"CH1":0.8967270415638302}