{"MV1":0.09780161351899752,"MV3":0.22199334878396515,"CH1":0.3317580428938445}