{"MV1":0.10613896269963563,"MV3":0.13351187601151215,"CH1":0.6479931652097435}