{"MV1":0.197485464832736,"MV3":0.43437199700374407,"CH1":0.5323829746507825}