{"MV1":0.40006883967851015,"MV3":0.46247492049756755,"CH1":0.08730625453580798}