{"MV1":0.006648107086439259,"MV3":0.1905043157541011,"CH1":0.9890989794316882}