{"MV1":0.10593925630073964,"MV3":0.25626861868981554,"CH1":0.0175152113529371}