{"MV1":0.41737899168703263,"MV3":0.9860019059981667,"CH1":0.5560396582181324}