{"MV1":0.3667097144809922,"MV3":0.5738130797679155,"CH1":0.9468000927701257}