{"MV1":0.45289888194241257,"MV3":0.4392767008482438,"CH1":0.48780423168588916}