{"MV1":0.5435827469279114,"MV3":0.846445240924245,"CH1":0.8509584196069905}