{"MV1":0.6642506073163941,"MV3":0.013183210221305641,"CH1":0.15089739991377826}