{"MV1":0.8905074336529282,"MV3":0.7723112708364481,"CH1":0.13729896185656787}