{"MV1":0.725008113393872,"MV3":0.05993725060578492,"CH1":0.4492568146572542}