{"MV1":0.35524868167803303,"MV3":0.4443104567838225,"CH1":0.8734039890132933}