{"MV1":0.7474431253229804,"MV3":0.1511812224099065,"CH1":0.12504852081544238}