{"MV1":0.6260361834089676,"MV3":0.625794259141292,"CH1":0.31824914583241204}