{"MV1":0.9057165549431455,"MV3":0.17376292041572639,"CH1":0.055028403660175584}