{"MV1":0.14299315562719905,"MV3":0.3498940840434651,"CH1":0.5032151064997396}