{"MV1":0.3092489720469105,"MV3":0.5220278341834904,"CH1":0.047670941647484755}