{"MV1":0.6597959250187998,"MV3":0.35966886987668445,"CH1":0.44563492287282813}