{"MV1":0.6982061129830401,"MV3":0.8662693603813625,"CH1":0.1603481978574557}