{"MV1":0.9289737449213018,"MV3":0.8994821094831716,"CH1":0.2354571923208666}