{"MV1":0.7627978521798393,"MV3":0.9808697704118842,"CH1":0.34603423556860413}