{"MV1":0.5263471989074687,"MV3":0.6979425116126843,"CH1":0.29963714620331927}