{"MV1":0.8658852093325305,"MV3":0.7195299731251963,"CH1":0.157343890232172}