{"MV1":0.2694318175705296,"MV3":0.0015702405276925013,"CH1":0.4690461348734264}