{"MV1":0.18604055938966257,"MV3":0.5396039896626382,"CH1":0.7371670016229869}