{"MV1":0.9197225250544783,"MV3":0.16436786914031365,"CH1":0.6074341957951148}