{"MV1":0.1451967246564969,"MV3":0.5339333752573407,"CH1":0.1259991180864537}