{"MV1":0.036872505619309104,"MV3":0.13115771064132187,"CH1":0.18767183600723014}