{"MV1":0.5241081293970947,"MV3":0.4720440312264984,"CH1":0.43984880778004365}