{"MV1":0.4793385980513294,"MV3":0.7660565549799241,"CH1":0.7571390835335695}