{"MV1":0.44755735616342385,"MV3":0.5857687515170299,"CH1":0.12711814665007126}