{"MV1":0.8290455568405268,"MV3":0.13340401116382916,"CH1":0.20944449893452854}