{"MV1":0.8343259187153012,"MV3":0.09044073044291634,"CH1":0.3346532669288895}