{"MV1":0.884108382464182,"MV3":0.6943106131500698,"CH1":0.12945870704936946}