{"MV1":0.38152131567496395,"MV3":0.7247359406254119,"CH1":0.037058722342945605}