{"MV1":0.3113101783918092,"MV3":0.9229128392668438,"CH1":0.1530669983213796}