{"MV1":0.5117887636567358,"MV3":0.4460969453487159,"CH1":0.3155873540812937}