{"MV1":0.9730579699214525,"MV3":0.9061120444505585,"CH1":0.8265261193454008}