{"MV1":0.642435822833716,"MV3":0.555524060124372,"CH1":0.3008255682739388}