{"MV1":0.46479511138752894,"MV3":0.07242716213634437,"CH1":0.7171394702827463}