{"MV1":0.8963467269884607,"MV3":0.25356755863506597,"CH1":0.5145908097783809}