{"MV1":0.7615911422923624,"MV3":0.4349945106336691,"CH1":0.41369628873633557}