{"MV1":0.7852858011469303,"MV3":0.7855954467728933,"CH1":0.3401114267784703}