{"MV1":0.3556335556357606,"MV3":0.373117317247184,"CH1":0.8551728190600302}