{"MV1":0.9237530731940996,"MV3":0.6751706938729334,"CH1":0.9723594144496869}