{"MV1":0.21567554173325176,"MV3":0.7724873091639505,"CH1":0.448276179804447}