{"MV1":0.32720996887188336,"MV3":0.7986752087141817,"CH1":0.9199518623560056}