{"MV1":0.89929022575751,"MV3":0.9096446606596299,"CH1":0.6561894774801652}