{"MV1":0.6216435130171123,"MV3":0.3463595246992165,"CH1":0.33451186913214004}