{"MV1":0.8046810309526172,"MV3":0.6426992747706425,"CH1":0.4271720146853034}