{"MV1":0.37191010644603617,"MV3":0.5185782827310716,"CH1":0.6023829436120942}