{"MV1":0.20304728470952627,"MV3":0.6641978475523844,"CH1":0.3202452127994989}