{"MV1":0.19831538909016022,"MV3":0.8217897902358063,"CH1":0.06208578104952156}