{"MV1":0.5258855963693909,"MV3":0.2927341224689909,"CH1":0.2359482288936955}