{"MV1":0.6982242038299028,"MV3":0.25757618674857363,"CH1":0.49324628642455426}