{"MV1":0.5308794227120864,"MV3":0.9752210454498056,"CH1":0.060053920842368824}