{"MV1":0.17451704002793367,"MV3":0.34869567999124085,"CH1":0.006539273163972736}