{"MV1":0.3272339511913116,"MV3":0.4086343987928347,"CH1":0.038503225313849754}