{"MV1":0.2450038971898798,"MV3":0.39556327177049333,"CH1":0.8711166787579009}