{"MV1":0.6374761633256445,"MV3":0.8169080390958824,"CH1":0.801659330359324}