{"MV1":0.7006326265973589,"MV3":0.37892150250417134,"CH1":0.9338875162649024}