{"MV1":0.6590278527322683,"MV3":0.27130991367365553,"CH1":0.39999125548435943}