{"MV1":0.803679876817559,"MV3":0.10558513996342522,"CH1":0.5585253916661449}