{"MV1":0.8489945031080751,"MV3":0.1685866118915722,"CH1":0.41052668269856174}