{"MV1":0.2619322371688608,"MV3":0.42884777410828345,"CH1":0.3837018240462816}