{"MV1":0.9708600907524343,"MV3":0.9895653672567745,"CH1":0.6258046996317616}