{"MV1":0.22483399742323584,"MV3":0.257845950184184,"CH1":0.3354062966987147}