{"MV1":0.7430254221829098,"MV3":0.4906865442381755,"CH1":0.7539572736191676}