{"MV1":0.1177973261163191,"MV3":0.5401143049078083,"CH1":0.8433917370941989}