{"MV1":0.2117097434261327,"MV3":0.9895572015562106,"CH1":0.6302604293567817}