{"MV1":0.8207623300421124,"MV3":0.5872357730776265,"CH1":0.6875439599122379}