{"MV1":0.4813567855819265,"MV3":0.6043837157571312,"CH1":0.6665078097114905}