{"MV1":0.5890953240803579,"MV3":0.15376374427010941,"CH1":0.9334750100793441}