{"MV1":0.11654268364562503,"MV3":0.14126771557267004,"CH1":0.4845045079911118}