{"MV1":0.717502438795894,"MV3":0.3309185583176122,"CH1":0.025572910686571637}