{"MV1":0.08358492134002593,"MV3":0.834950914340658,"CH1":0.16908640959033439}