{"MV1":0.5181023162944611,"MV3":0.0537267315693275,"CH1":0.46189308052508404}