{"MV1":0.21907589584622256,"MV3":0.6315270359057225,"CH1":0.8458601017397482}