{"MV1":0.8118698756241083,"MV3":0.8549769146864651,"CH1":0.2864486692094371}