{"MV1":0.1472790632978156,"MV3":0.5333385233815913,"CH1":0.8094521019731562}