{"MV1":0.7044699533671833,"MV3":0.1585579010090452,"CH1":0.17980653923874623}