{"MV1":0.2269653807290305,"MV3":0.8641648633045815,"CH1":0.867700552844393}