{"MV1":0.6799330828943955,"MV3":0.6424565254911144,"CH1":0.9253507265536343}