{"MV1":0.48279395809546644,"MV3":0.2151349763604128,"CH1":0.7225329320894134}