{"MV1":0.5395269779739662,"MV3":0.10543560316963407,"CH1":0.06431075272004005}