{"MV1":0.7823843902410971,"MV3":0.8953481995595298,"CH1":0.16258748904088194}