{"MV1":0.6055083156715171,"MV3":0.5600854307472724,"CH1":0.9446855315014066}