{"MV1":0.44768725765352524,"MV3":0.15088905537924024,"CH1":0.20952216526159406}