{"MV1":0.1723253361156335,"MV3":0.7036767531433167,"CH1":0.3020803138086767}