{"MV1":0.2896499404272914,"MV3":0.9538975680878254,"CH1":0.3852609091582787}