{"MV1":0.41067940678988446,"MV3":0.8595807093792749,"CH1":0.27364021807297334}