{"MV1":0.400900782905368,"MV3":0.26658454956223276,"CH1":0.03259006301724965}