{"MV1":0.5405511667504266,"MV3":0.788310777190088,"CH1":0.9660746756119847}