{"MV1":0.7798353712626996,"MV3":0.24608088143334095,"CH1":0.2785223530862436}