{"MV1":0.5142577316821473,"MV3":0.6045037987683325,"CH1":0.6720732812672432}