{"MV1":0.7820532880172595,"MV3":0.20680660218144686,"CH1":0.022644265489353943}