{"MV1":0.7214365799325072,"MV3":0.7411696927975001,"CH1":0.022276454207533658}