{"MV1":0.7997043441217847,"MV3":0.2916958698601465,"CH1":0.35630058857227165}