{"MV1":0.6609025344148272,"MV3":0.09343403328926425,"CH1":0.843859768234784}