{"MV1":0.17877994895943483,"MV3":0.06121996649056549,"CH1":0.015859523328974445}