{"MV1":0.44145194409202215,"MV3":0.03087188676009245,"CH1":0.08674354540778872}