{"MV1":0.32473161301993114,"MV3":0.8162951166311497,"CH1":0.8731641538099144}