{"MV1":0.30650167734764977,"MV3":0.1293294647362837,"CH1":0.18949117110444302}