{"MV1":0.7208131806970084,"MV3":0.42008630281300363,"CH1":0.5565001054537773}