{"MV1":0.31096409594051855,"MV3":0.6371736450396884,"CH1":0.46293819322952623}