{"MV1":0.03756803665808406,"MV3":0.025099296912479807,"CH1":0.874507890393177}