{"MV1":0.5643609841659658,"MV3":0.31687299056300244,"CH1":0.9423072483134438}