{"MV1":0.4880335984102975,"MV3":0.21173079277086004,"CH1":0.7690537482218867}