{"MV1":0.17114589794464763,"MV3":0.6665894431205877,"CH1":0.9448306551735649}