{"MV1":0.8787496286641966,"MV3":0.18264510152411317,"CH1":0.09310320915285608}