{"MV1":0.10262471839119336,"MV3":0.9162348248497245,"CH1":0.9370377756169245}