{"MV1":0.6811673998869656,"MV3":0.7344186408741097,"CH1":0.8983583935392221}