{"MV1":0.9081711466762077,"MV3":0.8260381854104949,"CH1":0.991915055913401}