{"MV1":0.5216171874983405,"MV3":0.34733348129992636,"CH1":0.9965049740837085}