{"MV1":0.5455098927315286,"MV3":0.10589518793239572,"CH1":0.4292801000891525}