{"MV1":0.6137856621292043,"MV3":0.030423314470083507,"CH1":0.967891773605771}