{"MV1":0.459576580796048,"MV3":0.5861126645746312,"CH1":0.4564960380517533}