{"MV1":0.45469579706234176,"MV3":0.3220586974985713,"CH1":0.08131043680481653}