{"MV1":0.1987326042480314,"MV3":0.7212511298134006,"CH1":0.7974605236764838}