{"MV1":0.19131085912251233,"MV3":0.8793497436054782,"CH1":0.7316107878194552}