{"MV1":0.9336151357338259,"MV3":0.5082667159943599,"CH1":0.525022217060173}