{"MV1":0.0018034468883132426,"MV3":0.7459086161082789,"CH1":0.02260203401592087}