{"MV1":0.889935340787481,"MV3":0.14805165905981665,"CH1":0.9665928049152389}