{"MV1":0.9142615733776722,"MV3":0.3669252038965849,"CH1":0.4835305879161519}