{"MV1":0.37415319653019075,"MV3":0.6724601964542508,"CH1":0.12885884941713965}