{"MV1":0.6884595721181311,"MV3":0.9020620092182767,"CH1":0.075006164329251}