{"MV1":0.2168337602317889,"MV3":0.09083166700964351,"CH1":0.5142115387411494}