{"MV1":0.5338357687893415,"MV3":0.6125144837517495,"CH1":0.16907484645135684}