{"MV1":0.2978073822840275,"MV3":0.0439810645688683,"CH1":0.32489775242031016}