{"MV1":0.3329090201984186,"MV3":0.8255672538384108,"CH1":0.753657163274964}