{"MV1":0.03248842291360243,"MV3":0.2569460990354726,"CH1":0.7694923667506952}