{"MV1":0.8296996901551342,"MV3":0.200468613279969,"CH1":0.9074418833221866}