{"MV1":0.5270949027801752,"MV3":0.25563362740989004,"CH1":0.5008957685102631}