{"MV1":0.6911299420976099,"MV3":0.2941897935963883,"CH1":0.3487352560000013}