{"MV1":0.8730133912815801,"MV3":0.16115977354988809,"CH1":0.6083244280541007}