{"MV1":0.9929649164397957,"MV3":0.12881224259644364,"CH1":0.7094510584845536}