{"MV1":0.3697182731217059,"MV3":0.6108199140023955,"CH1":0.6980521402155614}