{"MV1":0.5620107047463849,"MV3":0.006876320941016312,"CH1":0.0955990862408177}