{"MV1":0.9659690187520963,"MV3":0.56861901893042,"CH1":0.20277224203640565}