{"MV1":0.001147819034259867,"MV3":0.04968165301957228,"CH1":0.19732535337718005}