{"MV1":0.10687081076153304,"MV3":0.4139574318659337,"CH1":0.47401134256292476}