{"MV1":0.11367990981037157,"MV3":0.5905205757240884,"CH1":0.7059181550974675}