{"MV1":0.6777262188421346,"MV3":0.9035046277171459,"CH1":0.38278836476996203}