{"MV1":0.21009917128006383,"MV3":0.9826701046075323,"CH1":0.766890527670099}