{"MV1":0.6801176633985317,"MV3":0.8013312706965232,"CH1":0.25947754205060536}