{"MV1":0.9862952374495395,"MV3":0.8664959405137047,"CH1":0.7062916600412632}