{"MV1":0.15938649452675868,"MV3":0.9596880577920043,"CH1":0.28435426623294746}