{"MV1":0.7316704445377618,"MV3":0.3205325758088525,"CH1":0.6491562396394532}