{"MV1":0.491766268461153,"MV3":0.851021867053357,"CH1":0.40274337077499855}