{"MV1":0.15978640770742236,"MV3":0.7960897567347821,"CH1":0.1593743539930358}