{"MV1":0.8676664788514715,"MV3":0.6244282145131295,"CH1":0.922789102111937}