{"MV1":0.749795866301639,"MV3":0.15002870613682817,"CH1":0.8613818811655934}