{"MV1":0.5829656758496562,"MV3":0.21817281434623859,"CH1":0.22950779962674783}