{"MV1":0.30216039959957863,"MV3":0.54190500337619,"CH1":0.08369113033051845}