{"MV1":0.6511190023272784,"MV3":0.7275159600666233,"CH1":0.8778111909858786}