{"MV1":0.9006661412823164,"MV3":0.9032315963492386,"CH1":0.4452202129031291}