{"MV1":0.3767530282369139,"MV3":0.49201660946131387,"CH1":0.8077480010544019}