{"MV1":0.8731893498026959,"MV3":0.3669034574849708,"CH1":0.6691086350587446}