{"MV1":0.3590665161700619,"MV3":0.09815782183100064,"CH1":0.03615031547484093}