{"MV1":0.4307389357883943,"MV3":0.1980018452218253,"CH1":0.6326307184815795}