{"MV1":0.3745635534366796,"MV3":0.30605947517945464,"CH1":0.5865725603857486}