{"MV1":0.1864390306271264,"MV3":0.21720268591874792,"CH1":0.3449564104513162}