{"MV1":0.41525010722778954,"MV3":0.26626814476155136,"CH1":0.7340625367132866}