{"MV1":0.8674513844390613,"MV3":0.8689593426106266,"CH1":0.052341573701138455}