{"MV1":0.7124299133994866,"MV3":0.9244507235195225,"CH1":0.8016055624998103}