{"MV1":0.03421352175184189,"MV3":0.30790136254367184,"CH1":0.4391874140857498}