{"MV1":0.20442429767293568,"MV3":0.5837563384318601,"CH1":0.4038530591888091}