{"MV1":0.0679508298668614,"MV3":0.060331985587608994,"CH1":0.1515988787844582}