{"MV1":0.9277626110048373,"MV3":0.354181746418732,"CH1":0.8267738651380642}