{"MV1":0.03689730471035957,"MV3":0.4420044249558689,"CH1":0.987273762548149}