{"MV1":0.3593304129786453,"MV3":0.33065894810396035,"CH1":0.2814027954843684}