{"MV1":0.19804106569665192,"MV3":0.5821385553235184,"CH1":0.399039936525158}