{"MV1":0.9584157361885796,"MV3":0.5715025732314437,"CH1":0.4217901508475377}