{"MV1":0.5825824773704168,"MV3":0.8609166052054389,"CH1":0.29680293510975064}