{"MV1":0.5325430198278935,"MV3":0.6184135375117898,"CH1":0.9964835887534292}