{"MV1":0.11072393119541946,"MV3":0.7608288024448077,"CH1":0.6377015315278405}