{"MV1":0.7000130140338392,"MV3":0.43563502651467634,"CH1":0.75772701685613}