{"MV1":0.15147156711331677,"MV3":0.6670027518950383,"CH1":0.996042265841992}