{"MV1":0.7405275112828764,"MV3":0.9654557095431853,"CH1":0.2314369470146721}