{"MV1":0.988915920904248,"MV3":0.8190521667816852,"CH1":0.21421715934584862}