{"MV1":0.26512520531584294,"MV3":0.32745745538197957,"CH1":0.13897159970193085}