{"MV1":0.19905739531862876,"MV3":0.36018738266259576,"CH1":0.7808139602848676}