{"MV1":0.31978242139865487,"MV3":0.8221160042240894,"CH1":0.39898963157796197}