{"MV1":0.1750760890739197,"MV3":0.8642160812792745,"CH1":0.12062365609311576}