{"MV1":0.2978908363303958,"MV3":0.8251836812997927,"CH1":0.6843064426476421}