{"MV1":0.8770971737198889,"MV3":0.8681368821325745,"CH1":0.9421998142562569}