{"MV1":0.1748267830343525,"MV3":0.4076644654036029,"CH1":0.5331503015405539}