{"MV1":0.6492514922823232,"MV3":0.4045124903753321,"CH1":0.2681261265124849}