{"MV1":0.3924200706400306,"MV3":0.7547127092612026,"CH1":0.9908406631625819}