{"MV1":0.3131976404180451,"MV3":0.4954072034222208,"CH1":0.9232002219786113}