{"MV1":0.41485843801592037,"MV3":0.9738033326501216,"CH1":0.1662334146952239}