{"MV1":0.48047091454093394,"MV3":0.8625979055583861,"CH1":0.13512830362269945}