{"MV1":0.9561793562020721,"MV3":0.6435547756149641,"CH1":0.5871341556165753}