{"MV1":0.43286085933713847,"MV3":0.2968157191369236,"CH1":0.342811804071408}