{"MV1":0.9447998437694309,"MV3":0.625330153170779,"CH1":0.4787093149216505}