{"MV1":0.19000736563790366,"MV3":0.9112669052117316,"CH1":0.6213215785186887}