{"MV1":0.5688678354357571,"MV3":0.4220762059242783,"CH1":0.27074672609805706}