{"MV1":0.8821249834194868,"MV3":0.29045648442907535,"CH1":0.7886628596916074}