{"MV1":0.41210117928844825,"MV3":0.31635566774103097,"CH1":0.6724271787642057}