{"MV1":0.6371162086800282,"MV3":0.9924350774386075,"CH1":0.24275197255656444}