{"MV1":0.8552709623263021,"MV3":0.2583275669935853,"CH1":0.3526277416078144}