{"MV1":0.401944316435743,"MV3":0.9670071956489498,"CH1":0.35191977391781526}