{"MV1":0.22645825970222955,"MV3":0.08311811747888997,"CH1":0.6855900814926486}