{"MV1":0.8782515521112386,"MV3":0.2531617735897683,"CH1":0.9389074295881489}