{"MV1":0.4569309910205407,"MV3":0.15529680114216438,"CH1":0.19955802844615167}