{"MV1":0.8803416823601057,"MV3":0.7222517022751946,"CH1":0.8197161768923651}