{"MV1":0.06134432395418865,"MV3":0.9102205356777582,"CH1":0.48616927368317964}