{"MV1":0.04511704678555817,"MV3":0.7938138550686182,"CH1":0.5037509259730171}