{"MV1":0.8669887238670849,"MV3":0.6438032168550178,"CH1":0.0030971004232758226}