{"MV1":0.8960754661425843,"MV3":0.8172054014750652,"CH1":0.7479569560122066}