{"MV1":0.3035984868453756,"MV3":0.03217220758551853,"CH1":0.7267118268913648}