{"MV1":0.9326447087105825,"MV3":0.43043511520951394,"CH1":0.3273866896117683}