{"MV1":0.5003775853923933,"MV3":0.39216636181429165,"CH1":0.7646255427780592}