{"MV1":0.006634415966074392,"MV3":0.8578217125461778,"CH1":0.01993164690944793}