{"MV1":0.30505380780144886,"MV3":0.722028678207081,"CH1":0.7871709159774882}