{"MV1":0.0279699447267866,"MV3":0.30723708776788905,"CH1":0.9328427099435553}