{"MV1":0.6587375464147859,"MV3":0.7139484966757994,"CH1":0.8821764857729508}