{"MV1":0.7317977550658493,"MV3":0.3164798820799434,"CH1":0.3125669456192366}