{"MV1":0.657236424394061,"MV3":0.7035577823014791,"CH1":0.8126465330663002}