{"MV1":0.31742942154461706,"MV3":0.9079164814168985,"CH1":0.6927618145700081}