{"MV1":0.8670074979281691,"MV3":0.8395622828861204,"CH1":0.01365301869307678}