{"MV1":0.9645667899168253,"MV3":0.6789489310615915,"CH1":0.2082816135275538}