{"MV1":0.5427945665368081,"MV3":0.5070099391004195,"CH1":0.6809681030764962}