{"MV1":0.9802775316133195,"MV3":0.7799565393378216,"CH1":0.8431519138041368}