{"MV1":0.7077723715033091,"MV3":0.2549678485260348,"CH1":0.640643394995134}