{"MV1":0.5179904960782145,"MV3":0.5190461366530076,"CH1":0.49761945787810813}