{"MV1":0.7105491110492878,"MV3":0.4478215910782236,"CH1":0.380334718621526}