{"MV1":0.0010727477395291452,"MV3":0.7928453658507721,"CH1":0.4662640072875125}