{"MV1":0.8797823197543735,"MV3":0.46841044372217844,"CH1":0.20244595943940114}