{"MV1":0.948463877199533,"MV3":0.14603679316335327,"CH1":0.8267366028523451}