{"MV1":0.06432149715607838,"MV3":0.3482313047799158,"CH1":0.6070934687679106}