{"MV1":0.6663158305770797,"MV3":0.5425367965937772,"CH1":0.03661603792671919}