{"MV1":0.47545552283363157,"MV3":0.1728126864445524,"CH1":0.24753174471776762}