{"MV1":0.7614971411359054,"MV3":0.8072177421437272,"CH1":0.26164451196509997}