{"MV1":0.8615206941796802,"MV3":0.4676342709829089,"CH1":0.07024687663850104}