{"MV1":0.6186403895885485,"MV3":0.31220339357833093,"CH1":0.5861486816322408}