{"MV1":0.5662836866329771,"MV3":0.02142167714424792,"CH1":0.35727073989921654}