{"MV1":0.9140740833642756,"MV3":0.05731541241161653,"CH1":0.5725620234915605}