{"MV1":0.36984345712990374,"MV3":0.6016007850354091,"CH1":0.7066043680868124}