{"MV1":0.2144830574283163,"MV3":0.9049285905311,"CH1":0.22717457960300558}