{"MV1":0.421289100496669,"MV3":0.7093610442703814,"CH1":0.8389171622728497}