{"MV1":0.4247082524332719,"MV3":0.5682094975877012,"CH1":0.6976452659509925}