{"MV1":0.32140272017038685,"MV3":0.9635381941468006,"CH1":0.8824132747516273}