{"MV1":0.20171013026528628,"MV3":0.45560561633364494,"CH1":0.5228976607973997}