{"MV1":0.9966860474313523,"MV3":0.7896569709624958,"CH1":0.6036661386633166}