{"MV1":0.05638655856233643,"MV3":0.33915270822471033,"CH1":0.11423228922734752}