{"MV1":0.19334353509165636,"MV3":0.444786520488307,"CH1":0.2651917101754082}