{"MV1":0.38150011321797284,"MV3":0.031963340676685714,"CH1":0.3590922478085532}