{"MV1":0.5112919723098308,"MV3":0.14070410458101845,"CH1":0.9783251473147906}