{"MV1":0.2477631756581159,"MV3":0.4695629865702824,"CH1":0.7184272700799269}