{"MV1":0.7186984448184457,"MV3":0.9669813720036079,"CH1":0.38124042827575544}