{"MV1":0.06536015084023117,"MV3":0.6510561435111291,"CH1":0.9304780826216088}