{"MV1":0.6926772121883541,"MV3":0.6806371040851074,"CH1":0.9887713979201678}