{"MV1":0.7223661311252041,"MV3":0.2727905792285342,"CH1":0.6070455369069802}