{"MV1":0.014955611638313271,"MV3":0.9041900472170925,"CH1":0.8788683826242213}