{"MV1":0.6709673714856795,"MV3":0.8572974885687124,"CH1":0.6758095833243811}