{"MV1":0.30656744135175584,"MV3":0.37649154095638315,"CH1":0.10406056579726197}