{"MV1":0.32624369991908975,"MV3":0.3811456956924162,"CH1":0.996957923413969}