{"MV1":0.8798770502788594,"MV3":0.4280472226091324,"CH1":0.9909546504653947}