{"MV1":0.4869479864765901,"MV3":0.7343131480898377,"CH1":0.3235539682099863}