{"MV1":0.23370894845299628,"MV3":0.002663636473901776,"CH1":0.5505525169731177}