{"MV1":0.4522376557372556,"MV3":0.936523908339721,"CH1":0.7547949436432909}