{"MV1":0.8593667132949054,"MV3":0.7322101916898724,"CH1":0.3874445387720331}