{"MV1":0.9098671082757774,"MV3":0.9116264626623708,"CH1":0.20442189779399422}