{"MV1":0.3395332442881599,"MV3":0.17449652419597594,"CH1":0.6138494184457592}