{"MV1":0.9678269138025487,"MV3":0.22538250119748138,"CH1":0.20133743830374462}