{"MV1":0.3021152957272629,"MV3":0.6062030441120113,"CH1":0.9833575992372814}