{"MV1":0.8934105883158784,"MV3":0.7708334822128449,"CH1":0.4049620918337201}