{"MV1":0.4095844628118861,"MV3":0.262910839955829,"CH1":0.6844344973858301}