{"MV1":0.583908116368671,"MV3":0.5932572936959505,"CH1":0.8491439377560499}