{"MV1":0.304724528107979,"MV3":0.6846151665610787,"CH1":0.021378700331931677}