{"MV1":0.7153977806803357,"MV3":0.08060661398098545,"CH1":0.14047616744791835}