{"MV1":0.47434843749789657,"MV3":0.7079235674656223,"CH1":0.48583143120287653}