{"MV1":0.018514852728631848,"MV3":0.5271353446029987,"CH1":0.9721139398798829}