{"MV1":0.07074825561931841,"MV3":0.8302959760797848,"CH1":0.5112078001100162}