{"MV1":0.5313693151581353,"MV3":0.22146836613300258,"CH1":0.8485250798787655}