{"MV1":0.7376753493565933,"MV3":0.31169384288942814,"CH1":0.4652360012175838}