{"MV1":0.5621543011192355,"MV3":0.99926619009226,"CH1":0.5894887055961687}