{"MV1":0.20558662025269936,"MV3":0.29235145890294467,"CH1":0.005606876433273511}