{"MV1":0.7045879804636717,"MV3":0.14789586714993685,"CH1":0.06659467224098858}