{"MV1":0.9719366214063332,"MV3":0.9194819515134877,"CH1":0.2092082455870784}