{"MV1":0.6896299846719626,"MV3":0.6100847917948412,"CH1":0.9125908549635673}