{"MV1":0.2974227120339812,"MV3":0.8683363734515738,"CH1":0.9280492749056577}