{"MV1":0.5026448095959135,"MV3":0.9474181355656524,"CH1":0.26084961411639207}