{"MV1":0.8481390419581759,"MV3":0.4665280389217037,"CH1":0.21962311700850679}