{"MV1":0.0976294009419646,"MV3":0.8249088473998637,"CH1":0.4822799823787497}