{"MV1":0.6258787872502013,"MV3":0.7277959837107556,"CH1":0.773601720449159}