{"MV1":0.7005271394127519,"MV3":0.9431512750900949,"CH1":0.24804507396716902}