{"MV1":0.04813992623234986,"MV3":0.7382500006387746,"CH1":0.7131593304579972}