{"MV1":0.2382453677516052,"MV3":0.26577711010165983,"CH1":0.08470268845229734}