{"MV1":0.39514172117501956,"MV3":0.7197083100659785,"CH1":0.02835446975670386}