{"MV1":0.153274816664425,"MV3":0.2577929144269704,"CH1":0.4237119084569507}