{"MV1":0.5985005497205033,"MV3":0.9302730011533255,"CH1":0.8930643815382447}