{"MV1":0.28101804399034513,"MV3":0.5806125429460636,"CH1":0.7702415064150969}