{"MV1":0.6158676870149745,"MV3":0.05116748519616732,"CH1":0.1359052015966835}