{"MV1":0.8131994057938714,"MV3":0.11759154207618794,"CH1":0.3990223498548452}