{"MV1":0.8787608726710344,"MV3":0.9641336324798436,"CH1":0.8031329751595827}