{"MV1":0.2733280341546209,"MV3":0.9713689074019969,"CH1":0.8486769372914433}