{"MV1":0.15813836466690678,"MV3":0.45030700093204645,"CH1":0.9807535907480945}