{"MV1":0.0912696306686479,"MV3":0.5190348530145987,"CH1":0.9055363077834501}