{"MV1":0.5325029106118495,"MV3":0.009677571386799144,"CH1":0.47194475268799496}