{"MV1":0.5233932077016757,"MV3":0.9623304919967814,"CH1":0.5449532930923973}