{"MV1":0.10405826756212111,"MV3":0.5791954865876541,"CH1":0.7251279993374689}