{"MV1":0.23452450680108017,"MV3":0.7603820436409865,"CH1":0.8850106824484302}