{"MV1":0.574031320015343,"MV3":0.09823417357351438,"CH1":0.2684495808131294}