{"MV1":0.8497895134617102,"MV3":0.1943791813887341,"CH1":0.7290190728525386}