{"MV1":0.3891486248903655,"MV3":0.20791386319769112,"CH1":0.13278749258821687}