{"MV1":0.4419124558978752,"MV3":0.6741682034033615,"CH1":0.9811325795059966}