{"MV1":0.6262981835793224,"MV3":0.7244985422341701,"CH1":0.03210543230607965}