{"MV1":0.3344043985267454,"MV3":0.5841526284195836,"CH1":0.7234649707020419}