{"MV1":0.7637248863494477,"MV3":0.05557819528655672,"CH1":0.9730310389653901}