{"MV1":0.06521564448419759,"MV3":0.2441066506804015,"CH1":0.9640852238235835}