{"MV1":0.4613242215378097,"MV3":0.31543358895906803,"CH1":0.9408757917491531}