{"MV1":0.6600757152319243,"MV3":0.8010859397629412,"CH1":0.7923998000693506}