{"MV1":0.37582114130040767,"MV3":0.6190520699961538,"CH1":0.6975768181871499}