{"MV1":0.7687913767019918,"MV3":0.3778832218889665,"CH1":0.6054605985197175}