{"MV1":0.054088930512747546,"MV3":0.17453863803785286,"CH1":0.9843504529249437}