{"MV1":0.7311931775160653,"MV3":0.007763657932807311,"CH1":0.7227448302529452}