{"MV1":0.36294670618207936,"MV3":0.7273079338410963,"CH1":0.03045144194855587}