{"MV1":0.07398104577855547,"MV3":0.5018390396405353,"CH1":0.03294042421214427}