{"MV1":0.9511492287127027,"MV3":0.16868559711313436,"CH1":0.09769244037299951}