{"MV1":0.2486009502383122,"MV3":0.19898819996529404,"CH1":0.807954775551681}