{"MV1":0.41863759448732585,"MV3":0.5619449057260724,"CH1":0.618116390695006}