{"MV1":0.4618934974361373,"MV3":0.14053370245290941,"CH1":0.2409065234662472}