{"MV1":0.8730924026844601,"MV3":0.44471370989408254,"CH1":0.9858948112309569}