{"MV1":0.7348580247918056,"MV3":0.4477460153921684,"CH1":0.5164629242324166}