{"MV1":0.2618857155797485,"MV3":0.14498938442203413,"CH1":0.18995457833430462}