{"MV1":0.185275852940474,"MV3":0.9890962357513166,"CH1":0.9643159893923253}