{"MV1":0.5122111433906428,"MV3":0.16517936817469603,"CH1":0.7108933900537248}