{"MV1":0.15227052634479343,"MV3":0.004133388118271353,"CH1":0.9797253634534628}