{"MV1":0.08708570237962487,"MV3":0.26135145382401315,"CH1":0.10834668638567879}