{"MV1":0.6914652495610631,"MV3":0.2887582682489117,"CH1":0.5316657033222976}