{"MV1":0.4264524369150605,"MV3":0.0808292163751887,"CH1":0.028669183892129024}