{"MV1":0.22304926842282435,"MV3":0.2663317413451638,"CH1":0.5895710979748102}