{"MV1":0.8941582399196465,"MV3":0.6505602339257253,"CH1":0.5403157310121701}