{"MV1":0.5539785096119563,"MV3":0.026808189590824982,"CH1":0.026302619329304333}