{"MV1":0.2815753834513659,"MV3":0.6932975323554328,"CH1":0.24497495247716095}