{"MV1":0.7855530369686302,"MV3":0.7847450342857052,"CH1":0.5280528088942816}