{"MV1":0.8885671182966356,"MV3":0.8444056943367027,"CH1":0.2655332051357433}