{"MV1":0.27413074186880937,"MV3":0.19966727419212393,"CH1":0.3754732597411421}