{"MV1":0.4261357545213148,"MV3":0.6363331165607805,"CH1":0.40763208321765065}