{"MV1":0.32096710588135813,"MV3":0.4279503632309619,"CH1":0.5017240342339133}