{"MV1":0.6411211852677557,"MV3":0.49191692647189134,"CH1":0.22965057253264753}