{"MV1":0.03387330386649079,"MV3":0.691634221642013,"CH1":0.5063526107041557}