{"MV1":0.06885374200690564,"MV3":0.7230999711220045,"CH1":0.7545765737761482}