{"MV1":0.03722530694929904,"MV3":0.2592218840345688,"CH1":0.10197654897532704}