{"MV1":0.9567837585495411,"MV3":0.12752826532522543,"CH1":0.23575812697783727}