{"MV1":0.877890295188819,"MV3":0.830647421837099,"CH1":0.7295846334579724}