{"MV1":0.8439301991863266,"MV3":0.10899063626705607,"CH1":0.5601966756294687}