{"MV1":0.5665675586490228,"MV3":0.6836231455698971,"CH1":0.3787494007233321}