{"MV1":0.7852594967412745,"MV3":0.9325064581532316,"CH1":0.8358912770640456}