{"MV1":0.09680752828606021,"MV3":0.06094642364330882,"CH1":0.22608676697087582}