{"MV1":0.9128031127899511,"MV3":0.7071451644701502,"CH1":0.4131069903919391}