{"MV1":0.4844725847944473,"MV3":0.8035971813148735,"CH1":0.8186712638862037}