{"MV1":0.7448425012029928,"MV3":0.7289064730923621,"CH1":0.3782053739038095}