{"MV1":0.2035379370632484,"MV3":0.8433393465189987,"CH1":0.5400610820810825}