{"MV1":0.5207367095921291,"MV3":0.7564331912528249,"CH1":0.47631678343229156}