{"MV1":0.41850125247374403,"MV3":0.6806309889500639,"CH1":0.17312819505474775}