{"MV1":0.713792035371656,"MV3":0.7344923211328123,"CH1":0.44679809963141903}