{"MV1":0.06305821556847269,"MV3":0.5745072343410134,"CH1":0.5728408616489906}