{"MV1":0.14496015605347068,"MV3":0.5388333687591841,"CH1":0.9458550077082561}