{"MV1":0.9001855946840588,"MV3":0.626304726967272,"CH1":0.477122379347811}