{"MV1":0.2074221412878695,"MV3":0.479034569340854,"CH1":0.3696273397010744}