{"MV1":0.9383475508377107,"MV3":0.32181067177062095,"CH1":0.2790858544055731}