{"MV1":0.18930572703253368,"MV3":0.5999487001615201,"CH1":0.05007825266092447}