{"MV1":0.6640923027216927,"MV3":0.5504197991401437,"CH1":0.5616128853788577}