{"MV1":0.2482910494478462,"MV3":0.5996642826960881,"CH1":0.12555617790016949}