{"MV1":0.1800335764930383,"MV3":0.18474834967617104,"CH1":0.9945716270238241}