{"MV1":0.01446815824236869,"MV3":0.8771299574412555,"CH1":0.5082661434342199}