{"MV1":0.9017944401387762,"MV3":0.023256706638587477,"CH1":0.650832072223315}