{"MV1":0.48440842819466357,"MV3":0.502646943635711,"CH1":0.3840398103588144}