{"MV1":0.5852400011929135,"MV3":0.04439226420686859,"CH1":0.25592249489024976}