{"MV1":0.13121855526702764,"MV3":0.8722835546743107,"CH1":0.17462796888115295}