{"MV1":0.9718952977681925,"MV3":0.0676089019254339,"CH1":0.08586465266071974}