{"MV1":0.2902364299752417,"MV3":0.421780992031518,"CH1":0.16458888551450412}