{"MV1":0.8365849271564013,"MV3":0.636955374999286,"CH1":0.7894240276268125}