{"MV1":0.2665547518634731,"MV3":0.7566658315805227,"CH1":0.6191259923978447}