{"MV1":0.15448024031057184,"MV3":0.8889383551075722,"CH1":0.04666001957895638}