{"MV1":0.5455647786750016,"MV3":0.15328943227592584,"CH1":0.6379511176025963}