{"MV1":0.5902106642040015,"MV3":0.2314991105166111,"CH1":0.4878815210842439}