{"MV1":0.015033784505081083,"MV3":0.002123820498786233,"CH1":0.08313883820703694}