{"MV1":0.96232488905611,"MV3":0.14419773866341612,"CH1":0.08815351931503823}