{"MV1":0.21626972936276856,"MV3":0.2433605935128298,"CH1":0.48003486008467766}