{"MV1":0.17363553046556213,"MV3":0.9096013792357511,"CH1":0.12696753108254377}