{"MV1":0.41618245305539014,"MV3":0.6042660004753908,"CH1":0.4772414929138178}