{"MV1":0.23965760088141697,"MV3":0.2230490715308312,"CH1":0.3834892269721666}