{"MV1":0.6586987645479352,"MV3":0.546280298374396,"CH1":0.08272888747375917}