{"MV1":0.9804078101354967,"MV3":0.16880502393122776,"CH1":0.8255601441584627}