{"MV1":0.3798185650083479,"MV3":0.8087710308880055,"CH1":0.1914851283835406}