{"MV1":0.1929632273654036,"MV3":0.04374861799738328,"CH1":0.2919062268090611}