{"MV1":0.9777902061094226,"MV3":0.17085330492224848,"CH1":0.506192945170989}