{"MV1":0.3924841756043077,"MV3":0.2723125506262032,"CH1":0.10890089654362811}