{"MV1":0.5853793470663451,"MV3":0.8330684154602814,"CH1":0.850167399643033}