{"MV1":0.39359184463733665,"MV3":0.779397873278024,"CH1":0.027457697798035863}