{"MV1":0.8656845636506492,"MV3":0.749410202314898,"CH1":0.7503896016029392}