{"MV1":0.19279986073243993,"MV3":0.324961936183103,"CH1":0.10187912324544779}