{"MV1":0.06434517458417255,"MV3":0.47579465767762086,"CH1":0.1907869210224159}