{"MV1":0.7289260515536489,"MV3":0.18495745012705755,"CH1":0.8190259579750623}