{"MV1":0.7774074136551369,"MV3":0.746252388276902,"CH1":0.5041845496003661}