{"MV1":0.5291170994337033,"MV3":0.10836863618087023,"CH1":0.06767722348439398}