{"MV1":0.18038478154337034,"MV3":0.7397991586873941,"CH1":0.5484303667221618}