{"MV1":0.13482042287481877,"MV3":0.4723199346129059,"CH1":0.12439373374053919}