{"MV1":0.1385445091618851,"MV3":0.6762286512724599,"CH1":0.4015149082041348}