{"MV1":0.9165319756589497,"MV3":0.7591580117860602,"CH1":0.8867832217770376}