{"MV1":0.20577321671231563,"MV3":0.6615557889143521,"CH1":0.2582304871509794}