{"MV1":0.38774734215544215,"MV3":0.6832975431521325,"CH1":0.4048710118439518}