{"MV1":0.7946965020997065,"MV3":0.26663252635096835,"CH1":0.08364267184083896}