{"MV1":0.6862545105886569,"MV3":0.714897398071122,"CH1":0.4880500691162365}