{"MV1":0.419156810450097,"MV3":0.5833445959855634,"CH1":0.8793910067505855}