{"MV1":0.5401980190439437,"MV3":0.42308131271744664,"CH1":0.9575159216760456}