{"MV1":0.32791939606974574,"MV3":0.8312308966631297,"CH1":0.707192753875644}