{"MV1":0.9320133333276863,"MV3":0.4593583236504273,"CH1":0.9378620159424239}