{"MV1":0.5955445828118628,"MV3":0.8374326736307245,"CH1":0.06906834137070461}