{"MV1":0.5156964924036908,"MV3":0.5163285619808604,"CH1":0.4674746619164496}