{"MV1":0.3226945192947188,"MV3":0.718688934474057,"CH1":0.8136828239315278}