{"MV1":0.32927465325279415,"MV3":0.7050488756506971,"CH1":0.5827160160218074}