{"MV1":0.7350367007144707,"MV3":0.20062911777100267,"CH1":0.49138197703590947}