{"MV1":0.08732290309842206,"MV3":0.19805486429443597,"CH1":0.4717839719145448}