{"MV1":0.8683981416778328,"MV3":0.8545401343557311,"CH1":0.9455639350128646}