{"MV1":0.5883546006090821,"MV3":0.6632601628972483,"CH1":0.9043982953150436}