{"MV1":0.005124617816218646,"MV3":0.9810855529507099,"CH1":0.9926812428700742}