{"MV1":0.5370979928909032,"MV3":0.7481745538465278,"CH1":0.9210359559803902}