{"MV1":0.024158396350483335,"MV3":0.014705886972628202,"CH1":0.21835017272731838}