{"MV1":0.3261698893304077,"MV3":0.265047295203242,"CH1":0.9877716139907042}