{"MV1":0.49450808785457734,"MV3":0.8075530946757005,"CH1":0.4871764167483519}