{"MV1":0.08742051104738369,"MV3":0.46043358338175167,"CH1":0.8839635662425205}