{"MV1":0.5194223041860563,"MV3":0.3507703161684017,"CH1":0.2659790480981358}