{"MV1":0.6217473356942325,"MV3":0.8477257252773377,"CH1":0.31857348580430855}