{"MV1":0.22328779940001353,"MV3":0.7002812530455214,"CH1":0.37947910521562367}