{"MV1":0.4495232832383641,"MV3":0.10385789719549243,"CH1":0.2914003618747757}