{"MV1":0.741130428552971,"MV3":0.8197178279295567,"CH1":0.27547482939193113}