{"MV1":0.5748123199706565,"MV3":0.08661805712299753,"CH1":0.9081049032604973}