{"MV1":0.35979058445413137,"MV3":0.7711422137934558,"CH1":0.3580557431693877}