{"MV1":0.923868247685446,"MV3":0.007902052864482867,"CH1":0.03529356712030862}