{"MV1":0.3427313742675887,"MV3":0.6800371785839088,"CH1":0.9105943724778812}