{"MV1":0.5113655174908835,"MV3":0.9057674425680864,"CH1":0.30709448582976095}