{"MV1":0.5249856314669662,"MV3":0.6493050551748735,"CH1":0.7033129957093459}