{"MV1":0.753003234715299,"MV3":0.34569260043257366,"CH1":0.545164741258753}