{"MV1":0.5399266400423849,"MV3":0.23579359679552614,"CH1":0.8846447056125866}