{"MV1":0.564628712851379,"MV3":0.33587058602162245,"CH1":0.657211995607665}