{"MV1":0.8154830288466841,"MV3":0.9819038721313614,"CH1":0.08352770501810358}