{"MV1":0.10177553148395835,"MV3":0.25107570774038157,"CH1":0.24103811636945693}