{"MV1":0.7254792482369948,"MV3":0.26985798304256525,"CH1":0.7933688716698665}