{"MV1":0.3778675000008843,"MV3":0.6064753470235895,"CH1":0.47708012199911043}