{"MV1":0.794909262917051,"MV3":0.3235287129189023,"CH1":0.0036316445393111962}