{"MV1":0.08368199796945508,"MV3":0.9238187123880858,"CH1":0.5330730716107513}