{"MV1":0.5604395168370918,"MV3":0.8021552108394973,"CH1":0.3166681245845683}