{"MV1":0.9024389900138107,"MV3":0.866113833040337,"CH1":0.4218672356252702}