{"MV1":0.5556478996968425,"MV3":0.2837050352980638,"CH1":0.3150351521287703}