{"MV1":0.9560347639156044,"MV3":0.3422153256794802,"CH1":0.02327558808662944}