{"MV1":0.21038160963471497,"MV3":0.0984590218486262,"CH1":0.7568607340080441}