{"MV1":0.5673434749753969,"MV3":0.28978942476595515,"CH1":0.6299165175892745}