{"MV1":0.06155759218416457,"MV3":0.7411325437407378,"CH1":0.9007407942304091}