{"MV1":0.49922787464464735,"MV3":0.7476539180347278,"CH1":0.44523924047707186}