{"MV1":0.6712674818530232,"MV3":0.6012998163655028,"CH1":0.8071956305308985}