{"MV1":0.7439166894585058,"MV3":0.2316094153541698,"CH1":0.03650692645369136}