{"MV1":0.16113054317243758,"MV3":0.35270661880594123,"CH1":0.855623633042295}