{"MV1":0.4356962283546796,"MV3":0.269581999594787,"CH1":0.7573107932688791}