{"MV1":0.11382565875540396,"MV3":0.8074873160806015,"CH1":0.9409399189362264}