{"MV1":0.13553728558198697,"MV3":0.11402819923664509,"CH1":0.8623637324441565}