{"MV1":0.5264588511272434,"MV3":0.9218616235642852,"CH1":0.017158631490631904}