{"MV1":0.27991507033474683,"MV3":0.9710645908120713,"CH1":0.7708188379178691}