{"MV1":0.9447431431920267,"MV3":0.15819676376473435,"CH1":0.822514060080584}