{"MV1":0.40297118881688276,"MV3":0.011869504402038267,"CH1":0.04864685030253868}