{"MV1":0.8837911142022402,"MV3":0.8722746852133166,"CH1":0.6150465838349055}