{"MV1":0.48569335994789553,"MV3":0.9419426337685443,"CH1":0.1508979512594053}