{"MV1":0.5068896526455593,"MV3":0.01302462393731052,"CH1":0.729669746330104}