{"MV1":0.12443495791920522,"MV3":0.0665432613358804,"CH1":0.3324592246939295}