{"MV1":0.5915062847444963,"MV3":0.39301484141610465,"CH1":0.11200125965614183}