{"MV1":0.9421110376445184,"MV3":0.5565394631654458,"CH1":0.7134042809570238}