{"MV1":0.613162255957174,"MV3":0.6946895029517249,"CH1":0.4975001626533819}