{"MV1":0.8984370488319273,"MV3":0.5729318731632893,"CH1":0.3090706507442129}