{"MV1":0.8800019485817964,"MV3":0.8654795335830865,"CH1":0.5852844148528857}