{"MV1":0.16260189065044717,"MV3":0.649231462441015,"CH1":0.3787572549361017}