{"MV1":0.8362998991222363,"MV3":0.45496974258077516,"CH1":0.6568045220031599}