{"MV1":0.6233779479232414,"MV3":0.7173838390764713,"CH1":0.48287804769679754}