{"MV1":0.04766296254888758,"MV3":0.17951172935754822,"CH1":0.03884987583834287}