{"MV1":0.16599169811258496,"MV3":0.3461634349398115,"CH1":0.9924617176301361}