{"MV1":0.307640431657047,"MV3":0.5863615144400645,"CH1":0.7897028129238038}