{"MV1":0.7678143894698215,"MV3":0.314628646505665,"CH1":0.013583456683249784}