{"MV1":0.4462231156754355,"MV3":0.2547658844398989,"CH1":0.6502541779910507}