{"MV1":0.34643783898990443,"MV3":0.6894460421974723,"CH1":0.6986394073612867}