{"MV1":0.13478897051678784,"MV3":0.6564663430211592,"CH1":0.723183958566894}