{"MV1":0.5868035384216375,"MV3":0.9950081538030658,"CH1":0.7927694483306041}