{"MV1":0.13980147775069818,"MV3":0.11985150480396956,"CH1":0.7058187706602719}