{"MV1":0.23988816727453643,"MV3":0.7744329970714037,"CH1":0.26044439275169584}