{"MV1":0.9176390924054959,"MV3":0.25050807913542117,"CH1":0.8075854345958613}