{"MV1":0.571421632358821,"MV3":0.11243030704710422,"CH1":0.33595420414566834}