{"MV1":0.9190280377228147,"MV3":0.3459642066007338,"CH1":0.5993266703752832}