{"MV1":0.8036997961811597,"MV3":0.3205512187612737,"CH1":0.11476328483086184}