{"MV1":0.032682324422697806,"MV3":0.8760960316224127,"CH1":0.5267825944781621}