{"MV1":0.2610358323887283,"MV3":0.04877911840701343,"CH1":0.5531338681287539}