{"MV1":0.9131292560648645,"MV3":0.5190520620927273,"CH1":0.7610046575343947}