{"MV1":0.868276846977604,"MV3":0.6489530111983967,"CH1":0.38696016811719913}