{"MV1":0.9746050793984626,"MV3":0.698169746391816,"CH1":0.11069819520965096}