{"MV1":0.9398714063171235,"MV3":0.9875395345606321,"CH1":0.8772236873688584}