{"MV1":0.255667401026207,"MV3":0.5141667717138959,"CH1":0.7858392073820846}