{"MV1":0.3298996158447134,"MV3":0.45136419572005215,"CH1":0.7238550109892592}