{"MV1":0.2691278132779774,"MV3":0.9280582563452408,"CH1":0.01323902276717226}