{"MV1":0.82174708837402,"MV3":0.24332657082126796,"CH1":0.7246774894557476}