{"MV1":0.04370751801392925,"MV3":0.13070726507355046,"CH1":0.7327499428314955}