{"MV1":0.990856436484834,"MV3":0.3795433594111365,"CH1":0.13832003874188092}