{"MV1":0.09991038340497105,"MV3":0.04496223467368854,"CH1":0.01012051968423422}