{"MV1":0.1728608449263369,"MV3":0.27201391620290627,"CH1":0.8051207860978373}