{"MV1":0.24817793994981496,"MV3":0.06346920884707563,"CH1":0.4686738868295396}