{"MV1":0.3814182834660218,"MV3":0.7353451616248141,"CH1":0.03740690472533015}