{"MV1":0.12213555170739987,"MV3":0.19461981534487638,"CH1":0.8214044954818674}