{"MV1":0.682835892616503,"MV3":0.06867594410927047,"CH1":0.11481437683084073}