{"MV1":0.003082032894227371,"MV3":0.12341726035137635,"CH1":0.15241396480775404}