{"MV1":0.6206890797093659,"MV3":0.11096758254753414,"CH1":0.029859166777130297}