{"MV1":0.4121206844094206,"MV3":0.3643594138869841,"CH1":0.8032805124728208}