{"MV1":0.4322846342452631,"MV3":0.6406276741151429,"CH1":0.9003407228003022}