{"MV1":0.18988366220945174,"MV3":0.39850102914103736,"CH1":0.5856845581372958}