{"MV1":0.5765629724477375,"MV3":0.9520261044839512,"CH1":0.12214628457071919}