{"MV1":0.8858902519550745,"MV3":0.9039895873194498,"CH1":0.2620142231245912}