{"MV1":0.29345048363849613,"MV3":0.8619100165843319,"CH1":0.4610605818573468}