{"MV1":0.8090421834974022,"MV3":0.28863171254140185,"CH1":0.28107840450100097}