{"MV1":0.048052508084237444,"MV3":0.7944322984807874,"CH1":0.729317182348703}