{"MV1":0.8106356337968171,"MV3":0.665977610288592,"CH1":0.8908018008011381}