{"MV1":0.8812685298005408,"MV3":0.9901767665100758,"CH1":0.3938273385634846}