{"MV1":0.07599982275741102,"MV3":0.508559940516468,"CH1":0.8708479889405292}