{"MV1":0.45222086501086634,"MV3":0.8568484821484853,"CH1":0.6549563160169354}