{"MV1":0.9068190576360862,"MV3":0.2025571257921791,"CH1":0.8996053648290847}