{"MV1":0.7068690452622233,"MV3":0.5480263224638884,"CH1":0.5737735065917904}