{"MV1":0.7806370031005766,"MV3":0.5412525741666862,"CH1":0.7059769636733865}