{"MV1":0.24133222622510397,"MV3":0.679138735145195,"CH1":0.9883332723048699}