{"MV1":0.8125348441745124,"MV3":0.43453767123232356,"CH1":0.19885122346203676}