{"MV1":0.7518960509026161,"MV3":0.16452808447898737,"CH1":0.014643896814052981}