{"MV1":0.28067647857314937,"MV3":0.06524274191578827,"CH1":0.4874179963571932}