{"MV1":0.6949544467183489,"MV3":0.29261010310511804,"CH1":0.21724579843121228}