{"MV1":0.15664838034138706,"MV3":0.4006519291439615,"CH1":0.2824226406819921}