{"MV1":0.3795124605483656,"MV3":0.260043891635797,"CH1":0.589333641651772}