{"MV1":0.6129350212049386,"MV3":0.5890564516203008,"CH1":0.5789988603353323}