{"MV1":0.5639367736672898,"MV3":0.6122945394957394,"CH1":0.9026984613091517}