{"MV1":0.9881928174167413,"MV3":0.025668465253981032,"CH1":0.4641936364984216}