{"MV1":0.30449378718042985,"MV3":0.10473382129894115,"CH1":0.840457451739456}