{"MV1":0.928407092992426,"MV3":0.8188356745344977,"CH1":0.15101327966431588}