{"MV1":0.7749713284571592,"MV3":0.5400875542905881,"CH1":0.43473756288061316}