{"MV1":0.6674627217331689,"MV3":0.356312359493856,"CH1":0.5839678114120012}