{"MV1":0.7174490120362377,"MV3":0.6706142494455767,"CH1":0.7497547401490782}