{"MV1":0.7809389611600188,"MV3":0.749390539094016,"CH1":0.2591857183887847}