{"MV1":0.35704420351703847,"MV3":0.43001722918906127,"CH1":0.42241257484846184}