{"MV1":0.6999491459822035,"MV3":0.7785916454437628,"CH1":0.4697923674949094}