{"MV1":0.5287001644901334,"MV3":0.2607632748167912,"CH1":0.026520218352446445}