{"MV1":0.7112017490769351,"MV3":0.29820710328324684,"CH1":0.5195508137482356}