{"MV1":0.9911035133884524,"MV3":0.04342269709655955,"CH1":0.17186862554532656}