{"MV1":0.2838240164035002,"MV3":0.9345997550585293,"CH1":0.9858629943499104}