{"MV1":0.4258082050604761,"MV3":0.885396751518355,"CH1":0.5621751103739174}