{"MV1":0.9226442944460589,"MV3":0.619288656950603,"CH1":0.8625879912502389}