{"MV1":0.7590012633267919,"MV3":0.2564384013805294,"CH1":0.9780612064939694}