{"MV1":0.29687277405201684,"MV3":0.6627786590100837,"CH1":0.09002866185230074}