{"MV1":0.2790435349983138,"MV3":0.21254710797269283,"CH1":0.6888402876944035}