{"MV1":0.03175902899798322,"MV3":0.7940869181195253,"CH1":0.11392272886391486}