{"MV1":0.001349288991538078,"MV3":0.9560211262505459,"CH1":0.05149263397580717}