{"MV1":0.5275165125020443,"MV3":0.8724843703600218,"CH1":0.587388681503829}