{"MV1":0.3292019117479793,"MV3":0.8346249900562325,"CH1":0.010741970582691662}