{"MV1":0.6793202295074239,"MV3":0.5830761138706443,"CH1":0.6747232240396324}