{"MV1":0.5878985268496383,"MV3":0.4576904997687862,"CH1":0.35488927982599006}