{"MV1":0.5610751205767459,"MV3":0.07839050670895864,"CH1":0.4419024417539852}