{"MV1":0.3151665315176245,"MV3":0.20516200257816042,"CH1":0.2271082379827951}