{"MV1":0.4132959059664476,"MV3":0.2914548658586572,"CH1":0.25042603833655364}