{"MV1":0.3184766903215238,"MV3":0.4852815694398165,"CH1":0.08184683740608367}