{"MV1":0.3397708970786022,"MV3":0.9465324039759682,"CH1":0.7013960614852135}