{"MV1":0.6274406597488513,"MV3":0.19075543669261008,"CH1":0.3326043405687421}