{"MV1":0.7059154181332299,"MV3":0.7426099071532625,"CH1":0.08862644213221571}