{"MV1":0.7433130983886813,"MV3":0.2753524208108624,"CH1":0.9504213762614805}