{"MV1":0.40615502726863917,"MV3":0.7322201769689448,"CH1":0.5660320729858704}