{"MV1":0.6485012586344163,"MV3":0.10017117451243762,"CH1":0.556336879815975}