{"MV1":0.052424053347381316,"MV3":0.32645695235266714,"CH1":0.3442686931300871}