{"MV1":0.5356614481230332,"MV3":0.44031659602195683,"CH1":0.07748634993688264}