{"MV1":0.9552107662955581,"MV3":0.47337832045022754,"CH1":0.18069080469144694}