{"MV1":0.8805249306031175,"MV3":0.7191379947928217,"CH1":0.6834894722690195}