{"MV1":0.6065830196969172,"MV3":0.13252213830252657,"CH1":0.9722368188713881}