{"MV1":0.6385088792911764,"MV3":0.5209768195076623,"CH1":0.7748866486476267}