{"MV1":0.7638523635948598,"MV3":0.7406083917287135,"CH1":0.34019158212457634}