{"MV1":0.563519673205245,"MV3":0.48032160328261486,"CH1":0.263984351589052}