{"MV1":0.10795571996500286,"MV3":0.16916167710544328,"CH1":0.30750812534257144}