{"MV1":0.7086931349806225,"MV3":0.1165977642805216,"CH1":0.5221423298679811}