{"MV1":0.05052949316847166,"MV3":0.4886112504143155,"CH1":0.2542101704594063}