{"MV1":0.9335470454501046,"MV3":0.1575403799757834,"CH1":0.7771913266654974}