{"MV1":0.30257391849385884,"MV3":0.9336706671836258,"CH1":0.072406087858915}