{"MV1":0.9707595877840524,"MV3":0.009727929583790984,"CH1":0.43861141588941255}