{"MV1":0.6050165271540501,"MV3":0.7211969996075869,"CH1":0.7249292871866926}