{"MV1":0.6606206879900242,"MV3":0.7022454802798846,"CH1":0.4978529012193238}