{"MV1":0.8767966457885964,"MV3":0.5606338487323554,"CH1":0.8367081492404946}