{"MV1":0.26255770381884536,"MV3":0.6909707394464163,"CH1":0.1404545579715495}