{"MV1":0.15472138334845087,"MV3":0.9970042608908185,"CH1":0.3975810480020473}