{"MV1":0.43463892954926353,"MV3":0.4140203564223479,"CH1":0.11046870094411132}