{"MV1":0.5163963643281574,"MV3":0.7549838752829537,"CH1":0.546876685284765}