{"MV1":0.5200519766703685,"MV3":0.5472343949746904,"CH1":0.5702944223885361}