{"MV1":0.768051234025933,"MV3":0.623070641272531,"CH1":0.5894240231716684}