{"MV1":0.055206663620338436,"MV3":0.5669148623185666,"CH1":0.057926679198266995}