{"MV1":0.5106336553426615,"MV3":0.50725920312413,"CH1":0.3787348687801283}