{"MV1":0.9529635269751497,"MV3":0.04753371296285702,"CH1":0.8831729702296404}