{"MV1":0.15735603558316946,"MV3":0.693041575716575,"CH1":0.3984162062844968}