{"MV1":0.5100621901140546,"MV3":0.06115684272242028,"CH1":0.5129819480069753}