{"MV1":0.5197106735763164,"MV3":0.5172858846891779,"CH1":0.931013982908614}