{"MV1":0.5731569881929757,"MV3":0.4328471876232055,"CH1":0.5934914575648552}