{"MV1":0.7952679428011783,"MV3":0.26219950285296934,"CH1":0.05948428513752213}