{"MV1":0.9487113283441471,"MV3":0.4924564927794678,"CH1":0.08544801525205559}