{"MV1":0.8519112918094881,"MV3":0.1853724072035292,"CH1":0.8759576628525444}