{"MV1":0.6504643774670111,"MV3":0.0711762078398751,"CH1":0.9027684660074392}