{"MV1":0.683267075952575,"MV3":0.903749217680063,"CH1":0.006702988908407148}