{"MV1":0.9820378067145884,"MV3":0.4742577331959199,"CH1":0.17550675343664812}