{"MV1":0.7387666825765478,"MV3":0.12694355729356088,"CH1":0.5148345062752964}