{"MV1":0.10813725730243606,"MV3":0.3165307154378587,"CH1":0.66857057955368}