{"MV1":0.15146180360026795,"MV3":0.45785569613674937,"CH1":0.36285608846159734}