{"MV1":0.17302552737605414,"MV3":0.6881059396502309,"CH1":0.2537990452886918}