{"MV1":0.25745979493256954,"MV3":0.3129584927733634,"CH1":0.9441969816794795}