{"MV1":0.7563332745121287,"MV3":0.05661040365698733,"CH1":0.7532875146557916}