{"MV1":0.49200890581457457,"MV3":0.11490861160448451,"CH1":0.31643042586544123}