{"MV1":0.38173713807091625,"MV3":0.671657669894023,"CH1":0.357539357462344}