{"MV1":0.1720585066946121,"MV3":0.38578956298096845,"CH1":0.14806319322063843}