{"MV1":0.7049268448766969,"MV3":0.8712921664549241,"CH1":0.8952789486392476}