{"MV1":0.8434696445493843,"MV3":0.56260882735953,"CH1":0.7644277711699115}