{"MV1":0.05348861933974902,"MV3":0.10254501140259342,"CH1":0.5100994411456234}