{"MV1":0.3804653578640985,"MV3":0.09025147998312022,"CH1":0.8700193355110163}