{"MV1":0.5208186258156181,"MV3":0.26825942286186866,"CH1":0.00764456715442674}