{"MV1":0.17428014152894478,"MV3":0.2892883774505147,"CH1":0.8947210299776713}