{"MV1":0.22300291710358133,"MV3":0.8716641896680766,"CH1":0.14651639190067556}