{"MV1":0.610289100163571,"MV3":0.8382113525087906,"CH1":0.7537069554510939}