{"MV1":0.3303088485043907,"MV3":0.09726700125458587,"CH1":0.5877771705129665}