{"MV1":0.27917046868975826,"MV3":0.027512790389205954,"CH1":0.5111868955939496}