{"MV1":0.5527403345707221,"MV3":0.05427578266760946,"CH1":0.6093765473358314}