{"MV1":0.8355591882303129,"MV3":0.1919479755791743,"CH1":0.8167380556186703}