{"MV1":0.4311257640899595,"MV3":0.2278223541480413,"CH1":0.6241751103035058}