{"MV1":0.5119173053979742,"MV3":0.20600923414497052,"CH1":0.20323521719434057}