{"MV1":0.327646698442571,"MV3":0.7726621116795068,"CH1":0.9179007543492698}