{"MV1":0.40791836395077785,"MV3":0.9320769189655629,"CH1":0.39086035386126894}