{"MV1":0.36601456522437403,"MV3":0.7699159752993745,"CH1":0.3343143207704481}