{"MV1":0.999788332060867,"MV3":0.41771761986821054,"CH1":0.05192358919736528}