{"MV1":0.19163038808857868,"MV3":0.5724802381125783,"CH1":0.6956823000833549}