{"MV1":0.9719145169210603,"MV3":0.9788357897714768,"CH1":0.12172868667581949}