{"MV1":0.8217556314894852,"MV3":0.5308991571886473,"CH1":0.7936394638215315}