{"MV1":0.29268981642260183,"MV3":0.5024684898340228,"CH1":0.5115028108662665}