{"MV1":0.6980708074487683,"MV3":0.6125292015827366,"CH1":0.05298766183053938}