{"MV1":0.8975218985701472,"MV3":0.017277216495862335,"CH1":0.7219879957997363}