{"MV1":0.13471109537561998,"MV3":0.23700204499556976,"CH1":0.44522197163701216}