{"MV1":0.45679310771404036,"MV3":0.15613753016641052,"CH1":0.9984181116060687}