{"MV1":0.852869484031229,"MV3":0.4524091487500882,"CH1":0.5018907202402871}