{"MV1":0.8671507134656313,"MV3":0.22447442100048254,"CH1":0.6665348264596151}