{"MV1":0.8985994587711665,"MV3":0.7203710559344431,"CH1":0.13331784457651108}