{"MV1":0.6775152107655302,"MV3":0.9629603682992295,"CH1":0.5556587018575463}