{"MV1":0.06383640835316706,"MV3":0.32891748824509104,"CH1":0.8877954204977352}