{"MV1":0.4804494222069079,"MV3":0.6648144559132239,"CH1":0.7798469170316192}