{"MV1":0.5490504569024627,"MV3":0.5711219815706354,"CH1":0.5790906885597881}