{"MV1":0.7035885443652284,"MV3":0.8909585720941973,"CH1":0.629283979215263}