{"MV1":0.8239720532861557,"MV3":0.7528103023057237,"CH1":0.7713641762871287}