{"MV1":0.14877364650429892,"MV3":0.18897506374483097,"CH1":0.9554701951745401}