{"MV1":0.8051016530783154,"MV3":0.27756006196601135,"CH1":0.27808922290091187}