{"MV1":0.763581687444057,"MV3":0.22235757537293066,"CH1":0.6557788514251224}