{"MV1":0.6235532464149546,"MV3":0.07190146258338426,"CH1":0.371924865517513}