{"MV1":0.5522621024519365,"MV3":0.39498780577038384,"CH1":0.4257318830956133}