{"MV1":0.3427851583278324,"MV3":0.6153602756497762,"CH1":0.6604761049427091}