{"MV1":0.7346587050236406,"MV3":0.7858764442872398,"CH1":0.31993943341899367}