{"MV1":0.5306019172103423,"MV3":0.8019991219659036,"CH1":0.8193920872318871}