{"MV1":0.7401334451700031,"MV3":0.9213288931219714,"CH1":0.09761838602035522}