{"MV1":0.8290987738910683,"MV3":0.2405958222605934,"CH1":0.5184597204396124}