{"MV1":0.40090835774852407,"MV3":0.12873833190112194,"CH1":0.690124410573514}