{"MV1":0.688413667882884,"MV3":0.17536805233710673,"CH1":0.5997944868958732}