{"MV1":0.5859868878367376,"MV3":0.24429905231563553,"CH1":0.560468128129934}