{"MV1":0.277341463049692,"MV3":0.20779880615426594,"CH1":0.0987694191545031}