{"MV1":0.24219989033520917,"MV3":0.4965783768274009,"CH1":0.33159324244682564}