{"MV1":0.21618974612605668,"MV3":0.043755885234399106,"CH1":0.11638424892088317}