{"MV1":0.6593160161809997,"MV3":0.1838293910445865,"CH1":0.526788858938843}