{"MV1":0.29486796090739253,"MV3":0.5452478936399204,"CH1":0.4939320040540468}