{"MV1":0.37720742261770046,"MV3":0.31517072511035915,"CH1":0.7496759530696067}