{"MV1":0.29890801927148136,"MV3":0.7448501880589493,"CH1":0.42545691469364644}