{"MV1":0.766711473678993,"MV3":0.2429839430698706,"CH1":0.10086011679489293}