{"MV1":0.9461675402863217,"MV3":0.6645439640078081,"CH1":0.20308659942995688}