{"MV1":0.6994529206758633,"MV3":0.5360660287672145,"CH1":0.3887318766391529}