{"MV1":0.638232465550291,"MV3":0.39381074502382485,"CH1":0.8769691944191}