{"MV1":0.9666310117752241,"MV3":0.8975920538186498,"CH1":0.3056553225974714}