{"MV1":0.565727520592161,"MV3":0.9611915979994318,"CH1":0.9947478660392962}