{"MV1":0.8038503293291092,"MV3":0.8349326192723494,"CH1":0.6958405130183648}