{"MV1":0.7468386728552497,"MV3":0.1552650772214833,"CH1":0.9880623252405587}