{"MV1":0.21560605524225063,"MV3":0.4668035434952499,"CH1":0.9573768101960974}