{"MV1":0.4029014759372135,"MV3":0.07278893048967294,"CH1":0.649783177868023}