{"MV1":0.7832572498537305,"MV3":0.5598949510733247,"CH1":0.48495926138814527}