{"MV1":0.3157619240597829,"MV3":0.2503312773184535,"CH1":0.3776561475631227}