{"MV1":0.4357249537048761,"MV3":0.10924506209067486,"CH1":0.5452565763099676}