{"MV1":0.21141601950658273,"MV3":0.741346166249386,"CH1":0.9691334980338824}