{"MV1":0.12374264454791672,"MV3":0.7167816514182099,"CH1":0.05612264044539261}