{"MV1":0.8257915986004404,"MV3":0.6208212892635682,"CH1":0.7848174266853395}