{"MV1":0.7875050392221098,"MV3":0.6045411908582315,"CH1":0.7076891558960201}