{"MV1":0.3038282384884129,"MV3":0.697900726950313,"CH1":0.23865626552700203}