{"MV1":0.55499418962933,"MV3":0.35532932318013266,"CH1":0.2884914422868494}