{"MV1":0.16726632550355292,"MV3":0.5509938127344933,"CH1":0.21891406747024955}