{"MV1":0.9154151956796294,"MV3":0.7970407486741281,"CH1":0.8413432048912535}