{"MV1":0.07830554626807729,"MV3":0.6140678520460265,"CH1":0.8092139868596321}