{"MV1":0.3688164694177388,"MV3":0.8452641127258504,"CH1":0.9172194328364599}