{"MV1":0.3291814607867046,"MV3":0.12446970666660051,"CH1":0.7748074073690349}