{"MV1":0.7910002191569526,"MV3":0.022980637718476804,"CH1":0.9478077043961671}