{"MV1":0.335063933058833,"MV3":0.2962279903616105,"CH1":0.5381276325892455}