{"MV1":0.11149540620670406,"MV3":0.4489717248132964,"CH1":0.2917378705915221}