{"MV1":0.19083621589580224,"MV3":0.6058623055645915,"CH1":0.09869076089725304}