{"MV1":0.14859079526991714,"MV3":0.298506868594166,"CH1":0.02923091978011394}