{"MV1":0.8916918535495354,"MV3":0.2918371867780045,"CH1":0.5911032382078315}