{"MV1":0.390648650381224,"MV3":0.00351746631502714,"CH1":0.5332026249630045}