{"MV1":0.014436072165413316,"MV3":0.00809882338426382,"CH1":0.22768324312022448}