{"MV1":0.9422741645381429,"MV3":0.28183866672877167,"CH1":0.3404850992769035}