{"MV1":0.8169395482556326,"MV3":0.6027165746332493,"CH1":0.19606525464863434}