{"MV1":0.25280324028717593,"MV3":0.8115719314722223,"CH1":0.037189561073101673}