{"MV1":0.18039166517746863,"MV3":0.5288071353586868,"CH1":0.15173636030706872}