{"MV1":0.7381739347158598,"MV3":0.9945424191616664,"CH1":0.21422530962618802}