{"MV1":0.06483003064042081,"MV3":0.39121893504388117,"CH1":0.8067265767457467}