{"MV1":0.6508733746620797,"MV3":0.9594760109559464,"CH1":0.8909647254767449}