{"MV1":0.4940184399372921,"MV3":0.5766712295060931,"CH1":0.12947041172571083}