{"MV1":0.9618942763890619,"MV3":0.07631778067319461,"CH1":0.32949046609818333}