{"MV1":0.7536483767561872,"MV3":0.6085273830555484,"CH1":0.8104662231052315}