{"MV1":0.5626235048462616,"MV3":0.12683719273590355,"CH1":0.8962756226576551}