{"MV1":0.6803586562174884,"MV3":0.16788633462940905,"CH1":0.05091610751041087}