{"MV1":0.7242256513797513,"MV3":0.16747799917841422,"CH1":0.017831627448339438}