{"MV1":0.3066324481726901,"MV3":0.29398374708272523,"CH1":0.04423875257653598}