{"MV1":0.12724286820770137,"MV3":0.9039701748463342,"CH1":0.5948779875353569}