{"MV1":0.586008403937266,"MV3":0.33936733390897955,"CH1":0.10904946198342746}