{"MV1":0.9572198074819477,"MV3":0.6824439490593043,"CH1":0.45063399843295027}