{"MV1":0.49125741534537193,"MV3":0.11664875856333645,"CH1":0.943164049233518}