{"MV1":0.1369858065621724,"MV3":0.6903047818560619,"CH1":0.553016615898585}