{"MV1":0.39800423428621834,"MV3":0.7577650192198986,"CH1":0.4916222578708621}