{"MV1":0.2066888237671891,"MV3":0.8700950244726886,"CH1":0.30189239310519034}