{"MV1":0.25054492240520265,"MV3":0.7033243741294524,"CH1":0.052717891670427286}