{"MV1":0.3232792158578728,"MV3":0.4303331114340909,"CH1":0.9824574481112381}