{"MV1":0.8788353525547201,"MV3":0.18835399318232982,"CH1":0.037643771382052216}