{"MV1":0.28609397325337205,"MV3":0.6701562675387823,"CH1":0.011651268717284058}