{"MV1":0.5381853010232884,"MV3":0.8878718603404936,"CH1":0.7779286105298295}