{"MV1":0.0949343500395109,"MV3":0.9309229835057462,"CH1":0.7689043067598286}