{"MV1":0.548182790935373,"MV3":0.22508847060729098,"CH1":0.2691446658159109}