{"MV1":0.8102458387307686,"MV3":0.07170734953865598,"CH1":0.19940899668333611}