{"MV1":0.6413067081057224,"MV3":0.1676794683234638,"CH1":0.14181859293313737}