{"MV1":0.16127080696714335,"MV3":0.15944474933245079,"CH1":0.22381513337067827}