{"MV1":0.37622887113133574,"MV3":0.135913509762559,"CH1":0.7319099640848652}