{"MV1":0.10430953277919686,"MV3":0.44502378047060964,"CH1":0.7795602092854622}