{"MV1":0.21017711148866292,"MV3":0.3150048525001832,"CH1":0.3450738097233629}