{"MV1":0.6110619342245203,"MV3":0.6483051940723478,"CH1":0.7994139032810149}