{"MV1":0.09683928912000572,"MV3":0.23451764870862957,"CH1":0.9403256520848452}