{"MV1":0.4262027201898476,"MV3":0.8473153401987025,"CH1":0.9270635027846363}