{"MV1":0.8220741679084742,"MV3":0.14211902619086858,"CH1":0.8970183255291236}