{"MV1":0.5421495211215163,"MV3":0.347934188808097,"CH1":0.7990621976821153}