{"MV1":0.3511575501998292,"MV3":0.8325269730518361,"CH1":0.6400337812336356}