{"MV1":0.5561525571681631,"MV3":0.19036506471462156,"CH1":0.745179568870763}