{"MV1":0.4498773441633951,"MV3":0.8513027351359839,"CH1":0.26630415263768403}