{"MV1":0.7219779828196015,"MV3":0.03842095001649337,"CH1":0.5222022857376212}