{"MV1":0.12098374940140477,"MV3":0.8971174889290933,"CH1":0.5252459960044568}