{"MV1":0.07587512491432435,"MV3":0.16813904171850214,"CH1":0.9350943323669082}