{"MV1":0.12333543114457457,"MV3":0.2644967931187302,"CH1":0.5098376580012761}