{"MV1":0.2085186786560892,"MV3":0.20309442035748826,"CH1":0.9775630711855089}