{"MV1":0.6642866913746964,"MV3":0.553391463005757,"CH1":0.8450614410343844}