{"MV1":0.9763617683833323,"MV3":0.2757187269801985,"CH1":0.476193088434669}