{"MV1":0.7957804468380821,"MV3":0.4384588001988382,"CH1":0.18027345301119369}