{"MV1":0.7174490691897366,"MV3":0.7188548161831307,"CH1":0.3566998331490959}