{"MV1":0.13804893663956097,"MV3":0.11876680543793927,"CH1":0.8513622772653723}