{"MV1":0.6700257854547812,"MV3":0.4021514763431271,"CH1":0.7074062523201742}