{"MV1":0.4354657332260484,"MV3":0.4510234618977418,"CH1":0.8797426507198421}