{"MV1":0.5856973743293064,"MV3":0.9911313684669538,"CH1":0.6376269215017266}