{"MV1":0.7293077877251858,"MV3":0.4702387767384243,"CH1":0.09688854278934722}