{"MV1":0.22519110016176136,"MV3":0.8890286667759895,"CH1":0.34501112574618265}