{"MV1":0.7795569607238776,"MV3":0.4565458152888302,"CH1":0.5182754677553879}