{"MV1":0.6512415545056278,"MV3":0.7762252497728334,"CH1":0.6481561658363395}