{"MV1":0.6231466482365058,"MV3":0.9236073246616588,"CH1":0.3218927473320212}