{"MV1":0.12299772878569815,"MV3":0.48296341280165056,"CH1":0.5193359871848869}