{"MV1":0.0723137142226904,"MV3":0.3065950632903911,"CH1":0.759216107278249}