{"MV1":0.6639563461871845,"MV3":0.24557649749536514,"CH1":0.5342112146296699}