{"MV1":0.07777467679680061,"MV3":0.9564292368416659,"CH1":0.040976952075454154}