{"MV1":0.4640547037598618,"MV3":0.5588280129706702,"CH1":0.5649602407877106}