{"MV1":0.3032646261784063,"MV3":0.39274948815803645,"CH1":0.6734915406278897}