{"MV1":0.5021169012717129,"MV3":0.46527871277583643,"CH1":0.01983501288101641}