{"MV1":0.8874297416275915,"MV3":0.3131340748548248,"CH1":0.1939013674474357}