{"MV1":0.6884479042376728,"MV3":0.06144101562402937,"CH1":0.9486644502785438}