{"MV1":0.2546132527219179,"MV3":0.5854978093334275,"CH1":0.5410207116814346}