{"MV1":0.7838461475160969,"MV3":0.5160712309653845,"CH1":0.5468054653811468}