{"MV1":0.28412366310420745,"MV3":0.8759621228490859,"CH1":0.08468182509611621}