{"MV1":0.7428543017601565,"MV3":0.14701502037231162,"CH1":0.6571496687088924}