{"MV1":0.08521792940677075,"MV3":0.36990353405694365,"CH1":0.15478025547778007}