{"MV1":0.8252239284310838,"MV3":0.47375212683687407,"CH1":0.22632970522098717}