{"MV1":0.1652286954629998,"MV3":0.5603106548300304,"CH1":0.3901265562607805}