{"MV1":0.4307365783467221,"MV3":0.915939599134409,"CH1":0.7955436082094197}