{"MV1":0.001635962498094834,"MV3":0.23731709143461643,"CH1":0.15675268356710315}