{"MV1":0.9016525447022266,"MV3":0.7437778221850857,"CH1":0.9460997328064712}