{"MV1":0.2121735720617881,"MV3":0.37921245344723054,"CH1":0.41865171857243655}