{"MV1":0.18291207080927874,"MV3":0.2716826418090462,"CH1":0.4990186719431383}