{"MV1":0.2975585499610398,"MV3":0.9111953282863517,"CH1":0.8525376950393732}