{"MV1":0.6322584022604171,"MV3":0.3001568919789871,"CH1":0.7287132134901108}