{"MV1":0.17427107127212738,"MV3":0.6376375725287177,"CH1":0.6701509655002701}