{"MV1":0.12093387031610459,"MV3":0.2841886039943232,"CH1":0.5700034842087671}