{"MV1":0.03636545915345013,"MV3":0.08399540640062453,"CH1":0.8924144514885586}