{"MV1":0.6514422940486702,"MV3":0.14750687634196558,"CH1":0.17887453212276927}