{"MV1":0.9777645655177478,"MV3":0.7391741869239801,"CH1":0.4765515877644265}