{"MV1":0.494417348329371,"MV3":0.9786788896191888,"CH1":0.020628106921426692}