{"MV1":0.5490676597518064,"MV3":0.09827794651610045,"CH1":0.057612336649487395}