{"MV1":0.6289175690358351,"MV3":0.9731117178642333,"CH1":0.4144569266228407}