{"MV1":0.7637782699855064,"MV3":0.6037763903258456,"CH1":0.5407342338566304}