{"MV1":0.23227614758998572,"MV3":0.025412677511614135,"CH1":0.9011063829799411}