{"MV1":0.1958471582555643,"MV3":0.3953606395482816,"CH1":0.6936689853617742}