{"MV1":0.9341126462077671,"MV3":0.9615845988133969,"CH1":0.09352565285683223}