{"MV1":0.5435204993068543,"MV3":0.9005552980629261,"CH1":0.5584103795615765}