{"MV1":0.2060895996847073,"MV3":0.22651285722492287,"CH1":0.2676511000047832}