{"MV1":0.833892999338487,"MV3":0.332649171721752,"CH1":0.5753572395767305}