{"MV1":0.6481574420759322,"MV3":0.1892463979879554,"CH1":0.2783290523469245}