{"MV1":0.5462107556820015,"MV3":0.6050711332870857,"CH1":0.7140406505448318}