{"MV1":0.695362566816657,"MV3":0.5859044980343661,"CH1":0.2813762729394317}