{"MV1":0.48421889304258237,"MV3":0.384116228176554,"CH1":0.2287077541128142}