{"MV1":0.8674418391682396,"MV3":0.636293235244079,"CH1":0.2902668314996961}