{"MV1":0.5133530627111221,"MV3":0.9654258115012313,"CH1":0.8202661324410396}