{"MV1":0.026728879660300575,"MV3":0.06275602125419466,"CH1":0.5365180475856276}