{"MV1":0.6082190419297192,"MV3":0.7750127726026967,"CH1":0.6309294057437643}