{"MV1":0.4435456969583784,"MV3":0.34942826349459044,"CH1":0.37094076717640967}