{"MV1":0.8434061387928569,"MV3":0.8057042296856989,"CH1":0.3570127790560701}