{"MV1":0.26757434860641904,"MV3":0.4867981196500982,"CH1":0.7284098933733753}