{"MV1":0.6254464004046549,"MV3":0.7161828117861518,"CH1":0.9380376124513067}