{"MV1":0.2582137948793155,"MV3":0.857879047804692,"CH1":0.9782945705860109}