{"MV1":0.5160519641343293,"MV3":0.9643678851829207,"CH1":0.596692443171299}