{"MV1":0.14204547789233113,"MV3":0.958368799770563,"CH1":0.9853987191985308}