{"MV1":0.888224182953534,"MV3":0.04423990679908518,"CH1":0.2673080678387909}