{"MV1":0.2431875281356427,"MV3":0.6187399983819017,"CH1":0.9324069329919454}