{"MV1":0.6892881743332143,"MV3":0.47994246128927076,"CH1":0.3887777243724073}