{"MV1":0.0251588064324062,"MV3":0.6002012367680405,"CH1":0.38497230649157776}