{"MV1":0.9391334308431186,"MV3":0.4966294716107721,"CH1":0.7327863732012537}