{"MV1":0.7169403860504852,"MV3":0.9834081799907438,"CH1":0.06910191526460108}