{"MV1":0.07677937599640827,"MV3":0.18725276145763148,"CH1":0.18896241458636198}