{"MV1":0.8364029490107473,"MV3":0.052189072402495595,"CH1":0.21833961485534092}