{"MV1":0.7120927668839316,"MV3":0.22074265628937118,"CH1":0.1738265975004465}