{"MV1":0.0801772066906683,"MV3":0.8645941536754647,"CH1":0.035807355213537506}