{"MV1":0.2779277978050483,"MV3":0.14114912473015662,"CH1":0.9343232212854603}