{"MV1":0.16311038757009255,"MV3":0.6948187477129022,"CH1":0.5355191453744319}