{"MV1":0.09184029503427371,"MV3":0.5171207618909526,"CH1":0.36150288219793947}