{"MV1":0.3872715927311561,"MV3":0.5589628612398553,"CH1":0.7954085256202098}