{"MV1":0.622816478660315,"MV3":0.14340828354511337,"CH1":0.965005970005204}