{"MV1":0.5759228781513631,"MV3":0.04331012534507506,"CH1":0.26646898947990205}