{"MV1":0.9314904775541638,"MV3":0.41736541904200253,"CH1":0.7158273554898321}