{"MV1":0.9531625876505143,"MV3":0.7722127565327378,"CH1":0.43566962334215964}