{"MV1":0.1898658623166436,"MV3":0.6546883448593773,"CH1":0.8248852531324823}