{"MV1":0.6564224173937331,"MV3":0.5845143484907477,"CH1":0.25328900059169146}