{"MV1":0.911342693112211,"MV3":0.0382571394346759,"CH1":0.5467784024775917}