{"MV1":0.8465255159178834,"MV3":0.5132280861555332,"CH1":0.5342327349859592}