{"MV1":0.8432971655980628,"MV3":0.8068020063028298,"CH1":0.2064250089718065}