{"MV1":0.7237665855327235,"MV3":0.502806570717468,"CH1":0.5130426657476866}