{"MV1":0.6013471687897793,"MV3":0.9023035766888569,"CH1":0.031890903274286564}