{"MV1":0.9544460685833771,"MV3":0.36134957852158356,"CH1":0.12873197690847482}