{"MV1":0.03158913781445216,"MV3":0.314612613684795,"CH1":0.24090052026736775}