{"MV1":0.5610038635483325,"MV3":0.2015363490603128,"CH1":0.49256134074232616}