{"MV1":0.6762375332442098,"MV3":0.5421519568997719,"CH1":0.09285866863183678}