{"MV1":0.6886262473817345,"MV3":0.22534726516767267,"CH1":0.17432511351714652}