{"MV1":0.7902136642337602,"MV3":0.38931241044825393,"CH1":0.8069529741581035}