{"MV1":0.5984614156610085,"MV3":0.21816078392747396,"CH1":0.48583597064544226}