{"MV1":0.6620881768398049,"MV3":0.49142322402640715,"CH1":0.025047841057554088}