{"MV1":0.19209411145135857,"MV3":0.6185296029038864,"CH1":0.6980605294009268}