{"MV1":0.06280101961872386,"MV3":0.1480303358607179,"CH1":0.9003198853217061}