{"MV1":0.6541836807208954,"MV3":0.18189900776869583,"CH1":0.20566313396752844}