{"MV1":0.4607449999629649,"MV3":0.6916006611474326,"CH1":0.46752486308904473}