{"MV1":0.8236703884546674,"MV3":0.21143632729086048,"CH1":0.6557219732448165}