{"MV1":0.8524464250324595,"MV3":0.15544084992723672,"CH1":0.04170628317374103}