{"MV1":0.10065387337147957,"MV3":0.5383393189755854,"CH1":0.05459980851501545}