{"MV1":0.5119016159685419,"MV3":0.5473618657382803,"CH1":0.8406923005732191}