{"MV1":0.8943325602263898,"MV3":0.1536758301382335,"CH1":0.7307958407560708}