{"MV1":0.8403880358908761,"MV3":0.5564450048406039,"CH1":0.8588431665452722}