{"MV1":0.49624382561295666,"MV3":0.8014914533325981,"CH1":0.14660894292318893}