{"MV1":0.4055221206329682,"MV3":0.2773424109083137,"CH1":0.33191245134966263}