{"MV1":0.11617915458067907,"MV3":0.8382205270066186,"CH1":0.2867151073313211}