{"MV1":0.8606152631854352,"MV3":0.697853435307508,"CH1":0.8296318003302218}