{"MV1":0.13294971926744958,"MV3":0.845689885748409,"CH1":0.25678275366445946}