{"MV1":0.9490234483837978,"MV3":0.06840052081795722,"CH1":0.4745350728913301}