{"MV1":0.4865750751176411,"MV3":0.2444397222180672,"CH1":0.3488241015970116}