{"MV1":0.9527331795381105,"MV3":0.152392862760921,"CH1":0.5898499551006433}