{"MV1":0.9148018133759243,"MV3":0.4636742953723415,"CH1":0.6000350511648207}