{"MV1":0.9154319720723085,"MV3":0.29139847942707686,"CH1":0.446457809486123}