{"MV1":0.398296218208379,"MV3":0.39129921815882696,"CH1":0.44997886092103456}