{"MV1":0.6604299647254476,"MV3":0.024090161411696842,"CH1":0.5638526449872331}