{"MV1":0.7101635275376464,"MV3":0.34522621426457745,"CH1":0.6685741052984563}