{"MV1":0.780406105752528,"MV3":0.7850348978346892,"CH1":0.4044355432678345}