{"MV1":0.5649478151174565,"MV3":0.9834074207297877,"CH1":0.11852303353272042}