{"MV1":0.9591979602069698,"MV3":0.47241865848924836,"CH1":0.8920460780808089}