{"MV1":0.9837546583606537,"MV3":0.8038024880002063,"CH1":0.9088252637608177}