{"MV1":0.15737609678950715,"MV3":0.9444689386538502,"CH1":0.3641592387318472}