{"MV1":0.5801234743850354,"MV3":0.06922442967708053,"CH1":0.6050862206026877}