{"MV1":0.4602050107957337,"MV3":0.8992161362977644,"CH1":0.8109707032483614}