{"MV1":0.9180741354929256,"MV3":0.6325078569035081,"CH1":0.6426088013461113}