{"MV1":0.7417741006013907,"MV3":0.10437642147977033,"CH1":0.9971177516931182}