{"MV1":0.9110241348666989,"MV3":0.6252456715536051,"CH1":0.5232293531849862}