{"MV1":0.20558026047507338,"MV3":0.7479604567024976,"CH1":0.6797911059304292}