{"MV1":0.5855290044045368,"MV3":0.6432778902785472,"CH1":0.049566456101486245}