{"MV1":0.9930616799951298,"MV3":0.11684390886467633,"CH1":0.12594363234440686}