{"MV1":0.06850635659863125,"MV3":0.9551043600867989,"CH1":0.3686655932339401}