{"MV1":0.3708044658023255,"MV3":0.009993986183655212,"CH1":0.23821642832440448}