{"MV1":0.8895217263255616,"MV3":0.6784391761391534,"CH1":0.15221817730376708}