{"MV1":0.5532178743309508,"MV3":0.042436165853718344,"CH1":0.4035678495138445}