{"MV1":0.28065800471248437,"MV3":0.5995536661006654,"CH1":0.2751295940152607}