{"MV1":0.6475086463899331,"MV3":0.9886588997800397,"CH1":0.1636535946655504}