{"MV1":0.9897190796833244,"MV3":0.8457415094988489,"CH1":0.24758830467149717}