{"MV1":0.7867463645344174,"MV3":0.40024646366585925,"CH1":0.17706211419740692}