{"MV1":0.908111377722438,"MV3":0.04127997403530448,"CH1":0.7896300894733718}