{"MV1":0.2826373891232099,"MV3":0.31957546092760003,"CH1":0.26714616250173373}