{"MV1":0.04081508322924865,"MV3":0.07337002773927459,"CH1":0.342938320170631}