{"MV1":0.3246011786477906,"MV3":0.3753580646792245,"CH1":0.8507246885531113}