{"MV1":0.3695782317384413,"MV3":0.05166335329510929,"CH1":0.9592982564103454}