{"MV1":0.6798609311512442,"MV3":0.839628146438855,"CH1":0.580262040469281}