{"MV1":0.004849014559424436,"MV3":0.7045432591383414,"CH1":0.9402011834825651}