{"MV1":0.6080095737517203,"MV3":0.6973088569998821,"CH1":0.3867379199221165}