{"MV1":0.35362186733681955,"MV3":0.3831956725315161,"CH1":0.9646191590251705}