{"MV1":0.05398122309020603,"MV3":0.7732882119513732,"CH1":0.8660778780270438}