{"MV1":0.6636894173117002,"MV3":0.7023156220869393,"CH1":0.29041630957608744}