{"MV1":0.784278028715716,"MV3":0.03408063112543791,"CH1":0.48919341300631447}