{"MV1":0.3235033246571588,"MV3":0.5887307595582256,"CH1":0.707480737713171}