{"MV1":0.9298185896206627,"MV3":0.6079244846298858,"CH1":0.3139955157656795}