{"MV1":0.7754682594259618,"MV3":0.7071004870205284,"CH1":0.8809505181698806}