{"MV1":0.7114695593623886,"MV3":0.547269123732653,"CH1":0.6567861969931761}