{"MV1":0.2064415539528156,"MV3":0.8674856683197849,"CH1":0.7686835082989022}