{"MV1":0.13427868122901643,"MV3":0.34185031310570013,"CH1":0.5716851254393217}