{"MV1":0.3453795107871952,"MV3":0.33529409761631357,"CH1":0.08094452543100783}