{"MV1":0.3243295253414671,"MV3":0.6529306699192685,"CH1":0.8621533334937205}