{"MV1":0.3629666325701454,"MV3":0.7930288919358808,"CH1":0.4229918980599078}