{"MV1":0.8218837107235616,"MV3":0.13675507881147286,"CH1":0.07113052731916714}