{"MV1":0.8074745733970082,"MV3":0.5427878846866121,"CH1":0.2196739110288023}