{"MV1":0.03252480996875262,"MV3":0.8631355591695336,"CH1":0.5941877691503756}