{"MV1":0.011926127842259326,"MV3":0.7556729894573596,"CH1":0.34582189954196796}