{"MV1":0.43305052146310785,"MV3":0.6977736380565616,"CH1":0.565012338658762}