{"MV1":0.7116629637725009,"MV3":0.3020113061902272,"CH1":0.8857627717608653}