{"MV1":0.32299420947793056,"MV3":0.8825667154472746,"CH1":0.6457699449198685}