{"MV1":0.5836467847361035,"MV3":0.820547847667924,"CH1":0.742366917449205}