{"MV1":0.3626733582843985,"MV3":0.8787745974109606,"CH1":0.8108049153285211}