{"MV1":0.6097545772381939,"MV3":0.15119948494666846,"CH1":0.10524445202944666}