{"MV1":0.10881044256250605,"MV3":0.44098646103169203,"CH1":0.8695237180083996}