{"MV1":0.2399717857502529,"MV3":0.9677600251550229,"CH1":0.6124569315440787}