{"MV1":0.8883794928314039,"MV3":0.6455913212774569,"CH1":0.14234740421298875}