{"MV1":0.7502143933491365,"MV3":0.25961916501268045,"CH1":0.7754160640760149}