{"MV1":0.9352195651863251,"MV3":0.10019257751771049,"CH1":0.7085532427132974}