{"MV1":0.4603298577308903,"MV3":0.31478116077570173,"CH1":0.22028368316635005}