{"MV1":0.952505658738516,"MV3":0.0437322422925579,"CH1":0.7710028910601134}