{"MV1":0.22945804647203183,"MV3":0.9249423882495477,"CH1":0.3230380672753753}