{"MV1":0.017932149374716544,"MV3":0.0098514223588001,"CH1":0.6941983885644405}