{"MV1":0.6031506645474245,"MV3":0.062381041724104525,"CH1":0.29662779735026956}