{"MV1":0.21111105752922332,"MV3":0.12819472850096236,"CH1":0.749616346018777}