{"MV1":0.2426734186228161,"MV3":0.2592577488991512,"CH1":0.22682200289293508}