{"MV1":0.7137415335482871,"MV3":0.17616455555759558,"CH1":0.11198448133797334}