{"MV1":0.8993483136875148,"MV3":0.6860618854023824,"CH1":0.8635057648515727}