{"MV1":0.5657514350070527,"MV3":0.21168917429506418,"CH1":0.03001310201766272}