{"MV1":0.023152546873425273,"MV3":0.13179866138711827,"CH1":0.30247796736924704}