{"MV1":0.33125307500548107,"MV3":0.2830641284022787,"CH1":0.5530676701896029}