{"MV1":0.7828306479746294,"MV3":0.5127922650697309,"CH1":0.8357479863096077}