{"MV1":0.9394371036962083,"MV3":0.537326201827865,"CH1":0.24260077919138834}