{"MV1":0.250659423552153,"MV3":0.966327918349703,"CH1":0.23462377005392865}