{"MV1":0.3381863376847454,"MV3":0.7387362708117388,"CH1":0.4736763299379434}