{"MV1":0.18029193822022627,"MV3":0.9997520891310466,"CH1":0.28473974180349526}