{"MV1":0.5550890574817807,"MV3":0.6805929133454766,"CH1":0.2730786574321581}