{"MV1":0.6830414339137947,"MV3":0.2486235007849844,"CH1":0.9245327213039789}