{"MV1":0.6025394951321064,"MV3":0.45863131986594763,"CH1":0.5713950701885026}