{"MV1":0.422519475415958,"MV3":0.5224165330900941,"CH1":0.013845510508846415}