{"MV1":0.2886611538652549,"MV3":0.5051965402667631,"CH1":0.4893057348713148}