{"MV1":0.9435602356308649,"MV3":0.09129424827671762,"CH1":0.5513545079493922}