{"MV1":0.9588358550825915,"MV3":0.12876780067254723,"CH1":0.5596130088714842}