{"MV1":0.7047334221787424,"MV3":0.47183095459110513,"CH1":0.4768466488434865}