{"MV1":0.30379018782399136,"MV3":0.843423089632376,"CH1":0.0633013121328988}