{"MV1":0.8667149885394183,"MV3":0.2849168449121865,"CH1":0.6001931208587222}