{"MV1":0.9638681069319346,"MV3":0.9853864840119223,"CH1":0.6425847980886552}