{"MV1":0.7434860337281067,"MV3":0.33175636409289555,"CH1":0.5703527770983441}