{"MV1":0.5713497111139997,"MV3":0.2894558260985415,"CH1":0.6579584923045697}