{"MV1":0.5483548086221229,"MV3":0.25202990524775903,"CH1":0.546384417125487}