{"MV1":0.7816919080638653,"MV3":0.7819258199244127,"CH1":0.19936641662632482}