{"MV1":0.40069610167423775,"MV3":0.4447175991180875,"CH1":0.9816998081716486}