{"MV1":0.3081192175359788,"MV3":0.10040161481049115,"CH1":0.2925792813981438}