{"MV1":0.5739879584457804,"MV3":0.1309240884302565,"CH1":0.391125524642957}