{"MV1":0.29344550780742984,"MV3":0.46171378834557164,"CH1":0.4727947181049572}