{"MV1":0.2747607363371054,"MV3":0.29267595275596214,"CH1":0.9756538075477991}