{"MV1":0.5781715707073048,"MV3":0.4155989895659311,"CH1":0.34221101188798964}