{"MV1":0.8440659500709237,"MV3":0.5949041685139345,"CH1":0.25860314702407705}