{"MV1":0.34004647186917325,"MV3":0.4781335077583787,"CH1":0.4772363586170095}