{"MV1":0.9331716651650722,"MV3":0.29631387239791485,"CH1":0.20938460977161089}