{"MV1":0.23074927910951015,"MV3":0.9622242606881021,"CH1":0.11048100349638634}