{"MV1":0.25619723660447746,"MV3":0.7701968395612842,"CH1":0.9938861786565593}