{"MV1":0.9905405546883604,"MV3":0.05378112990345052,"CH1":0.10440958937203082}