{"MV1":0.609684839627369,"MV3":0.6098183939873999,"CH1":0.0798640359984113}