{"MV1":0.9413340757767501,"MV3":0.06699700929773555,"CH1":0.30289461149636554}