{"MV1":0.4019169842529017,"MV3":0.17983948019595497,"CH1":0.04406423777679047}