{"MV1":0.742905264635621,"MV3":0.07395915863730418,"CH1":0.09433732329736266}