{"MV1":0.3350139619280488,"MV3":0.29568786081662346,"CH1":0.5866529762337587}