{"MV1":0.6396336182636301,"MV3":0.07843704692428055,"CH1":0.7586777804205169}