{"MV1":0.0217508535369334,"MV3":0.22294413075136665,"CH1":0.8466933488468511}