{"MV1":0.6790727320436147,"MV3":0.21415750627112662,"CH1":0.4701803987272456}