{"MV1":0.12535304561442862,"MV3":0.4682916015911084,"CH1":0.5670157272187211}