{"MV1":0.9924940825759192,"MV3":0.2641715805381729,"CH1":0.10200769522324837}