{"MV1":0.23621031938347636,"MV3":0.8751240805949709,"CH1":0.7385020856896847}