{"MV1":0.40607229637999376,"MV3":0.43452338685563496,"CH1":0.009630837506403145}