{"MV1":0.25198027595737893,"MV3":0.43780430839191153,"CH1":0.622701553422396}