{"MV1":0.40065383099618823,"MV3":0.25121017721614036,"CH1":0.5506012081271563}