{"MV1":0.06970004353330106,"MV3":0.3267125781527478,"CH1":0.022146993759944666}