{"MV1":0.29014306479819596,"MV3":0.28723120198009955,"CH1":0.6101212421412489}