{"MV1":0.9423171520163242,"MV3":0.7179063243559858,"CH1":0.6019954489318013}