{"MV1":0.8941392843644048,"MV3":0.0113422800607208,"CH1":0.7433499664536022}