{"MV1":0.7460671684624866,"MV3":0.29444539491461663,"CH1":0.285260008375698}