{"MV1":0.7609829563968853,"MV3":0.13452886922496332,"CH1":0.5093410379791802}