{"MV1":0.51312027506933,"MV3":0.2923204099668735,"CH1":0.33696862726809984}