{"MV1":0.11316574092265075,"MV3":0.5275250232322867,"CH1":0.40734655914987217}