{"MV1":0.781571546750818,"MV3":0.3791362548271152,"CH1":0.22561686783937973}