{"MV1":0.007842885763761132,"MV3":0.3996541774413488,"CH1":0.9318328516857433}