{"MV1":0.8285349248123158,"MV3":0.38654254878368977,"CH1":0.6410948651297529}