{"MV1":0.6649652749956679,"MV3":0.34800977475098516,"CH1":0.3153587167880061}