{"MV1":0.7531226626253072,"MV3":0.6405509210867638,"CH1":0.7600650885694554}