{"MV1":0.8683710310718676,"MV3":0.5908296178595125,"CH1":0.7967075607748673}