{"MV1":0.666637279665953,"MV3":0.8138229184155918,"CH1":0.41692261915319917}