{"MV1":0.463979764968525,"MV3":0.510995424551877,"CH1":0.6861676069486253}