{"MV1":0.696524172460913,"MV3":0.39783041531498897,"CH1":0.8712631106719083}