{"MV1":0.786116707563774,"MV3":0.6141036302041861,"CH1":0.4029474079745128}