{"MV1":0.5286203429037305,"MV3":0.20743292558863402,"CH1":0.8312988881098421}