{"MV1":0.43572682891336956,"MV3":0.23412623483366435,"CH1":0.9193715232634078}