{"MV1":0.31862416527414106,"MV3":0.05273063930551236,"CH1":0.23411139067040354}