{"MV1":0.19835622423446797,"MV3":0.3920256349156114,"CH1":0.8028303120645093}