{"MV1":0.9481567697287717,"MV3":0.20438414373856906,"CH1":0.6671260664135981}