{"MV1":0.3357654562880803,"MV3":0.5356381837237778,"CH1":0.8955765668781767}