{"MV1":0.17646161722572995,"MV3":0.4662987756931932,"CH1":0.4010557767948615}