{"MV1":0.1485010832770991,"MV3":0.4723059008955006,"CH1":0.00028478309536250634}