{"MV1":0.8502632030176019,"MV3":0.7381958164507799,"CH1":0.9850411741579685}