{"MV1":0.07588323855343737,"MV3":0.023951321417428284,"CH1":0.4266417186293082}