{"MV1":0.561416642741602,"MV3":0.9276095690089641,"CH1":0.6822949407825505}