{"MV1":0.1942182438117811,"MV3":0.9233218118009731,"CH1":0.6099938030613176}