{"MV1":0.2705345891552846,"MV3":0.296428040807842,"CH1":0.7861887818402138}