{"MV1":0.010239862836990854,"MV3":0.3319467944550033,"CH1":0.39840583543372343}