{"MV1":0.6985003235548908,"MV3":0.9181400948673648,"CH1":0.9613696914874454}