{"MV1":0.1283176078461199,"MV3":0.4843797039404856,"CH1":0.26146204051022404}