{"MV1":0.8681051849180682,"MV3":0.5987818296109172,"CH1":0.8226552739275081}