{"MV1":0.9274697657312824,"MV3":0.6039689076317488,"CH1":0.5028778235753872}