{"MV1":0.8948669452215714,"MV3":0.751291358113883,"CH1":0.9654576205229277}