{"MV1":0.4193851535073587,"MV3":0.3430357920208067,"CH1":0.18932058328257406}