{"MV1":0.1265423293488417,"MV3":0.20740622526432528,"CH1":0.7756277801841414}