{"MV1":0.5825912497834798,"MV3":0.5346142648028427,"CH1":0.6931931887144017}