{"MV1":0.1887214512524772,"MV3":0.3240729239000927,"CH1":0.4538529768158084}