{"MV1":0.9703713406324254,"MV3":0.7560428972737809,"CH1":0.6553169553300405}