{"MV1":0.8589237527056957,"MV3":0.6007620757588727,"CH1":0.9498480218481972}