{"MV1":0.668455811329214,"MV3":0.9030283653757536,"CH1":0.25343824037342033}