{"MV1":0.8105345401872497,"MV3":0.7455463387812041,"CH1":0.2295600232467564}