{"MV1":0.00885921947865087,"MV3":0.9803768086380096,"CH1":0.07030922984017596}