{"MV1":0.6777635751966135,"MV3":0.8455330964739217,"CH1":0.6183525162986176}