{"MV1":0.014054648851124951,"MV3":0.7168578223409952,"CH1":0.08523146871897647}