{"MV1":0.7984408352541315,"MV3":0.6491778682695061,"CH1":0.475599198964625}