{"MV1":0.06676130918738132,"MV3":0.0546248024811955,"CH1":0.2811338925004516}