{"MV1":0.5378425585800353,"MV3":0.29418583928727693,"CH1":0.8589939990878694}