{"MV1":0.4627607368790648,"MV3":0.6933361978809128,"CH1":0.046737031475234336}