{"MV1":0.9470724990165196,"MV3":0.33903395673698755,"CH1":0.7845721683985697}