{"MV1":0.06385936107707424,"MV3":0.017484867996663933,"CH1":0.5240644935892613}