{"MV1":0.6795220209738353,"MV3":0.0035383146099632334,"CH1":0.6440485203157865}