{"MV1":0.631025136350311,"MV3":0.39423941805049234,"CH1":0.07030202174795552}