{"MV1":0.3015669628460541,"MV3":0.6636669861460317,"CH1":0.1834662109073083}