{"MV1":0.6379195818145728,"MV3":0.8551249135708204,"CH1":0.1246206375206661}