{"MV1":0.7830542970319991,"MV3":0.2689232344866479,"CH1":0.6965750496760245}