{"MV1":0.5811381120984851,"MV3":0.3591640016107289,"CH1":0.5612597266607763}