{"MV1":0.9083335778673546,"MV3":0.03395342229795972,"CH1":0.7019205526497938}