{"MV1":0.8265268614150734,"MV3":0.3079434820355982,"CH1":0.1668170533479103}