{"MV1":0.9791020263324341,"MV3":0.9158670674157524,"CH1":0.05506892599377733}