{"MV1":0.043996348029571086,"MV3":0.5545552192573469,"CH1":0.4952196886157507}