{"MV1":0.34617851868147864,"MV3":0.7805723185632993,"CH1":0.6004391045620177}