{"MV1":0.2419537715360056,"MV3":0.5813943900517613,"CH1":0.6483342861288477}