{"MV1":0.13490779664809105,"MV3":0.015511138600223018,"CH1":0.8359277655933918}