{"MV1":0.34576486083460634,"MV3":0.33740153172461995,"CH1":0.34636988058168483}