{"MV1":0.23572124578232034,"MV3":0.014699617148855482,"CH1":0.7660379899189024}