{"MV1":0.45137280745683883,"MV3":0.8023107997236778,"CH1":0.491148836704551}