{"MV1":0.3749250041671346,"MV3":0.4205219111940044,"CH1":0.6433905984551507}