{"MV1":0.26747719022093874,"MV3":0.2836105409098604,"CH1":0.5210047753371629}