{"MV1":0.7066833354817691,"MV3":0.12382754315225786,"CH1":0.8916975689476729}