{"MV1":0.1622469376660458,"MV3":0.6566317952941599,"CH1":0.7880238965117244}