{"MV1":0.8602353054144679,"MV3":0.2952116434171741,"CH1":0.7740579826786363}