{"MV1":0.9371114137119113,"MV3":0.8256198099773386,"CH1":0.5789273356901472}