{"MV1":0.7682180079456871,"MV3":0.3301041900116837,"CH1":0.9887499217557223}