{"MV1":0.9708704479700871,"MV3":0.7687003761648942,"CH1":0.052580444895941825}