{"MV1":0.7006108662325599,"MV3":0.4426392027566233,"CH1":0.44337803868443126}