{"MV1":0.28200323320815845,"MV3":0.864111654287154,"CH1":0.3871240355866645}