{"MV1":0.5062158588683283,"MV3":0.3046308514734356,"CH1":0.23303645642743764}