{"MV1":0.7265623120366395,"MV3":0.1213059652730899,"CH1":0.3389320967208045}