{"MV1":0.8999294402785751,"MV3":0.6486343379371948,"CH1":0.4455898857032782}