{"MV1":0.6001708336733943,"MV3":0.752980589695592,"CH1":0.980137026675225}