{"MV1":0.8394045169585919,"MV3":0.8752523782979476,"CH1":0.49158505774489913}