{"MV1":0.5303893643595726,"MV3":0.9798712705452809,"CH1":0.921517097051989}