{"MV1":0.13882790596798178,"MV3":0.1549321878600488,"CH1":0.9356673615007367}