{"MV1":0.20630880224603254,"MV3":0.28239380578839424,"CH1":0.3416727617498455}