{"MV1":0.21674617859811574,"MV3":0.9954182150773206,"CH1":0.2304286401217004}