{"MV1":0.6878075264748843,"MV3":0.04781703641371893,"CH1":0.09976527966608584}