{"MV1":0.3670367228886289,"MV3":0.8205544908092676,"CH1":0.776363388203826}