{"MV1":0.489529273308851,"MV3":0.7424805329281725,"CH1":0.2751256342992895}