{"MV1":0.570322107706241,"MV3":0.2804353236758077,"CH1":0.5506082514075288}