{"MV1":0.9686926074877895,"MV3":0.4506460575690915,"CH1":0.6565002380443739}