{"MV1":0.004724898908656905,"MV3":0.8517302863356806,"CH1":0.1909155803302105}