{"MV1":0.3556117497220531,"MV3":0.8039508853210594,"CH1":0.7343013291250257}