{"MV1":0.5270922190915165,"MV3":0.450063021703468,"CH1":0.6147525287236596}