{"MV1":0.9061334041889518,"MV3":0.6012367296187909,"CH1":0.8511101788621747}