{"MV1":0.13239267506877128,"MV3":0.24001963628824874,"CH1":0.9196583306059165}