{"MV1":0.035936970965563475,"MV3":0.9212062571812257,"CH1":0.18443134760130553}