{"MV1":0.2558756721305653,"MV3":0.7002387003382795,"CH1":0.7115843464002902}