{"MV1":0.5631687016375729,"MV3":0.6217938702385625,"CH1":0.11725947253158542}