{"MV1":0.9830332186770669,"MV3":0.3929685140647292,"CH1":0.9998429209267851}