{"MV1":0.40596253351840406,"MV3":0.2575585439180348,"CH1":0.37797937121719183}