{"MV1":0.8741954173524973,"MV3":0.757201054818645,"CH1":0.3513338228078964}