{"MV1":0.4804171752603781,"MV3":0.15430640098774784,"CH1":0.8778241787490427}