{"MV1":0.7118544461889557,"MV3":0.19148702088541592,"CH1":0.8523079779035557}