{"MV1":0.29079862148279434,"MV3":0.3265852603284435,"CH1":0.9515718334976169}