{"MV1":0.38369179557132205,"MV3":0.7392945271697932,"CH1":0.4752369476004018}