{"MV1":0.7658635598798215,"MV3":0.30464356618567545,"CH1":0.9881143926644089}