{"MV1":0.8175986354184235,"MV3":0.037898296243010554,"CH1":0.29771127474000614}