{"MV1":0.6235655318122181,"MV3":0.8905878958114553,"CH1":0.30271407000929207}