{"MV1":0.31216832447068943,"MV3":0.5960754905753621,"CH1":0.17143122214801776}