{"MV1":0.8922576177030618,"MV3":0.456920479732822,"CH1":0.7833349002920842}