{"MV1":0.3493835814681868,"MV3":0.6253014519792534,"CH1":0.42566904028355956}