{"MV1":0.5909505786592764,"MV3":0.07399479314410229,"CH1":0.0078030132537036945}