{"MV1":0.10099682526746179,"MV3":0.31581150534834235,"CH1":0.10636859343748561}