{"MV1":0.3515926045957146,"MV3":0.10021082467097786,"CH1":0.8865148393240461}