{"MV1":0.22728560815758314,"MV3":0.22108145072633545,"CH1":0.7633439882303822}