{"MV1":0.7745189413432307,"MV3":0.721206789390069,"CH1":0.8740487101579917}