{"MV1":0.4145650460866448,"MV3":0.8126430676606102,"CH1":0.042781367917833824}