{"MV1":0.636211053488831,"MV3":0.7988786123554437,"CH1":0.02863116979236069}