{"MV1":0.6160562273302561,"MV3":0.7499677371633219,"CH1":0.9150900773135665}