{"MV1":0.21265514295367627,"MV3":0.1162808715546052,"CH1":0.14927308095033187}