{"MV1":0.9394438518022047,"MV3":0.4884621815861522,"CH1":0.7115789728461202}