{"MV1":0.8834427156007905,"MV3":0.3089318171268316,"CH1":0.19909582134272064}