{"MV1":0.571677130111618,"MV3":0.8095665540831101,"CH1":0.10732683143529387}