{"MV1":0.11004060057135778,"MV3":0.1613527457352767,"CH1":0.3155993521022671}