{"MV1":0.3552547456958661,"MV3":0.86252244757409,"CH1":0.6205008703173213}