{"MV1":0.37583257811564563,"MV3":0.6507090793239875,"CH1":0.8440541013401466}