{"MV1":0.41548259201600957,"MV3":0.2984013927432959,"CH1":0.7618031525041754}