{"MV1":0.8234569718502268,"MV3":0.28436508340546374,"CH1":0.2580907772567306}