{"MV1":0.5216413469747565,"MV3":0.04821051049479508,"CH1":0.25213340885750124}