{"MV1":0.3911045805665676,"MV3":0.21538750751898394,"CH1":0.6475998562404975}