{"MV1":0.10094072936706278,"MV3":0.9677373772770989,"CH1":0.16377143889022705}