{"MV1":0.3500697252564833,"MV3":0.8951109842469002,"CH1":0.8887033196997158}