{"MV1":0.6964925782445125,"MV3":0.09153411988554905,"CH1":0.33236104756648177}