{"MV1":0.6889389427942164,"MV3":0.19258831822308387,"CH1":0.6704912458071882}