{"MV1":0.9504861422762209,"MV3":0.9075398818684445,"CH1":0.2867626964916703}