{"MV1":0.3407281377561272,"MV3":0.8228115789540995,"CH1":0.0005037679160979636}