{"MV1":0.21637945851974139,"MV3":0.2779708716272168,"CH1":0.3517216523364083}