{"MV1":0.8071568683307927,"MV3":0.9229375764127362,"CH1":0.9831736260166586}