{"MV1":0.42049638435582004,"MV3":0.5124731924711541,"CH1":0.5828618934756453}