{"MV1":0.6301773975145567,"MV3":0.1739713019224236,"CH1":0.026284295888770237}