{"MV1":0.12078292736118568,"MV3":0.9271993082539484,"CH1":0.6077677267084317}