{"MV1":0.9164764512768214,"MV3":0.4542059600066083,"CH1":0.7849386059428989}