{"MV1":0.5552539800608044,"MV3":0.9225954211219507,"CH1":0.8274371177277944}