{"MV1":0.5506611148574955,"MV3":0.9547260404732355,"CH1":0.8649641102086683}