{"MV1":0.9807569382830684,"MV3":0.9455581212083579,"CH1":0.36079216870721653}