{"MV1":0.26984965294216934,"MV3":0.9385833729702387,"CH1":0.8024256232853794}