{"MV1":0.3459168066464994,"MV3":0.2658732839323208,"CH1":0.11900555073188357}