{"MV1":0.9238848808471893,"MV3":0.7009691020174219,"CH1":0.7516767152057533}