{"MV1":0.5659454150405672,"MV3":0.020819471486107965,"CH1":0.2506021329410987}