{"MV1":0.9026004058081527,"MV3":0.6778583954734297,"CH1":0.6540887372083436}