{"MV1":0.1861329523916121,"MV3":0.7664575189761935,"CH1":0.9107728740000651}