{"MV1":0.18510746372070241,"MV3":0.4579491074871518,"CH1":0.5894811616699159}