{"MV1":0.12919053636087918,"MV3":0.05388896599995874,"CH1":0.9525850211034675}