{"MV1":0.8124356824993315,"MV3":0.7360443182304545,"CH1":0.35762159995343934}