{"MV1":0.5992869894583034,"MV3":0.9585899991227979,"CH1":0.8569618933334353}