{"MV1":0.19502239038193747,"MV3":0.7044215057137663,"CH1":0.6821419938209232}