{"MV1":0.3855857615945576,"MV3":0.22063128383680386,"CH1":0.742462830152737}