{"MV1":0.6321981843222004,"MV3":0.29199527815267445,"CH1":0.18973454732403194}