{"MV1":0.6239552629077018,"MV3":0.7801475366236047,"CH1":0.5966283109867878}