{"MV1":0.2779178599154851,"MV3":0.013475841726217297,"CH1":0.40796423327585596}