{"MV1":0.958053243636542,"MV3":0.5507835891829079,"CH1":0.6629740063091522}