{"MV1":0.27106971109347044,"MV3":0.6926293415208397,"CH1":0.25000915416220326}