{"MV1":0.4021035309875416,"MV3":0.2211627217985661,"CH1":0.8839646981188118}