{"MV1":0.4116169636924667,"MV3":0.5592750215659589,"CH1":0.8585836611893238}