{"MV1":0.06329803831952108,"MV3":0.3612350767653133,"CH1":0.313490327958038}