{"MV1":0.9520931778717181,"MV3":0.11266082803203759,"CH1":0.12799155987345878}