{"MV1":0.6846644431521395,"MV3":0.5119000193903623,"CH1":0.7420378209403471}