{"MV1":0.933895521131584,"MV3":0.1990042911563934,"CH1":0.9881485844654476}