{"MV1":0.011479133624547555,"MV3":0.8667187509176332,"CH1":0.9688916053658623}