{"MV1":0.7292369362345008,"MV3":0.6660733275390128,"CH1":0.9295866663621369}