{"MV1":0.9771065146600783,"MV3":0.16670845807166867,"CH1":0.8482073334305644}