{"MV1":0.611306497378555,"MV3":0.06199136743475642,"CH1":0.3959319719539419}