{"MV1":0.017511242018486195,"MV3":0.21019673198493904,"CH1":0.18688557922017934}