{"MV1":0.9277533764306043,"MV3":0.12411501486342325,"CH1":0.8858819521792949}