{"MV1":0.4213165537483726,"MV3":0.46559322122360713,"CH1":0.8449649393066148}