{"MV1":0.2202798627716107,"MV3":0.19164874173238367,"CH1":0.8739405136519953}