{"MV1":0.159839586862787,"MV3":0.15381168418797908,"CH1":0.13958639632682157}