{"MV1":0.6102983285539988,"MV3":0.6681905892816344,"CH1":0.8413524508551935}