{"MV1":0.5889823041673194,"MV3":0.6727789675924444,"CH1":0.48495763552476867}