{"MV1":0.32392269246513283,"MV3":0.7264143544705579,"CH1":0.7197913361872821}