{"MV1":0.5836113149227307,"MV3":0.33803520149000954,"CH1":0.7667515600083358}