{"MV1":0.26692685690718565,"MV3":0.888488708273477,"CH1":0.19586224305515487}