{"MV1":0.0909518066550471,"MV3":0.6120139409959431,"CH1":0.46831427357267863}