{"MV1":0.2837544924762888,"MV3":0.41459554398454324,"CH1":0.3113141968389034}