{"MV1":0.5321823196723197,"MV3":0.34272773847180493,"CH1":0.5752929850962494}