{"MV1":0.5206764859979278,"MV3":0.6446043523878613,"CH1":0.4010275912113942}