{"MV1":0.3648777586036951,"MV3":0.22745819264726042,"CH1":0.2951895952190624}