{"MV1":0.07571849716544887,"MV3":0.8199453171091613,"CH1":0.14547459914281047}