{"MV1":0.6249303376571815,"MV3":0.48344741355513254,"CH1":0.3325670678696865}