{"MV1":0.08157161718058525,"MV3":0.5880983546557231,"CH1":0.7606712634352353}