{"MV1":0.22911265545692927,"MV3":0.22290665460406878,"CH1":0.5286483543832332}