{"MV1":0.08172588461790176,"MV3":0.7008062355428653,"CH1":0.014383290621588607}