{"MV1":0.3371482801627971,"MV3":0.9489847517305218,"CH1":0.7496583978372564}