{"MV1":0.31768033402294427,"MV3":0.04738282433317509,"CH1":0.05264195637218849}