{"MV1":0.6630399758322635,"MV3":0.5769148396384286,"CH1":0.9826845814798106}