{"MV1":0.9459341760233548,"MV3":0.7699279752208136,"CH1":0.3557745420330224}