{"MV1":0.9430263476092006,"MV3":0.2572784556347637,"CH1":0.5346656575239672}