{"MV1":0.5174470591528963,"MV3":0.08008312815486662,"CH1":0.18341656685684493}