{"MV1":0.6404495615712693,"MV3":0.59684080093146,"CH1":0.7153549899905639}