{"MV1":0.9280943879494136,"MV3":0.42791010526985473,"CH1":0.4765461296456541}