{"MV1":0.9465637237252809,"MV3":0.8286920389751359,"CH1":0.5718001573665917}