{"MV1":0.406680401307444,"MV3":0.48372481141583357,"CH1":0.38949485915222326}