{"MV1":0.4369901859301032,"MV3":0.7827358565983884,"CH1":0.05232617182321442}