{"MV1":0.002623641652092057,"MV3":0.7667064045520825,"CH1":0.8862255715910776}