{"MV1":0.17528268333256258,"MV3":0.047841225364343765,"CH1":0.6650000787129378}