{"MV1":0.6831399141995904,"MV3":0.11372347484067002,"CH1":0.18946923016244788}