{"MV1":0.2228354356955754,"MV3":0.8015479077773795,"CH1":0.4581088552382069}