{"MV1":0.24865204968670862,"MV3":0.40800285996595753,"CH1":0.8742821566225646}