{"MV1":0.7491401972643438,"MV3":0.3421657027119046,"CH1":0.9344731104026544}