{"MV1":0.8627331820228498,"MV3":0.33928613121852635,"CH1":0.9285541851906055}