{"MV1":0.0681927408283507,"MV3":0.4993695109055507,"CH1":0.7166645395140441}