{"MV1":0.42013754871826925,"MV3":0.23699274721719266,"CH1":0.39901476390534363}