{"MV1":0.581715312992646,"MV3":0.7388939874682551,"CH1":0.8194200917909594}