{"MV1":0.6456677002150932,"MV3":0.573468453965623,"CH1":0.19578730149387924}