{"MV1":0.8511781360556224,"MV3":0.2335631466973006,"CH1":0.9931390882495257}