{"MV1":0.2944313005408272,"MV3":0.1735487002807674,"CH1":0.7791376637346245}