{"MV1":0.39196563272575247,"MV3":0.14706821346239896,"CH1":0.11415332442359394}