{"MV1":0.20334659491365104,"MV3":0.5229557486496814,"CH1":0.30652592104274534}