{"MV1":0.6080301902022188,"MV3":0.9785983125858251,"CH1":0.5826396130260361}