{"MV1":0.26889598379676793,"MV3":0.7470152091031692,"CH1":0.9617555233594712}