{"MV1":0.9154168592446503,"MV3":0.05966398602810796,"CH1":0.04182908088487258}