{"MV1":0.4946188991027628,"MV3":0.1757164076916824,"CH1":0.5575184440694012}