{"MV1":0.097586819227092,"MV3":0.7103638037551882,"CH1":0.5533673462442228}