{"MV1":0.35895256683583565,"MV3":0.36779739543347745,"CH1":0.6649424530102661}