{"MV1":0.31804669253741824,"MV3":0.6207075137086328,"CH1":0.3178032204328648}