{"MV1":0.3975069124090683,"MV3":0.5925097933069876,"CH1":0.8155504957820007}