{"MV1":0.2802800909822125,"MV3":0.764459246301531,"CH1":0.12091396596543647}