{"MV1":0.9450880527515815,"MV3":0.7751536351775649,"CH1":0.8917139010316526}