{"MV1":0.8135465350957992,"MV3":0.16695143075793606,"CH1":0.014579614127300577}