{"MV1":0.6981982715286925,"MV3":0.07947706397452048,"CH1":0.89090323508637}