{"MV1":0.7592775287764981,"MV3":0.9009572402941998,"CH1":0.16491356524528}