{"MV1":0.07990469945318635,"MV3":0.2419460509128155,"CH1":0.3497589104764218}