{"MV1":0.2151483981506055,"MV3":0.47435935029940657,"CH1":0.3215296092972516}