{"MV1":0.5818698533787202,"MV3":0.5969191716815663,"CH1":0.5759895867251561}