{"MV1":0.059506083083302186,"MV3":0.38156279984686214,"CH1":0.034814490341078086}