{"MV1":0.5401101652739884,"MV3":0.15339947245875396,"CH1":0.07569317148370203}