{"MV1":0.5697630687225866,"MV3":0.36995582898374335,"CH1":0.9899891972082963}