{"MV1":0.05182189599474918,"MV3":0.5584012490215718,"CH1":0.1566223370933688}