{"MV1":0.5701855708805815,"MV3":0.4608433620244069,"CH1":0.46043854524639216}