{"MV1":0.49698337395481984,"MV3":0.9584968441332923,"CH1":0.2512770083263509}