{"MV1":0.7609844205296877,"MV3":0.8140233900641184,"CH1":0.6103629571480605}