{"MV1":0.45551232686095033,"MV3":0.8105744006287711,"CH1":0.6726094441180137}