{"MV1":0.051305646430281016,"MV3":0.06082351702703037,"CH1":0.07352868116782818}