{"MV1":0.7240355453547053,"MV3":0.17501324416578212,"CH1":0.28645038629654884}