{"MV1":0.32451600402757663,"MV3":0.5242498986604541,"CH1":0.49952761993698025}