{"MV1":0.3201038832038319,"MV3":0.7600974517497868,"CH1":0.10728306132933307}