{"MV1":0.10235837426790928,"MV3":0.12678977561038063,"CH1":0.8735959245845155}