{"MV1":0.9919461364031724,"MV3":0.014691483579289843,"CH1":0.13305925830974275}