{"MV1":0.48631360163771287,"MV3":0.9157814470680706,"CH1":0.34932759612582176}