{"MV1":0.5361222545519405,"MV3":0.6423646480441647,"CH1":0.7313985014445281}