{"MV1":0.9969668719770632,"MV3":0.9538804757758672,"CH1":0.701402610647322}