{"MV1":0.47607434747407773,"MV3":0.6679364976651316,"CH1":0.016196508690283662}