{"MV1":0.3945495954898526,"MV3":0.40688883993315195,"CH1":0.6397279824632691}