{"MV1":0.5844463326008609,"MV3":0.8155125626417705,"CH1":0.8197453957597044}