{"MV1":0.32094599060357065,"MV3":0.867686524591849,"CH1":0.10005816590296213}