{"MV1":0.17544401934725917,"MV3":0.14751491918016268,"CH1":0.7565477092468735}