{"MV1":0.3756765391371567,"MV3":0.24707047611215116,"CH1":0.9524386473316709}