{"MV1":0.7122639301927932,"MV3":0.29623637337552133,"CH1":0.6376621294804058}