{"MV1":0.030773157242358073,"MV3":0.5317853640335046,"CH1":0.5707767512676949}