{"MV1":0.5541294307287442,"MV3":0.7584830316441122,"CH1":0.8567357925128174}