{"MV1":0.46707542049837547,"MV3":0.8619957236211998,"CH1":0.9361386849947538}