{"MV1":0.645248493213802,"MV3":0.45820399898075814,"CH1":0.19007742689631935}