{"MV1":0.4349352835592152,"MV3":0.11535509455827475,"CH1":0.18384357947499919}