{"MV1":0.43745280853485147,"MV3":0.21743465034834486,"CH1":0.6675420651750146}