{"MV1":0.4647984860353389,"MV3":0.944829458503551,"CH1":0.4931574928062441}