{"MV1":0.3790289200558896,"MV3":0.4498198983610613,"CH1":0.6243969510015029}