{"MV1":0.06645415808451294,"MV3":0.46220943885754506,"CH1":0.04098229430897904}