{"MV1":0.2520697927128235,"MV3":0.6697873253222869,"CH1":0.4297086812661228}