{"MV1":0.025912935096645273,"MV3":0.2540736177904742,"CH1":0.1499379444899689}