{"MV1":0.748478806891735,"MV3":0.8681318014529551,"CH1":0.14806590026834787}