{"MV1":0.7848262357718927,"MV3":0.6917138624481859,"CH1":0.6139312743000674}