{"MV1":0.7707577797709273,"MV3":0.822707424816876,"CH1":0.7546200594778245}