{"MV1":0.8398878078765838,"MV3":0.858134972536257,"CH1":0.2856213204554543}