{"MV1":0.07377395324938951,"MV3":0.3347315767897934,"CH1":0.6520129610003127}