{"MV1":0.3767398531214802,"MV3":0.436911581864872,"CH1":0.07142004602582896}