{"MV1":0.5487610376091375,"MV3":0.3591866868538268,"CH1":0.10675903007285215}