{"MV1":0.8671850195781123,"MV3":0.2579248313872876,"CH1":0.3306341911727967}