{"MV1":0.08723284899554862,"MV3":0.2839931061571075,"CH1":0.9104280578935416}