{"MV1":0.7286498417744868,"MV3":0.4623316062281819,"CH1":0.43290364216996324}