{"MV1":0.0647434952880549,"MV3":0.4421113720801686,"CH1":0.4990975341932925}