{"MV1":0.8458314114277063,"MV3":0.8400730878799909,"CH1":0.03013269484308756}