{"MV1":0.8451575674483349,"MV3":0.9816714753623835,"CH1":0.5297293273207205}