{"MV1":0.8423575639439566,"MV3":0.5307476355331824,"CH1":0.4090419231954894}