{"MV1":0.5356414309336255,"MV3":0.7317039336699613,"CH1":0.27342917221006535}