{"MV1":0.6493698711522987,"MV3":0.5494282709927742,"CH1":0.795021321975716}