{"MV1":0.821077899231235,"MV3":0.7001442672307611,"CH1":0.8571655386767704}