{"MV1":0.7112962375059785,"MV3":0.8134134781112653,"CH1":0.9143738888784693}