{"MV1":0.40184019001876636,"MV3":0.11282567317707515,"CH1":0.5714908825390274}