{"MV1":0.461734378881542,"MV3":0.7331877004822536,"CH1":0.7670091002204402}