{"MV1":0.8957225667553607,"MV3":0.5589243230382209,"CH1":0.9496987051650265}