{"MV1":0.3579115164921587,"MV3":0.8829572228417627,"CH1":0.2130838827315671}