{"MV1":0.10076986531621612,"MV3":0.09704572716844428,"CH1":0.4942016760542146}