{"MV1":0.11438284864766224,"MV3":0.7009115949041546,"CH1":0.5465453625221259}