{"MV1":0.2790561851972282,"MV3":0.8997628216525652,"CH1":0.6086809947529723}