{"MV1":0.6695740759125918,"MV3":0.7986453769773676,"CH1":0.5005434430923658}