{"MV1":0.1307732405129548,"MV3":0.6401253395426031,"CH1":0.43916545334640156}