{"MV1":0.3053510573757863,"MV3":0.6250958697818382,"CH1":0.64483587449641}