{"MV1":0.06685224334330253,"MV3":0.26592330233077466,"CH1":0.12378666992617993}