{"MV1":0.5874390126197296,"MV3":0.47656281111734355,"CH1":0.8219833343589988}