{"MV1":0.13064216932834571,"MV3":0.23612279431488703,"CH1":0.7289483733866917}