{"MV1":0.41308163234809225,"MV3":0.773526184017647,"CH1":0.1746273117271424}