{"MV1":0.4806871751774294,"MV3":0.5632083479690099,"CH1":0.9102733525422314}