{"MV1":0.7966308008547356,"MV3":0.8671317051299913,"CH1":0.048022955434556924}