{"MV1":0.9718641344558934,"MV3":0.9799852933256251,"CH1":0.48767960921830966}