{"MV1":0.24667748576967286,"MV3":0.4813876025769931,"CH1":0.6545513394397076}