{"MV1":0.13092359505642992,"MV3":0.2781446561183891,"CH1":0.18038970915644548}