{"MV1":0.8613713226571595,"MV3":0.9268784532464326,"CH1":0.22210352437406178}