{"MV1":0.49562014073116367,"MV3":0.5805704115351222,"CH1":0.5615345686367399}