{"MV1":0.7051358221909995,"MV3":0.8821376563291526,"CH1":0.9042907443625059}