{"MV1":0.23281166654585606,"MV3":0.8689739139056044,"CH1":0.45079365245359404}