{"MV1":0.6353575088501392,"MV3":0.36945525861886586,"CH1":0.011616083977704639}