{"MV1":0.9493414677260069,"MV3":0.6594975752010065,"CH1":0.8333607603276512}