{"MV1":0.6092455793737819,"MV3":0.3905322634354276,"CH1":0.7047573995360229}