{"MV1":0.7911467182881308,"MV3":0.5371017155494139,"CH1":0.31749249202426255}