{"MV1":0.8946585724558526,"MV3":0.29783676905460277,"CH1":0.997515125196678}