{"MV1":0.20816013371440378,"MV3":0.7288028095952049,"CH1":0.8760399068126915}