{"MV1":0.04387276509738969,"MV3":0.8647507246602298,"CH1":0.0156287490723932}