{"MV1":0.26728946369186246,"MV3":0.25358571705841915,"CH1":0.10192245358359464}