{"MV1":0.5724208636538888,"MV3":0.12499227678942304,"CH1":0.9633077996123761}