{"MV1":0.40253760104272784,"MV3":0.41947486931260536,"CH1":0.9680263082434121}