{"MV1":0.5652785916748778,"MV3":0.11501276370036095,"CH1":0.3747052818909635}