{"MV1":0.3513503060249683,"MV3":0.8078059677079459,"CH1":0.5069730807396934}