{"MV1":0.8718106341450859,"MV3":0.13604457359034205,"CH1":0.6581696661417135}