{"MV1":0.2438992180516062,"MV3":0.6377731650900652,"CH1":0.5113950015547198}