{"MV1":0.303155343090752,"MV3":0.5555802162564751,"CH1":0.6076014405323036}