{"MV1":0.4586482837229764,"MV3":0.02814847010778454,"CH1":0.6578577628217073}