{"MV1":0.2553294132401006,"MV3":0.058385689086069226,"CH1":0.9138278384382198}