{"MV1":0.5166347560715727,"MV3":0.6538221764601898,"CH1":0.7501425028319723}