{"MV1":0.03506306429475714,"MV3":0.2853417958383131,"CH1":0.784719444678355}