{"MV1":0.6623971760626219,"MV3":0.6624373267896212,"CH1":0.9694805765032009}