{"MV1":0.9435566960621586,"MV3":0.0658862812902683,"CH1":0.14837884524274259}