{"MV1":0.9794377345055482,"MV3":0.27871594111202025,"CH1":0.30769049802911486}