{"MV1":0.66953777778432,"MV3":0.7004168744453225,"CH1":0.43247837109960074}