{"MV1":0.8935968072732359,"MV3":0.867183084615857,"CH1":0.5339535779646728}