{"MV1":0.4151608598509845,"MV3":0.9874776523907055,"CH1":0.2098016817779279}