{"MV1":0.992001159930539,"MV3":0.4069447912748698,"CH1":0.25319005025739005}