{"MV1":0.35799936981537195,"MV3":0.503548554081843,"CH1":0.7094490387656995}