{"MV1":0.44865230750367546,"MV3":0.15409013791930404,"CH1":0.5437758713990607}