{"MV1":0.7491234546362935,"MV3":0.5916729989871966,"CH1":0.1097107305322742}