{"MV1":0.9960795690553084,"MV3":0.723871618343199,"CH1":0.8963622852870291}