{"MV1":0.5825244802140109,"MV3":0.6163544228090101,"CH1":0.5183024993256437}