{"MV1":0.9790957423655449,"MV3":0.3502593511779274,"CH1":0.3083933028343273}