{"MV1":0.45507220195550047,"MV3":0.756598454438073,"CH1":0.18825063444450463}