{"MV1":0.7974250513401157,"MV3":0.16241574694580863,"CH1":0.6887535432908575}