{"MV1":0.1623780262534159,"MV3":0.4459860762883475,"CH1":0.44842788569324643}