{"MV1":0.8708411191581881,"MV3":0.7574883516720137,"CH1":0.2932226504826515}