{"MV1":0.9589517664195715,"MV3":0.37502464572406347,"CH1":0.505425054960299}