{"MV1":0.6751703851538094,"MV3":0.27084250326191517,"CH1":0.9757597443564027}