{"MV1":0.09311950465566854,"MV3":0.5805330063937134,"CH1":0.9896915258983605}