{"MV1":0.803184878039235,"MV3":0.24822548530124555,"CH1":0.8078081505498941}