{"MV1":0.8154543630984616,"MV3":0.3360621668609557,"CH1":0.8729361030381997}