{"MV1":0.13878531392419258,"MV3":0.7533713947959968,"CH1":0.486506093669275}