{"MV1":0.7221028458626374,"MV3":0.9428743816092635,"CH1":0.8731007996224913}