{"MV1":0.2171004133245965,"MV3":0.12441966290474049,"CH1":0.7092396535092479}