{"MV1":0.38037228642294096,"MV3":0.09969683839714438,"CH1":0.6292854539183671}