{"MV1":0.7076583054055083,"MV3":0.6748282154691777,"CH1":0.5482135807884126}