{"MV1":0.7165177309306079,"MV3":0.17551210140607598,"CH1":0.43931549575501927}