{"MV1":0.6341628848050362,"MV3":0.6536794557504902,"CH1":0.298796037387436}