{"MV1":0.21319639810405955,"MV3":0.3115921043740203,"CH1":0.6462466986079938}