{"MV1":0.35156156495857704,"MV3":0.6950706765899112,"CH1":0.2655618646904534}