{"MV1":0.03451335655570953,"MV3":0.13077031607065825,"CH1":0.11259924113154951}