{"MV1":0.12433164030330279,"MV3":0.6174167734024977,"CH1":0.20236678188382218}