{"MV1":0.655185603599915,"MV3":0.8732845968437973,"CH1":0.2351691611673945}