{"MV1":0.3171587634471392,"MV3":0.6571118406136768,"CH1":0.07113257444513876}