{"MV1":0.5286792868879556,"MV3":0.3904351948952153,"CH1":0.7637792950594974}