{"MV1":0.6572026127962399,"MV3":0.7904267230052928,"CH1":0.8589595638258614}