{"MV1":0.08232301598689895,"MV3":0.09412653345319744,"CH1":0.256443723431951}