{"MV1":0.9238549865711987,"MV3":0.41632951842069077,"CH1":0.9389153190079235}