{"MV1":0.7909242730469987,"MV3":0.3474603598928301,"CH1":0.7872203396252397}