{"MV1":0.9265699979552268,"MV3":0.04823547091661118,"CH1":0.2988368142958526}