{"MV1":0.560296791820445,"MV3":0.4778933336101515,"CH1":0.48951536121862327}