{"MV1":0.7445540219179567,"MV3":0.11830042781340588,"CH1":0.8330259698883968}