{"MV1":0.8609853954183355,"MV3":0.9928783035977727,"CH1":0.27584647807472995}