{"MV1":0.8115003585130812,"MV3":0.2670548384103264,"CH1":0.7605771462074749}