{"MV1":0.2729736380869353,"MV3":0.9548743896317987,"CH1":0.4510023256502911}