{"MV1":0.3336364646991242,"MV3":0.6435755600130878,"CH1":0.8481192025310894}