{"MV1":0.25644972181871706,"MV3":0.2581398235173622,"CH1":0.6128043743640668}