{"MV1":0.4723308236017001,"MV3":0.1139816736423811,"CH1":0.014712756872053756}