{"MV1":0.8985487537828009,"MV3":0.5076135837894604,"CH1":0.9339298621293539}