{"MV1":0.1716942178940427,"MV3":0.03923057406126507,"CH1":0.06244913281860798}