{"MV1":0.07157588284375327,"MV3":0.8122471067698048,"CH1":0.8752703687364671}