{"MV1":0.1440205192124664,"MV3":0.28099527985870987,"CH1":0.027230300001465202}