{"MV1":0.8000609744125674,"MV3":0.5512042296096641,"CH1":0.447989636029283}