{"MV1":0.1824547878710755,"MV3":0.8364924324578455,"CH1":0.0655585012786759}