{"MV1":0.40278241157560124,"MV3":0.325942497094709,"CH1":0.4233697957259863}