{"MV1":0.9972191582185028,"MV3":0.6204689910227016,"CH1":0.7053546666843354}