{"MV1":0.15685621080762435,"MV3":0.17672230283769252,"CH1":0.1982022584199239}