{"MV1":0.9430624855404578,"MV3":0.26552208818728507,"CH1":0.3859871724520285}