{"MV1":0.777010440602315,"MV3":0.10794802718756602,"CH1":0.5012222757128115}