{"MV1":0.5683970711136468,"MV3":0.29539175701301734,"CH1":0.9261076826806308}