{"MV1":0.4269639327956549,"MV3":0.5065036128828282,"CH1":0.5159871925689097}