{"MV1":0.06828610316962114,"MV3":0.5498516182204608,"CH1":0.6546603186268262}