{"MV1":0.7422170600016238,"MV3":0.8219881636791976,"CH1":0.5735126654458793}