{"MV1":0.7312946096007455,"MV3":0.3409942128037948,"CH1":0.3491007802916435}