{"MV1":0.3656414858730255,"MV3":0.9722463674274138,"CH1":0.14457714079711448}