{"MV1":0.27226117321063203,"MV3":0.9578571357719349,"CH1":0.31883590713762466}