{"MV1":0.2579362077768398,"MV3":0.38532984919636715,"CH1":0.0789900627918928}