{"MV1":0.02415475309783255,"MV3":0.4478598498996169,"CH1":0.8452251457102825}