{"MV1":0.9161675522047893,"MV3":0.23577074016372868,"CH1":0.09785468849854895}