{"MV1":0.9951571890239337,"MV3":0.4430012459687461,"CH1":0.3351473628955812}