{"MV1":0.7288573997227116,"MV3":0.432166201063082,"CH1":0.5547783300435866}