{"MV1":0.8579966923226479,"MV3":0.48364551794772737,"CH1":0.47052650969974197}