{"MV1":0.6847759094252505,"MV3":0.7581721167319255,"CH1":0.29640939274646594}