{"MV1":0.6884044765651256,"MV3":0.4517242951093394,"CH1":0.5389375047064364}