{"MV1":0.6384205773860933,"MV3":0.20325118769614103,"CH1":0.5013556266939554}