{"MV1":0.8803600892656718,"MV3":0.10927626457518713,"CH1":0.5884075981065129}