{"MV1":0.5806393300450615,"MV3":0.5297723978621146,"CH1":0.40287855385247007}