{"MV1":0.4623023225534203,"MV3":0.03637217492538691,"CH1":0.7813333800320577}