{"MV1":0.837625583189631,"MV3":0.4859752583093183,"CH1":0.44176728011920086}