{"MV1":0.258840782915131,"MV3":0.12937278787323758,"CH1":0.5070866841132942}