{"MV1":0.6089214193232101,"MV3":0.08627552821335016,"CH1":0.5930806616979626}