{"MV1":0.5094675690901179,"MV3":0.20704561760986562,"CH1":0.511161558783608}