{"MV1":0.39194777824393534,"MV3":0.10282657537888529,"CH1":0.8362297750266755}