{"MV1":0.32226936702294784,"MV3":0.5199328931710258,"CH1":0.516763658969841}