{"MV1":0.704820592740384,"MV3":0.7270364054164089,"CH1":0.7996802154355465}