{"MV1":0.15175873596303202,"MV3":0.6241112678742494,"CH1":0.7117893804516267}