{"MV1":0.9621003898052948,"MV3":0.19255997323972107,"CH1":0.40971884273270465}