{"MV1":0.10949840083072271,"MV3":0.8375808385363607,"CH1":0.2937130427514225}