{"MV1":0.5581472432720439,"MV3":0.09667839242245402,"CH1":0.6962471103173524}