{"MV1":0.09542869577713908,"MV3":0.725958983810578,"CH1":0.19337765133022078}