{"MV1":0.6215505806763287,"MV3":0.8039879991889373,"CH1":0.906075789391051}