{"MV1":0.6588978500618097,"MV3":0.02816302475947252,"CH1":0.28717140355862736}