{"MV1":0.3725351111829308,"MV3":0.1669417403095076,"CH1":0.28236145409945934}