{"MV1":0.9563160068604207,"MV3":0.5455808351294991,"CH1":0.36225251677632353}