{"MV1":0.8848661939933872,"MV3":0.5750866393325353,"CH1":0.860453835245581}