{"MV1":0.3927301721288702,"MV3":0.4961237762755204,"CH1":0.38906777114134816}