{"MV1":0.41905216391792943,"MV3":0.6865108978476184,"CH1":0.8664717966445081}