{"MV1":0.4607824412530871,"MV3":0.08125010957820311,"CH1":0.4503866823178183}