{"MV1":0.8127182016055815,"MV3":0.9806588420040216,"CH1":0.6907634787347499}