{"MV1":0.4724091715247901,"MV3":0.46922312683571754,"CH1":0.7464792571339782}