{"MV1":0.5317292879888584,"MV3":0.8219655870891674,"CH1":0.635669059601984}