{"MV1":0.6690068963286406,"MV3":0.5328795077587014,"CH1":0.13115239453359706}