{"MV1":0.8259980881687264,"MV3":0.5087696267420311,"CH1":0.09595372194988327}