{"MV1":0.2039552084789854,"MV3":0.803786823452602,"CH1":0.8272598625239445}