{"MV1":0.2393326581181593,"MV3":0.5218976312775654,"CH1":0.9193169925922444}