{"MV1":0.024140162568976775,"MV3":0.38181585910061155,"CH1":0.034099465632451476}