{"MV1":0.5145737719210308,"MV3":0.17008377411524966,"CH1":0.9644921176972181}