{"MV1":0.07396229759128636,"MV3":0.5800566129747677,"CH1":0.8495254491193581}