{"MV1":0.9663463357422458,"MV3":0.2610252460385787,"CH1":0.14913479842483024}