{"MV1":0.790922160695519,"MV3":0.14485446379889455,"CH1":0.4485503642445823}