{"MV1":0.5580598019683723,"MV3":0.2238427942012201,"CH1":0.6717546949580913}