{"MV1":0.3106676248546122,"MV3":0.2165542641370115,"CH1":0.76549013013631}