{"MV1":0.6758410082063356,"MV3":0.5450755442316669,"CH1":0.9671202468158637}