{"MV1":0.4310108334696199,"MV3":0.6768851756883755,"CH1":0.21253489119225866}