{"MV1":0.11683274709062141,"MV3":0.8551270556128784,"CH1":0.7694844681597817}