{"MV1":0.12668733873672366,"MV3":0.26599631127316303,"CH1":0.6182184600615207}