{"MV1":0.6603621419245483,"MV3":0.7923435178031857,"CH1":0.20474235977197752}