{"MV1":0.7839611757700816,"MV3":0.6975843754074434,"CH1":0.23042493235924444}