{"MV1":0.5756767217482266,"MV3":0.9597616510047194,"CH1":0.7187931362745269}