{"MV1":0.5940175009011174,"MV3":0.35422204699256377,"CH1":0.5811194652114193}