{"MV1":0.24603956160366303,"MV3":0.20542897763249968,"CH1":0.5771744865243538}