{"MV1":0.8477044618975907,"MV3":0.67478444901839,"CH1":0.8676426790614555}