{"MV1":0.5746481927494792,"MV3":0.90414597126579,"CH1":0.8187183041162809}