{"MV1":0.5236043296076314,"MV3":0.18974625922728539,"CH1":0.8941733321238039}