{"MV1":0.07570348993025322,"MV3":0.8444729855758244,"CH1":0.7604748227581842}