{"MV1":0.0957928310240298,"MV3":0.751034353684109,"CH1":0.2234143436562731}