{"MV1":0.11153367721631224,"MV3":0.5010993280035113,"CH1":0.13229691806041377}