{"MV1":0.20950569782522732,"MV3":0.17810420605811617,"CH1":0.0646085547290296}