{"MV1":0.9780819266287594,"MV3":0.17832558648217356,"CH1":0.31376820863573085}