{"MV1":0.8306327678811063,"MV3":0.5483045998798146,"CH1":0.01773452174457557}