{"MV1":0.41268541769273837,"MV3":0.5512914153837263,"CH1":0.065726566416766}