{"MV1":0.43282812293382267,"MV3":0.9393378309323324,"CH1":0.8560308771871139}