{"MV1":0.3945430133653077,"MV3":0.5710778624375875,"CH1":0.42998297699893984}