{"MV1":0.8650282131056113,"MV3":0.7571254919631508,"CH1":0.6060272785274353}