{"MV1":0.32412217004014476,"MV3":0.4772652961672199,"CH1":0.7123989798967231}