{"MV1":0.7762247688581928,"MV3":0.5148690987024892,"CH1":0.2774487691405808}