{"MV1":0.40543001723853267,"MV3":0.9428640063834675,"CH1":0.7926080415374107}