{"MV1":0.5221111383239487,"MV3":0.6726859089770674,"CH1":0.8934629093224259}