{"MV1":0.9779355122032937,"MV3":0.33030580096712003,"CH1":0.4086681589541119}