{"MV1":0.5240050273002317,"MV3":0.973546827411948,"CH1":0.6169186797771233}