{"MV1":0.24842179337585735,"MV3":0.13099778578123455,"CH1":0.6008770431126291}