{"MV1":0.7794197221542123,"MV3":0.8483261037251313,"CH1":0.29048460273015975}