{"MV1":0.16428500186655182,"MV3":0.8241566761340311,"CH1":0.9106442726694878}