{"MV1":0.9777767566272088,"MV3":0.7029566601217668,"CH1":0.8895412469391274}