{"MV1":0.4666098521082872,"MV3":0.914499689339162,"CH1":0.6396177918251139}