{"MV1":0.955221382729407,"MV3":0.32402591405061165,"CH1":0.6562939491375915}