{"MV1":0.2813168753048161,"MV3":0.1590267463014925,"CH1":0.6733962271142616}