{"MV1":0.023866166592560023,"MV3":0.24069183933990923,"CH1":0.9837123581370162}