{"MV1":0.8473843792907844,"MV3":0.8350078650627303,"CH1":0.9539038012133585}