{"MV1":0.963013790725633,"MV3":0.22876110235768166,"CH1":0.26812433748723385}