{"MV1":0.40044097947417834,"MV3":0.6544954834321866,"CH1":0.426537663889095}