{"MV1":0.7671249469515977,"MV3":0.8142993431345064,"CH1":0.1790276805206873}