{"MV1":0.7445609878526226,"MV3":0.848530606251459,"CH1":0.1633384284829963}