{"MV1":0.4735614653348993,"MV3":0.7909373801837049,"CH1":0.84610918294479}