{"MV1":0.7590463636047453,"MV3":0.7142236059328255,"CH1":0.8766177643272888}