{"MV1":0.8195417762945127,"MV3":0.6550995723331816,"CH1":0.3346859881468035}