{"MV1":0.3647329391015329,"MV3":0.34120085487376417,"CH1":0.6777077331252428}