{"MV1":0.5315280620391293,"MV3":0.5191698290790209,"CH1":0.5152403593161764}