{"MV1":0.8715986158043866,"MV3":0.15575753883748733,"CH1":0.8318077637286616}