{"MV1":0.6022174067555829,"MV3":0.5356021201298403,"CH1":0.42011673565596497}