{"MV1":0.2056198099730595,"MV3":0.3188362846960747,"CH1":0.5949277574032501}