{"MV1":0.3967191246635886,"MV3":0.5246824071361661,"CH1":0.8716539803237978}