{"MV1":0.3881011744940076,"MV3":0.6243229083530297,"CH1":0.3264519981923879}