{"MV1":0.3701880495622607,"MV3":0.06736135658623643,"CH1":0.8908140120479854}