{"MV1":0.3264596236259365,"MV3":0.5697331424667423,"CH1":0.06975521741760449}