{"MV1":0.5046673862873268,"MV3":0.1427854946833903,"CH1":0.7246040227053989}