{"MV1":0.42971413819426774,"MV3":0.7969871103632619,"CH1":0.9629257843565974}