{"MV1":0.1607556680743334,"MV3":0.8526638953281961,"CH1":0.5925859136733426}