{"MV1":0.02863690296271737,"MV3":0.009725097286276907,"CH1":0.4212765512155251}