{"MV1":0.19493965783358347,"MV3":0.4489372026533275,"CH1":0.5196687500483654}