{"MV1":0.44293344737894946,"MV3":0.7194899327319364,"CH1":0.18947001428526578}