{"MV1":0.44933960329796774,"MV3":0.5782671724701801,"CH1":0.8107291433507282}