{"MV1":0.16089024563013887,"MV3":0.9753614401363334,"CH1":0.7676486997482604}