{"MV1":0.9804637369408404,"MV3":0.45852586063612244,"CH1":0.5841135275696502}