{"MV1":0.37750171766435325,"MV3":0.7970480271403093,"CH1":0.5227914412138364}