{"MV1":0.7158205424698765,"MV3":0.6986868030036567,"CH1":0.4061192579600672}