{"MV1":0.14410834774455783,"MV3":0.29395289793272494,"CH1":0.4099290794670334}