{"MV1":0.6388605831924886,"MV3":0.47629405501450073,"CH1":0.22911113690355378}