{"MV1":0.3925302262622662,"MV3":0.8820246031875131,"CH1":0.03647305703131465}