{"MV1":0.6316689295465102,"MV3":0.5908705071130098,"CH1":0.1575176672173696}