{"MV1":0.8338963548480594,"MV3":0.012904750043752022,"CH1":0.6632669736462189}