{"MV1":0.5727521123373589,"MV3":0.17135301030686823,"CH1":0.2921046051031988}