{"MV1":0.36346012553152995,"MV3":0.48521225298280346,"CH1":0.5496515765927147}