{"MV1":0.7849829061096615,"MV3":0.6970691107831394,"CH1":0.07893399953491231}