{"MV1":0.9316472048890576,"MV3":0.6323090065613692,"CH1":0.06477519965393264}