{"MV1":0.07550984307001751,"MV3":0.8268766005861728,"CH1":0.934878650641506}