{"MV1":0.1972715885923224,"MV3":0.594027511402098,"CH1":0.6296295303159655}