{"MV1":0.6237100586810116,"MV3":0.3233574277962318,"CH1":0.8580230810465657}