{"MV1":0.27162018840678914,"MV3":0.9264524245337249,"CH1":0.06870903265216743}