{"MV1":0.7850948058519209,"MV3":0.19471717597351457,"CH1":0.5928375341730312}