{"MV1":0.4972747460141105,"MV3":0.6332107455402664,"CH1":0.32114663936406795}