{"MV1":0.7766279555589606,"MV3":0.5608086875845839,"CH1":0.2911218714410141}