{"MV1":0.23903217077502847,"MV3":0.9158192045816104,"CH1":0.4194064548062164}