{"MV1":0.6354715596704813,"MV3":0.05737836418314701,"CH1":0.6133706163544727}