{"MV1":0.8708530879313391,"MV3":0.6788163602302263,"CH1":0.06395425651941256}