{"MV1":0.8062538870412147,"MV3":0.6337753432242672,"CH1":0.2548190936163206}