{"MV1":0.2731294678992958,"MV3":0.8026960234936523,"CH1":0.24508080568061907}