{"MV1":0.9839201471715545,"MV3":0.1535837317824874,"CH1":0.750300413455774}