{"MV1":0.36212138980166453,"MV3":0.9321737627674657,"CH1":0.4269954199686439}