{"MV1":0.9492742273068412,"MV3":0.05527370649764751,"CH1":0.880290487461369}