{"MV1":0.7126021693109209,"MV3":0.3402543470717031,"CH1":0.09630339876720162}