{"MV1":0.41977566050521753,"MV3":0.08522203093705794,"CH1":0.9123276445011089}