{"MV1":0.26609570840915964,"MV3":0.8686014322911951,"CH1":0.9087207866883723}