{"MV1":0.6524662288080483,"MV3":0.12694484761830893,"CH1":0.24536011854021822}