{"MV1":0.9182367414583893,"MV3":0.49551203293591706,"CH1":0.4679191997128497}