{"MV1":0.10880211481358171,"MV3":0.5864563994211194,"CH1":0.001407664940560216}