{"MV1":0.3468399335384599,"MV3":0.01477182949040945,"CH1":0.8234508009645599}