{"MV1":0.20729819735361144,"MV3":0.5545631879298286,"CH1":0.3569410389794697}