{"MV1":0.8883774219606956,"MV3":0.7615461341292372,"CH1":0.9937581700408754}