{"MV1":0.9556367874680284,"MV3":0.6974716397939368,"CH1":0.4968255683203241}