{"MV1":0.8655136462744638,"MV3":0.20661267441661935,"CH1":0.8767637026635766}