{"MV1":0.4545830648852689,"MV3":0.3481832571480684,"CH1":0.7691760233520176}