{"MV1":0.04482126686336252,"MV3":0.025133865396495647,"CH1":0.35588081135343075}