{"MV1":0.1814671902243472,"MV3":0.2563375742939764,"CH1":0.9474949346026027}