{"MV1":0.987046351293604,"MV3":0.453223424310489,"CH1":0.39931682393778045}