{"MV1":0.2530054803469489,"MV3":0.5111763525345314,"CH1":0.0026412237075502665}