{"MV1":0.1520499125723127,"MV3":0.24022006588140266,"CH1":0.7509164291562789}