{"MV1":0.5647721190548306,"MV3":0.5765828025195214,"CH1":0.225559753893809}