{"MV1":0.24621296709990048,"MV3":0.2385313675285443,"CH1":0.5943460419408959}