{"MV1":0.9411069524793554,"MV3":0.5471480006307905,"CH1":0.3781391206224345}