{"MV1":0.941954253933412,"MV3":0.8950765718217571,"CH1":0.4157169297257437}