{"MV1":0.24728249221090526,"MV3":0.883375176388954,"CH1":0.8346029816336441}