{"MV1":0.23711287748355947,"MV3":0.5036190207612615,"CH1":0.6071995583864873}