{"MV1":0.22022547056121644,"MV3":0.31086604062706524,"CH1":0.7773001665676474}