{"MV1":0.1324131052510571,"MV3":0.7333245150975196,"CH1":0.6688582241773541}