{"MV1":0.02908381333146748,"MV3":0.9400338555307155,"CH1":0.658746656363805}