{"MV1":0.5078421197903804,"MV3":0.9524941990231407,"CH1":0.021548259331988895}