{"MV1":0.9272794816853893,"MV3":0.5147723937132517,"CH1":0.9039080880178851}