{"MV1":0.36735429998593705,"MV3":0.8192965829854373,"CH1":0.48754347415631616}