{"MV1":0.2933440950793056,"MV3":0.15209889050888692,"CH1":0.8330728575603173}