{"MV1":0.9465150401018676,"MV3":0.2745259298901228,"CH1":0.690827259044214}