{"MV1":0.8805250865196105,"MV3":0.9926163600613022,"CH1":0.45479103050083136}