{"MV1":0.9240898378594061,"MV3":0.03793963635725517,"CH1":0.8877966704113099}