{"MV1":0.6653783908758124,"MV3":0.44788031070748013,"CH1":0.8299916076814531}