{"MV1":0.185105491007593,"MV3":0.04070303538140674,"CH1":0.6771951848910485}