{"MV1":0.6218875905677518,"MV3":0.18830100423816543,"CH1":0.3169513954167069}