{"MV1":0.27157605553499864,"MV3":0.4616124357557888,"CH1":0.3597110112107428}