{"MV1":0.31712083688864345,"MV3":0.015223813572368017,"CH1":0.7874589469243317}