{"MV1":0.5881807938324424,"MV3":0.9768392854796288,"CH1":0.8586567526191219}