{"MV1":0.025807892695763557,"MV3":0.9791461550713072,"CH1":0.5213296413155751}