{"MV1":0.7367870275913156,"MV3":0.36925075635739846,"CH1":0.4277207458589115}