{"MV1":0.08827265859366018,"MV3":0.8546158068589276,"CH1":0.24807894021878396}