{"MV1":0.24679390468409823,"MV3":0.23777543143000046,"CH1":0.4538000183410381}