{"MV1":0.44126325116227516,"MV3":0.771073408869656,"CH1":0.4146324647363142}