{"MV1":0.7742952000017199,"MV3":0.42651675363769215,"CH1":0.21130500000342323}