{"MV1":0.21937175457518043,"MV3":0.5598008453116469,"CH1":0.9849587485251806}