{"MV1":0.9186058859673468,"MV3":0.8556672343759216,"CH1":0.786037479351456}