{"MV1":0.4829909823738283,"MV3":0.00886564136972856,"CH1":0.11014630600954567}