{"MV1":0.1504848873746284,"MV3":0.2526964657135109,"CH1":0.4309092163186341}