{"MV1":0.6903463657012251,"MV3":0.8484518695439592,"CH1":0.06322610230614922}