{"MV1":0.07511391378829624,"MV3":0.8219980814317913,"CH1":0.9766757071586455}