{"MV1":0.8741092256491987,"MV3":0.9422118971247245,"CH1":0.3613718673072328}