{"MV1":0.5496953362827213,"MV3":0.9317486115689053,"CH1":0.10968014331200038}