{"MV1":0.6929459149121159,"MV3":0.2860205086151012,"CH1":0.9966340164916206}