{"MV1":0.8117544954218473,"MV3":0.44962982241643157,"CH1":0.1822468551890729}