{"MV1":0.9092379306473318,"MV3":0.6120087528984032,"CH1":0.5301771717175783}