{"MV1":0.15984563885559633,"MV3":0.12299175025994791,"CH1":0.13494295802486367}