{"MV1":0.29554692832367635,"MV3":0.4248742317560339,"CH1":0.5921317810152086}