{"MV1":0.8670430122116974,"MV3":0.33265353046174484,"CH1":0.7058394505439203}