{"MV1":0.213911324663704,"MV3":0.21244355632611378,"CH1":0.8756458895956797}