{"MV1":0.29248590784730644,"MV3":0.801521429086891,"CH1":0.417925305134479}