{"MV1":0.26202550228129773,"MV3":0.34439158104291745,"CH1":0.4176565987973945}