{"MV1":0.5955647502972006,"MV3":0.7506303314810994,"CH1":0.28346427132937035}