{"MV1":0.882481476388718,"MV3":0.2942056558291707,"CH1":0.4883770189803167}