{"MV1":0.010338689708993654,"MV3":0.22275515861670292,"CH1":0.5539222275031926}