{"MV1":0.003375704662962442,"MV3":0.2305951831220192,"CH1":0.4061170750120675}