{"MV1":0.10543098007057405,"MV3":0.847201955075861,"CH1":0.866778183679565}