{"MV1":0.26411892701340856,"MV3":0.8735517875167185,"CH1":0.4116843263806089}