{"MV1":0.7840090024061719,"MV3":0.9448674394947288,"CH1":0.025270810895949847}