{"MV1":0.6529526288964088,"MV3":0.9432740079114965,"CH1":0.9708642530217999}