{"MV1":0.19899440263031642,"MV3":0.6794300459067885,"CH1":0.3881743540379984}