{"MV1":0.038309573694150445,"MV3":0.33908053755789,"CH1":0.5624006593042259}