{"MV1":0.6790812433869442,"MV3":0.658642650485786,"CH1":0.6021835955488889}