{"MV1":0.6569831516983539,"MV3":0.9675971924733261,"CH1":0.753063908551613}