{"MV1":0.3150298853513058,"MV3":0.27911765544481204,"CH1":0.87857749600544}