{"MV1":0.655350164896117,"MV3":0.42724761023868874,"CH1":0.5718657866082543}