{"MV1":0.39078523496182194,"MV3":0.6807950656840902,"CH1":0.9056768836552151}