{"MV1":0.8795127613605602,"MV3":0.7719517475829639,"CH1":0.5707743443048184}