{"MV1":0.08631953416167892,"MV3":0.8928398489561057,"CH1":0.5922107546671778}