{"MV1":0.4741445616300668,"MV3":0.1907309688533224,"CH1":0.6408145011173747}