{"MV1":0.30608279335475497,"MV3":0.7085365582291299,"CH1":0.85537397615895}