{"MV1":0.4059683110811878,"MV3":0.8167942739896116,"CH1":0.27089430992345853}