{"MV1":0.4868307162578579,"MV3":0.07363282476007715,"CH1":0.47890451293517167}