{"MV1":0.7746411199855191,"MV3":0.6291881947297341,"CH1":0.2922179685202494}