{"MV1":0.5477971659478947,"MV3":0.5595057276875778,"CH1":0.07884608048083475}