{"MV1":0.4872407638268984,"MV3":0.48321773020748504,"CH1":0.43081979880016585}