{"MV1":0.3736439364374422,"MV3":0.6078192331865501,"CH1":0.9881380319351718}