{"MV1":0.3686495989007461,"MV3":0.5513080274403632,"CH1":0.21556009939637777}