{"MV1":0.3893579868055721,"MV3":0.17061047041704636,"CH1":0.13543873588770283}