{"MV1":0.9835530574236889,"MV3":0.27880622047810566,"CH1":0.26871560662886984}