{"MV1":0.03664972081919071,"MV3":0.3707318244899024,"CH1":0.014841133025967346}