{"MV1":0.3035759240092948,"MV3":0.20724389526302045,"CH1":0.4564895918110111}