{"MV1":0.061633338310230545,"MV3":0.8109110112826031,"CH1":0.33390718442099854}