{"MV1":0.656460643815073,"MV3":0.7360443386719588,"CH1":0.4718985195172414}