{"MV1":0.9222044523765324,"MV3":0.30860509980250383,"CH1":0.8458092373666518}