{"MV1":0.8255128406998213,"MV3":0.10486213172736403,"CH1":0.8245073016457152}