{"MV1":0.2110489142385894,"MV3":0.14627370746751378,"CH1":0.33365180391495886}