{"MV1":0.7897974682182733,"MV3":0.5792599966782559,"CH1":0.774035212542158}