{"MV1":0.29959094347889736,"MV3":0.5310940922448162,"CH1":0.7631855791567753}