{"MV1":0.789183320917277,"MV3":0.39627448830800016,"CH1":0.9569148006806153}