{"MV1":0.6802854775423868,"MV3":0.9203271075734637,"CH1":0.21978225405287055}