{"MV1":0.6187991839979138,"MV3":0.01734351030471859,"CH1":0.997325999127337}