{"MV1":0.38058172665282586,"MV3":0.6449667225456688,"CH1":0.18638825137259118}