{"MV1":0.2894893423916943,"MV3":0.9252369098285658,"CH1":0.43335459471049786}