{"MV1":0.24057977104444217,"MV3":0.3251057444917319,"CH1":0.9538466887314678}