{"MV1":0.5412407626072695,"MV3":0.45177130743806837,"CH1":0.7600236458290375}