{"MV1":0.9944169703591736,"MV3":0.5358344845759045,"CH1":0.1679005029164572}