{"MV1":0.4781493232960641,"MV3":0.2810055833524826,"CH1":0.3628951801059409}