{"MV1":0.3971207742975309,"MV3":0.8476462446764564,"CH1":0.8345254563538758}