{"MV1":0.3618959490027267,"MV3":0.9662713577829256,"CH1":0.6392496563301265}