{"MV1":0.5763729959136141,"MV3":0.7767972442995094,"CH1":0.8488857924119662}