{"MV1":0.7956962563440019,"MV3":0.48011373726194495,"CH1":0.5981308955985559}