{"MV1":0.703664690299482,"MV3":0.14216573980860148,"CH1":0.6942993598676214}