{"MV1":0.73565286981311,"MV3":0.1627327806034582,"CH1":0.6749508956708187}