{"MV1":0.3178891661477019,"MV3":0.9235946044853804,"CH1":0.6623888968925051}