{"MV1":0.652540817186573,"MV3":0.8181689832902264,"CH1":0.6753518601322276}