{"MV1":0.7826631874694845,"MV3":0.5911688628094195,"CH1":0.4375773426097824}