{"MV1":0.1914726800027553,"MV3":0.07045761171025411,"CH1":0.4830717085651476}