{"MV1":0.994870216093581,"MV3":0.2834726793878919,"CH1":0.11334912914783934}