{"MV1":0.6657674198181339,"MV3":0.9444450080489551,"CH1":0.5934697417235985}