{"MV1":0.7171318056679129,"MV3":0.2980233179758027,"CH1":0.6220710826555762}