{"MV1":0.36604969150294997,"MV3":0.6155732613446632,"CH1":0.6792940697584839}