{"MV1":0.1873098970049193,"MV3":0.3058774864297542,"CH1":0.44008066331193396}