{"MV1":0.387694643332827,"MV3":0.4462454239481255,"CH1":0.9838959396291272}