{"MV1":0.3785830988011838,"MV3":0.4323340700637128,"CH1":0.39641620919334286}