{"MV1":0.08810153956943745,"MV3":0.2395835984889838,"CH1":0.5109046328707498}