{"MV1":0.5134728902335494,"MV3":0.07922958819949677,"CH1":0.48113025676498633}