{"MV1":0.31029125453954187,"MV3":0.6611742319715762,"CH1":0.3021366171158705}