{"MV1":0.7897219944252968,"MV3":0.1806166123077767,"CH1":0.4090730387199243}