{"MV1":0.6622346551171954,"MV3":0.0027319342622004195,"CH1":0.6276509380807126}