{"MV1":0.41880919547432893,"MV3":0.6398624267011712,"CH1":0.8027271243990572}