{"MV1":0.7205184797195013,"MV3":0.21674525909940823,"CH1":0.37506333065261854}