{"MV1":0.2371693339459986,"MV3":0.05479294882026908,"CH1":0.28092521269066295}