{"MV1":0.6384890234867865,"MV3":0.4951431936209105,"CH1":0.6033318089314168}