{"MV1":0.8998142591265063,"MV3":0.07825127947605037,"CH1":0.44538838640913725}