{"MV1":0.5348745086826622,"MV3":0.5770855171126422,"CH1":0.4218735985606502}