{"MV1":0.21029642904761514,"MV3":0.16287340399834715,"CH1":0.8194326854131667}