{"MV1":0.38029175101625723,"MV3":0.6572177374238,"CH1":0.7982272833629853}