{"MV1":0.2468556496088179,"MV3":0.7415656335459186,"CH1":0.40864525735267243}