{"MV1":0.6118588511710882,"MV3":0.9952882477176566,"CH1":0.005242967712308033}