{"MV1":0.13895631636299155,"MV3":0.8659758486432334,"CH1":0.9796838209259027}