{"MV1":0.7899565762389299,"MV3":0.13579172216512636,"CH1":0.9521086238255508}