{"MV1":0.1345364713083642,"MV3":0.28580958898518993,"CH1":0.18842535029238072}