{"MV1":0.5989770691998093,"MV3":0.8927202215331748,"CH1":0.23496080876347802}