{"MV1":0.957555042660092,"MV3":0.39399088701996465,"CH1":0.005872238388898832}