{"MV1":0.6249733439172942,"MV3":0.23676416351932328,"CH1":0.5422451894333089}