{"MV1":0.5379143431303449,"MV3":0.256222878558945,"CH1":0.37088858688169235}