{"MV1":0.03415465276071905,"MV3":0.018812050161763794,"CH1":0.8323987491968448}