{"MV1":0.21739484422442945,"MV3":0.013746471600496801,"CH1":0.9261406393369144}