{"MV1":0.545214122951934,"MV3":0.5468116406024522,"CH1":0.9215940762860381}