{"MV1":0.6116832191313616,"MV3":0.5481749239181473,"CH1":0.8026591587794009}