{"MV1":0.9638125822760567,"MV3":0.9351210169890982,"CH1":0.22066661928457343}