{"MV1":0.37708798496883744,"MV3":0.41723583247647067,"CH1":0.20958799698580843}