{"MV1":0.04657935482032449,"MV3":0.5073989274094307,"CH1":0.2695730551192671}