{"MV1":0.6522868322280203,"MV3":0.41380953475614113,"CH1":0.9681768694790986}