{"MV1":0.6365917356934171,"MV3":0.5288648574642217,"CH1":0.17131884436173217}