{"MV1":0.03816137413580789,"MV3":0.6575662270291606,"CH1":0.9978729460543758}