{"MV1":0.9910006244701912,"MV3":0.18057046424417522,"CH1":0.2642584952750885}