{"MV1":0.3207400851472433,"MV3":0.6789346042673198,"CH1":0.2103158438511692}