{"MV1":0.3152389983162369,"MV3":0.367492915408012,"CH1":0.5682178700861551}