{"MV1":0.00623215182811554,"MV3":0.870867677175675,"CH1":0.8270858297762311}