{"MV1":0.27283960012701947,"MV3":0.3134295536615861,"CH1":0.44432157245425363}