{"MV1":0.6219354431128544,"MV3":0.695164656202682,"CH1":0.5652353237584354}