{"MV1":0.4389440036357073,"MV3":0.13190539568698778,"CH1":0.9784759183615812}