{"MV1":0.18752284367807748,"MV3":0.023473951441832508,"CH1":0.08561364597798671}