{"MV1":0.7692068649491398,"MV3":0.27996063226444023,"CH1":0.3391597031806387}