{"MV1":0.8022209369281618,"MV3":0.555600912401782,"CH1":0.9455779032450488}