{"MV1":0.3101434716305269,"MV3":0.6891619886903682,"CH1":0.2955450307998627}