{"MV1":0.06652398394056591,"MV3":0.937404550374264,"CH1":0.049633581926598835}