{"MV1":0.5378330481432384,"MV3":0.014705035227700392,"CH1":0.9001836609775016}