{"MV1":0.41469808171585,"MV3":0.7511728411994406,"CH1":0.664110226787253}