{"MV1":0.8776316552936002,"MV3":0.01898720118446906,"CH1":0.3009320503371333}