{"MV1":0.539674160325071,"MV3":0.5722217086680931,"CH1":0.4498156908494848}