{"MV1":0.7496625846221897,"MV3":0.339650144182165,"CH1":0.5423645973121666}