{"MV1":0.8465921793006783,"MV3":0.3836247119043861,"CH1":0.958197601647399}