{"MV1":0.07137409574119302,"MV3":0.440407816939989,"CH1":0.5950317298936567}