{"MV1":0.05100849440936506,"MV3":0.43178634318683906,"CH1":0.4407329208067374}