{"MV1":0.502160469673058,"MV3":0.42618416655821023,"CH1":0.22230035314519425}