{"MV1":0.4559598013923144,"MV3":0.2644423867861072,"CH1":0.6427437896062267}