{"MV1":0.15674143895278791,"MV3":0.46214227281905396,"CH1":0.39458247639090704}