{"MV1":0.2930008807333777,"MV3":0.1141640874388693,"CH1":0.91486244987636}