{"MV1":0.9888985084616487,"MV3":0.6538781761326737,"CH1":0.5326529069939305}