{"MV1":0.22818300348756992,"MV3":0.1434093174578982,"CH1":0.8569488914765807}