{"MV1":0.005749111918698979,"MV3":0.6028753028688909,"CH1":0.40363627593033047}