{"MV1":0.6964989694203354,"MV3":0.852686128388541,"CH1":0.6316720083466834}