{"MV1":0.642549423548249,"MV3":0.8915191753573135,"CH1":0.4832292191285962}