{"MV1":0.6640525979621446,"MV3":0.6251588122661547,"CH1":0.24322836775212664}