{"MV1":0.18484125353338765,"MV3":0.5766600856967496,"CH1":0.9732663668632919}