{"MV1":0.2230524018345622,"MV3":0.7383396195237097,"CH1":0.6877306337730998}