{"MV1":0.928053283305932,"MV3":0.20250604869043298,"CH1":0.34048744936888553}