{"MV1":0.4264905813900687,"MV3":0.9795519463999873,"CH1":0.060207111414994685}