{"MV1":0.934039488074433,"MV3":0.3684147266671952,"CH1":0.7834584292080101}