{"MV1":0.41707004849416474,"MV3":0.2989231920819235,"CH1":0.23315281291790213}