{"MV1":0.7573358699142373,"MV3":0.08947175376247529,"CH1":0.20078854441669147}