{"MV1":0.3645260248218367,"MV3":0.8265381079376791,"CH1":0.3902695351010437}