{"MV1":0.7070483840647549,"MV3":0.014106549713859384,"CH1":0.8713576157234956}