{"MV1":0.11494288084698578,"MV3":0.7324809728288507,"CH1":0.9243480635917782}