{"MV1":0.6085477930510435,"MV3":0.13767250591082703,"CH1":0.31491386884283623}