{"MV1":0.5267698377217584,"MV3":0.0636942537880103,"CH1":0.19623272649233958}