{"MV1":0.12226646689113041,"MV3":0.6953858808033158,"CH1":0.16063341944241427}