{"MV1":0.06491930221417164,"MV3":0.06133206315016748,"CH1":0.6185561024868184}