{"MV1":0.5840626165113713,"MV3":0.8140249634310458,"CH1":0.2293492315861626}