{"MV1":0.2833343149335784,"MV3":0.8346138588350102,"CH1":0.6059468706813972}