{"MV1":0.9715567599459177,"MV3":0.6226109572684447,"CH1":0.8335015136918471}