{"MV1":0.7956486902303426,"MV3":0.4048205198571845,"CH1":0.2433006932568399}