{"MV1":0.04857213831711449,"MV3":0.6925416757037668,"CH1":0.6200780223569422}