{"MV1":0.07433947143270003,"MV3":0.583672677362385,"CH1":0.7489443513277222}