{"MV1":0.9016810565180039,"MV3":0.8640516169790414,"CH1":0.867309832952359}