{"MV1":0.41299499509725046,"MV3":0.8162569892461293,"CH1":0.4513907695400833}