{"MV1":0.24355472995513738,"MV3":0.5346484365887018,"CH1":0.4103166514765123}