{"MV1":0.5328370164362717,"MV3":0.9275023432371161,"CH1":0.36077271913053155}