{"MV1":0.3673949269128932,"MV3":0.5899544386420549,"CH1":0.4574446727633802}