{"MV1":0.23207669749329707,"MV3":0.7294700184566405,"CH1":0.42599951363729094}