{"MV1":0.7813343368702637,"MV3":0.7623663828030491,"CH1":0.5433141158306647}