{"MV1":0.4101705087764369,"MV3":0.7707821749476205,"CH1":0.404333902888774}