{"MV1":0.7349261786303737,"MV3":0.494126466183743,"CH1":0.8717496247115565}