{"MV1":0.02737435703483837,"MV3":0.5869816792383958,"CH1":0.8800620003150668}