{"MV1":0.5556693436911212,"MV3":0.04882999246357256,"CH1":0.6881403536539213}