{"MV1":0.13234293906988126,"MV3":0.6543605717602563,"CH1":0.45906069860608845}