{"MV1":0.37453959172941553,"MV3":0.8622520996501332,"CH1":0.02247244047994834}