{"MV1":0.8506826555884971,"MV3":0.591389525429625,"CH1":0.8727216413578271}