{"MV1":0.979062328800047,"MV3":0.19261626004256904,"CH1":0.2860781462667237}