{"MV1":0.23361696168158508,"MV3":0.11602382940197054,"CH1":0.2257270782868248}