{"MV1":0.3582659689941957,"MV3":0.48825424140400664,"CH1":0.28190687097349676}