{"MV1":0.13867197406358445,"MV3":0.07107952561300579,"CH1":0.6454019649823503}