{"MV1":0.8789364675616036,"MV3":0.8209848250672063,"CH1":0.6814123848036449}