{"MV1":0.25451725997381003,"MV3":0.3689555724203215,"CH1":0.2052393459863946}