{"MV1":0.9623016146878814,"MV3":0.9871176317693734,"CH1":0.8382573451593014}