{"MV1":0.3337247406191275,"MV3":0.008209640146804476,"CH1":0.9649658318095544}