{"MV1":0.6528918159058572,"MV3":0.8497123097462843,"CH1":0.9301836850366612}