{"MV1":0.6368076579563552,"MV3":0.5645440189652174,"CH1":0.5259663397628649}