{"MV1":0.5951797381875599,"MV3":0.22522300571084442,"CH1":0.7746475671687729}