{"MV1":0.6720870505282854,"MV3":0.25386292883422124,"CH1":0.3880553971998806}