{"MV1":0.565054972534482,"MV3":0.17773181600743027,"CH1":0.9807732140715301}