{"MV1":0.7301287656520523,"MV3":0.8743814514914462,"CH1":0.1915531353305574}