{"MV1":0.24858850980533165,"MV3":0.9913612279525817,"CH1":0.08716069415465}