{"MV1":0.2949573454118145,"MV3":0.9773084305884676,"CH1":0.6480727559581716}