{"MV1":0.9678920592968262,"MV3":0.0878268279569766,"CH1":0.24849747002046585}