{"MV1":0.44008982261375684,"MV3":0.6739747696704683,"CH1":0.3044799058953527}