{"MV1":0.3862809527712091,"MV3":0.568735139091701,"CH1":0.754892296020581}