{"MV1":0.622305750023883,"MV3":0.022045560425823618,"CH1":0.36692975970777497}