{"MV1":0.41603065513782345,"MV3":0.7949894814413685,"CH1":0.7532940802665948}