{"MV1":0.346244434708629,"MV3":0.7333074223966496,"CH1":0.057800461839485284}