{"MV1":0.5477193914255561,"MV3":0.41020935117601964,"CH1":0.6399116234040595}