{"MV1":0.8971243541016252,"MV3":0.7296416095424333,"CH1":0.6355234755748127}