{"MV1":0.7526800539398103,"MV3":0.05172286962588124,"CH1":0.5127443346213177}