{"MV1":0.48524259150514193,"MV3":0.59791885221855,"CH1":0.03869357296491416}