{"MV1":0.7206765638181651,"MV3":0.9592556398795498,"CH1":0.8216955554099605}