{"MV1":0.8376329855394448,"MV3":0.4341913424905737,"CH1":0.29852771112187015}