{"MV1":0.41683571719804857,"MV3":0.8777177773040461,"CH1":0.45143819669481233}