{"MV1":0.4199614739245886,"MV3":0.3109684322038563,"CH1":0.8449234807411594}