{"MV1":0.33542602865157656,"MV3":0.9292147793351964,"CH1":0.5527917686273126}