{"MV1":0.4053291295027749,"MV3":0.5840458595228453,"CH1":0.33863991772289015}