{"MV1":0.7714727202850999,"MV3":0.15478008472128246,"CH1":0.2532718911722176}