{"MV1":0.8330528085895337,"MV3":0.6840859275067713,"CH1":0.19296665340173458}