{"MV1":0.3491501826551786,"MV3":0.27659828609505877,"CH1":0.6313228502415943}