{"MV1":0.7414443297444332,"MV3":0.47666145974358354,"CH1":0.46602131967192595}