{"MV1":0.6919974785813476,"MV3":0.8839363704475174,"CH1":0.3675985060835649}