{"MV1":0.8292051886854404,"MV3":0.567779035601115,"CH1":0.38217242925295836}