{"MV1":0.9367090283167405,"MV3":0.6151061907258976,"CH1":0.6585789806784377}