{"MV1":0.7520185837913663,"MV3":0.9618142508853064,"CH1":0.24555288183563884}