{"MV1":0.9224011635143671,"MV3":0.8283150027744973,"CH1":0.8150149794905873}