{"MV1":0.8144442098142219,"MV3":0.1371952947276346,"CH1":0.18806213725704157}