{"MV1":0.32091905732162096,"MV3":0.7930153065722801,"CH1":0.9280671259633326}