{"MV1":0.09694253338881864,"MV3":0.658408419063105,"CH1":0.1739413620251593}