{"MV1":0.9642322060030754,"MV3":0.32103801724502734,"CH1":0.007158315009231475}