{"MV1":0.2071662903754451,"MV3":0.8838453150166162,"CH1":0.2945226173538974}