{"MV1":0.42702747958525356,"MV3":0.46929385639887355,"CH1":0.04386261183494722}