{"MV1":0.4939108247979329,"MV3":0.12454098702969629,"CH1":0.6637338924743101}