{"MV1":0.4119723684760763,"MV3":0.33280121067584045,"CH1":0.47502122184989615}