{"MV1":0.6107463375430103,"MV3":0.15207108052571683,"CH1":0.36189434427937583}