{"MV1":0.9650546852471983,"MV3":0.4669977193178607,"CH1":0.9190639426730897}