{"MV1":0.6893849484500207,"MV3":0.9848990020069015,"CH1":0.7589067837919967}