{"MV1":0.4502430839666176,"MV3":0.6380426384626229,"CH1":0.34090973033526484}