{"MV1":0.23793217871099992,"MV3":0.7662000619746399,"CH1":0.837194418436154}