{"MV1":0.322926494785968,"MV3":0.03902746755448461,"CH1":0.0547053201429506}