{"MV1":0.026817918441526367,"MV3":0.5782915044942616,"CH1":0.8076770717027681}