{"MV1":0.8391423332850749,"MV3":0.13666567921825956,"CH1":0.15442982196998445}