{"MV1":0.7175329841624367,"MV3":0.95903929188083,"CH1":0.7238198315263183}