{"MV1":0.14268419046892966,"MV3":0.36229222315828014,"CH1":0.9658635396042702}