{"MV1":0.02368132517750965,"MV3":0.5111868770575801,"CH1":0.6586586795475579}