{"MV1":0.8376371614541763,"MV3":0.493054784000853,"CH1":0.9507148504754317}