{"MV1":0.42723587196651425,"MV3":0.1760402176396989,"CH1":0.20020487164535372}