{"MV1":0.08121995499866219,"MV3":0.6728650927268973,"CH1":0.6576368206654557}