{"MV1":0.10060870576153313,"MV3":0.9682553134143532,"CH1":0.9755512888139628}