{"MV1":0.3793662636355136,"MV3":0.8793882782197234,"CH1":0.4682918445573887}