{"MV1":0.01697715028813107,"MV3":0.6844709218714308,"CH1":0.5823748596848793}