{"MV1":0.7629384882270251,"MV3":0.30065754601200667,"CH1":0.9409101544201524}