{"MV1":0.21756738913773466,"MV3":0.34451518175340756,"CH1":0.25672026789263824}