{"MV1":0.22471635662432332,"MV3":0.9623521800466341,"CH1":0.7798912313976836}