{"MV1":0.8499194881532844,"MV3":0.10933191768654327,"CH1":0.7271554621911521}