{"MV1":0.4297298042823148,"MV3":0.5086749674757887,"CH1":0.3942525885288728}