{"MV1":0.8655236954726009,"MV3":0.39849880827598505,"CH1":0.5361426864993146}