{"MV1":0.8733168971483828,"MV3":0.8217307043275641,"CH1":0.196706833672172}