{"MV1":0.25906467437472025,"MV3":0.22101896190056836,"CH1":0.13427820637250532}