{"MV1":0.22966914148530637,"MV3":0.4162951223422756,"CH1":0.7494281287243882}