{"MV1":0.8791241596193224,"MV3":0.2892083303226196,"CH1":0.5396269637408584}