{"MV1":0.12568551061223676,"MV3":0.7827939151012188,"CH1":0.2988564946468879}