{"MV1":0.22272217308149056,"MV3":0.686397211223344,"CH1":0.477673262331364}