{"MV1":0.959114981340208,"MV3":0.7456911479681377,"CH1":0.5744628893425371}