{"MV1":0.1429077587035823,"MV3":0.504800514057922,"CH1":0.09076708103146347}