{"MV1":0.34419391432254454,"MV3":0.04537833153428916,"CH1":0.7554931254858823}