{"MV1":0.4158070758264081,"MV3":0.5256200184382319,"CH1":0.10048606756304834}