{"MV1":0.42529906201920975,"MV3":0.12730125558912497,"CH1":0.2824987064616682}