{"MV1":0.406359930156419,"MV3":0.3295173263210356,"CH1":0.11031517017044656}