{"MV1":0.043299286101603274,"MV3":0.8344518436918853,"CH1":0.9040620884075928}