{"MV1":0.4976010040431732,"MV3":0.3845409006519357,"CH1":0.3908553626797945}