{"MV1":0.9170668506767212,"MV3":0.4459313254274374,"CH1":0.206050975161984}