{"MV1":0.6561100814372388,"MV3":0.7033035380043244,"CH1":0.8972220377396358}