{"MV1":0.8032519531482452,"MV3":0.8587725428008194,"CH1":0.7082654596887284}