{"MV1":0.07712493614477478,"MV3":0.19351934136782178,"CH1":0.059505199670018216}