{"MV1":0.8989699078241955,"MV3":0.738469319198006,"CH1":0.8449507096893241}