{"MV1":0.42945764794586383,"MV3":0.0857568008359818,"CH1":0.9017271800661101}