{"MV1":0.5142548671760456,"MV3":0.4052014179836311,"CH1":0.33199181158362334}