{"MV1":0.3778540426573883,"MV3":0.5680251815763178,"CH1":0.5761540811645015}