{"MV1":0.34273402209882986,"MV3":0.8143634533942099,"CH1":0.3577466496344708}