{"MV1":0.6387188163019405,"MV3":0.732917632636828,"CH1":0.12265738876749566}