{"MV1":0.5837290853127383,"MV3":0.49727873944907786,"CH1":0.7625577335970665}