{"MV1":0.01987410401059342,"MV3":0.8834132978345564,"CH1":0.5402088614956304}