{"MV1":0.2408982636711975,"MV3":0.9868505179146496,"CH1":0.23106407580907995}