{"MV1":0.5045170595817706,"MV3":0.7557043415558676,"CH1":0.8406513037760046}