{"MV1":0.9661536039013953,"MV3":0.5146425120467417,"CH1":0.024352743939497046}