{"MV1":0.14698428942346065,"MV3":0.9358832294752115,"CH1":0.18433408311054833}