{"MV1":0.5974347319747421,"MV3":0.7771353413451445,"CH1":0.27968405081435443}