{"MV1":0.6251369915959819,"MV3":0.4039977954682139,"CH1":0.21489235102252846}