{"MV1":0.42283323454975685,"MV3":0.5710669446201208,"CH1":0.39792421912998843}