{"MV1":0.6916064433062133,"MV3":0.9919272542406293,"CH1":0.0172558161116394}