{"MV1":0.34030579565077046,"MV3":0.7882284387473014,"CH1":0.9307532543440984}