{"MV1":0.960369414397345,"MV3":0.9946433723029561,"CH1":0.05144905734536942}