{"MV1":0.5402761040905227,"MV3":0.46148463859785327,"CH1":0.6923554306950582}