{"MV1":0.43696314150075677,"MV3":0.1869114207478827,"CH1":0.17173422860843635}