{"MV1":0.7924230246178677,"MV3":0.19707264543083147,"CH1":0.16491473689459468}