{"MV1":0.9689677151627625,"MV3":0.577461026416073,"CH1":0.3104637472620597}