{"MV1":0.5559775679668975,"MV3":0.4305171501318308,"CH1":0.7685321080255797}