{"MV1":0.022129131188495244,"MV3":0.0311805417780735,"CH1":0.5623329919482402}