{"MV1":0.5122133315088869,"MV3":0.09798548518869366,"CH1":0.6336516460201114}