{"MV1":0.5868416793611853,"MV3":0.06861727872997503,"CH1":0.06986242239318496}