{"MV1":0.99500766453708,"MV3":0.5039895811992327,"CH1":0.6964540780838854}