{"MV1":0.16938195445379567,"MV3":0.46567242018844623,"CH1":0.8215774006672398}