{"MV1":0.0630488091543594,"MV3":0.2886468566746002,"CH1":0.8690306737530156}