{"MV1":0.29038671411208905,"MV3":0.8996011432356776,"CH1":0.8277062088434033}