{"MV1":0.9598105281074027,"MV3":0.2320063101378782,"CH1":0.6469085974288916}