{"MV1":0.6433417962260386,"MV3":0.9246499539047317,"CH1":0.020147671626493335}