{"MV1":0.7525221471657767,"MV3":0.3514208124694347,"CH1":0.1349024858048431}