{"MV1":0.7059562755959279,"MV3":0.5071310946503025,"CH1":0.7749118495945772}