{"MV1":0.012844837341589699,"MV3":0.7033242398075487,"CH1":0.9706504256943197}