{"MV1":0.2209037012044831,"MV3":0.2779343209531019,"CH1":0.2795757335516994}