{"MV1":0.37216033282222316,"MV3":0.3587405087452804,"CH1":0.6001182276966888}