{"MV1":0.38055948288706765,"MV3":0.06501147773642746,"CH1":0.671633511637421}