{"MV1":0.13280298850754835,"MV3":0.0943918330800061,"CH1":0.5726071964139002}