{"MV1":0.2514693266000516,"MV3":0.1767037572123522,"CH1":0.3126041949698686}