{"MV1":0.3675284369268328,"MV3":0.6255960608973719,"CH1":0.7625497220207407}