{"MV1":0.09710794284683888,"MV3":0.5450722319717838,"CH1":0.2504610250517978}