{"MV1":0.0182307790412648,"MV3":0.37988842197132944,"CH1":0.9351324336833009}