{"MV1":0.12790443163391163,"MV3":0.5506705516680331,"CH1":0.2656333938541352}