{"MV1":0.7864327066368951,"MV3":0.7501256665454322,"CH1":0.7866491286426744}