{"MV1":0.029097252499902804,"MV3":0.4587063393922156,"CH1":0.6461116391214663}