{"MV1":0.9124815311788088,"MV3":0.2545320627293801,"CH1":0.8963861639833458}