{"MV1":0.6370819816794742,"MV3":0.04362455151430167,"CH1":0.7109553650451035}