{"MV1":0.5722622598728292,"MV3":0.718553018285527,"CH1":0.5953358986130423}