{"MV1":0.14003830714015075,"MV3":0.5486123188842874,"CH1":0.8912202073023351}