{"MV1":0.7216694571715095,"MV3":0.030845907294732022,"CH1":0.19278868291695328}