{"MV1":0.652033117059718,"MV3":0.20287474338800549,"CH1":0.6521136081688068}