{"MV1":0.16830453065454587,"MV3":0.6914782139516086,"CH1":0.6135665008328653}