{"MV1":0.23471136557056227,"MV3":0.2277121960298334,"CH1":0.4512670813127264}