{"MV1":0.5421146122194315,"MV3":0.8791432938733245,"CH1":0.4081126255599744}