{"MV1":0.8200573614013109,"MV3":0.8838073136824446,"CH1":0.08371182279015987}