{"MV1":0.9960522052612112,"MV3":0.2791508883413434,"CH1":0.8445680500814466}