{"MV1":0.4793330041070225,"MV3":0.8833981353426241,"CH1":0.08418255169983513}