{"MV1":0.9980451026831328,"MV3":0.6908620552340439,"CH1":0.24366304616174983}