{"MV1":0.7263911919275451,"MV3":0.905425111532763,"CH1":0.7493872789739631}