{"MV1":0.7941945680123241,"MV3":0.17993519667029245,"CH1":0.9536548572316268}