{"MV1":0.20492029827703817,"MV3":0.4955087409276203,"CH1":0.6703767345935419}