{"MV1":0.5315175200705523,"MV3":0.35079908610703114,"CH1":0.26007001348872394}