{"MV1":0.2850711128522663,"MV3":0.1895999560235836,"CH1":0.5480844863636544}