{"MV1":0.7268166595890366,"MV3":0.6663886041439416,"CH1":0.877842553291687}