{"MV1":0.5219518411098357,"MV3":0.4259605050716405,"CH1":0.1346463753595344}