{"MV1":0.4948913371926694,"MV3":0.07070209716815645,"CH1":0.9568185218581006}