{"MV1":0.7589690268589284,"MV3":0.813327396087499,"CH1":0.24102264994990996}