{"MV1":0.9766084919813046,"MV3":0.9004076411193186,"CH1":0.1316876215206404}