{"MV1":0.35295355661292327,"MV3":0.09677194196688055,"CH1":0.27899729662597506}