{"MV1":0.8797632461373508,"MV3":0.9296652816129604,"CH1":0.08822965027942509}