{"MV1":0.3526733088704822,"MV3":0.9236307314528974,"CH1":0.6521289023271462}