{"MV1":0.2064122190790002,"MV3":0.8272417258270871,"CH1":0.2987308394635718}