{"MV1":0.19744728500831388,"MV3":0.061877174647988364,"CH1":0.29295354489869796}