{"MV1":0.4870146556640226,"MV3":0.462377943939995,"CH1":0.19330481408950062}