{"MV1":0.2615243604544605,"MV3":0.7347517807011927,"CH1":0.2011850344183398}