{"MV1":0.6262567006570144,"MV3":0.27840463249491343,"CH1":0.6585659406306383}