{"MV1":0.19782052103460246,"MV3":0.01468097097142329,"CH1":0.43729159739259016}