{"MV1":0.3859543630940986,"MV3":0.827235516511274,"CH1":0.9668897542373476}