{"MV1":0.48683256059447655,"MV3":0.7651013718731563,"CH1":0.43648495269906606}