{"MV1":0.3666949778804437,"MV3":0.2657696420000828,"CH1":0.412972012488114}