{"MV1":0.6352262685150579,"MV3":0.3557888120706937,"CH1":0.17914966571619872}