{"MV1":0.6072579684765992,"MV3":0.16923033177621416,"CH1":0.278896943792751}