{"MV1":0.3959389604698269,"MV3":0.2732918668943204,"CH1":0.8270703939570949}