{"MV1":0.24347475594657975,"MV3":0.9683997233851709,"CH1":0.18008281509210766}