{"MV1":0.9314587106076397,"MV3":0.22588027156277557,"CH1":0.25244864208722195}