{"MV1":0.09274714207979262,"MV3":0.7105176203204246,"CH1":0.8542895087842387}