{"MV1":0.06441896395478397,"MV3":0.8802869775325908,"CH1":0.639210941130905}