{"MV1":0.33652317517672103,"MV3":0.6266731362693954,"CH1":0.48649720371875194}