{"MV1":0.5569367710139385,"MV3":0.005490114600760543,"CH1":0.43654359489629857}