{"MV1":0.659189226421073,"MV3":0.65368436605463,"CH1":0.5096605295405354}