{"MV1":0.3475404371929014,"MV3":0.8446886591831947,"CH1":0.22782661982904284}