{"MV1":0.4733909594245508,"MV3":0.5974917493201372,"CH1":0.4922232215807416}