{"MV1":0.9789537997386643,"MV3":0.4680526563083518,"CH1":0.4354320652561058}