{"MV1":0.8730915249537154,"MV3":0.5197256792227052,"CH1":0.1857137697218172}