{"MV1":0.046343825221979995,"MV3":0.5661177554427735,"CH1":0.6768166288518661}