{"MV1":0.3203506223031122,"MV3":0.4158655344455058,"CH1":0.7897911827790589}