{"MV1":0.6335864281263335,"MV3":0.3551438342572859,"CH1":0.506520985051499}