{"MV1":0.17893159365494293,"MV3":0.3741604041995851,"CH1":0.979957720688849}