{"MV1":0.00927838418027549,"MV3":0.5858424062785577,"CH1":0.8085805092070837}