{"MV1":0.749559610334891,"MV3":0.015021742747691635,"CH1":0.2577525262702076}