{"MV1":0.912878044019982,"MV3":0.05012187432685611,"CH1":0.7754558065227185}