{"MV1":0.6909283238217752,"MV3":0.430780805959355,"CH1":0.20152578149630962}