{"MV1":0.9346069003105046,"MV3":0.8326214889429469,"CH1":0.12909945635594866}