{"MV1":0.8739689935350984,"MV3":0.6953428922692675,"CH1":0.020856459111658676}