{"MV1":0.5983115593410238,"MV3":0.9040463021147368,"CH1":0.4745544368715039}