{"MV1":0.23785767295411575,"MV3":0.09462815277970105,"CH1":0.4036934712060638}