{"MV1":0.24284367105361715,"MV3":0.6978972355303843,"CH1":0.5953810609194882}