{"MV1":0.03496565468181145,"MV3":0.33983540301987736,"CH1":0.8772064863802798}