{"MV1":0.8415936584195692,"MV3":0.6030319236775837,"CH1":0.8585549809728731}