{"MV1":0.4931696007068038,"MV3":0.2521475813206222,"CH1":0.1209015936376463}