{"MV1":0.5431837710310871,"MV3":0.5845868431967891,"CH1":0.22262175209532375}