{"MV1":0.25619709606466834,"MV3":0.8508278674723773,"CH1":0.330982497363114}