{"MV1":0.5716966058246389,"MV3":0.49941414663973605,"CH1":0.5348457783494731}