{"MV1":0.8802832282031414,"MV3":0.3588257276908543,"CH1":0.1974378899967233}