{"MV1":0.8630816511125888,"MV3":0.4294585697332778,"CH1":0.6560287804617185}