{"MV1":0.874333727142437,"MV3":0.15852900410247261,"CH1":0.6589520835344503}