{"MV1":0.3628373358089315,"MV3":0.8347175852301705,"CH1":0.5113819709414572}