{"MV1":0.1730496678982827,"MV3":0.21300075970727872,"CH1":0.5083883968823564}