{"MV1":0.7629285166483886,"MV3":0.9500186292736563,"CH1":0.5404632130516639}