{"MV1":0.46905829864294313,"MV3":0.8508353167735524,"CH1":0.06077656408997878}