{"MV1":0.07306972770598463,"MV3":0.819167138706468,"CH1":0.7999339427697754}