{"MV1":0.8194774318033928,"MV3":0.35867877301269857,"CH1":0.409273340065067}