{"MV1":0.9345815238890455,"MV3":0.3412960591605545,"CH1":0.41568351967805706}