{"MV1":0.6853754861087972,"MV3":0.014762658294811382,"CH1":0.5994084334810764}