{"MV1":0.3126747718628715,"MV3":0.6758394037500286,"CH1":0.742854461497741}