{"MV1":0.5663162036824265,"MV3":0.03058119597861908,"CH1":0.7377085892534436}