{"MV1":0.9289692339959943,"MV3":0.6134362178917826,"CH1":0.7643036538905642}