{"MV1":0.3258226639909845,"MV3":0.5194164142409848,"CH1":0.21211176822109812}