{"MV1":0.7530344446967598,"MV3":0.48035490225921973,"CH1":0.2945553224449433}