{"MV1":7.540384078275064e-05,"MV3":0.8204036085020854,"CH1":0.4902240412942622}