{"MV1":0.1436129986596988,"MV3":0.48531379471145686,"CH1":0.9566201623177066}