{"MV1":0.7096763143415056,"MV3":0.5908955210650684,"CH1":0.042542345497376455}