{"MV1":0.8748181055215478,"MV3":0.49607301253153324,"CH1":0.34377767387616287}