{"MV1":0.8734934538326046,"MV3":0.7691866949784408,"CH1":0.3126756360547316}