{"MV1":0.2795771061214347,"MV3":0.8361374247874003,"CH1":0.6624428287554992}