{"MV1":0.7360262115968982,"MV3":0.9224313505023735,"CH1":0.43306284975214937}