{"MV1":0.45370714488799835,"MV3":0.04627339877248804,"CH1":0.7207068340526598}