{"MV1":0.2918581758340887,"MV3":0.4040941198145229,"CH1":0.4665496176812125}