{"MV1":0.3084185656547658,"MV3":0.9654285497772968,"CH1":0.3428412319907206}