{"MV1":0.36594039200277906,"MV3":0.26932490178248336,"CH1":0.27431379437926917}