{"MV1":0.6504363142394388,"MV3":0.9920282186020444,"CH1":0.5027028277379918}