{"MV1":0.604021358818447,"MV3":0.4435607624983202,"CH1":0.7316321182716451}