{"MV1":0.7048142166330024,"MV3":0.7792501764529846,"CH1":0.8524208032620165}