{"MV1":0.7510726297233344,"MV3":0.07900472777101308,"CH1":0.30771819736431916}