{"MV1":0.8220962808909748,"MV3":0.3348452859536546,"CH1":0.9848969606741551}