{"MV1":0.6367151474111912,"MV3":0.17263064391535565,"CH1":0.4760006898866339}