{"MV1":0.39715380119006793,"MV3":0.5582424472677094,"CH1":0.07283538101163889}