{"MV1":0.21348954263408293,"MV3":0.014899156580858941,"CH1":0.9909223811021826}