{"MV1":0.39843360022810026,"MV3":0.9888753212128185,"CH1":0.6886413408325534}