{"MV1":0.9771558162748093,"MV3":0.7606275371747442,"CH1":0.42030469630852396}