{"MV1":0.05516298587402346,"MV3":0.2747719039028039,"CH1":0.2679777344882507}