{"MV1":0.15969953425294114,"MV3":0.9921239277549183,"CH1":0.4756237212529838}