{"MV1":0.40594761006071767,"MV3":0.7746993739872028,"CH1":0.6407109268844609}