{"MV1":0.9980179551842352,"MV3":0.5990083294882024,"CH1":0.5673221880457637}