{"MV1":0.17712211956276736,"MV3":0.2856099507764903,"CH1":0.33191692853610066}