{"MV1":0.4215724039013312,"MV3":0.8792095402729465,"CH1":0.44983204506623653}