{"MV1":0.25649590933084854,"MV3":0.7321132143475486,"CH1":0.21732870724658293}