{"MV1":0.24648745985911036,"MV3":0.672680346114171,"CH1":0.29452415823497413}