{"MV1":0.9729071340987052,"MV3":0.6046226335916186,"CH1":0.33275707394024945}