{"MV1":0.336480583661137,"MV3":0.9496759868147528,"CH1":0.7322194676420355}