{"MV1":0.34086995908199336,"MV3":0.6175717037951782,"CH1":0.03014663144906815}