{"MV1":0.48634452458833544,"MV3":0.06616395905444816,"CH1":0.9466811779931004}