{"MV1":0.6702724042276165,"MV3":0.13701195783394815,"CH1":0.31583881307014505}