{"MV1":0.704899013312899,"MV3":0.8643353008495938,"CH1":0.14730819963501462}