{"MV1":0.3395065845150915,"MV3":0.7188677503742356,"CH1":0.553961431856269}