{"MV1":0.5232638514951069,"MV3":0.1013708495312503,"CH1":0.26828907182798256}