{"MV1":0.6732286033248157,"MV3":0.6408305322094325,"CH1":0.7616830632204734}