{"MV1":0.23025341782293252,"MV3":0.42790373177522356,"CH1":0.9802180167476314}