{"MV1":0.903034306638556,"MV3":0.8026576186702525,"CH1":0.8764832791724563}