{"MV1":0.4986542274869117,"MV3":0.7589568149034769,"CH1":0.5503572178588341}