{"MV1":0.6132830276594773,"MV3":0.17681121745988182,"CH1":0.8099231740880596}