{"MV1":0.817382448106412,"MV3":0.7348466883357094,"CH1":0.47871644480430053}