{"MV1":0.22082006168846213,"MV3":0.3026322253343433,"CH1":0.6172905418887382}