{"MV1":0.2755701377797378,"MV3":0.02827009529624469,"CH1":0.4091339660782145}