{"MV1":0.9072159193594057,"MV3":0.5871513709995377,"CH1":0.3443921551083887}