{"MV1":0.8616555157943223,"MV3":0.22694189324452618,"CH1":0.06699149396932746}