{"MV1":0.8752337857582578,"MV3":0.07512850864808385,"CH1":0.7371630798711402}