{"MV1":0.00705935331364882,"MV3":0.573769508287569,"CH1":0.42294896338974897}