{"MV1":0.7746638203790466,"MV3":0.353198137191279,"CH1":0.20396479816304736}