{"MV1":0.2782397349004124,"MV3":0.4982167637081316,"CH1":0.09196681897352699}