{"MV1":0.7795936485297571,"MV3":0.07673132160133123,"CH1":0.47566366882888167}