{"MV1":0.2019531189232303,"MV3":0.6547171128507523,"CH1":0.08157010873203974}