{"MV1":0.9037838250443334,"MV3":0.8956701192069518,"CH1":0.38426754474676184}