{"MV1":0.40450895625066585,"MV3":0.7453041249923072,"CH1":0.7342437928990365}