{"MV1":0.24636986305773978,"MV3":0.8656880038645025,"CH1":0.1443101868550123}