{"MV1":0.8834682033813294,"MV3":0.8453621314385753,"CH1":0.2532668209845129}