{"MV1":0.6444112935087052,"MV3":0.4475956874750926,"CH1":0.16745657329054586}