{"MV1":0.004903399014636434,"MV3":0.6608723952437204,"CH1":0.30661448467074603}