{"MV1":0.9042779037075314,"MV3":0.7267532110030175,"CH1":0.5066052935505273}