{"MV1":0.18196539224984376,"MV3":0.3778824632123543,"CH1":0.5206500546248649}