{"MV1":0.34703306064434003,"MV3":0.7745720836415682,"CH1":0.8581023253456151}