{"MV1":0.27085809394334337,"MV3":0.6690210798055258,"CH1":0.0002845065812248082}