{"MV1":0.2584796933072072,"MV3":0.007964164860080225,"CH1":0.760374457125445}