{"MV1":0.8580889824534041,"MV3":0.4830582689001037,"CH1":0.4417071250116841}