{"MV1":0.7719431232299823,"MV3":0.63723553647867,"CH1":0.6422871116621259}