{"MV1":0.49802274589129236,"MV3":0.1188098159349279,"CH1":0.574252340366757}