{"MV1":0.37408453086803073,"MV3":0.8689990880135862,"CH1":0.9618082302458745}