{"MV1":0.8505376628072061,"MV3":0.9761255719220315,"CH1":0.022876487963856884}