{"MV1":0.9878328500214864,"MV3":0.43256255191392357,"CH1":0.9175985003897789}