{"MV1":0.1665373163309667,"MV3":0.397862433603858,"CH1":0.0873864874394823}