{"MV1":0.28022908777522093,"MV3":0.25549144127131185,"CH1":0.37421914876357154}