{"MV1":0.7211449581082747,"MV3":0.2433285799617212,"CH1":0.5642500984193142}