{"MV1":0.4318357063636391,"MV3":0.06648912336618518,"CH1":0.5451071426574665}