{"MV1":0.9246527100959301,"MV3":0.7912087816306059,"CH1":0.027474884020337598}