{"MV1":0.5219252444061355,"MV3":0.1908968943434609,"CH1":0.7068808146134158}