{"MV1":0.4477455023052622,"MV3":0.20218947646548446,"CH1":0.6917252063571486}