{"MV1":0.9565903317094654,"MV3":0.05897074064318675,"CH1":0.09612288820827686}