{"MV1":0.5918414320568094,"MV3":0.755493067309814,"CH1":0.9909623489044862}