{"MV1":0.42645453377763587,"MV3":0.06799209617520663,"CH1":0.8317043278558278}