{"MV1":0.719088021216119,"MV3":0.7926061829968456,"CH1":0.6560654122431354}