{"MV1":0.8726498538788302,"MV3":0.012078718645671893,"CH1":0.7643732959874374}