{"MV1":0.39014173493736026,"MV3":0.3241294795841093,"CH1":0.7206995350456618}