{"MV1":0.9731350261609759,"MV3":0.5103619538377842,"CH1":0.10615462020376942}