{"MV1":0.6879746737677102,"MV3":0.9939366394883207,"CH1":0.8895939844421153}