{"MV1":0.9371826960705528,"MV3":0.8120194298952617,"CH1":0.600468844289406}