{"MV1":0.3261854484027328,"MV3":0.6262379001236253,"CH1":0.7311184559696198}