{"MV1":0.48182029333701426,"MV3":0.09731281967341487,"CH1":0.7486203574795017}