{"MV1":0.37337493354172624,"MV3":0.6985470760873715,"CH1":0.8268134906059542}