{"MV1":0.9603797463442529,"MV3":0.34452963842637163,"CH1":0.639568629408591}