{"MV1":0.7388978190052676,"MV3":0.9645520572606537,"CH1":0.7443847157707155}