{"MV1":0.9599670001810724,"MV3":0.4690385202047618,"CH1":0.7279930680546339}