{"MV1":0.4056122715216137,"MV3":0.611267482888101,"CH1":0.6413772942140766}