{"MV1":0.8817797543958761,"MV3":0.8589081412482138,"CH1":0.6184182273640343}