{"MV1":0.46781771756566903,"MV3":0.8642956520386446,"CH1":0.4234932180007821}