{"MV1":0.2829472844297891,"MV3":0.39855486083011393,"CH1":0.08409981500194486}