{"MV1":0.710795374623679,"MV3":0.7885096315267682,"CH1":0.9770806130035655}