{"MV1":0.27005830980628087,"MV3":0.8013992881746614,"CH1":0.22519224341073174}