{"MV1":0.03804771427983178,"MV3":0.5168108548314532,"CH1":0.09085916934617666}