{"MV1":0.2946803846987276,"MV3":0.5559741954578717,"CH1":0.4040419520602738}