{"MV1":0.45122814764104957,"MV3":0.23469469836666934,"CH1":0.7505626683015316}