{"MV1":0.6450127862126831,"MV3":0.6506739705420134,"CH1":0.16951272928833971}