{"MV1":0.0944257656353551,"MV3":0.4182055961038157,"CH1":0.7677117936420711}