{"MV1":0.01643358230575609,"MV3":0.7379677056083161,"CH1":0.7119871645883545}