{"MV1":0.5023602293656679,"MV3":0.3147923487891192,"CH1":0.2796574221998174}