{"MV1":0.033132305847345056,"MV3":0.8329810542317843,"CH1":0.6191203117031513}