{"MV1":0.7701774366344105,"MV3":0.551910786032468,"CH1":0.8680209973927493}