{"MV1":0.5230168113480729,"MV3":0.3372434355112761,"CH1":0.16811040839230662}