{"MV1":0.277654796158451,"MV3":0.060193626133278166,"CH1":0.2595431945952045}