{"MV1":0.16300560661048746,"MV3":0.5849398047909127,"CH1":0.28429676355901035}