{"MV1":0.647753665823194,"MV3":0.5204164376932802,"CH1":0.8303217542074232}