{"MV1":0.9417351010422451,"MV3":0.42919087395693045,"CH1":0.09793383803153344}