{"MV1":0.6508076169530109,"MV3":0.08622623014363084,"CH1":0.6352825084157223}