{"MV1":0.27467549465571606,"MV3":0.06829212507554916,"CH1":0.9325414390899408}