{"MV1":0.8617080741669211,"MV3":0.2841984407038942,"CH1":0.03921277789384492}