{"MV1":0.9687143556579858,"MV3":0.776076142680777,"CH1":0.3717681028065346}