{"MV1":0.8367805419507034,"MV3":0.6532671562546841,"CH1":0.886816513895629}