{"MV1":0.025620777067374867,"MV3":0.07553056562233096,"CH1":0.8732138523146404}