{"MV1":0.6019992670275203,"MV3":0.5717254841147551,"CH1":0.741714272262739}