{"MV1":0.9654321800360633,"MV3":0.7771995776636913,"CH1":0.006684275589933897}