{"MV1":0.7275361779494849,"MV3":0.13675661606961964,"CH1":0.7894827731957665}