{"MV1":0.6690133930178567,"MV3":0.7612206710907976,"CH1":0.2659008848360931}