{"MV1":0.4006484378519818,"MV3":0.9050629261567414,"CH1":0.4028840013042251}