{"MV1":0.09261154345067057,"MV3":0.7286364282939565,"CH1":0.5387723570815703}