{"MV1":0.3877394006750863,"MV3":0.9372480224075803,"CH1":0.890690099862164}