{"MV1":0.6435765715065392,"MV3":0.388553114421908,"CH1":0.2477950570674482}