{"MV1":0.2759755215874222,"MV3":0.46451893863034255,"CH1":0.9961204729770774}