{"MV1":0.0352161590865967,"MV3":0.2863542630190635,"CH1":0.19931170689723532}