{"MV1":0.7222621987371309,"MV3":0.8457028846790976,"CH1":0.5425408718408569}