{"MV1":0.5834626203320502,"MV3":0.46170776024217375,"CH1":0.4371460226437027}