{"MV1":0.7958821997686109,"MV3":0.6450868580033556,"CH1":0.8028943652900112}