{"MV1":0.5772973177211844,"MV3":0.6808680718273542,"CH1":0.21264545231027032}