{"MV1":0.8582852352309309,"MV3":0.6256090755339281,"CH1":0.5359682037762757}