{"MV1":0.7209858786380511,"MV3":0.8810201686085476,"CH1":0.06406412708206011}