{"MV1":0.8404920137575712,"MV3":0.10832786321776833,"CH1":0.38922499011749623}