{"MV1":0.05682646813382153,"MV3":0.31298891977560117,"CH1":0.5370755141733771}