{"MV1":0.4739087151340976,"MV3":0.6150103294294296,"CH1":0.24264142767279773}