{"MV1":0.9990716868659504,"MV3":0.5914240716927137,"CH1":0.0025301212675020723}