{"MV1":0.3542397855286189,"MV3":0.896373372563233,"CH1":0.2889426331363327}