{"MV1":0.21117432617452525,"MV3":0.2876270186860652,"CH1":0.3773880475312018}