{"MV1":0.4823995202513436,"MV3":0.7415704129111687,"CH1":0.4824309722723432}