{"MV1":0.3412632849118046,"MV3":0.360836574540343,"CH1":0.6642360931079455}