{"MV1":0.5630322771937528,"MV3":0.47960820660639425,"CH1":0.6439318794946866}