{"MV1":0.9110397438916084,"MV3":0.604348036100364,"CH1":0.11424855398332268}