{"MV1":0.012465485380812158,"MV3":0.17664098031374942,"CH1":0.4238497583031732}