{"MV1":0.17250651248453552,"MV3":0.6840434738197264,"CH1":0.13611641878768388}