{"MV1":0.47372030435087753,"MV3":0.8824769398519574,"CH1":0.4324882450287696}