{"MV1":0.254303471428836,"MV3":0.8345627674118973,"CH1":0.7313690761008997}