{"MV1":0.10013001489515672,"MV3":0.30341995647282194,"CH1":0.38527860490523025}