{"MV1":0.17155941332418445,"MV3":0.5184478456018229,"CH1":0.44239413094745994}