{"MV1":0.6309737450996045,"MV3":0.5548994016095873,"CH1":0.5531516314026756}