{"MV1":0.19967574809614252,"MV3":0.3362172461894354,"CH1":0.04105589133517251}