{"MV1":0.8154277723582977,"MV3":0.5134003535895725,"CH1":0.8744947046467412}