{"MV1":0.10733177699565433,"MV3":0.10591126110692795,"CH1":0.7636147741047865}