{"MV1":0.6133093675507912,"MV3":0.7016631546527966,"CH1":0.06849489959716493}