{"MV1":0.44983174254020053,"MV3":0.5271836145232114,"CH1":0.2837960575711248}