{"MV1":0.723440916558422,"MV3":0.8139190063004798,"CH1":0.2292767336378253}