{"MV1":0.7208526444471911,"MV3":0.7406996044131366,"CH1":0.17469975861534592}