{"MV1":0.9521877680212973,"MV3":0.17430148206295337,"CH1":0.06552974619110452}