{"MV1":0.6931996540719257,"MV3":0.32103951717754986,"CH1":0.511450950460933}