{"MV1":0.6119177246378218,"MV3":0.058681646480420846,"CH1":0.03303902909023548}