{"MV1":0.1999083480441527,"MV3":0.30813834312238886,"CH1":0.11771886976045709}