{"MV1":0.9741750574577421,"MV3":0.05131193089843389,"CH1":0.959223044515535}