{"MV1":0.05466439319247007,"MV3":0.7416559914467779,"CH1":0.49205104443324377}