{"MV1":0.07748713603653501,"MV3":0.7775626720621657,"CH1":0.2284516301838494}