{"MV1":0.03923740174718282,"MV3":0.2548338129702957,"CH1":0.9916004004320342}