{"MV1":0.8777239498695031,"MV3":0.2224770180617629,"CH1":0.7899776381165041}