{"MV1":0.8897747922522159,"MV3":0.4807740435856823,"CH1":0.4136585832977545}