{"MV1":0.6115905065927357,"MV3":0.14227078515887992,"CH1":0.2638032516482087}