{"MV1":0.20759230147271768,"MV3":0.1082198670064054,"CH1":0.006373023625556473}