{"MV1":0.9279684554388895,"MV3":0.7911236868998948,"CH1":0.305423918839423}