{"MV1":0.4903318914783624,"MV3":0.8948303758275907,"CH1":0.9656543718513658}