{"MV1":0.4086153106346383,"MV3":0.5606496004195605,"CH1":0.7960555735443678}