{"MV1":0.45022086785707116,"MV3":0.7855488799991608,"CH1":0.09777563187232141}