{"MV1":0.12023357083368391,"MV3":0.3027847783918174,"CH1":0.5975961459378539}