{"MV1":0.9251905398015338,"MV3":0.046502873373957865,"CH1":0.341102537755012}