{"MV1":0.5471501238208751,"MV3":0.885210021514964,"CH1":0.8133841040128104}