{"MV1":0.34998162845804004,"MV3":0.7642452381442907,"CH1":0.9717353062928391}