{"MV1":0.8823107808136681,"MV3":0.3660659333438322,"CH1":0.3645698463714778}