{"MV1":0.06425443666471453,"MV3":0.1490191231936997,"CH1":0.10865412346567582}