{"MV1":0.8606423532269821,"MV3":0.9803754497031177,"CH1":0.7402648671502031}