{"MV1":0.7529234954146327,"MV3":0.04859363938758532,"CH1":0.8952207189364112}