{"MV1":0.6584708069801825,"MV3":0.7755845407351457,"CH1":0.11993580247671931}