{"MV1":0.49901681887768246,"MV3":0.85564952885765,"CH1":0.7579959049667129}