{"MV1":0.2845054917464621,"MV3":0.2888802575910734,"CH1":0.16703449903463707}