{"MV1":0.007717985527707083,"MV3":0.8550669456445548,"CH1":0.957987073349033}