{"MV1":0.2940596741337683,"MV3":0.4636880912303841,"CH1":0.3029134475004156}