{"MV1":0.6112911838283638,"MV3":0.1672475194649906,"CH1":0.3064692563351058}