{"MV1":0.6918146278266987,"MV3":0.7483664305163724,"CH1":0.9731340703368854}