{"MV1":0.7831847007813816,"MV3":0.3309188460781787,"CH1":0.6267862150564307}