{"MV1":0.9325808209797525,"MV3":0.1344821411003002,"CH1":0.7471645724644064}