{"MV1":0.5312276741497576,"MV3":0.3809486746531052,"CH1":0.9140058241827523}