{"MV1":0.3436479216358417,"MV3":0.8750493481083509,"CH1":0.4655940675635034}