{"MV1":0.24595711241669704,"MV3":0.9111208744104871,"CH1":0.13141885558915967}