{"MV1":0.3767991753279454,"MV3":0.15313936244153759,"CH1":0.8688920186274215}