{"MV1":0.10956140430352768,"MV3":0.6454366956492789,"CH1":0.27839313072114924}