{"MV1":0.2362259381212708,"MV3":0.9014861768750574,"CH1":0.8257055432280974}