{"MV1":0.9161742615974606,"MV3":0.36479473325842937,"CH1":0.19426003156611038}