{"MV1":0.35208017946470127,"MV3":0.11834626497368417,"CH1":0.4767181732272042}