{"MV1":0.06238863826717711,"MV3":0.044322012256208354,"CH1":0.9504862531619077}