{"MV1":0.6701544447156955,"MV3":0.20645276001778678,"CH1":0.8040647111741823}