{"MV1":0.6711190770707877,"MV3":0.6829627629109466,"CH1":0.6156980986351019}