{"MV1":0.3322027475469779,"MV3":0.0779777121084535,"CH1":0.3805626683809342}