{"MV1":0.7986566701640658,"MV3":0.11985500893146983,"CH1":0.27691747710834047}