{"MV1":0.9437320710307915,"MV3":0.6522281243677005,"CH1":0.44688234797181725}