{"MV1":0.21313882863288725,"MV3":0.9581962262545516,"CH1":0.2275767068541522}