{"MV1":0.4810129691194711,"MV3":0.20532056905159113,"CH1":0.17790151440408675}