{"MV1":0.8813018531319692,"MV3":0.9053696859599168,"CH1":0.9084718425483779}