{"MV1":0.14302448200019202,"MV3":0.3381681745824301,"CH1":0.8471319834045171}