{"MV1":0.13660707137703065,"MV3":0.6928152479627172,"CH1":0.7223438716100162}