{"MV1":0.6974560946394859,"MV3":0.9665703941096923,"CH1":0.5424540480629705}