{"MV1":0.506516206947968,"MV3":0.605375617939802,"CH1":0.3315911696936894}