{"MV1":0.5238911046496671,"MV3":0.21243414831818463,"CH1":0.09676598245039747}