{"MV1":0.06137566091293445,"MV3":0.36753351568182857,"CH1":0.4523505130933635}