{"MV1":0.31218211209869884,"MV3":0.7161677124776534,"CH1":0.4608025776965299}