{"MV1":0.5890157475412504,"MV3":0.7112297596942189,"CH1":0.3263828012681911}