{"MV1":0.04024449711941969,"MV3":0.9615624678988558,"CH1":0.7272159212645501}