{"MV1":0.9780933188777429,"MV3":0.5338871972232818,"CH1":0.880159676593568}