{"MV1":0.4662384485691937,"MV3":0.22461535497810592,"CH1":0.9051498896076583}