{"MV1":0.27104319911592867,"MV3":0.6110218145787543,"CH1":0.21155415697725966}