{"MV1":0.03813394577385343,"MV3":0.6089817594277783,"CH1":0.3107534801335379}