{"MV1":0.7720990360869135,"MV3":0.10239721398897683,"CH1":0.9379058362701932}