{"MV1":0.1710115284234116,"MV3":0.03712630068252176,"CH1":0.03753906147111585}