{"MV1":0.13129209523446517,"MV3":0.34903463463932227,"CH1":0.5391648084391352}