{"MV1":0.12003671952734185,"MV3":0.1937845683819588,"CH1":0.06917226894128936}