{"MV1":0.20689291065742765,"MV3":0.07510341685004351,"CH1":0.4487476041054814}