{"MV1":0.18774131146115047,"MV3":0.700437594324864,"CH1":0.6528551342958708}