{"MV1":0.09304391308423576,"MV3":0.9513270073896244,"CH1":0.5584211731024273}