{"MV1":0.7134487881857345,"MV3":0.8866062823967894,"CH1":0.7247167765291219}