{"MV1":0.9269145163055287,"MV3":0.027276394475667987,"CH1":0.22764549013050772}