{"MV1":0.5798850959162467,"MV3":0.4210005886325485,"CH1":0.8755776272214888}