{"MV1":0.4695454695072109,"MV3":0.4922724037382993,"CH1":0.22660031505284917}