{"MV1":0.6913127309117778,"MV3":0.8726114246876296,"CH1":0.4235604249232571}