{"MV1":0.9588809018225378,"MV3":0.48476169118198553,"CH1":0.6208078049958606}