{"MV1":0.18947661465887256,"MV3":0.9536999624515037,"CH1":0.04714644081533892}