{"MV1":0.8131457929644323,"MV3":0.17311204715509443,"CH1":0.26206315557316406}