{"MV1":0.40081891532190506,"MV3":0.22927576300684627,"CH1":0.012913408268891091}