{"MV1":0.9036125896601227,"MV3":0.17794767490551822,"CH1":0.18187491140748846}