{"MV1":0.12169348060353391,"MV3":0.3048034656698487,"CH1":0.08911334886375699}