{"MV1":0.01872166978445322,"MV3":0.06506463713777166,"CH1":0.3928202015954805}