{"MV1":0.9299719701576667,"MV3":0.9860903186680501,"CH1":0.057860556311588596}