{"MV1":0.34261069196243865,"MV3":0.6980518650679446,"CH1":0.646596939775302}