{"MV1":0.057311988941127545,"MV3":0.5892303816744625,"CH1":0.3436522084191609}