{"MV1":0.7058875673474511,"MV3":0.8645070171025768,"CH1":0.5218494765235125}