{"MV1":0.022760712609072198,"MV3":0.04695432406565747,"CH1":0.45600397088081834}