{"MV1":0.035460704883811145,"MV3":0.23110207193692478,"CH1":0.9803346049094466}