{"MV1":0.19111406081253346,"MV3":0.7865366741598075,"CH1":0.42237322108795494}