{"MV1":0.6314550611534097,"MV3":0.9121382806473519,"CH1":0.7851646432489279}