{"MV1":0.4423189616634826,"MV3":0.3113505237359754,"CH1":0.23282910926636569}