{"MV1":0.051281593640366,"MV3":0.18383317200531635,"CH1":0.35521192546063884}