{"MV1":0.14439393608285045,"MV3":0.409792178875399,"CH1":0.33352495570907625}