{"MV1":0.9865679685825622,"MV3":0.9393342221177983,"CH1":0.5568934971779711}