{"MV1":0.859898339588426,"MV3":0.3767155677845988,"CH1":0.4461564007517246}