{"MV1":0.8688748590827586,"MV3":0.5949082021355918,"CH1":0.18759598371280095}