{"MV1":0.8787275545746914,"MV3":0.4957716101963704,"CH1":0.37675728213641324}