{"MV1":0.5217227078916288,"MV3":0.9214319579529171,"CH1":0.8868672804568126}