{"MV1":0.26935483300813,"MV3":0.2861693611415105,"CH1":0.9011243167356481}