{"MV1":0.6599385098376873,"MV3":0.5123472186942141,"CH1":0.8783731130093373}