{"MV1":0.04518493549129121,"MV3":0.2820034267044461,"CH1":0.8784697489060238}