{"MV1":0.6906010925387971,"MV3":0.5010685896860011,"CH1":0.8309729625396887}