{"MV1":0.5984006439115418,"MV3":0.5339504950121208,"CH1":0.9984977482649546}