{"MV1":0.16896257702398365,"MV3":0.6657838188631486,"CH1":0.6163174713870369}