{"MV1":0.12171417189164746,"MV3":0.2089913055642263,"CH1":0.030108672036124995}