{"MV1":0.19715795329533414,"MV3":0.1172832653210637,"CH1":0.8800566768423332}