{"MV1":0.4853425986902492,"MV3":0.6001441631035923,"CH1":0.04860892508321668}