{"MV1":0.6273743109005978,"MV3":0.701957642902053,"CH1":0.3693516107874615}