{"MV1":0.2603637362018675,"MV3":0.2512125961188947,"CH1":0.3597005183522005}