{"MV1":0.8580130762238138,"MV3":0.4423593241626407,"CH1":0.6843280760456979}