{"MV1":0.23584913140248054,"MV3":0.11845902660267482,"CH1":0.4503026440638278}