{"MV1":0.9255815041889108,"MV3":0.4791110833112321,"CH1":0.21484428093657437}