{"MV1":0.6299344618110989,"MV3":0.26996640039005426,"CH1":0.36037028941747085}