{"MV1":0.7900307745066417,"MV3":0.9987302635111699,"CH1":0.9473731210662646}