{"MV1":0.9090319915348603,"MV3":0.559865689481975,"CH1":0.3879164863223947}