{"MV1":0.9962647895494197,"MV3":0.6089658095974649,"CH1":0.1994781058656936}