{"MV1":0.1891902994867002,"MV3":0.504436352595235,"CH1":0.8089875151512445}