{"MV1":0.356115591561908,"MV3":0.8820516671116033,"CH1":0.3125746131592321}