{"MV1":0.4766549788199974,"MV3":0.7225847601869557,"CH1":0.36667548852467857}