{"MV1":0.6660887773770584,"MV3":0.09399063462869628,"CH1":0.10837422405610275}