{"MV1":0.3276911992759226,"MV3":0.5475894397334141,"CH1":0.17001934126766027}