{"MV1":0.3335619444852773,"MV3":0.6906814690388356,"CH1":0.26072860034333056}