{"MV1":0.7967100452170967,"MV3":0.5832126651352607,"CH1":0.22966177510403507}