{"MV1":0.19933175877101939,"MV3":0.10182315811120612,"CH1":0.6723900221273695}