{"MV1":0.9486856018550197,"MV3":0.674537715777908,"CH1":0.31522157208892043}