{"MV1":0.3051174649349019,"MV3":0.8895674175763663,"CH1":0.050932198232155}