{"MV1":0.39452177408088673,"MV3":0.10806873712151188,"CH1":0.9413967568649179}