{"MV1":0.006257281836436812,"MV3":0.15807156778097153,"CH1":0.471214482524725}