{"MV1":0.9859386577867609,"MV3":0.2821093102672507,"CH1":0.838713744594481}