{"MV1":0.33199338136728673,"MV3":0.6588561951143732,"CH1":0.6575665060798969}