{"MV1":0.017888231960876078,"MV3":0.3630740334197424,"CH1":0.880922914841078}