{"MV1":0.7028655252401945,"MV3":0.7544340480258236,"CH1":0.9492913989007659}