{"MV1":0.6480694383512177,"MV3":0.4394063641039988,"CH1":0.6826266983796897}