{"MV1":0.16877699879674668,"MV3":0.34762311657312905,"CH1":0.8218139815942084}