{"MV1":0.017788637165990107,"MV3":0.2117976707041408,"CH1":0.9434585278929988}