{"MV1":0.43260671036038834,"MV3":0.4301379325896104,"CH1":0.7418001001108455}