{"MV1":0.15615771843272352,"MV3":0.8146965582059343,"CH1":0.7073356028107785}