{"MV1":0.5403165706502322,"MV3":0.07450783695270835,"CH1":0.6245346594475938}