{"MV1":0.6473486868047764,"MV3":0.5148472858447379,"CH1":0.9258607467292972}