{"MV1":0.7396641009802487,"MV3":0.5428696154160096,"CH1":0.8338730653580338}