{"MV1":0.0626516679581196,"MV3":0.032218215546545026,"CH1":0.8206131501077187}