{"MV1":0.22158972142162892,"MV3":0.6551473477098125,"CH1":0.12116060985982857}