{"MV1":0.301482284605081,"MV3":0.6407619903918006,"CH1":0.9926749665213465}