{"MV1":0.08786665226529455,"MV3":0.4923292636996026,"CH1":0.4370758900650138}