{"MV1":0.8731254678706375,"MV3":0.0255969059578105,"CH1":0.11964501656627713}