{"MV1":0.4850327658008645,"MV3":0.41760734091514673,"CH1":0.8873672948671529}