{"MV1":0.5453108655733361,"MV3":0.018550234624522877,"CH1":0.3562919705961287}