{"MV1":0.2659068018368853,"MV3":0.6132055701082424,"CH1":0.2594111217235936}