{"MV1":0.2214645757470457,"MV3":0.31523507730405986,"CH1":0.5006236912004208}