{"MV1":0.2054125643253465,"MV3":0.11942666246073319,"CH1":0.8686425791529101}