{"MV1":0.5111876907937014,"MV3":0.6261371151794844,"CH1":0.34362221792358294}