{"MV1":0.750673510952429,"MV3":0.9322307757893795,"CH1":0.3632349105049003}