{"MV1":0.5259822136770228,"MV3":0.04734303072513435,"CH1":0.47511150786440026}