{"MV1":0.09771998993615372,"MV3":0.4136640539233619,"CH1":0.8320980835234068}