{"MV1":0.7208056768417789,"MV3":0.9452200719605797,"CH1":0.7014923090271734}