{"MV1":0.20135655183230128,"MV3":0.2729404216790722,"CH1":0.7004104386038811}