{"MV1":0.902051845736282,"MV3":0.5595271435761309,"CH1":0.04849036832277531}