{"MV1":0.6852372403772412,"MV3":0.4857338329652282,"CH1":0.34226235603277133}