{"MV1":0.00120683392522003,"MV3":0.4134980383157675,"CH1":0.17327694508964175}