{"MV1":0.7409767472609848,"MV3":0.946087802417975,"CH1":0.08499054703032949}