{"MV1":0.338200211686991,"MV3":0.95790723853567,"CH1":0.534619329347253}