{"MV1":0.009470948179395311,"MV3":0.07386492727567684,"CH1":0.6694289918491614}