{"MV1":0.46230956179816796,"MV3":0.7990886777400563,"CH1":0.33821999676142145}