{"MV1":0.3095193738217865,"MV3":0.403336575660979,"CH1":0.9301027307964848}