{"MV1":0.8478725203998566,"MV3":0.3332512651995594,"CH1":0.6555903235206925}