{"MV1":0.2367343718581555,"MV3":0.5447865147648774,"CH1":0.8256605949307227}