{"MV1":0.7566731509423709,"MV3":0.5533940669003485,"CH1":0.31705402190575915}