{"MV1":0.26016145105704813,"MV3":0.3174987672480307,"CH1":0.22694328889088022}