{"MV1":0.22108790251752775,"MV3":0.9260313564801788,"CH1":0.06847180802625374}