{"MV1":0.5365454379034018,"MV3":0.12807207822767153,"CH1":0.17513669753431038}