{"MV1":0.6671506885879108,"MV3":0.8756288521264481,"CH1":0.4567385933831014}