{"MV1":0.07211561535888389,"MV3":0.8473056671547865,"CH1":0.2851673563509747}