{"MV1":0.0030554072295232437,"MV3":0.5743959896000799,"CH1":0.10555974170794935}