{"MV1":0.9121924614770099,"MV3":0.31670595555157677,"CH1":0.16078470963098768}