{"MV1":0.2328937429839758,"MV3":0.5966121482279457,"CH1":0.27652391586764413}