{"MV1":0.6509680341465827,"MV3":0.8575295242056812,"CH1":0.8014772442949945}