{"MV1":0.9992984885039004,"MV3":0.23788890108794403,"CH1":0.4300798412630834}