{"MV1":0.48214837542893496,"MV3":0.9273890973728908,"CH1":0.6874428747400849}