{"MV1":0.18327326904220098,"MV3":0.5521156702531111,"CH1":0.8073583851766158}