{"MV1":0.3823556614081097,"MV3":0.06524505113473322,"CH1":0.7264912591046586}