{"MV1":0.5510051472966252,"MV3":0.037892538520587604,"CH1":0.20481840816175645}