{"MV1":0.8995613130686586,"MV3":0.22179519493978683,"CH1":0.9004998805006942}