{"MV1":0.43432354510645077,"MV3":0.29444489632083815,"CH1":0.338128978405257}