{"MV1":0.1872629261718851,"MV3":0.7427321955525844,"CH1":0.21500149956326997}