{"MV1":0.5198179393450888,"MV3":0.7618256055036368,"CH1":0.8288263011878872}