{"MV1":0.40978927029059053,"MV3":0.13052095214438642,"CH1":0.0562085883067337}