{"MV1":0.18993846474899012,"MV3":0.1648229632686078,"CH1":0.40512064300326356}