{"MV1":0.7013433036291491,"MV3":0.9023467594528896,"CH1":0.8182944207568218}