{"MV1":0.023278442761541562,"MV3":0.8686388658497234,"CH1":0.9921850086499757}