{"MV1":0.7610834823840436,"MV3":0.5539107917345797,"CH1":0.8859688673735897}