{"MV1":0.9532982385940811,"MV3":0.936805821678231,"CH1":0.8580064204654373}