{"MV1":0.41614700364212076,"MV3":0.8980089600442364,"CH1":0.3405449266842009}