{"MV1":0.2978690037224958,"MV3":0.21890895807761845,"CH1":0.6158449882570772}