{"MV1":0.36975321113680715,"MV3":0.38415020119908594,"CH1":0.04620490725223403}