{"MV1":0.9099418082508656,"MV3":0.7270879456666492,"CH1":0.5913888925688052}