{"MV1":0.10270631285265697,"MV3":0.8150202343602423,"CH1":0.42147974125313303}