{"MV1":0.08281279077191572,"MV3":0.8804771763576253,"CH1":0.8812257009709553}