{"MV1":0.014896526196964022,"MV3":0.795432369316946,"CH1":0.17978102455454237}