{"MV1":0.9040215458628976,"MV3":0.29617184976958344,"CH1":0.33023711521982424}