{"MV1":0.8698636051159984,"MV3":0.02527234473981399,"CH1":0.29801706991522015}