{"MV1":0.9366928777090178,"MV3":0.070537014682435,"CH1":0.8637182244295755}