{"MV1":0.6685921340769544,"MV3":0.5129901790431795,"CH1":0.0857729356376522}