{"MV1":0.9903548691416493,"MV3":0.7434834755243723,"CH1":0.04957480362930311}