{"MV1":0.3214963735653211,"MV3":0.29794305246220854,"CH1":0.12865814242496154}