{"MV1":0.7671709683799466,"MV3":0.35956587788769323,"CH1":0.8521341186125299}