{"MV1":0.7754537480206101,"MV3":0.3549387477082151,"CH1":0.5159182280815376}