{"MV1":0.15576844898964748,"MV3":0.8182037977581846,"CH1":0.2213865333413595}