{"MV1":0.37391109275180023,"MV3":0.5050864832466505,"CH1":0.020339228351591965}