{"MV1":0.6973267743458422,"MV3":0.5441429754565479,"CH1":0.015379284972783624}