{"MV1":0.5294355420851997,"MV3":0.8075339658804312,"CH1":0.9235347054084473}