{"MV1":0.4899835083459644,"MV3":0.06331833528097974,"CH1":0.09708538229272579}