{"MV1":0.6251601117234169,"MV3":0.8715607013476873,"CH1":0.9306802775029552}