{"MV1":0.40219800210098955,"MV3":0.7154921158536294,"CH1":0.50791577349669}