{"MV1":0.49287054664928365,"MV3":0.9050619776209963,"CH1":0.06203753499347553}