{"MV1":0.6631840935173768,"MV3":0.42568187144948955,"CH1":0.19873248109705288}