{"MV1":0.49396472562544735,"MV3":0.6832392978612531,"CH1":0.7752416669729256}