{"MV1":0.3778745662169074,"MV3":0.8985459649446499,"CH1":0.9438639277568447}