{"MV1":0.26023837337864664,"MV3":0.10767138797389486,"CH1":0.66083702888505}