{"MV1":0.3884495507150375,"MV3":0.04806553955363502,"CH1":0.7445805952655683}