{"MV1":0.7688198995279187,"MV3":0.169644061706136,"CH1":0.5151432166401274}