{"MV1":0.5901586342247829,"MV3":0.9097421566598686,"CH1":0.3268763347036616}