{"MV1":0.1484602255515738,"MV3":0.9103398139295511,"CH1":0.09328225020845038}