{"MV1":0.7484532981667334,"MV3":0.41791975364152656,"CH1":0.4702872097733224}