{"MV1":0.23093739526334522,"MV3":0.8617243928974456,"CH1":0.8041724608202202}