{"MV1":0.7016449146569914,"MV3":0.19007201170893984,"CH1":0.8368261472913571}