{"MV1":0.5017881737632425,"MV3":0.8942525969772209,"CH1":0.5228606219509935}