{"MV1":0.4191121560242319,"MV3":0.4057382991164752,"CH1":0.830546218813869}