{"MV1":0.8932742243231749,"MV3":0.8919290653126257,"CH1":0.5298244355168962}