{"MV1":0.3384841294732305,"MV3":0.4931839222368307,"CH1":0.19351985056661658}