{"MV1":0.727159878324197,"MV3":0.08121223885815854,"CH1":0.4521654625871808}