{"MV1":0.439459632626254,"MV3":0.667675171405154,"CH1":0.5049346735959716}