{"MV1":0.9216688711834857,"MV3":0.30569008892010774,"CH1":0.7683526095341572}