{"MV1":0.04321224161085491,"MV3":0.9995033333129527,"CH1":0.04998997271853378}