{"MV1":0.4851063472992537,"MV3":0.825142145958663,"CH1":0.6551521453191592}