{"MV1":0.33929007251130616,"MV3":0.7983385458829263,"CH1":0.5594943062102441}