{"MV1":0.7858184716046037,"MV3":0.5784424531676934,"CH1":0.09790613495829892}