{"MV1":0.13841269681916468,"MV3":0.4746719967472478,"CH1":0.13634863951721932}