{"MV1":0.17394313255383775,"MV3":0.6183608472077184,"CH1":0.15149998461680392}