{"MV1":0.536951950212487,"MV3":0.4201252711583754,"CH1":0.5816613022694682}