{"MV1":0.7638156365374754,"MV3":0.42870022423183185,"CH1":0.8541449352871918}