{"MV1":0.035426610457500285,"MV3":0.7592429021744496,"CH1":0.18828096310540043}