{"MV1":0.5747921147554665,"MV3":0.18388362146773318,"CH1":0.08489385349320688}