{"MV1":0.1880590816510258,"MV3":0.9101187516382014,"CH1":0.552948749076734}