{"MV1":0.3336733172785078,"MV3":0.1879598208712272,"CH1":0.06260872981759125}