{"MV1":0.23796620445246752,"MV3":0.3273060245341668,"CH1":0.32475736498700225}