{"MV1":0.05640798647188816,"MV3":0.8049833530236286,"CH1":0.031320954802775414}