{"MV1":0.9077250699549444,"MV3":0.5559101474185169,"CH1":0.7867004790386704}