{"MV1":0.6204991327565696,"MV3":0.7124596921699152,"CH1":0.2949491704417976}