{"MV1":0.7083067614727584,"MV3":0.3248611973095247,"CH1":0.9518838665816752}