{"MV1":0.4824199161036621,"MV3":0.07030653118885322,"CH1":0.04340046747593007}