{"MV1":0.8017640219341966,"MV3":0.9679113852834335,"CH1":0.7846757687965185}