{"MV1":0.2100850256263025,"MV3":0.035108550574596165,"CH1":0.48748196524950205}