{"MV1":0.5748541285204547,"MV3":0.1140394920959289,"CH1":0.8199200311689061}