{"MV1":0.8512642304576737,"MV3":0.2708280303452145,"CH1":0.4025464971661451}