{"MV1":0.7623847109615863,"MV3":0.5429193487613656,"CH1":0.10690489446164453}