{"MV1":0.8610881394543979,"MV3":0.29864534116520325,"CH1":0.4890438556191399}