{"MV1":0.3950875631420838,"MV3":0.3303573801372731,"CH1":0.11575455822546799}