{"MV1":0.9894647603840228,"MV3":0.7076212487921467,"CH1":0.21898808520001045}