{"MV1":0.39896611270636706,"MV3":0.451210629998007,"CH1":0.019370580403342275}