{"MV1":0.28186046633192685,"MV3":0.5532140315155037,"CH1":0.06718417591899473}