{"MV1":0.7338509599552175,"MV3":0.5559456334322307,"CH1":0.2215536637974519}