{"MV1":0.5876848879419629,"MV3":0.9119534258922202,"CH1":0.8226983532553078}