{"MV1":0.4626561630308562,"MV3":0.03430120250261848,"CH1":0.7689120912469753}