{"MV1":0.08086013607975628,"MV3":0.5524048349396669,"CH1":0.6050800525608436}