{"MV1":0.1071966729875733,"MV3":0.5244624186292588,"CH1":0.5329708182757712}