{"MV1":0.477736714312037,"MV3":0.7444157500538863,"CH1":0.8618714624519128}