{"MV1":0.11746918428805331,"MV3":0.328578426762576,"CH1":0.3197784519882825}