{"MV1":0.0041394709096082005,"MV3":0.2651607446514943,"CH1":0.9168585829350384}