{"MV1":0.5118477500720757,"MV3":0.015834239066648603,"CH1":0.1954117299469812}