{"MV1":0.18020621750670007,"MV3":0.12133533275719022,"CH1":0.4193708768793918}