{"MV1":0.7043836441079128,"MV3":0.715190011540073,"CH1":0.6887713295041992}