{"MV1":0.6223500692230155,"MV3":0.9645824183636914,"CH1":0.8220979998636417}