{"MV1":0.24916761436397628,"MV3":0.8527163526057865,"CH1":0.9186087989370658}