{"MV1":0.18820643589743524,"MV3":0.19436652915098884,"CH1":0.46915378025611965}