{"MV1":0.46690949907519586,"MV3":0.8346151257555318,"CH1":0.6975469585457826}