{"MV1":0.6887009471573279,"MV3":0.295473674292444,"CH1":0.9950628117721649}