{"MV1":0.0539474796879601,"MV3":0.06087241797663179,"CH1":0.10084747140984929}