{"MV1":0.9518719057667493,"MV3":0.373322099800526,"CH1":0.32056005881035177}