{"MV1":0.7123617144279523,"MV3":0.21491302516583888,"CH1":0.49692241847433416}