{"MV1":0.2611329024011805,"MV3":0.05297912171836161,"CH1":0.045774375460080674}