{"MV1":0.5227852995306521,"MV3":0.09253617750663778,"CH1":0.8951779911838535}