{"MV1":0.8747546689305681,"MV3":0.09570055128887389,"CH1":0.08145432180826473}