{"MV1":0.5780813982264587,"MV3":0.9364005284833969,"CH1":0.20488990863427503}