{"MV1":0.5563834290976546,"MV3":0.23643594025160874,"CH1":0.649908188572797}