{"MV1":0.29131915343335646,"MV3":0.5108585587711209,"CH1":0.48853733639711727}