{"MV1":0.444759770469874,"MV3":0.5545935149713801,"CH1":0.025238835141524474}