{"MV1":0.36784930517709413,"MV3":0.5396591739321057,"CH1":0.8491597334713273}