{"MV1":0.5665291975689682,"MV3":0.6717585335875832,"CH1":0.8495893085620196}