{"MV1":0.3687159692773285,"MV3":0.36947122898873375,"CH1":0.6817419395459287}