{"MV1":0.037397259633803026,"MV3":0.17362224892193423,"CH1":0.7153227565361716}