{"MV1":0.956146909970528,"MV3":0.5471471164070589,"CH1":0.4003780204621724}