{"MV1":0.8945733871208039,"MV3":0.48916084747028266,"CH1":0.2307811034079762}