{"MV1":0.6378225168184947,"MV3":0.2240152840256644,"CH1":0.6443787240618044}