{"MV1":0.7093174513031589,"MV3":0.3513320278347518,"CH1":0.5621332311370097}