{"MV1":0.9161014728931264,"MV3":0.36922383168935935,"CH1":0.48523616609410025}