{"MV1":0.1916880348813671,"MV3":0.7639854086490379,"CH1":0.60996303028607}