{"MV1":0.6646926912109897,"MV3":0.4696450483518093,"CH1":0.6665460821351419}