{"MV1":0.32104376646627164,"MV3":0.9805511938699474,"CH1":0.006277082128898215}