{"MV1":0.5086989012264715,"MV3":0.8667805558194421,"CH1":0.5446763051814623}