{"MV1":0.9318087619294191,"MV3":0.6251611251754793,"CH1":0.9496658827486515}