{"MV1":0.7819753878333758,"MV3":0.738275935119106,"CH1":0.42262432443946074}