{"MV1":0.7209992775061387,"MV3":0.09837655111098731,"CH1":0.7612003001110482}