{"MV1":0.8546106661680017,"MV3":0.503121208636348,"CH1":0.4513804851780898}