{"MV1":0.8861101915335993,"MV3":0.705966310597139,"CH1":0.5175440941317881}