{"MV1":0.6354146500904452,"MV3":0.8174611583227326,"CH1":0.46086437102884736}