{"MV1":0.4193465842584141,"MV3":0.2491000605928494,"CH1":0.11934299181396424}