{"MV1":0.6523588418500283,"MV3":0.7842524242311276,"CH1":0.016375076596796267}