{"MV1":0.004503844405652435,"MV3":0.7890485774917324,"CH1":0.28261505256414043}