{"MV1":0.5700337081759734,"MV3":0.5741710634120115,"CH1":0.3235117381043545}