{"MV1":0.9822156678407316,"MV3":0.6019959924278739,"CH1":0.14248900168754808}