{"MV1":0.24451845876539857,"MV3":0.27973505540577703,"CH1":0.016303477487202844}