{"MV1":0.5633652013337752,"MV3":0.9245316616231507,"CH1":0.15639627299287706}