{"MV1":0.832225591111185,"MV3":0.7963787538010371,"CH1":0.05209509088815245}