{"MV1":0.6876254743341379,"MV3":0.900778722435246,"CH1":0.5509420484665305}