{"MV1":0.07296831913814161,"MV3":0.22642035434904617,"CH1":0.8918720375625342}