{"MV1":0.06049320615459164,"MV3":0.3640940701522236,"CH1":0.22143679063750743}