{"MV1":0.5474918128547658,"MV3":0.4327515277381947,"CH1":0.37715728237902546}