{"MV1":0.06677868369533091,"MV3":0.04748336940575326,"CH1":0.3064864353746377}