{"MV1":0.20445524706206675,"MV3":0.485669671115429,"CH1":0.47868591687690154}