{"MV1":0.47424469670725344,"MV3":0.5635721909000929,"CH1":0.229151761462429}