{"MV1":0.23874732048207548,"MV3":0.4102843312433544,"CH1":0.27390479252270916}