{"MV1":0.997749180792989,"MV3":0.7333877366868043,"CH1":0.7557115514637307}