{"MV1":0.7204642611617385,"MV3":0.6004390534090012,"CH1":0.6359931177614596}