{"MV1":0.6790911221493446,"MV3":0.15012254452960994,"CH1":0.5552413912462825}