{"MV1":0.10211162074372748,"MV3":0.44692634525499864,"CH1":0.7472874764841204}