{"MV1":0.9381102199401882,"MV3":0.1995974732518374,"CH1":0.4871322657620012}