{"MV1":0.7987601466859552,"MV3":0.2693206264208272,"CH1":0.2654986823133143}