{"MV1":0.7302017473239522,"MV3":0.7518126526300764,"CH1":0.5567951273439766}