{"MV1":0.02780875371422442,"MV3":0.8850444445131305,"CH1":0.8083455013005372}