{"MV1":0.028300793887325204,"MV3":0.5761521719302032,"CH1":0.6216952811780749}