{"MV1":0.8738687257723546,"MV3":0.693645280598088,"CH1":0.1472583385976426}