{"MV1":0.07132977690703679,"MV3":0.10046701672518665,"CH1":0.9023824236955797}