{"MV1":0.1668634572711194,"MV3":0.6100987302880094,"CH1":0.8332193073700281}