{"MV1":0.5932811120478988,"MV3":0.6445051648328867,"CH1":0.834419829356489}