{"MV1":0.40691326307066844,"MV3":0.8088028779064996,"CH1":0.3377482926432126}