{"MV1":0.4670852984340692,"MV3":0.24666161302365186,"CH1":0.34858919932057364}