{"MV1":0.37436088567344494,"MV3":0.09477299010463092,"CH1":0.9427945862240131}