{"MV1":0.2535051424869177,"MV3":0.40448728360225383,"CH1":0.8806706120228522}