{"MV1":0.6361383647253475,"MV3":0.44522461818318126,"CH1":0.20892897384994957}