{"MV1":0.3585837320637235,"MV3":0.2876243114549101,"CH1":0.6923200575838211}