{"MV1":0.7951903714816321,"MV3":0.8394642383306793,"CH1":0.8296109492259383}