{"MV1":0.882600240713976,"MV3":0.7582104832290973,"CH1":0.15360297853124072}