{"MV1":0.507251350900088,"MV3":0.016627387809776906,"CH1":0.7651133029911611}