{"MV1":0.19417490437408025,"MV3":0.5823423790892147,"CH1":0.8748046764411666}