{"MV1":0.9590473751547592,"MV3":0.6081664670784882,"CH1":0.3925907092874753}