{"MV1":0.08306058738220523,"MV3":0.3403042430448049,"CH1":0.4959644286846274}