{"MV1":0.10950783062774427,"MV3":0.32492270208731644,"CH1":0.7081575217637337}