{"MV1":0.8295605719180994,"MV3":0.7800885744881937,"CH1":0.934899475278796}