{"MV1":0.15788587994295966,"MV3":0.3908915200526021,"CH1":0.34700482088371276}