{"MV1":0.9484642416538264,"MV3":0.5045698200322806,"CH1":0.30898019490496964}