{"MV1":0.555095720996726,"MV3":0.9226248816026955,"CH1":0.32837106696294394}