{"MV1":0.9490596999135619,"MV3":0.13893333339561653,"CH1":0.06433458985173601}