{"MV1":0.8853677929577018,"MV3":0.9045570721067536,"CH1":0.2097600524494223}