{"MV1":0.24294886459359444,"MV3":0.33916572014144364,"CH1":0.32258722654324246}