{"MV1":0.649588624785009,"MV3":0.366495752517323,"CH1":0.7337081152707946}