{"MV1":0.23416175084086244,"MV3":0.9150524494223402,"CH1":0.784018148355606}