{"MV1":0.40399376668927434,"MV3":0.9483685885522767,"CH1":0.3075189046069382}