{"MV1":0.7173630497685469,"MV3":0.14522933826363826,"CH1":0.20832674063639967}