{"MV1":0.13552217748692585,"MV3":0.008856801719931084,"CH1":0.7620713265131209}