{"MV1":0.08859469627221594,"MV3":0.31019351518890437,"CH1":0.3192445759075714}