{"MV1":0.28309553263681275,"MV3":0.8594997749670411,"CH1":0.8704100777475117}