{"MV1":0.019757874484082283,"MV3":0.6711572013810939,"CH1":0.7101347837111367}