{"MV1":0.686608974619497,"MV3":0.8664479627713761,"CH1":0.8010651035695749}