{"MV1":0.8946639661534184,"MV3":0.05098877657304046,"CH1":0.8489743807610085}