{"MV1":0.4165606167724234,"MV3":0.22716801501660966,"CH1":0.2818173543857816}