{"MV1":0.9872176376789275,"MV3":0.35964126414439423,"CH1":0.20123281054312014}