{"MV1":0.7075833752274938,"MV3":0.1676338475363396,"CH1":0.5726833772496617}