{"MV1":0.504593333429321,"MV3":0.9954803256750528,"CH1":0.46516796785482317}