{"MV1":0.5916319031762399,"MV3":0.014214137214202838,"CH1":0.5400334095137812}