{"MV1":0.9630955525493956,"MV3":0.6091616141797195,"CH1":0.5439981346927796}