{"MV1":0.39506673422648764,"MV3":0.18335711552960576,"CH1":0.7317873388127649}