{"MV1":0.5227998516458026,"MV3":0.8330738571067874,"CH1":0.7645588189346768}