{"MV1":0.5135261355070603,"MV3":0.5717113590750683,"CH1":0.2318510224544088}