{"MV1":0.2546449445905328,"MV3":0.44882042449340986,"CH1":0.4411501945305898}