{"MV1":0.2560709146079436,"MV3":0.0973116509345715,"CH1":0.5875591386408019}