{"MV1":0.945645966712577,"MV3":0.6435290231612427,"CH1":0.1448057517478072}