{"MV1":0.8020821513732774,"MV3":0.6208497178557635,"CH1":0.4336268982402014}