{"MV1":0.9351800660661757,"MV3":0.6533538906501893,"CH1":0.9619944348039607}