{"MV1":0.9128110842828353,"MV3":0.5849380661505729,"CH1":0.7130342122466214}