{"MV1":0.17904077018788012,"MV3":0.5702233577029491,"CH1":0.09645925633683872}