{"MV1":0.8380350576255986,"MV3":0.26574726963840556,"CH1":0.041539756780532566}