{"MV1":0.026194110853536734,"MV3":0.43881506795735803,"CH1":0.9434196009697445}