{"MV1":0.5957987910356826,"MV3":0.8716151318757052,"CH1":0.6768942136880444}