{"MV1":0.986057712562721,"MV3":0.34815170831980924,"CH1":0.40978147779174134}