{"MV1":0.03081499671419574,"MV3":0.26629392187595025,"CH1":0.9422790707095637}