{"MV1":0.9061437738518213,"MV3":0.78412005408312,"CH1":0.30881080842387365}