{"MV1":0.9959437398872751,"MV3":0.81298198369312,"CH1":0.8387845888849921}