{"MV1":0.6397950136161074,"MV3":0.844338090207516,"CH1":0.388285745338928}