{"MV1":0.718334832802931,"MV3":0.08242930253072356,"CH1":0.6203453546093606}