{"MV1":0.4033945871378334,"MV3":0.5425099664545404,"CH1":0.08820599371653293}