{"MV1":0.48051222250932557,"MV3":0.7348459205297851,"CH1":0.7439016636333463}