{"MV1":0.535433397636515,"MV3":0.2387513838409704,"CH1":0.8529783765823965}