{"MV1":0.15679233936499182,"MV3":0.5658086720714867,"CH1":0.5775337672041371}