{"MV1":0.052869457867356306,"MV3":0.6169084075825765,"CH1":0.11167177816187224}