{"MV1":0.5251925576578611,"MV3":0.17067127142065042,"CH1":0.7132659424897481}