{"MV1":0.9375691848792332,"MV3":0.46574813251664116,"CH1":0.799779180976039}