{"MV1":0.18773176603057917,"MV3":0.2812265970586568,"CH1":0.08329022105687856}