{"MV1":0.555692678662231,"MV3":0.6643170323762749,"CH1":0.1066652348657604}