{"MV1":0.9357346422309997,"MV3":0.7569081578901264,"CH1":0.4933874721297128}