{"MV1":0.5292671684725565,"MV3":0.9186632177598962,"CH1":0.17414490821231843}