{"MV1":0.6230432976393857,"MV3":0.9266269940809498,"CH1":0.1266669535945507}