{"MV1":0.6129840687506994,"MV3":0.8391658372293352,"CH1":0.1445713130484969}