{"MV1":0.5770889658936096,"MV3":0.12106670259220143,"CH1":0.4096375723738761}