{"MV1":0.6745376851649395,"MV3":0.792268454439413,"CH1":0.8478114857137959}