{"MV1":0.8266210349080558,"MV3":0.6477116687367528,"CH1":0.3787503586629748}