{"MV1":0.6087183569892705,"MV3":0.1548649095347403,"CH1":0.5933237954496802}