{"MV1":0.9325216514161729,"MV3":0.4680395620930212,"CH1":0.3871239944696838}