{"MV1":0.1590342325380002,"MV3":0.9795759541802018,"CH1":0.8564106821773596}