{"MV1":0.09311752012939534,"MV3":0.007920099450511198,"CH1":0.12542605581595456}