{"MV1":0.8712296428300186,"MV3":0.2338364332165873,"CH1":0.8355077670849919}