{"MV1":0.5310969311516189,"MV3":0.03322292538278704,"CH1":0.6436790604150212}