{"MV1":0.10147825720644732,"MV3":0.13512909607739854,"CH1":0.23896001834854208}