{"MV1":0.9996264910305357,"MV3":0.6536249362280627,"CH1":0.7096030984134966}