{"MV1":0.8890435838703643,"MV3":0.5475423914938496,"CH1":0.38237230852079196}