{"MV1":0.9261596650774006,"MV3":0.11354920512531907,"CH1":0.2561900298103764}