{"MV1":0.9023410656751891,"MV3":0.33750699378160887,"CH1":0.42960090494643743}