{"MV1":0.5608280840153531,"MV3":0.7764490883520387,"CH1":0.9258248660218454}