{"MV1":0.44701584518326565,"MV3":0.6103020130468466,"CH1":0.6304162022579244}