{"MV1":0.36365558045175306,"MV3":0.3614111574862463,"CH1":0.7476223246677776}