{"MV1":0.9039752574209363,"MV3":0.3820738091984527,"CH1":0.8585318831433973}