{"MV1":0.7976313390610804,"MV3":0.3021961941317549,"CH1":0.894930336171077}