{"MV1":0.6571081101454848,"MV3":0.9059024142881722,"CH1":0.14788620879085135}