{"MV1":0.3023033699166833,"MV3":0.26722449764676803,"CH1":0.9308243184544265}