{"MV1":0.9182088108846412,"MV3":0.9207943633706702,"CH1":0.3226180537760074}