{"MV1":0.37231690086577895,"MV3":0.6968099839637601,"CH1":0.4625963981408031}