{"MV1":0.08463990031388013,"MV3":0.3914793199260822,"CH1":0.8785295336936952}