{"MV1":0.008770270948175174,"MV3":0.07493691143784664,"CH1":0.2971237459415609}