{"MV1":0.7155729061196524,"MV3":0.7786367742334969,"CH1":0.7063789938498916}