{"MV1":0.9900852965613898,"MV3":0.26780709899140676,"CH1":0.6447775592965618}