{"MV1":0.43514972886430203,"MV3":0.3871657390927138,"CH1":0.4593437212994045}