{"MV1":0.8386956572131167,"MV3":0.4905369585757262,"CH1":0.9784027655229425}