{"MV1":0.4446846491692519,"MV3":0.5446314562110331,"CH1":0.6536354617996729}