{"MV1":0.6728549396006603,"MV3":0.25042669480995405,"CH1":0.3244939370337876}