{"MV1":0.7983810316721421,"MV3":0.31185534628704326,"CH1":0.3146827487184637}