{"MV1":0.501331653798336,"MV3":0.2222502078534463,"CH1":0.9395679737661593}