{"MV1":0.9827213968189137,"MV3":0.005687662388967452,"CH1":0.6273555219141815}