{"MV1":0.46340825244912354,"MV3":0.5628013637563507,"CH1":0.10550026622623798}