{"MV1":0.24155544548584895,"MV3":0.6407732092885947,"CH1":0.6537360619618169}