{"MV1":0.13185634441332084,"MV3":0.8909094296386967,"CH1":0.4937434727105242}