{"MV1":0.8689550612053826,"MV3":0.15220899711531088,"CH1":0.4375619334439843}