{"MV1":0.669688374046343,"MV3":0.12348624738226976,"CH1":0.8698959540042007}