{"MV1":0.24585642532807506,"MV3":0.7482645406995265,"CH1":0.14997105041217929}