{"MV1":0.8467338566453193,"MV3":0.0638411738273631,"CH1":0.8583980927646869}