{"MV1":0.8393863205096972,"MV3":0.9769077273447921,"CH1":0.32067467149917894}