{"MV1":0.014263848356514841,"MV3":0.5873518351186193,"CH1":0.1215341551847271}