{"MV1":0.6307861766674587,"MV3":0.7481660064342283,"CH1":0.6185917999440094}