{"MV1":0.47279280162529036,"MV3":0.5832447383869288,"CH1":0.09264652648500848}