{"MV1":0.005313019499166849,"MV3":0.40873348782316954,"CH1":0.6856348199058634}