{"MV1":0.44062396845299934,"MV3":0.677629932074311,"CH1":0.3291270168291446}