{"MV1":0.631832154012862,"MV3":0.9641119825363061,"CH1":0.6153227091604181}