{"MV1":0.08669783973355227,"MV3":0.23584085453101933,"CH1":0.9441626121615277}