{"MV1":0.6591639049720145,"MV3":0.2833366238983942,"CH1":0.40660715757265464}