{"MV1":0.6704899710829909,"MV3":0.6882453140027268,"CH1":0.027026087854823078}