{"MV1":0.22143767080024312,"MV3":0.8321578046568496,"CH1":0.888087301085788}