{"MV1":0.9233215803035657,"MV3":0.12434599356433496,"CH1":0.9272446298692602}