{"MV1":0.8566738386613555,"MV3":0.7457426789887135,"CH1":0.4997772583861878}