{"MV1":0.12359261001974409,"MV3":0.3549862732222372,"CH1":0.8153056877919269}