{"MV1":0.05638676197015746,"MV3":0.24301716421525088,"CH1":0.4914693467786375}