{"MV1":0.19009771981524282,"MV3":0.7471239289758848,"CH1":0.8293912088782015}