{"MV1":0.29635488549174716,"MV3":0.523306618452732,"CH1":0.19493437242646605}