{"MV1":0.275507577701366,"MV3":0.34000349675724917,"CH1":0.5013782959925529}