{"MV1":0.9581514211988433,"MV3":0.6224014554574894,"CH1":0.022789468383892286}