{"MV1":0.6753597534839595,"MV3":0.3989936887416228,"CH1":0.2899616145869436}