{"MV1":0.29180596649801127,"MV3":0.8549761963726061,"CH1":0.12733014468533155}