{"MV1":0.9966594546969954,"MV3":0.2592014685066071,"CH1":0.02471568651033429}