{"MV1":0.4369229548762146,"MV3":0.14581514402745044,"CH1":0.5726480460503274}