{"MV1":0.6037544729680765,"MV3":0.6254343225014065,"CH1":0.04823332439572181}