{"MV1":0.700324918731374,"MV3":0.7787505168635359,"CH1":0.9914103693203566}