{"MV1":0.7143555153055546,"MV3":0.43214355234466617,"CH1":0.9971440770508841}