{"MV1":0.5229982443484037,"MV3":0.6619306234361982,"CH1":0.9001550926079067}