{"MV1":0.9446654772759369,"MV3":0.5986035557749609,"CH1":0.9900782866915717}