{"MV1":0.8740153766172768,"MV3":0.3209302895500875,"CH1":0.5311186538772469}