{"MV1":0.8596600327484386,"MV3":0.43962008699371735,"CH1":0.18964500766240688}