{"MV1":0.812216667340254,"MV3":0.835963503272539,"CH1":0.8860819200643985}