{"MV1":0.17169311396564546,"MV3":0.648509917170642,"CH1":0.013681356294557134}