{"MV1":0.13540252799373154,"MV3":0.7922062229656439,"CH1":0.41041937255823635}