{"MV1":0.4725190439974748,"MV3":0.8093040343314971,"CH1":0.47063490775093086}