{"MV1":0.007744172194150689,"MV3":0.6674053613145494,"CH1":0.0038949607058085256}