{"MV1":0.3885771106045416,"MV3":0.09847864511933035,"CH1":0.4625146912449398}