{"MV1":0.2136147371280771,"MV3":0.31045722058315717,"CH1":0.424008860148109}