{"MV1":0.3606822573636014,"MV3":0.3858925012657246,"CH1":0.8583480256837216}