{"MV1":0.34296689104305844,"MV3":0.6929223156906976,"CH1":0.8146979271831782}