{"MV1":0.7973071536918169,"MV3":0.23102877741145156,"CH1":0.7875028647256326}