{"MV1":0.3984706279955049,"MV3":0.784810676967435,"CH1":0.9647634974638362}