{"MV1":0.9926715068559927,"MV3":0.30204588267873467,"CH1":0.4047746684900758}