{"MV1":0.6254043851241451,"MV3":0.23425869868417803,"CH1":0.569070007904955}