{"MV1":0.2809855044227181,"MV3":0.15255878788625366,"CH1":0.8813397489056909}