{"MV1":0.3481295660684469,"MV3":0.3775637135891875,"CH1":0.9806946629614884}