{"MV1":0.5475733159625561,"MV3":0.17527842348221878,"CH1":0.2752906146731793}