{"MV1":0.957591680235511,"MV3":0.34905785778562015,"CH1":0.9425056565034364}