{"MV1":0.21301325301737306,"MV3":0.664975131542224,"CH1":0.020781166531143036}