{"MV1":0.43498037657972777,"MV3":0.8577616269497503,"CH1":0.9168080948027776}