{"MV1":0.48297388087924,"MV3":0.29533361958222015,"CH1":0.936712725268028}