{"MV1":0.879756089734845,"MV3":0.06708143021923185,"CH1":0.20973458555687408}