{"MV1":0.9879654183325678,"MV3":0.03442445374452907,"CH1":0.22230672151438413}