{"MV1":0.35269194911841495,"MV3":0.718096099000312,"CH1":0.1408376327844697}