{"MV1":0.5344679997384105,"MV3":0.7325181176508776,"CH1":0.814850585308474}