{"MV1":0.96321983587745,"MV3":0.24688404689737808,"CH1":0.5900768232947534}