{"MV1":0.772848849158143,"MV3":0.18830658166807446,"CH1":0.5405015080281721}