{"MV1":0.1457363050198689,"MV3":0.2358647492567726,"CH1":0.21929312090819342}