{"MV1":0.7881664461259094,"MV3":0.1678843792342647,"CH1":0.6201646669188241}