{"MV1":0.10493718015942832,"MV3":0.03058778846134025,"CH1":0.16342387021099214}