{"MV1":0.28362336495607066,"MV3":0.20576155984846678,"CH1":0.5071338787184423}