{"MV1":0.2906234467896832,"MV3":0.3318116927154343,"CH1":0.6019309280747689}