{"MV1":0.5870053508061811,"MV3":0.5631194178795541,"CH1":0.17919624867849882}