{"MV1":0.45686525558623314,"MV3":0.41629357039670833,"CH1":0.7390712180333657}