{"MV1":0.4876875534982301,"MV3":0.40432710669158467,"CH1":0.9786553413174062}