{"MV1":0.7377786997568415,"MV3":0.16396240577628107,"CH1":0.8752485222516664}