{"MV1":0.4620460650426875,"MV3":0.08883332716730064,"CH1":0.3935266782690988}