{"MV1":0.5306788677154017,"MV3":0.7014302001442756,"CH1":0.16311769442964275}