{"MV1":0.6396500795846572,"MV3":0.36757612087407177,"CH1":0.4485800240975657}