{"MV1":0.5312326309246519,"MV3":0.9184476688143581,"CH1":0.40441349459002685}