{"MV1":0.058476504316342215,"MV3":0.8467584062533982,"CH1":0.4699965464835709}