{"MV1":0.8493859109799393,"MV3":0.7016486471358615,"CH1":0.7927739001908511}