{"MV1":0.6899163095206001,"MV3":0.013302312342797662,"CH1":0.320862049810027}