{"MV1":0.25292735989414217,"MV3":0.6208575865834568,"CH1":0.6952066696164855}