{"MV1":0.42671041847022784,"MV3":0.9595566529695411,"CH1":0.3866045879321851}