{"MV1":0.3903232767025252,"MV3":0.891846131637984,"CH1":0.14693158471325019}