{"MV1":0.22930920947474898,"MV3":0.7358468036188267,"CH1":0.9411361801173226}