{"MV1":0.7804046390718087,"MV3":0.16071499312174875,"CH1":0.2774476545187575}