{"MV1":0.3307535283205846,"MV3":0.7166264149766619,"CH1":0.5209247193280628}