{"MV1":0.8114521538976547,"MV3":0.36166147480038446,"CH1":0.0016738093925644515}