{"MV1":0.6522052094164871,"MV3":0.7995197410089256,"CH1":0.9461514341051218}