{"MV1":0.7276021529568586,"MV3":0.8606043477085299,"CH1":0.4091656979839621}