{"MV1":0.338579942612274,"MV3":0.868509225038085,"CH1":0.4711278242253726}