{"MV1":0.30614412610117436,"MV3":0.19332596982179984,"CH1":0.8852677899442838}