{"MV1":0.3829182317760361,"MV3":0.601784048873462,"CH1":0.437503549929102}