{"MV1":0.08887155674558878,"MV3":0.8401604618014572,"CH1":0.046857771832492845}