{"MV1":0.8449500876634243,"MV3":0.3445474320173647,"CH1":0.1900961394344478}