{"MV1":0.45309482865813744,"MV3":0.7283660736748114,"CH1":0.8076611559039324}