{"MV1":0.9825508363390799,"MV3":0.32149061073357765,"CH1":0.28526280518409175}