{"MV1":0.1574735486306068,"MV3":0.8124511411303085,"CH1":0.17825261653904}