{"MV1":0.8340244799994881,"MV3":0.08262571147135322,"CH1":0.5754617348494168}