{"MV1":0.9486138140942318,"MV3":0.8898090560147593,"CH1":0.06493729972292417}