{"MV1":0.6049404126905583,"MV3":0.24952690099617436,"CH1":0.9431681889438136}