{"MV1":0.8103472386843076,"MV3":0.07587622400116112,"CH1":0.8318505754205993}