{"MV1":0.48967383697094236,"MV3":0.7777686296657259,"CH1":0.6120933651510824}