{"MV1":0.4564010736630111,"MV3":0.22666709256755047,"CH1":0.8716047938431164}