{"MV1":0.47709556039327494,"MV3":0.6690413166950441,"CH1":0.6490795903298612}