{"MV1":0.9028719195117012,"MV3":0.5015699770958287,"CH1":0.8368034496457821}