{"MV1":0.4886341396001569,"MV3":0.009510425580067428,"CH1":0.10641391694411573}