{"MV1":0.15896959836228153,"MV3":0.15450687883960168,"CH1":0.22230456784317165}