{"MV1":0.919492722724927,"MV3":0.05038754089134012,"CH1":0.25424533384445114}