{"MV1":0.36296154948052206,"MV3":0.3505539037067191,"CH1":0.8589058453878639}