{"MV1":0.2448593421650863,"MV3":0.955043156637287,"CH1":0.015583047904645042}