{"MV1":0.5784655262027552,"MV3":0.46907380332173765,"CH1":0.24473291144933484}