{"MV1":0.6477935435710207,"MV3":0.6486507842934831,"CH1":0.40614856472160854}