{"MV1":0.40172528877163316,"MV3":0.1802840725599083,"CH1":0.5248796337598811}