{"MV1":0.4005949538922051,"MV3":0.7039740328355204,"CH1":0.5480598209227193}