{"MV1":0.2587375871317128,"MV3":0.8467201656113478,"CH1":0.4699429641493579}