{"MV1":0.9274867470582042,"MV3":0.546694750079602,"CH1":0.43784034960430784}