{"MV1":0.2938372706064063,"MV3":0.9280037226127523,"CH1":0.4637047026738441}