{"MV1":0.24661554380311046,"MV3":0.6374929406876505,"CH1":0.45314013785148344}