{"MV1":0.7919785591419347,"MV3":0.04710887852690915,"CH1":0.20700762416251972}