{"MV1":0.28575934661259195,"MV3":0.13631443958816825,"CH1":0.3302377329380378}