{"MV1":0.893474675660777,"MV3":0.23360131878685353,"CH1":0.511708782138579}