{"MV1":0.7798838159284577,"MV3":0.9125110424973124,"CH1":0.9269890498377766}