{"MV1":0.024126573049343625,"MV3":0.5763729835211323,"CH1":0.49156930975803037}