{"MV1":0.8802737371608993,"MV3":0.20654842405325147,"CH1":0.4174294468898654}