{"MV1":0.1898992899242532,"MV3":0.9274626596355637,"CH1":0.2312764203523977}