{"MV1":0.40270885306111215,"MV3":0.6534229116296733,"CH1":0.11587275908526895}