{"MV1":0.793894099198516,"MV3":0.9096178700386109,"CH1":0.24199958638903207}