{"MV1":0.5595897928336483,"MV3":0.5705011160057348,"CH1":0.13275129199418478}