{"MV1":0.36803386876267086,"MV3":0.7343477956079395,"CH1":0.5847925524032844}