{"MV1":0.6801450542813616,"MV3":0.7904137386745507,"CH1":0.7936162958082323}