{"MV1":0.45122350468269445,"MV3":0.8508745777577215,"CH1":0.8482493668346521}