{"MV1":0.9832735638560401,"MV3":0.13688097071936256,"CH1":0.8732624294377594}