{"MV1":0.21253577735815354,"MV3":0.018453284182679663,"CH1":0.09295482531724553}