{"MV1":0.6912690039723227,"MV3":0.8100144910780791,"CH1":0.7508289731450085}