{"MV1":0.7048187293268058,"MV3":0.714494809470654,"CH1":0.18812327293106657}