{"MV1":0.16032309845836223,"MV3":0.9623837711058477,"CH1":0.48748776835922847}