{"MV1":0.9269425227802037,"MV3":0.06945507499030157,"CH1":0.10814806343598826}