{"MV1":0.8564782246654331,"MV3":0.9639677476379552,"CH1":0.7946915194262586}