{"MV1":0.459729365993391,"MV3":0.7732966767324222,"CH1":0.8371428981375616}