{"MV1":0.5499913401352414,"MV3":0.5962538996240772,"CH1":0.9292346102688777}