{"MV1":0.28756148288589645,"MV3":0.4558050629102137,"CH1":0.28217355195425675}