{"MV1":0.8753707922399598,"MV3":0.07377399241896287,"CH1":0.46942838133315423}