{"MV1":0.9867083364320128,"MV3":0.43619145465948894,"CH1":0.8727930561195616}