{"MV1":0.9548351995759093,"MV3":0.749016538825607,"CH1":0.650040453824845}