{"MV1":0.504360476843244,"MV3":0.8263815701907686,"CH1":0.6235618190944323}