{"MV1":0.6317072992615033,"MV3":0.6750550415976341,"CH1":0.7314748439565851}