{"MV1":0.8531662170353081,"MV3":0.2900437315702078,"CH1":0.5503723842106838}