{"MV1":0.1073558444875724,"MV3":0.4821950033692157,"CH1":0.20984688961645803}