{"MV1":0.51587225720978,"MV3":0.06631135467056326,"CH1":0.762095330529522}