{"MV1":0.8892552257112939,"MV3":0.5920473525081102,"CH1":0.9053406194024476}