{"MV1":0.9116965616313999,"MV3":0.8635933937878604,"CH1":0.8942933991189126}