{"MV1":0.3457186084115602,"MV3":0.8581573146071347,"CH1":0.47817031843990077}