{"MV1":0.957926762179051,"MV3":0.9589179393334568,"CH1":0.1317188668156175}