{"MV1":0.17166796901325299,"MV3":0.1891227599346228,"CH1":0.9668589727532744}