{"MV1":0.786724253033576,"MV3":0.8912067333859472,"CH1":0.7125667654190283}