{"MV1":0.9144391676559988,"MV3":0.24008542313758596,"CH1":0.19957852194538406}