{"MV1":0.6887753258310941,"MV3":0.9802732694558406,"CH1":0.45927246607303596}