{"MV1":0.4375032656221145,"MV3":0.4126583628782775,"CH1":0.5188063664950406}