{"MV1":0.12968541225243624,"MV3":0.5148165246437441,"CH1":0.4597454244814211}