{"MV1":0.0475630696432956,"MV3":0.530350443719268,"CH1":0.26329061648543284}