{"MV1":0.36664259754123174,"MV3":0.7418289221480167,"CH1":0.4822875127487659}