{"MV1":0.9939918780434177,"MV3":0.4246943997133634,"CH1":0.5215760544534667}