{"MV1":0.0030468345616706527,"MV3":0.03530084224661312,"CH1":0.24649719600790154}