{"MV1":0.6173560008660781,"MV3":0.84895832009656,"CH1":0.36239851204482465}