{"MV1":0.38009880055025647,"MV3":0.9542098581345843,"CH1":0.14623851405298638}