{"MV1":0.873796274723614,"MV3":0.9603734444552455,"CH1":0.09493867855621763}