{"MV1":0.33887911064357035,"MV3":0.4354865677229641,"CH1":0.4971510197462041}