{"MV1":0.25409298781942447,"MV3":0.8852874954259657,"CH1":0.1695111236679402}