{"MV1":0.2819838629140884,"MV3":0.15901776789148603,"CH1":0.08130224261059449}