{"MV1":0.21159232624733504,"MV3":0.5801735435205145,"CH1":0.49824316379495504}