{"MV1":0.16459320825273616,"MV3":0.8215719527604703,"CH1":0.5923882523039158}