{"MV1":0.48919409872446384,"MV3":0.21916639722650388,"CH1":0.8024151141903451}