{"MV1":0.2676895474294224,"MV3":0.2565078916239617,"CH1":0.4936464436201792}