{"MV1":0.08113460130258565,"MV3":0.16689085940014958,"CH1":0.04246245247325464}