{"MV1":0.5340728678335159,"MV3":0.9837800485593526,"CH1":0.39381907636952984}