{"MV1":0.12183851199593987,"MV3":0.6121057961270114,"CH1":0.4222352809129698}