{"MV1":0.4843315451362681,"MV3":0.7815376926718084,"CH1":0.5732683995664514}