{"MV1":0.6110876831346559,"MV3":0.29203759342760416,"CH1":0.36169487146209656}