{"MV1":0.21539723102949704,"MV3":0.8068897199994974,"CH1":0.9983158759825355}