{"MV1":0.5828422842056401,"MV3":0.8609849083952379,"CH1":0.9401560657422466}