{"MV1":0.829735914563285,"MV3":0.3286830043255109,"CH1":0.1810441906246898}