{"MV1":0.2795230578689686,"MV3":0.05271590523176939,"CH1":0.7533118954617232}