{"MV1":0.922477097714132,"MV3":0.010803650861333614,"CH1":0.3290172594420868}