{"MV1":0.00847634399212105,"MV3":0.5780984824837243,"CH1":0.9063748588764194}