{"MV1":0.623328026228808,"MV3":0.612502087409815,"CH1":0.7664597652301158}