{"MV1":0.7620430443639145,"MV3":0.28727387507194335,"CH1":0.6218146164873818}