{"MV1":0.6118677078472877,"MV3":0.6584210683591265,"CH1":0.2729077864143912}