{"MV1":0.7390664657878158,"MV3":0.4666399678667741,"CH1":0.9080059460743275}