{"MV1":0.13207694622309363,"MV3":0.06527951803758658,"CH1":0.5340979898373612}