{"MV1":0.11041479885771266,"MV3":0.9644018608595453,"CH1":0.2052902325973116}