{"MV1":0.1183850861811393,"MV3":0.5476065234673158,"CH1":0.009732471115283858}