{"MV1":0.6528701686510602,"MV3":0.5163260989204593,"CH1":0.049604314171562525}