{"MV1":0.09390297789697222,"MV3":0.16913753410933685,"CH1":0.7903464274010616}