{"MV1":0.44181648157975606,"MV3":0.4646209518674448,"CH1":0.8569541994109985}