{"MV1":0.027410191774047243,"MV3":0.7840156507728847,"CH1":0.36946487826910557}