{"MV1":0.5618350790576122,"MV3":0.7505608094788357,"CH1":0.27489125019438954}