{"MV1":0.44821979745775953,"MV3":0.8608567300014467,"CH1":0.5548226598075683}