{"MV1":0.36322576972303555,"MV3":0.9675633444862355,"CH1":0.7264228014128796}