{"MV1":0.18238864548227418,"MV3":0.22819920593855414,"CH1":0.25494131194742786}