{"MV1":0.9266123629797386,"MV3":0.7782646729749773,"CH1":0.6594057530698515}