{"MV1":0.8558143297456623,"MV3":0.8283979720508272,"CH1":0.9611282810196801}