{"MV1":0.23241938491939784,"MV3":0.5240731666884981,"CH1":0.8544731255255958}