{"MV1":0.3407264023841837,"MV3":0.14399661281990428,"CH1":0.8702352632157802}