{"MV1":0.19367366960911725,"MV3":0.8361528964217644,"CH1":0.9488703257264244}