{"MV1":0.4474238519944036,"MV3":0.043458428826722795,"CH1":0.4695361949962775}