{"MV1":0.9503167864042248,"MV3":0.24325002774936533,"CH1":0.28456296219046484}