{"MV1":0.09245507140428444,"MV3":0.5078349618736597,"CH1":0.17658852364572686}