{"MV1":0.07759765021894771,"MV3":0.4980628515582137,"CH1":0.4803325064953876}