{"MV1":0.4302755361413555,"MV3":0.6148669733238458,"CH1":0.550646318384641}