{"MV1":0.42015296853666706,"MV3":0.6051678904434349,"CH1":0.3037321574476425}