{"MV1":0.39175933276735564,"MV3":0.3970654155258022,"CH1":0.24327114067919609}