{"MV1":0.4742795450414806,"MV3":0.801219246318479,"CH1":0.863435295594138}