{"MV1":0.5447205336534078,"MV3":0.3266711531610672,"CH1":0.1183359341272694}