{"MV1":0.19995831539017161,"MV3":0.4775108392793048,"CH1":0.9156240785641923}