{"MV1":0.1879176495231456,"MV3":0.629031784491749,"CH1":0.0588286401064384}