{"MV1":0.7118227420828676,"MV3":0.029882976047034604,"CH1":0.8125829954033388}