{"MV1":0.9092564409169915,"MV3":0.23846932528451148,"CH1":0.18639909178844438}