{"MV1":0.2335635719589616,"MV3":0.3585507688441836,"CH1":0.04905561071005948}