{"MV1":0.04773682167107274,"MV3":0.5158615601937226,"CH1":0.33776832969988935}