{"MV1":0.1701992347859309,"MV3":0.7040869275150292,"CH1":0.39361226754837586}