{"MV1":0.13673883625568295,"MV3":0.9588066923333356,"CH1":0.32270919297822653}