{"MV1":0.5427608465388181,"MV3":0.4663073122671626,"CH1":0.5518953617524868}