{"MV1":0.2238401232052616,"MV3":0.30285035833398566,"CH1":0.10640486128764326}