{"MV1":0.7442472743845783,"MV3":0.1988741128541569,"CH1":0.4560474207984657}