{"MV1":0.5677749089737433,"MV3":0.8490785238632959,"CH1":0.2688184562229585}