{"MV1":0.2404462140460637,"MV3":0.9751627086326259,"CH1":0.6942269145926556}