{"MV1":0.13865923987287732,"MV3":0.04604578265042114,"CH1":0.28053212548156226}