{"MV1":0.9147386141381516,"MV3":0.6322876582945195,"CH1":0.878454309761516}