{"MV1":0.7994019128120964,"MV3":0.6326901870517182,"CH1":0.7937077324644746}