{"MV1":0.6226774604401853,"MV3":0.7874856713555043,"CH1":0.10269446642423596}