{"MV1":0.6676160348669016,"MV3":0.6382609699322156,"CH1":0.7021540726478628}