{"MV1":0.6762566464568509,"MV3":0.6779597598515724,"CH1":0.169529914238853}