{"MV1":0.9140661953756226,"MV3":0.0774812682186049,"CH1":0.28637857061079763}