{"MV1":0.8024760663048796,"MV3":0.8000138043524553,"CH1":0.9837862114080207}