{"MV1":0.5100500683171812,"MV3":0.4321176835227839,"CH1":0.9338825638650659}