{"MV1":0.1051019957672169,"MV3":0.34230032781527575,"CH1":0.7739349332080097}