{"MV1":0.2738162046750815,"MV3":0.5393004946983396,"CH1":0.3843838895743553}