{"MV1":0.034810727173425815,"MV3":0.9479979870767764,"CH1":0.9629900826890084}