{"MV1":0.5756758271146724,"MV3":0.9920711772761655,"CH1":0.5845280473923163}