{"MV1":0.29480497344479384,"MV3":0.09449950740570934,"CH1":0.5721430392202422}