{"MV1":0.5494352458168293,"MV3":0.5214314688197303,"CH1":0.1756426374672062}