{"MV1":0.33285685537926446,"MV3":0.934259803053095,"CH1":0.7593161824522882}