{"MV1":0.9348872767147816,"MV3":0.3611161364585048,"CH1":0.2224376689439952}