{"MV1":0.5649406649777603,"MV3":0.7338847504950946,"CH1":0.07423799131851894}