{"MV1":0.810125655809642,"MV3":0.2472310601740786,"CH1":0.02039490891344009}