{"MV1":0.558484114331686,"MV3":0.6760659605810282,"CH1":0.5931826168032192}