{"MV1":0.31015053594017683,"MV3":0.8104303040614838,"CH1":0.9161979859540506}