{"MV1":0.6311181046900565,"MV3":0.30547390887427206,"CH1":0.6173931256011046}