{"MV1":0.9405841925569722,"MV3":0.1380542055855012,"CH1":0.479768667233226}