{"MV1":0.1684415800028557,"MV3":0.6270713845720671,"CH1":0.81030051319506}