{"MV1":0.7942759824001631,"MV3":0.8393952644056956,"CH1":0.4452764579141135}