{"MV1":0.30329936329393936,"MV3":0.9854838053694658,"CH1":0.6262489380220736}