{"MV1":0.4743683401422639,"MV3":0.6633926761844046,"CH1":0.4348436143194969}