{"MV1":0.73013960559956,"MV3":0.22786987799804637,"CH1":0.8420043623195528}