{"MV1":0.021740757348235773,"MV3":0.08105961233092185,"CH1":0.4460317259188531}