{"MV1":0.08078754889259043,"MV3":0.9111637008695528,"CH1":0.3029894058431821}