{"MV1":0.023889350252962904,"MV3":0.2199050686390941,"CH1":0.20154860653941709}