{"MV1":0.41830808477981496,"MV3":0.25385813007416735,"CH1":0.3795746621482434}