{"MV1":0.14672441820574322,"MV3":0.5556523464643318,"CH1":0.9118608183070451}