{"MV1":0.7440233677134944,"MV3":0.7875499680445155,"CH1":0.23660702030300995}