{"MV1":0.19153196566410557,"MV3":0.5568660043046372,"CH1":0.9815779148721802}