{"MV1":0.9444323424409999,"MV3":0.8632464394719416,"CH1":0.5905372306832347}