{"MV1":0.22166858522056831,"MV3":0.3206468094887488,"CH1":0.3699203960989852}