{"MV1":0.44182651819370344,"MV3":0.5274244945621441,"CH1":0.8095693812681949}