{"MV1":0.15800946351490786,"MV3":0.5586854812401262,"CH1":0.9744814186828826}