{"MV1":0.972238419920741,"MV3":0.5887191350472779,"CH1":0.30956228229333127}