{"MV1":0.6154063419405132,"MV3":0.5777268123146421,"CH1":0.11275806986328751}