{"MV1":0.037423126031634335,"MV3":0.3071691460152437,"CH1":0.4189445253465274}