{"MV1":0.6044535705703445,"MV3":0.17151375701707816,"CH1":0.6626046280064414}