{"MV1":0.8691680833119365,"MV3":0.26073046128900057,"CH1":0.5934385763439091}