{"MV1":0.3725688306017024,"MV3":0.29769324919451035,"CH1":0.5525533311365056}