{"MV1":0.4173914424015315,"MV3":0.7995998130146889,"CH1":0.32870301269274804}