{"MV1":0.6480772487778356,"MV3":0.6373064443070865,"CH1":0.46705273038372863}