{"MV1":0.22545536282980705,"MV3":0.8783563534013098,"CH1":0.3019029031379804}