{"MV1":0.08988447906499708,"MV3":0.6029906555493195,"CH1":0.8014935200572058}