{"MV1":0.33181095539056227,"MV3":0.31036879188433253,"CH1":0.9339714397097614}