{"MV1":0.10301030792447896,"MV3":0.7248555101459897,"CH1":0.7530281305294525}