{"MV1":0.7401624400036616,"MV3":0.9857456515212875,"CH1":0.6099712927477356}