{"MV1":0.9183110351339951,"MV3":0.6634757355490836,"CH1":0.33648089854619423}