{"MV1":0.3326533018074531,"MV3":0.6028624175768129,"CH1":0.25703852676763606}