{"MV1":0.5255190983005984,"MV3":0.1029584894196085,"CH1":0.8801288354513608}