{"MV1":0.40121672700761446,"MV3":0.25804330042846835,"CH1":0.23975317044476452}