{"MV1":0.5531505677894399,"MV3":0.38905564479865473,"CH1":0.28274579894592344}