{"MV1":0.3010626699959936,"MV3":0.5712111432334653,"CH1":0.9846382128095379}