{"MV1":0.5971652639236591,"MV3":0.3846447563083255,"CH1":0.15347024745913762}