{"MV1":0.6295400107937142,"MV3":0.4813774926703719,"CH1":0.728482579685094}