{"MV1":0.4083195905299145,"MV3":0.2302022863568065,"CH1":0.9919689425807473}