{"MV1":0.5565742387676765,"MV3":0.5064334155208375,"CH1":0.21882691217290806}