{"MV1":0.27441680856832806,"MV3":0.17054036306804687,"CH1":0.9106031392985393}