{"MV1":0.44423088459713467,"MV3":0.092220338452224,"CH1":0.3681958549028783}