{"MV1":0.25630897785301854,"MV3":0.5829555799750439,"CH1":0.3020948637566665}