{"MV1":0.41698627890511264,"MV3":0.8511807016226152,"CH1":0.9542143134762353}