{"MV1":0.5632694278138254,"MV3":0.10726650668705107,"CH1":0.05114894281920457}