{"MV1":0.827614393309242,"MV3":0.03223946055409499,"CH1":0.32350346057711654}