{"MV1":0.10533786807442735,"MV3":0.8044096532366026,"CH1":0.22521385782308834}