{"MV1":0.4875549774930551,"MV3":0.0386086764240503,"CH1":0.05724884606109326}