{"MV1":0.33285569297036743,"MV3":0.11835607236786805,"CH1":0.23776838166215108}