{"MV1":0.49526956788418675,"MV3":0.2848319561308711,"CH1":0.10709273031277922}