{"MV1":0.057598178174361414,"MV3":0.3005146748970934,"CH1":0.23743996268388157}