{"MV1":0.9953129082290326,"MV3":0.6602616791567634,"CH1":0.3631506192516424}