{"MV1":0.7617865885260847,"MV3":0.8826707188487534,"CH1":0.5405336977265488}