{"MV1":0.482003477854579,"MV3":0.5271414775486902,"CH1":0.10528165852028937}