{"MV1":0.485844397553416,"MV3":0.45735867236860206,"CH1":0.8607528176707165}