{"MV1":0.319133626682478,"MV3":0.8918937410656331,"CH1":0.10085177079728491}