{"MV1":0.8291049625477436,"MV3":0.15937926144747017,"CH1":0.5783516095552279}