{"MV1":0.4988818468317079,"MV3":0.3488137147205298,"CH1":0.5202328893207927}