{"MV1":0.7300195117750718,"MV3":0.6035350928943815,"CH1":0.8879181327004295}