{"MV1":0.922171715466808,"MV3":0.40391911308124573,"CH1":0.6868653668966647}