{"MV1":0.5279757975623279,"MV3":0.08612688464773421,"CH1":0.973933241100257}