{"MV1":0.9924084312829833,"MV3":0.5613830472606134,"CH1":0.9810687721491188}