{"MV1":0.15533108055988354,"MV3":0.3801507450218198,"CH1":0.005852528146271463}