{"MV1":0.330312730919862,"MV3":0.6077585619724769,"CH1":0.7169658163168345}