{"MV1":0.5322012837359936,"MV3":0.5955192939423096,"CH1":0.6586197232400693}