{"MV1":0.3079873784579701,"MV3":0.4430497935814922,"CH1":0.8269371429551035}