{"MV1":0.4620808546611266,"MV3":0.33165727875639284,"CH1":0.35061205907974713}