{"MV1":0.2187092537953167,"MV3":0.6452792675427974,"CH1":0.9026581205241503}