{"MV1":0.8733594367636964,"MV3":0.6593410312260467,"CH1":0.2816070222194159}