{"MV1":0.1062334441809184,"MV3":0.6917473755998786,"CH1":0.32615355102679666}