{"MV1":0.5322620102003073,"MV3":0.7694941172978783,"CH1":0.2593397250602587}