{"MV1":0.04519972516944182,"MV3":0.423306157536694,"CH1":0.5147109329482868}