{"MV1":0.5153002358404125,"MV3":0.05939619896206816,"CH1":0.4218939516134863}