{"MV1":0.16665761803910417,"MV3":0.6172794303599416,"CH1":0.3303017616289242}