{"MV1":0.09286169313692705,"MV3":0.07702426222481773,"CH1":0.282059067292871}