{"MV1":0.14839608118365732,"MV3":0.9572965111079744,"CH1":0.3765343034538011}