{"MV1":0.26842592101378404,"MV3":0.3624804754703137,"CH1":0.26603182315673035}