{"MV1":0.04783762548982384,"MV3":0.6164065086232899,"CH1":0.4186866058490183}