{"MV1":0.34161885656311297,"MV3":0.9234417064156168,"CH1":0.6295351358899642}