{"MV1":0.04748420789259922,"MV3":0.10571700904956827,"CH1":0.1595673074854349}