{"MV1":0.13213908834748422,"MV3":0.054514832635956245,"CH1":0.14576465688767726}