{"MV1":0.1982691248397388,"MV3":0.92312843750578,"CH1":0.6013132542847494}