{"MV1":0.9537419765075403,"MV3":0.28289240698486307,"CH1":0.060201175385989236}