{"MV1":0.37406944265967035,"MV3":0.4983353417976225,"CH1":0.8309566850130286}