{"MV1":0.1355691852195775,"MV3":0.6257637817348257,"CH1":0.4670112953737062}