{"MV1":0.7106619797527726,"MV3":0.16652384015923782,"CH1":0.008451641907856189}