{"MV1":0.6791607100582541,"MV3":0.8522689312142148,"CH1":0.0706694962056007}