{"MV1":0.9055821084552642,"MV3":0.45608459277565816,"CH1":0.03349470164489976}