{"MV1":0.84309049186575,"MV3":0.7636870192361194,"CH1":0.11626068830599046}