{"MV1":0.33222487551068103,"MV3":0.6414947563853928,"CH1":0.8851829522349228}