{"MV1":0.2637162427826967,"MV3":0.984034041567501,"CH1":0.7715211530768633}