{"MV1":0.053362919929325514,"MV3":0.18008724440580692,"CH1":0.7955238503625152}