{"MV1":0.8083862330199901,"MV3":0.49215880815512747,"CH1":0.31764286945515907}