{"MV1":0.34816001460771173,"MV3":0.4235122373034407,"CH1":0.5758314135320898}