{"MV1":0.7892116045306042,"MV3":0.2564993372728096,"CH1":0.2087572570178179}