{"MV1":0.36972154296104975,"MV3":0.8368485604790756,"CH1":0.7975900025050374}