{"MV1":0.770709276804567,"MV3":0.16550490365211856,"CH1":0.9467502263281733}