{"MV1":0.4046996589425692,"MV3":0.5003545317143333,"CH1":0.08727254944079677}