{"MV1":0.84551092151704,"MV3":0.5114222490906581,"CH1":0.9943079031550688}