{"MV1":0.8558146607417215,"MV3":0.5232004800721716,"CH1":0.6963723550888634}