{"MV1":0.07900664397124646,"MV3":0.5029598627948545,"CH1":0.582631950499048}