{"MV1":0.4172581854473717,"MV3":0.4634855944268895,"CH1":0.49144766512062565}