{"MV1":0.2056323278830604,"MV3":0.9980226305162851,"CH1":0.1036208963285562}