{"MV1":0.652422485817086,"MV3":0.8525542396213783,"CH1":0.09447431418268382}