{"MV1":0.9657692171726968,"MV3":0.17059482869256193,"CH1":0.8798661878424917}