{"MV1":0.6064772561390785,"MV3":0.33901223986282214,"CH1":0.16104103138120274}