{"MV1":0.7371140390634094,"MV3":0.5577154781990826,"CH1":0.7410886450136356}