{"MV1":0.8237227770169513,"MV3":0.5653072642996357,"CH1":0.6684695986830403}