{"MV1":0.10028163628130937,"MV3":0.7550251322101353,"CH1":0.3064942704890876}