{"MV1":0.9423845711042478,"MV3":0.16447095175336968,"CH1":0.20666499665533022}