{"MV1":0.8382650435240248,"MV3":0.1566509295485513,"CH1":0.9427319596529568}