{"MV1":0.4755012983315088,"MV3":0.4772337582126075,"CH1":0.7822300367213539}