{"MV1":0.7036402233336491,"MV3":0.8354157181848048,"CH1":0.8772812061900007}