{"MV1":0.21512979892585282,"MV3":0.3802634080701941,"CH1":0.990486601172514}