{"MV1":0.9172521231498025,"MV3":0.5392031942408729,"CH1":0.9844457802846877}