{"MV1":0.925713697533532,"MV3":0.37193067168757776,"CH1":0.3141401907027128}