{"MV1":0.6028112554849255,"MV3":0.36016016724803157,"CH1":0.2855200158815434}