{"MV1":0.6018820383940586,"MV3":0.4178769228256263,"CH1":0.5170779803806986}