{"MV1":0.901455847980842,"MV3":0.6174858803205058,"CH1":0.4744516176939553}