{"MV1":0.4843507630269841,"MV3":0.6960512870752438,"CH1":0.906818046010479}