{"MV1":0.14380768494981966,"MV3":0.4176646087990623,"CH1":0.38294102532029617}