{"MV1":0.0019734827192254834,"MV3":0.9737842865835334,"CH1":0.30852732407183003}