{"MV1":0.30246721203450355,"MV3":0.17850734913652655,"CH1":0.9152125692073536}