{"MV1":0.5999520443043783,"MV3":0.042105263139543214,"CH1":0.4684525734137588}