{"MV1":0.40373740714569817,"MV3":0.26516312440521306,"CH1":0.29824730887664697}