{"MV1":0.3634820646303286,"MV3":0.05745730680166905,"CH1":0.6960405094476055}