{"MV1":0.4884829236209244,"MV3":0.28543840118324815,"CH1":0.29172467036095184}