{"MV1":0.9530747043932376,"MV3":0.5179904295864124,"CH1":0.45013229413394806}