{"MV1":0.8098454626222427,"MV3":0.8862345068108101,"CH1":0.9917924735651212}