{"MV1":0.1093552588437462,"MV3":0.3801275585568743,"CH1":0.06287052128117854}