{"MV1":0.31409986287455005,"MV3":0.30078609748410656,"CH1":0.18219889307396742}