{"MV1":0.8179709070628131,"MV3":0.38658615242644323,"CH1":0.7888005361042999}