{"MV1":0.34928731708838157,"MV3":0.5218700766188037,"CH1":0.07981871419439124}