{"MV1":0.7834890535665734,"MV3":0.6399348165883721,"CH1":0.6186194606100275}