{"MV1":0.40796082457070504,"MV3":0.21158469101101196,"CH1":0.427289892399373}