{"MV1":0.047373275877054866,"MV3":0.4038253830651636,"CH1":0.782041327891023}