{"MV1":0.4669084328336095,"MV3":0.13762737281588067,"CH1":0.14978142389776838}