{"MV1":0.8190460421026495,"MV3":0.2452796860608556,"CH1":0.0451860295497265}