{"MV1":0.5247382123734856,"MV3":0.5639473288069182,"CH1":0.5962272930204165}