{"MV1":0.8114375427496894,"MV3":0.16331682448263174,"CH1":0.5245157987145405}