{"MV1":0.9170563982907599,"MV3":0.2285132081963942,"CH1":0.8898775926613149}