{"MV1":0.9807362232734945,"MV3":0.41967550852230395,"CH1":0.5001566095169421}