{"MV1":0.7899655350810947,"MV3":0.021170524680551583,"CH1":0.3367004838106681}