{"MV1":0.525096110690726,"MV3":0.583011594369557,"CH1":0.6070339090865251}