{"MV1":0.7044290946265528,"MV3":0.3828573013863913,"CH1":0.16886790106577965}