{"MV1":0.5141455052775334,"MV3":0.10055838616167567,"CH1":0.1646167061029079}