{"MV1":0.3736727190736049,"MV3":0.8826010982104584,"CH1":0.5470078777576888}