{"MV1":0.15692318070239852,"MV3":0.7217624670622426,"CH1":0.330332708433555}