{"MV1":0.05741625437355957,"MV3":0.3344084986752176,"CH1":0.2127845734781102}