{"MV1":0.4320949708082269,"MV3":0.7232667082957212,"CH1":0.3563936933711874}