{"MV1":0.4996546841294057,"MV3":0.03420204666353388,"CH1":0.22038013686551827}