{"MV1":0.21702554964130838,"MV3":0.20887293956810116,"CH1":0.8180078927577842}