{"MV1":0.1222088896307656,"MV3":0.615370788590273,"CH1":0.40283722923015286}