{"MV1":0.0809880518495415,"MV3":0.878172593143912,"CH1":0.9191157208076085}