{"MV1":0.19458853573436552,"MV3":0.5598694881897177,"CH1":0.19932343378241746}