{"MV1":0.4650435944858369,"MV3":0.4199551605614048,"CH1":0.028850400399501486}