{"MV1":0.21087861557518528,"MV3":0.6445876331044503,"CH1":0.23758422072857033}