{"MV1":0.29914581293598297,"MV3":0.5845919488628156,"CH1":0.39189591551096403}