{"MV1":0.725219306135092,"MV3":0.6111926781628115,"CH1":0.49286300748118805}