{"MV1":0.6325360447566922,"MV3":0.1997547270812372,"CH1":0.5923916316381076}