{"MV1":0.16173674502106627,"MV3":0.6970582139283897,"CH1":0.5413095133855963}