{"MV1":0.16751002915429491,"MV3":0.7344416820954381,"CH1":0.08145016963622542}