{"MV1":0.7557793433399894,"MV3":0.5640253498220876,"CH1":0.03734140191846158}