{"MV1":0.7893378167753288,"MV3":0.704606876343776,"CH1":0.3027735206814286}