{"MV1":0.06905769423960362,"MV3":0.8166506562983087,"CH1":0.962191006582968}