{"MV1":0.33656500258601163,"MV3":0.04037233462877987,"CH1":0.016923021275079497}