{"MV1":0.044695065528362,"MV3":0.032888387395790475,"CH1":0.6783075505671586}