{"MV1":0.27421128317782495,"MV3":0.038586018314647585,"CH1":0.09578550883615666}