{"MV1":0.8538172038477748,"MV3":0.45760681689797733,"CH1":0.8286672265248504}