{"MV1":0.36260814073994374,"MV3":0.4288323583688214,"CH1":0.5776591597316895}