{"MV1":0.1500530147230914,"MV3":0.9709052901118869,"CH1":0.8206937386018451}