{"MV1":0.3327025840228649,"MV3":0.49653883588163095,"CH1":0.08858896587334697}