{"MV1":0.9860747646547952,"MV3":0.10479139776024438,"CH1":0.0011955286184015534}