{"MV1":0.9563708969038971,"MV3":0.6724573705275453,"CH1":0.7294456986232826}