{"MV1":0.7887750441518793,"MV3":0.39873582961217713,"CH1":0.4056601691662247}