{"MV1":0.7545254477215617,"MV3":0.6884533069226597,"CH1":0.20695126880417825}