{"MV1":0.31542917150207916,"MV3":0.1846169567752357,"CH1":0.19223275056521183}