{"MV1":0.9268533269407542,"MV3":0.9859753935893055,"CH1":0.16639595130879437}