{"MV1":0.9804549479837739,"MV3":0.2732770719096981,"CH1":0.8388448747425524}