{"MV1":0.2915507530952658,"MV3":0.6459432635125898,"CH1":0.9352909320709855}