{"MV1":0.8579549534845403,"MV3":0.2947338196299104,"CH1":0.6210672728541807}