{"MV1":0.4010856182638959,"MV3":0.7639111914458976,"CH1":0.29602829555337207}