{"MV1":0.9709272861755885,"MV3":0.8731624835888394,"CH1":0.8163864782318906}