{"MV1":0.5228556251472293,"MV3":0.6486473621452619,"CH1":0.7311977265445937}