{"MV1":0.5574087124493728,"MV3":0.4344666921624758,"CH1":0.971736029242306}