{"MV1":0.9585555981936695,"MV3":0.6383059018224059,"CH1":0.9294368623098084}