{"MV1":0.07516532954958977,"MV3":0.7720517542706461,"CH1":0.20336161019779986}