{"MV1":0.825691553280812,"MV3":0.6402150323496911,"CH1":0.5780522137562173}