{"MV1":0.3291634331275174,"MV3":0.9052727873784421,"CH1":0.33045532903550445}