{"MV1":0.08622934467178545,"MV3":0.7122407296795623,"CH1":0.19266645748823075}