{"MV1":0.9424972203176997,"MV3":0.9568527216107161,"CH1":0.4801857866784389}