{"MV1":0.6767032949679047,"MV3":0.024095671987670708,"CH1":0.5571609092337458}