{"MV1":0.9729501882874092,"MV3":0.24461904547863367,"CH1":0.22265249036416568}