{"MV1":0.9826244316672565,"MV3":0.07422876284979218,"CH1":0.6170186239813729}