{"MV1":0.010776784298373476,"MV3":0.7330264110730393,"CH1":0.7758701746545009}