{"MV1":0.37390515065265917,"MV3":0.5215367413957437,"CH1":0.6190827600691354}