{"MV1":0.6475113427818965,"MV3":0.2873265828999667,"CH1":0.14461488097015218}