{"MV1":0.9672002500325843,"MV3":0.47231751575728276,"CH1":0.777788457232921}