{"MV1":0.6281902489993927,"MV3":0.13260237398854913,"CH1":0.21544948912340833}