{"MV1":0.17584970841880077,"MV3":0.2695455292565232,"CH1":0.3430014689260472}