{"MV1":0.6364745991931123,"MV3":0.5317424208404289,"CH1":0.0332169904608024}