{"MV1":0.5069725314266333,"MV3":0.9635756846292725,"CH1":0.039459005906539835}