{"MV1":0.16994369481582638,"MV3":0.986277010555958,"CH1":0.6106780857140869}