{"MV1":0.8640387631776109,"MV3":0.9629951903311076,"CH1":0.9475958895029201}