{"MV1":0.6250181163174036,"MV3":0.05158998535905246,"CH1":0.41404477802088424}