{"MV1":0.5432505615859126,"MV3":0.47907061395328476,"CH1":0.6499282437882292}