{"MV1":0.00657441410156312,"MV3":0.9553302460717263,"CH1":0.8737445250357873}