{"MV1":0.19352916873055204,"MV3":0.6034537542096731,"CH1":0.685756264099849}