{"MV1":0.09720771116808957,"MV3":0.9079604915239521,"CH1":0.7631288137163559}