{"MV1":0.08175170625072092,"MV3":0.761527002595827,"CH1":0.9249591487130144}