{"MV1":0.23859569062034547,"MV3":0.02320746426156417,"CH1":0.5690858107326923}