{"MV1":0.032485028748266864,"MV3":0.3803653137923808,"CH1":0.9856553303431379}