{"MV1":0.1257727175586345,"MV3":0.9199423981254242,"CH1":0.15116474128676605}