{"MV1":0.8499968405126811,"MV3":0.08048191327052989,"CH1":0.8243479968768447}