{"MV1":0.14780642321121062,"MV3":0.47459022294678266,"CH1":0.799048995763177}