{"MV1":0.23983880953091585,"MV3":0.5953123325637596,"CH1":0.39991004833463206}