{"MV1":0.051924410662771314,"MV3":0.337396625872718,"CH1":0.9033664920249028}