{"MV1":0.4491759155414342,"MV3":0.5256011649741089,"CH1":0.1270175397863078}