{"MV1":0.1851299041877169,"MV3":0.0012122554038369593,"CH1":0.8223462488253972}