{"MV1":0.9411483312736705,"MV3":0.1850275455339877,"CH1":0.8596817307586693}