{"MV1":0.4212273829801052,"MV3":0.09483762400521012,"CH1":0.11048405536214634}