{"MV1":0.12534679533598314,"MV3":0.2741138096408472,"CH1":0.8739678209359504}