{"MV1":0.04014051545643449,"MV3":0.4559164742591686,"CH1":0.6273469150330103}