{"MV1":0.0953676488338765,"MV3":0.3366625409873205,"CH1":0.15216462621869076}