{"MV1":0.9416506441887665,"MV3":0.7543611986286963,"CH1":0.4786939682382828}