{"MV1":0.0567258147083084,"MV3":0.6253842414475308,"CH1":0.7573263064522936}