{"MV1":0.7006584687305216,"MV3":0.4107709725323424,"CH1":0.833929125947019}