{"MV1":0.5112158807661878,"MV3":0.22764157458013412,"CH1":0.9046531237124882}