{"MV1":0.25035725497301264,"MV3":0.3840421946991266,"CH1":0.4440888891009961}