{"MV1":0.7011562476460754,"MV3":0.5794321290371041,"CH1":0.4116539381310196}