{"MV1":0.49457281366127925,"MV3":0.19721574124144037,"CH1":0.3618930711491799}