{"MV1":0.6919692780984507,"MV3":0.4566451695561351,"CH1":0.08944159676849672}