{"MV1":0.9012537334746138,"MV3":0.46059853428566533,"CH1":0.515503960622884}