{"MV1":0.12461427126062774,"MV3":0.0008139827860155213,"CH1":0.9918014092866588}