{"MV1":0.856834266167006,"MV3":0.5560411436697333,"CH1":0.12546049753456368}