{"MV1":0.8533726360038901,"MV3":0.601723371939345,"CH1":0.6440267795889933}