{"MV1":0.8676829794639557,"MV3":0.14589946054824854,"CH1":0.6188815639776851}