{"MV1":0.40738781148585634,"MV3":0.8441217759156034,"CH1":0.10128400632523404}