{"MV1":0.5279585202934173,"MV3":0.37278488822293687,"CH1":0.4683474401686958}