{"MV1":0.837303922510048,"MV3":0.0379382910045416,"CH1":0.2865595977973908}