{"MV1":0.2863472145473046,"MV3":0.9803465423350659,"CH1":0.5525572164521134}