{"MV1":0.6731214963138993,"MV3":0.4075295688827012,"CH1":0.3408302975514541}