{"MV1":0.920820150401339,"MV3":0.7570219666918575,"CH1":0.05577038411777069}