{"MV1":0.15615224471874178,"MV3":0.8516280574513958,"CH1":0.5879483113402033}