{"MV1":0.47183182111303845,"MV3":0.8293386946994616,"CH1":0.7758094794622628}