{"MV1":0.1824058667286016,"MV3":0.8743173569975247,"CH1":0.057533904211028664}