{"MV1":0.8446999644665205,"MV3":0.8913824443394835,"CH1":0.5348887155874522}