{"MV1":0.33050007405639137,"MV3":0.695584221189388,"CH1":0.8658893777121671}