{"MV1":0.39261776611570154,"MV3":0.3275635049001111,"CH1":0.06475889971489035}