{"MV1":0.7126066173627874,"MV3":0.578566306396789,"CH1":0.17801385480788556}