{"MV1":0.1826585210938293,"MV3":0.8195837085095821,"CH1":0.022277560340150826}