{"MV1":0.005960047985603234,"MV3":0.37479993064116957,"CH1":0.7051415355160444}