{"MV1":0.37612822398943657,"MV3":0.5428846711840939,"CH1":0.8174704585513662}