{"MV1":0.954096910103844,"MV3":0.021991770582346803,"CH1":0.36590773670612553}