{"MV1":0.5482235267871804,"MV3":0.5174453552600444,"CH1":0.2506963052238613}