{"MV1":0.8017271302739998,"MV3":0.7250977603363735,"CH1":0.8803913359644602}