{"MV1":0.796654615049612,"MV3":0.8655760064276887,"CH1":0.3971840454159786}