{"MV1":0.9492178639557746,"MV3":0.7511269022609246,"CH1":0.16175851677152897}