{"MV1":0.162055619071092,"MV3":0.8785855343572766,"CH1":0.8872190397163616}