{"MV1":0.7471998282545657,"MV3":0.26407379775166795,"CH1":0.906273742122861}