{"MV1":0.2296505714221585,"MV3":0.7139600385078864,"CH1":0.35515798091068573}