{"MV1":0.5414812131316517,"MV3":0.3813237753947021,"CH1":0.9048712104617848}