{"MV1":0.49516534896807796,"MV3":0.7717383316718182,"CH1":0.47595053867631554}