{"MV1":0.43728820466262364,"MV3":0.4167827327240341,"CH1":0.48023564545254216}