{"MV1":0.5467278906621938,"MV3":0.8163373617161784,"CH1":0.48764081649620117}