{"MV1":0.23383801783962344,"MV3":0.5827479890483235,"CH1":0.3352173300215442}