{"MV1":0.46538272305057804,"MV3":0.3347465170310324,"CH1":0.49009271344425054}