{"MV1":0.00018510407929372974,"MV3":0.4550202039664938,"CH1":0.36354625418506803}