{"MV1":0.49261111211253983,"MV3":0.33212683534361154,"CH1":0.36868064186651694}