{"MV1":0.7814975466571767,"MV3":0.08695639226251395,"CH1":0.19487280950017638}