{"MV1":0.9329464599411996,"MV3":0.050586046432844034,"CH1":0.8490307672941627}