{"MV1":0.09620079002545667,"MV3":0.8311545324512136,"CH1":0.6345052525459236}