{"MV1":0.41276089528469184,"MV3":0.06224325252181495,"CH1":0.5209005038588604}