{"MV1":0.009038766850008595,"MV3":0.10448999287589544,"CH1":0.6941606134799383}