{"MV1":0.13431844789007674,"MV3":0.14022248638537826,"CH1":0.9892040309762787}