{"MV1":0.44334804912608616,"MV3":0.01058519107953304,"CH1":0.08796386634082831}