{"MV1":0.5357891650154206,"MV3":0.9350881513846954,"CH1":0.5528470440028547}