{"MV1":0.6960438591296005,"MV3":0.6629147149235528,"CH1":0.5503080322897506}