{"MV1":0.27382054592064253,"MV3":0.003328331190776357,"CH1":0.5439155373510203}