{"MV1":0.7064627952918988,"MV3":0.6798470007673357,"CH1":0.1589750013894502}