{"MV1":0.5804335995596157,"MV3":0.17676212285057247,"CH1":0.10140113470100665}