{"MV1":0.9148212821582343,"MV3":0.38076605902025196,"CH1":0.49489314300775866}