{"MV1":0.07947501268825719,"MV3":0.2675081989457416,"CH1":0.8024717123784133}