{"MV1":0.23055845525033647,"MV3":0.1898347584773421,"CH1":0.5939653847210262}