{"MV1":0.9438429093754543,"MV3":0.26146843582611656,"CH1":0.6468078275083925}