{"MV1":0.7539396807979778,"MV3":0.5916548413874093,"CH1":0.24390963019399525}