{"MV1":0.8054330699258139,"MV3":0.5361418615368658,"CH1":0.11205717695475637}