{"MV1":0.45266726803140833,"MV3":0.355832355990792,"CH1":0.9316160293374267}