{"MV1":0.6845120967944694,"MV3":0.8129731677450972,"CH1":0.2002144414383772}