{"MV1":0.028336933278638732,"MV3":0.7464864852154248,"CH1":0.5460075660557173}