{"MV1":0.3931653525965694,"MV3":0.6149357142140299,"CH1":0.6358796734407877}