{"MV1":0.1223225921360025,"MV3":0.18559679883470204,"CH1":0.9561233185080071}