{"MV1":0.27031598019377245,"MV3":0.504734721006523,"CH1":0.5055640964723337}