{"MV1":0.6892001988151384,"MV3":0.125440723032067,"CH1":0.7906403349390932}