{"MV1":0.07218026514191589,"MV3":0.48621431112755564,"CH1":0.6084600111836895}