{"MV1":0.17205476369312045,"MV3":0.5953042729703373,"CH1":0.34408949016393264}