{"MV1":0.8900213955610303,"MV3":0.5710841024917723,"CH1":0.11576742597502443}