{"MV1":0.454122861961465,"MV3":0.6338742795957216,"CH1":0.7921870470338634}