{"MV1":0.7798312247835624,"MV3":0.7913392447421189,"CH1":0.22874490311856732}