{"MV1":0.07934204279995238,"MV3":0.4495068016904811,"CH1":0.2345939969641948}