{"MV1":0.7930758979847534,"MV3":0.6373776747286468,"CH1":0.4420344496170472}