{"MV1":0.31635046119235666,"MV3":0.12762518161409653,"CH1":0.6141797078651284}