{"MV1":0.3583358414712209,"MV3":0.7283621428722714,"CH1":0.9267446452739638}