{"MV1":0.8130370633617888,"MV3":0.5424450024944095,"CH1":0.725689801627937}