{"MV1":0.6904388008631789,"MV3":0.7230194032594675,"CH1":0.19521297177627672}