{"MV1":0.898095495697301,"MV3":0.5738797167125586,"CH1":0.6283855218331607}