{"MV1":0.4282100304819316,"MV3":0.21135532001031,"CH1":0.10827899388233486}