{"MV1":0.8699144379292121,"MV3":0.8722760300619645,"CH1":0.49428666914585384}