{"MV1":0.2396451549773304,"MV3":0.8882846021015989,"CH1":0.8240990200675711}