{"MV1":0.07389514216334891,"MV3":0.4483680414278022,"CH1":0.5309289718315848}