{"MV1":0.7690647667583467,"MV3":0.5838154480660268,"CH1":0.663159766418316}