{"MV1":0.6938099497939012,"MV3":0.565372987741875,"CH1":0.9544775875753727}