{"MV1":0.8487389469198031,"MV3":0.41819287780196424,"CH1":0.38606253978787286}