{"MV1":0.4118595268499672,"MV3":0.31140179382647815,"CH1":0.508751515996691}