{"MV1":0.5281304117540175,"MV3":0.8228946016664772,"CH1":0.9009380064154388}