{"MV1":0.9964874769094653,"MV3":0.5988999489718635,"CH1":0.5377750719372467}