{"MV1":0.6684862848227803,"MV3":0.47800290263413214,"CH1":0.5189532981015313}