{"MV1":0.44052408508864416,"MV3":0.5824683040725321,"CH1":0.9417025052433017}