{"MV1":0.05966780014779971,"MV3":0.1427123188442473,"CH1":0.577852811212621}