{"MV1":0.5171956765349095,"MV3":0.2690548860157842,"CH1":0.5336640283141731}