{"MV1":0.9697604761479481,"MV3":0.8739137069322858,"CH1":0.8322587240245926}