{"MV1":0.7605355202210804,"MV3":0.20224297857432072,"CH1":0.5060594926352192}