{"MV1":0.5729583086080906,"MV3":0.5997549963270278,"CH1":0.3840741753463077}