{"MV1":0.23557911706401724,"MV3":0.031235906402410918,"CH1":0.09478819431146723}