{"MV1":0.03176613818293261,"MV3":0.005926315910922075,"CH1":0.5209287381527187}