{"MV1":0.45504480607664466,"MV3":0.27487572086373435,"CH1":0.716003749151018}