{"MV1":0.45100397018931526,"MV3":0.3922438453064999,"CH1":0.46125537172713194}