{"MV1":0.22653227797738196,"MV3":0.2885054098515776,"CH1":0.8771049355371122}