{"MV1":0.5462332144996864,"MV3":0.9354460002347402,"CH1":0.29832413246339284}