{"MV1":0.20951431065634363,"MV3":0.7857729450277313,"CH1":0.45973672949699895}