{"MV1":0.14334387485542566,"MV3":0.8413112097015157,"CH1":0.3010119137487155}