{"MV1":0.16718135084479224,"MV3":0.9062033650286906,"CH1":0.5641742351712554}