{"MV1":0.6809531001404929,"MV3":0.20889249921216235,"CH1":0.8310271509797919}