{"MV1":0.8220513540328166,"MV3":0.6939757825576992,"CH1":0.9448040320700786}