{"MV1":0.6315943904413253,"MV3":0.49376359211794507,"CH1":0.6887970325906412}