{"MV1":0.8530713352886032,"MV3":0.5749441774133639,"CH1":0.6730734185091778}