{"MV1":0.033617488841605314,"MV3":0.11823132130448977,"CH1":0.241622310969697}