{"MV1":0.8691457000282735,"MV3":0.9600878333362487,"CH1":0.4488752489534562}