{"MV1":0.0529809464931954,"MV3":0.6022717613014219,"CH1":0.11380701940751803}