{"MV1":0.003360383043329973,"MV3":0.3414368300779359,"CH1":0.992211457965662}