{"MV1":0.4755322320076357,"MV3":0.6181249413265698,"CH1":0.09968107418532957}