{"MV1":0.46866962534890033,"MV3":0.4334837188134949,"CH1":0.7028052194766854}