{"MV1":0.3113014838090977,"MV3":0.4696882706045077,"CH1":0.07335562468747381}