{"MV1":0.061786278640278525,"MV3":0.7419435023122994,"CH1":0.22326706314772216}