{"MV1":0.3531340400624614,"MV3":0.15417990491247324,"CH1":0.29790475014303874}