{"MV1":0.4220627264692016,"MV3":0.5970652581000568,"CH1":0.865986132802563}