{"MV1":0.7970865580030646,"MV3":0.37192313274277866,"CH1":0.7486792834145781}