{"MV1":0.14500923977921276,"MV3":0.5582018203160205,"CH1":0.44059417980383153}