{"MV1":0.14694229156442784,"MV3":0.16516125658099545,"CH1":0.49010841466840804}