{"MV1":0.4986114484793578,"MV3":0.0230877699277936,"CH1":0.7830903262258456}