{"MV1":0.28868009661766714,"MV3":0.6903655741605534,"CH1":0.731360134236053}