{"MV1":0.968599520469847,"MV3":0.9406979013850585,"CH1":0.7359127789118418}