{"MV1":0.7443362904804357,"MV3":0.4060290644333565,"CH1":0.28446411370171143}