{"MV1":0.20721935150177118,"MV3":0.738247439352668,"CH1":0.12397330270429041}