{"MV1":0.3046406369625809,"MV3":0.02882193317345949,"CH1":0.9090877541967929}