{"MV1":0.24593530175713008,"MV3":0.2721429176549307,"CH1":0.3955520440103236}