{"MV1":0.43388587021033087,"MV3":0.5051972034000427,"CH1":0.052362192645727834}