{"MV1":0.42453987323360554,"MV3":0.4890684035447571,"CH1":0.6641180702394577}