{"MV1":0.6789280659729428,"MV3":0.2071983448771152,"CH1":0.4404984096989064}