{"MV1":0.48740784060773534,"MV3":0.06791247345114881,"CH1":0.4395609289340363}