{"MV1":0.25659771693814726,"MV3":0.08804502712173734,"CH1":0.28898250896754174}