{"MV1":0.8663180421179433,"MV3":0.5217508582039623,"CH1":0.38171629539540985}