{"MV1":0.8394117098674836,"MV3":0.7033137110747137,"CH1":0.9838240808790466}