{"MV1":0.9757717708384436,"MV3":0.2999614535817168,"CH1":0.5466002858542601}