{"MV1":0.26353906623892187,"MV3":0.34629459067853563,"CH1":0.4756899552560939}