{"MV1":0.5320080248836837,"MV3":0.6033805741684563,"CH1":0.528804849784663}