{"MV1":0.10408493317973266,"MV3":0.4941687924959739,"CH1":0.13201704001659076}