{"MV1":0.10782492424298595,"MV3":0.5771209668561021,"CH1":0.0880193591772177}