{"MV1":0.2417912009750517,"MV3":0.25205783793200065,"CH1":0.45908096451065006}