{"MV1":0.3491556384814798,"MV3":0.0813026548328103,"CH1":0.3303876757374702}