{"MV1":0.057513978536290145,"MV3":0.3556209685153595,"CH1":0.8913772623964816}