{"MV1":0.6040043192996452,"MV3":0.5190662356555242,"CH1":0.1803198265502024}