{"MV1":0.2837190724763827,"MV3":0.48317765737779583,"CH1":0.9874705078935462}