{"MV1":0.5269030806934356,"MV3":0.33971571759934405,"CH1":0.39974567510066994}