{"MV1":0.008167704546516719,"MV3":0.838291705812629,"CH1":0.5443639084599677}