{"MV1":0.009843405498973667,"MV3":0.8418823088094907,"CH1":0.6240199444141786}