{"MV1":0.03644047291927499,"MV3":0.8474649861431068,"CH1":0.1473953221677632}