{"MV1":0.978127622509316,"MV3":0.3701868584416017,"CH1":0.1611270785605835}