{"MV1":0.7850661121812313,"MV3":0.9467215017598194,"CH1":0.6252507956661988}