{"MV1":0.9822284372817713,"MV3":0.710795849535424,"CH1":0.691684456432455}