{"MV1":0.032046781481676834,"MV3":0.675275109950401,"CH1":0.44229809519835983}