{"MV1":0.2928538041532701,"MV3":0.20042118940323994,"CH1":0.6354956585965208}