{"MV1":0.12186633596339524,"MV3":0.9499683736551429,"CH1":0.49455959854762155}