{"MV1":0.1441618046442512,"MV3":0.6196876922232452,"CH1":0.6456986757066288}