{"MV1":0.6157824906984581,"MV3":0.7952142421191372,"CH1":0.8939857993645142}