{"MV1":0.051127675626176705,"MV3":0.18984261670894453,"CH1":0.27913183670860275}