{"MV1":0.3079507822540104,"MV3":0.7522479120526478,"CH1":0.2765434535419984}