{"MV1":0.4641211865110171,"MV3":0.8870347803213763,"CH1":0.9635382919771974}