{"MV1":0.23785980310263144,"MV3":0.4637169240445945,"CH1":0.8897654616979908}