{"MV1":0.6946633487195494,"MV3":0.34638085887024117,"CH1":0.07417331412162831}