{"MV1":0.6541737203815471,"MV3":0.8224152368380904,"CH1":0.7385483461182973}