{"MV1":0.08010089264515652,"MV3":0.817273918952255,"CH1":0.6364351017170048}