{"MV1":0.12941078102015058,"MV3":0.7364412832653807,"CH1":0.27562565116517823}