{"MV1":0.14098202154874906,"MV3":0.07303394819343922,"CH1":0.4495929464627276}