{"MV1":0.7841318069787524,"MV3":0.9182150570016353,"CH1":0.7998389535002941}