{"MV1":0.03420334006761072,"MV3":0.20195873171242962,"CH1":0.535340850100113}