{"MV1":0.03381206928040148,"MV3":0.9874642840359437,"CH1":0.8616730065673943}