{"MV1":0.402306608795023,"MV3":0.320658633050251,"CH1":0.8723301887714369}