{"MV1":0.004098702930177223,"MV3":0.12124886792725209,"CH1":0.74414157848255}