{"MV1":0.39966439917067975,"MV3":0.397740196914281,"CH1":0.35841023646440706}