{"MV1":0.6331974445701187,"MV3":0.480939868827875,"CH1":0.20040284811907294}