{"MV1":0.5159213945009951,"MV3":0.8375346964432431,"CH1":0.045450252114163536}