{"MV1":0.8550312374741399,"MV3":0.8058046701746719,"CH1":0.5859884533923619}