{"MV1":0.4872327947888403,"MV3":0.45475523630656844,"CH1":0.1013077267746455}