{"MV1":0.05529962628839813,"MV3":0.21281624599602,"CH1":0.9473437936046667}