{"MV1":0.6008401138033582,"MV3":0.1673333850067774,"CH1":0.7578790235238275}