{"MV1":0.6890041698774386,"MV3":0.5227598794227453,"CH1":0.9411412953522381}