{"MV1":0.0367977397970376,"MV3":0.883406345119843,"CH1":0.03309104677155672}