{"MV1":0.6775651583604643,"MV3":0.5136017027273758,"CH1":0.41533357713020225}