{"MV1":0.7444218984073141,"MV3":0.910829594851072,"CH1":0.3556544281452746}