{"MV1":0.22619976264142838,"MV3":0.031985388488633304,"CH1":0.02703359649549264}