{"MV1":0.9845909699480953,"MV3":0.9173938484710236,"CH1":0.19604751529968623}