{"MV1":0.5643049738411183,"MV3":0.5650662865312385,"CH1":0.7144143045094821}