{"MV1":0.9657052044293027,"MV3":0.21249789257196172,"CH1":0.33016997719692776}