{"MV1":0.5818374923070196,"MV3":0.09316866746858721,"CH1":0.797164078532449}