{"MV1":0.8304810457542099,"MV3":0.9934271845985422,"CH1":0.5867554667999119}