{"MV1":0.27252606050893746,"MV3":0.24983226771192124,"CH1":0.5748210002705627}