{"MV1":0.576671380438342,"MV3":0.4819965212404035,"CH1":0.49759280071578926}