{"MV1":0.802029767269949,"MV3":0.9698681367986544,"CH1":0.629180014614539}