{"MV1":0.3859828019772964,"MV3":0.35764033382833227,"CH1":0.36250662963627833}