{"MV1":0.7536033564346648,"MV3":0.025448105747283623,"CH1":0.7580585946049997}