{"MV1":0.7671467737932441,"MV3":0.5346665868052679,"CH1":0.8082653073840415}