{"MV1":0.40514955594038693,"MV3":0.6524772772120366,"CH1":0.968264486645928}