{"MV1":0.7477410440681265,"MV3":0.9284524408546957,"CH1":0.15057601606261206}