{"MV1":0.40614017512886225,"MV3":0.3947951273398407,"CH1":0.277738220675142}