{"MV1":0.33451532504463777,"MV3":0.37139340919726527,"CH1":0.5135267111365341}