{"MV1":0.08648012051551102,"MV3":0.9088808110329749,"CH1":0.6473150974785836}