{"MV1":0.14482908007333084,"MV3":0.2927723493963872,"CH1":0.8905388852984094}