{"MV1":0.41511804806675967,"MV3":0.08126463569720876,"CH1":0.16242926348372566}