{"MV1":0.3327957016654116,"MV3":0.1489032462301787,"CH1":0.7029094195712943}