{"MV1":0.03836363830677825,"MV3":0.8008868466800432,"CH1":0.8908270029187068}