{"MV1":0.17174951522455573,"MV3":0.46332359081847574,"CH1":0.05379173308717944}