{"MV1":0.17556384260617808,"MV3":0.9530446796383114,"CH1":0.07926371065623927}