{"MV1":0.815022036001169,"MV3":0.7637052074771786,"CH1":0.5115073106659965}