{"MV1":0.679871387080584,"MV3":0.029624854430783443,"CH1":0.9095244310214198}