{"MV1":0.2015795189917282,"MV3":0.8802420628659323,"CH1":0.6906206954420947}