{"MV1":0.9262061188166436,"MV3":0.5498034075977407,"CH1":0.05442792432340482}