{"MV1":0.7163037605651794,"MV3":0.8441353161552735,"CH1":0.8743849007633122}