{"MV1":0.5202651621873882,"MV3":0.7987326367393804,"CH1":0.4776171259978137}