{"MV1":0.29990396824607857,"MV3":0.8999710129517904,"CH1":0.9541456783894399}