{"MV1":0.17311723033389792,"MV3":0.035507388842998644,"CH1":0.40586789111341126}