{"MV1":0.6087703137436824,"MV3":0.02490663854469255,"CH1":0.033821219408559644}