{"MV1":0.45563107200956177,"MV3":0.2553722032706902,"CH1":0.05914188141947174}