{"MV1":0.6743903761067368,"MV3":0.4401116596226424,"CH1":0.9690962423756943}