{"MV1":0.28221058840970004,"MV3":0.12382497517820112,"CH1":0.9002984169734787}