{"MV1":0.8745792866473818,"MV3":0.07936470613067514,"CH1":0.6209439325499854}