{"MV1":0.6204632904245759,"MV3":0.4657444114872824,"CH1":0.9506161779818336}