{"MV1":0.5577162008530326,"MV3":0.9941095466281743,"CH1":0.9469551582180837}