{"MV1":0.6572559576777266,"MV3":0.2435388608346466,"CH1":0.2924101181948191}