{"MV1":0.475461664615635,"MV3":0.3378405640842529,"CH1":0.43352547821068643}