{"MV1":0.8555933826134781,"MV3":0.05940132555472066,"CH1":0.45955048533149834}