{"MV1":0.9042850638726171,"MV3":0.8195674375700193,"CH1":0.43340782661449007}