{"MV1":0.6007238608121815,"MV3":0.25828602142339396,"CH1":0.7038036428618974}