{"MV1":0.9449332480017211,"MV3":0.2951767627104964,"CH1":0.9175200753693961}