{"MV1":0.15128803673309432,"MV3":0.433435370896752,"CH1":0.4100754363865411}