{"MV1":0.8300502522168446,"MV3":0.26545045635785824,"CH1":0.5198361576762692}