{"MV1":0.5640088921903428,"MV3":0.30390451650021644,"CH1":0.9227621527003506}