{"MV1":0.4540689039524558,"MV3":0.5119068032813955,"CH1":0.6009089298587994}