{"MV1":0.32157366692394895,"MV3":0.5054434464879924,"CH1":0.06934627394311554}