{"MV1":0.5729567170362371,"MV3":0.6522174831426129,"CH1":0.0006483956315713746}