{"MV1":0.6951171515152179,"MV3":0.5586106259119645,"CH1":0.6009131247690792}