{"MV1":0.9831193268092744,"MV3":0.07230624316270484,"CH1":0.7292764297448215}