{"MV1":0.601518923116313,"MV3":0.23322559330418247,"CH1":0.44397012400734037}