{"MV1":0.45683845284097846,"MV3":0.37327581730951553,"CH1":0.6312900890518901}