{"MV1":0.9332821679085057,"MV3":0.09522792376429379,"CH1":0.6021651097081784}