{"MV1":0.19397356919159725,"MV3":0.2632341082505273,"CH1":0.276970023563592}