{"MV1":0.20048075542998722,"MV3":0.8806378424918031,"CH1":0.6222110173676475}