{"MV1":0.3272643569449186,"MV3":0.573910736764677,"CH1":0.568734034082125}