{"MV1":0.24115314566083934,"MV3":0.9550982631810625,"CH1":0.36565094155911804}