{"MV1":0.8379223026554471,"MV3":0.42133546921005505,"CH1":0.5687729878108172}