{"MV1":0.03234478826573817,"MV3":0.7288894526576571,"CH1":0.5311974762027956}