{"MV1":0.5136173346605648,"MV3":0.1508625636608043,"CH1":0.31431560386138657}