{"MV1":0.5443725657742173,"MV3":0.37766651445161326,"CH1":0.19170346481108425}