{"MV1":0.44455483976424026,"MV3":0.5556858310719686,"CH1":0.9576049862517589}