{"MV1":0.1943810066552374,"MV3":0.4426667132894434,"CH1":0.8479115150067114}