{"MV1":0.0687138161990436,"MV3":0.6906972100919468,"CH1":0.4833015987400471}