{"MV1":0.6233564291974535,"MV3":0.30821771693699485,"CH1":0.46769384461258323}