{"MV1":0.997668037649734,"MV3":0.7462776826284584,"CH1":0.6394258611157505}