{"MV1":0.47600345602032157,"MV3":0.08464506389055915,"CH1":0.8750693903205254}