{"MV1":0.20479490170829184,"MV3":0.9459880353972709,"CH1":0.7154157018552667}