{"MV1":0.11118467891562112,"MV3":0.7419491701456578,"CH1":0.6363879195094594}