{"MV1":0.23509421881707326,"MV3":0.5772107284108275,"CH1":0.2565019711009423}