{"MV1":0.3983228841817461,"MV3":0.7352619762766469,"CH1":0.8026079965596827}