{"MV1":0.09789463751655636,"MV3":0.2035982233406921,"CH1":0.953354420852028}