{"MV1":0.06110075145163785,"MV3":0.29948597166494073,"CH1":0.8142615682000651}