{"MV1":0.7647295283041868,"MV3":0.3182374195526513,"CH1":0.5450075768801689}