{"MV1":0.6164105854479921,"MV3":0.09715943423612061,"CH1":0.08355337305108801}