{"MV1":0.9690832672585633,"MV3":0.5606181559589244,"CH1":0.5993629993304497}