{"MV1":0.09630714964677478,"MV3":0.6784600736368589,"CH1":0.65400576668066}