{"MV1":0.0812821713873636,"MV3":0.8369120021269925,"CH1":0.31800640645934264}