{"MV1":0.8682860386691957,"MV3":0.5979660762779618,"CH1":0.8714147621167376}