{"MV1":0.1662516840342565,"MV3":0.5881631150841345,"CH1":0.5957926749802207}