{"MV1":0.7852392595797784,"MV3":0.5434497455645829,"CH1":0.6176754715630351}