{"MV1":0.5352066816129077,"MV3":0.8064966326610685,"CH1":0.26127502493908317}