{"MV1":0.5701167709514123,"MV3":0.406900888158075,"CH1":0.8435849132269339}