{"MV1":0.9002170760086627,"MV3":0.6475115910730813,"CH1":0.5477714361706107}