{"MV1":0.5078256672091045,"MV3":0.4512568017875209,"CH1":0.9707540282066249}