{"MV1":0.10176672238704765,"MV3":0.22495712329865747,"CH1":0.6749870547519742}