{"MV1":0.7073738176712355,"MV3":0.29585179037755116,"CH1":0.2580403596675732}