{"MV1":0.0690206888167123,"MV3":0.7602780477818367,"CH1":0.5216259852831033}