{"MV1":0.8403107945801779,"MV3":0.21449717367930654,"CH1":0.6327534369439719}