{"MV1":0.41159674545943215,"MV3":0.8557194530549619,"CH1":0.06157288722869514}