{"MV1":0.6815864222635851,"MV3":0.23010166129690102,"CH1":0.13494851456293688}