{"MV1":0.06940525173719658,"MV3":0.06335185730245352,"CH1":0.8094268188295409}