{"MV1":0.7987219228079291,"MV3":0.4027014826889346,"CH1":0.6642306566513407}