{"MV1":0.802097269720064,"MV3":0.5387601431489416,"CH1":0.9159909265810715}