{"MV1":0.006509750735553266,"MV3":0.5736446804734585,"CH1":0.5223283670123524}