{"MV1":0.7511885934522246,"MV3":0.1284141161572564,"CH1":0.8319309445171679}