{"MV1":0.8323806101997067,"MV3":0.317114883224785,"CH1":0.7475544945858554}