{"MV1":0.37396791245512095,"MV3":0.21424929894321987,"CH1":0.9854868267096096}