{"MV1":0.20887035879951454,"MV3":0.4936622715841633,"CH1":0.33339733374676694}