{"MV1":0.10500822510109453,"MV3":0.7456729097834186,"CH1":0.41825773972441427}