{"MV1":0.7426294167866069,"MV3":0.5022661779111889,"CH1":0.3253986316015315}