{"MV1":0.8979588841221294,"MV3":0.33010838939393405,"CH1":0.2671253664449098}