{"MV1":0.593027033232694,"MV3":0.061645697029674595,"CH1":0.21366727301223043}