{"MV1":0.06003960518388285,"MV3":0.6705478974925818,"CH1":0.10475520216929113}