{"MV1":0.7796437050293074,"MV3":0.050654108782004714,"CH1":0.40455655457912354}