{"MV1":0.5295820254538307,"MV3":0.35435731030705975,"CH1":0.8246822274465504}