{"MV1":0.9587823963319346,"MV3":0.8303824744325731,"CH1":0.019389754381528124}