{"MV1":0.0980974776067346,"MV3":0.6139112378684833,"CH1":0.2761232871097853}