{"MV1":0.26289508183791754,"MV3":0.8783142579405123,"CH1":0.08069221491512879}