{"MV1":0.3453394710313351,"MV3":0.7734825033794734,"CH1":0.8879497145767715}