{"MV1":0.2578917310584029,"MV3":0.7134902241184156,"CH1":0.7269890844666044}