{"MV1":0.9487174005273487,"MV3":0.5712824010850976,"CH1":0.789076975649036}