{"MV1":0.5503805392970036,"MV3":0.322139834190437,"CH1":0.20727133188590707}