{"MV1":0.9905647582275586,"MV3":0.6431548813096216,"CH1":0.9096793808546739}