{"MV1":0.22758874257089823,"MV3":0.5007268350074641,"CH1":0.3741701202263368}