{"MV1":0.321121644771048,"MV3":0.9475377284780382,"CH1":0.3716511144351743}