{"MV1":0.695844880548362,"MV3":0.8384719903427017,"CH1":0.07088347423792851}