{"MV1":0.5397750448764612,"MV3":0.569449785530217,"CH1":0.20331064759254647}