{"MV1":0.09696837840255124,"MV3":0.6794723298307984,"CH1":0.21193369284015484}