{"MV1":0.4841532654520324,"MV3":0.7845895790780051,"CH1":0.777036127311102}