{"MV1":0.9573285137991299,"MV3":0.6590884359050915,"CH1":0.30941092518549573}