{"MV1":0.9639245696374409,"MV3":0.9330474575705303,"CH1":3.348074229636566e-06}