{"MV1":0.5864735264882808,"MV3":0.612702076820301,"CH1":0.07345356917116952}