{"MV1":0.2686700745199292,"MV3":0.7553037344330108,"CH1":0.20203725246413162}