{"MV1":0.39313567611219047,"MV3":0.6965106439182004,"CH1":0.959592699588913}