{"MV1":0.529025949233556,"MV3":0.13966065021012053,"CH1":0.08218186259804527}