{"MV1":0.35651711526226326,"MV3":0.5118248531675431,"CH1":0.5565625320178116}