{"MV1":0.7691549379339523,"MV3":0.3604063001251854,"CH1":0.7788486911086994}