{"MV1":0.4331834405144417,"MV3":0.6082206904561193,"CH1":0.4752984808437377}