{"MV1":0.7588258581240962,"MV3":0.9321907852033468,"CH1":0.6607732064329327}