{"MV1":0.37020261169828017,"MV3":0.74629178228811,"CH1":0.19103084083204824}