{"MV1":0.5350464062394525,"MV3":0.33370580351231127,"CH1":0.5742906731125773}