{"MV1":0.379774759574406,"MV3":0.7201323506234221,"CH1":0.611682651159432}