{"MV1":0.4209123991347581,"MV3":0.8583968862618224,"CH1":0.4024179384931169}