{"MV1":0.33953275087037127,"MV3":0.8063874021330699,"CH1":0.7737914024325288}