{"MV1":0.6791605168645162,"MV3":0.21000131511071396,"CH1":0.7655402910790432}