{"MV1":0.9505167032110345,"MV3":0.20660932356266637,"CH1":0.42572340589994717}