{"MV1":0.8455596530588048,"MV3":0.3844068897618429,"CH1":0.7739085482254411}