{"MV1":0.15814964776517737,"MV3":0.15829564039897814,"CH1":0.9531209165923042}