{"MV1":0.03444186413058026,"MV3":0.3639803364573151,"CH1":0.7430180492237676}