{"MV1":0.7661702091181077,"MV3":0.7375183731664183,"CH1":0.6137466771657585}