{"MV1":0.2862312200820837,"MV3":0.18283215281143317,"CH1":0.96432054212313}