{"MV1":0.46242938927653365,"MV3":0.8180711509749438,"CH1":0.9995211442831071}