{"MV1":0.07055671743398217,"MV3":0.8616712186042613,"CH1":0.4322314276653244}