{"MV1":0.5804255688406943,"MV3":0.012839744695489652,"CH1":0.8607821358100259}