{"MV1":0.7473038761684663,"MV3":0.5317769886949129,"CH1":0.7588867085812047}