{"MV1":0.5544850537270966,"MV3":0.9556761848362065,"CH1":0.8567824805416584}