{"MV1":0.7158323672730018,"MV3":0.765156120989514,"CH1":0.08244392928496636}