{"MV1":0.11354758177131541,"MV3":0.3914959098056445,"CH1":0.050521368487764895}