{"MV1":0.8049340945773477,"MV3":0.36632020340772986,"CH1":0.609352041822401}