{"MV1":0.8539216558091683,"MV3":0.2500075381046354,"CH1":0.8100137053001987}