{"MV1":0.2702252854874143,"MV3":0.24668599120553858,"CH1":0.7203102317675839}