{"MV1":0.07914364512960192,"MV3":0.8933474050144652,"CH1":0.4876457110835102}