{"MV1":0.6887228704754413,"MV3":0.14837148337743233,"CH1":0.5371414766455868}