{"MV1":0.6138426019925303,"MV3":0.28301241232920527,"CH1":0.5372494924972722}