{"MV1":0.6382103436931845,"MV3":0.3119201240964128,"CH1":0.4488803359451017}