{"MV1":0.5286149863942178,"MV3":0.7562064131371913,"CH1":0.5481035331650363}