{"MV1":0.7588246442939678,"MV3":0.4417927062613689,"CH1":0.18597456821089453}