{"MV1":0.3347358806181472,"MV3":0.7138180015592887,"CH1":0.5977690225707809}