{"MV1":0.35480238816030674,"MV3":0.40680695589106675,"CH1":0.31879359781794014}