{"MV1":0.9267521640695799,"MV3":0.8140902802285376,"CH1":0.8825755142819754}