{"MV1":0.8648088247207867,"MV3":0.3876279969002445,"CH1":0.21854138818719882}