{"MV1":0.9237340218756147,"MV3":0.9438060197634424,"CH1":0.14992306321964388}