{"MV1":0.7018399922735229,"MV3":0.3505718320482617,"CH1":0.7447189273549486}