{"MV1":0.8310112184717732,"MV3":0.20658371793771624,"CH1":0.45113926957437556}