{"MV1":0.06177490667105279,"MV3":0.49507027705646944,"CH1":0.6976172582580716}