{"MV1":0.3233339482875347,"MV3":0.8797826521746851,"CH1":0.032346716299910594}