{"MV1":0.7261589162975555,"MV3":0.2294507051668373,"CH1":0.8368293517341432}