{"MV1":0.20912815948064467,"MV3":0.39805206096755785,"CH1":0.593990125787388}