{"MV1":0.5785025927181392,"MV3":0.7666155527609251,"CH1":0.7832815739984181}