{"MV1":0.2778473148393886,"MV3":0.12580301553233886,"CH1":0.43127929984945557}