{"MV1":0.8572940545135579,"MV3":0.3950529131835441,"CH1":0.931245801060535}