{"MV1":0.6482021709233196,"MV3":0.17703217311527886,"CH1":0.609588182611278}