{"MV1":0.3970908605446073,"MV3":0.523228717423605,"CH1":0.39882734116165874}