{"MV1":0.024621635043500345,"MV3":0.2901619191334144,"CH1":0.25478754579839324}