{"MV1":0.4420895052121414,"MV3":0.6922047143646062,"CH1":0.37571463136839034}