{"MV1":0.056461820069029334,"MV3":0.37408409426281075,"CH1":0.8615217554875017}