{"MV1":0.0998615269609684,"MV3":0.27543925415786796,"CH1":0.9033447123243487}