{"MV1":0.034588605135733475,"MV3":0.4773870299448487,"CH1":0.7984680396391087}