{"MV1":0.13686661257701305,"MV3":0.4908053654563408,"CH1":0.22696107031152313}