{"MV1":0.45630445385920804,"MV3":0.7540632908703541,"CH1":0.8812234658726263}