{"MV1":0.385809604590885,"MV3":0.27558674256175375,"CH1":0.29951071318687805}