{"MV1":0.6717709599651338,"MV3":0.07808524795479066,"CH1":0.24770306448188428}