{"MV1":0.7088076857600171,"MV3":0.46296045962413224,"CH1":0.2085857581973597}