{"MV1":0.8637125085870201,"MV3":0.01755021536170276,"CH1":0.9364641198088197}