{"MV1":0.8432847756239992,"MV3":0.644289099526059,"CH1":0.04015063837330046}