{"MV1":0.3931010797295521,"MV3":0.8880315003646702,"CH1":0.1577176258502193}