{"MV1":0.49890242814222807,"MV3":0.24410792530751502,"CH1":0.9897170977100528}