{"MV1":0.40581181616179585,"MV3":0.08770025523329505,"CH1":0.08647362255330737}