{"MV1":0.6225320314291806,"MV3":0.16032723595318954,"CH1":0.8403192039082277}