{"MV1":0.5013752318021263,"MV3":0.46535705182035336,"CH1":0.17841734570467183}