{"MV1":0.9132460141261446,"MV3":0.9283631738718325,"CH1":0.9880238530309762}