{"MV1":0.2575082460746393,"MV3":0.5322969938863574,"CH1":0.11598888146187536}