{"MV1":0.6116595586221989,"MV3":0.34648298578135095,"CH1":0.9689592159708877}