{"MV1":0.6862400002716929,"MV3":0.09269070845772664,"CH1":0.7669046373225175}