{"MV1":0.3724872300446138,"MV3":0.06890583657801652,"CH1":0.3330711266539558}