{"MV1":0.6797033234322442,"MV3":0.24219158000065022,"CH1":0.18499505776084835}