{"MV1":0.9618654493527923,"MV3":0.8751450484648793,"CH1":0.43624775639792357}