{"MV1":0.4431159675556613,"MV3":0.4254508780753037,"CH1":0.07382214335631632}