{"MV1":0.2434349448497456,"MV3":0.5509858129306483,"CH1":0.5423446584077597}