{"MV1":0.4803913011755161,"MV3":0.8756644084820425,"CH1":0.36323019910696697}