{"MV1":0.7481776246406231,"MV3":0.24304897122993263,"CH1":0.23317513057823835}