{"MV1":0.14798548082673568,"MV3":0.4228059952889728,"CH1":0.7994442994948828}