{"MV1":0.32095184474001814,"MV3":0.45803350876648263,"CH1":0.6173376303732824}