{"MV1":0.2409888532905371,"MV3":0.2717143562039056,"CH1":0.015810768544191722}