{"MV1":0.18464355101186403,"MV3":0.328799121323219,"CH1":0.752054969841939}