{"MV1":0.4747503682298313,"MV3":0.4634551269445337,"CH1":0.0031862778446709594}