{"MV1":0.8235579979341188,"MV3":0.2727773586851745,"CH1":0.6927835059322469}