{"MV1":0.12250047008801435,"MV3":0.029759472743683846,"CH1":0.9925869364401817}