{"MV1":0.08668357175069663,"MV3":0.46084898969102284,"CH1":0.729047061837199}