{"MV1":0.006166719750549943,"MV3":0.8005008680021747,"CH1":0.23513248245762908}