{"MV1":0.5505741340829169,"MV3":0.9808486817971797,"CH1":0.5351288946321329}