{"MV1":0.5966169691418401,"MV3":0.5217229741258702,"CH1":0.6832719320196414}