{"MV1":0.16005258499561947,"MV3":0.9475892313846489,"CH1":0.1261639759718216}