{"MV1":0.5751933587500214,"MV3":0.4601707489440102,"CH1":0.11087353540709399}