{"MV1":0.2072063553556861,"MV3":0.9258148010259785,"CH1":0.8234346100779274}