{"MV1":0.6095882633653996,"MV3":0.3649109518058321,"CH1":0.21994737153924082}