{"MV1":0.954943146989459,"MV3":0.1043069897851161,"CH1":0.36595890162291644}