{"MV1":0.7820537898220753,"MV3":0.10002764060766511,"CH1":0.15378294506689072}