{"MV1":0.8905965615385951,"MV3":0.3433324848173841,"CH1":0.3339879089491351}