{"MV1":0.07235237669777339,"MV3":0.4072938413601507,"CH1":0.3987661913011423}