{"MV1":0.9476001128971412,"MV3":0.6322468141294647,"CH1":0.08543767658308188}