{"MV1":0.8672143934041882,"MV3":0.7001221150276226,"CH1":0.2885888643973472}