{"MV1":0.17551638873666953,"MV3":0.7210439275287943,"CH1":0.0575648071111885}