{"MV1":0.07088665435151831,"MV3":0.09688086887466552,"CH1":0.7640992215302203}