{"MV1":0.4768317222383085,"MV3":0.3482978405018017,"CH1":0.4430174933029878}