{"MV1":0.0366143549629504,"MV3":0.009494661525444537,"CH1":0.2595217057460789}