{"MV1":0.7488227355899214,"MV3":0.7743715299311456,"CH1":0.6013392493574204}