{"MV1":0.6146375520869024,"MV3":0.12759490779191152,"CH1":0.4650411859922132}