{"MV1":0.70934560336594,"MV3":0.4299176506672081,"CH1":0.43270984840758053}