{"MV1":0.8127764620442781,"MV3":0.13813262521827208,"CH1":0.8573646438530296}