{"MV1":0.3158230528812761,"MV3":0.5501884362135329,"CH1":0.34354202296081693}