{"MV1":0.5867477883767197,"MV3":0.5520994441574378,"CH1":0.8433056526251094}