{"MV1":0.0157289347698768,"MV3":0.2858294033874944,"CH1":0.4033981634230479}