{"MV1":0.7119327762666917,"MV3":0.3824130901152928,"CH1":0.8357204723021642}