{"MV1":0.7384087461871819,"MV3":0.8949266011569308,"CH1":0.0984928795050527}