{"MV1":0.33557376425874774,"MV3":0.9959947879122071,"CH1":0.5026209855359347}