{"MV1":0.976464736604479,"MV3":0.09778246867202012,"CH1":0.3264005330253912}