{"MV1":0.4840999293459818,"MV3":0.9460768213270122,"CH1":0.6727680334120882}