{"MV1":0.03548904279646914,"MV3":0.6673911381985715,"CH1":0.7091631290781679}