{"MV1":0.9228036631198628,"MV3":0.5649546436552185,"CH1":0.6319048083367799}