{"MV1":0.9533577519039657,"MV3":0.4952723538423147,"CH1":0.8897624813433179}