{"MV1":0.7162714556006828,"MV3":0.5465985045066893,"CH1":0.4966499419644026}