{"MV1":0.5340047376346029,"MV3":0.9153301305130966,"CH1":0.8690387484570646}