{"MV1":0.5651669711972128,"MV3":0.9533800461663144,"CH1":0.1882574088377582}