{"MV1":0.35178038584984705,"MV3":0.726777205302922,"CH1":0.9562476684964779}