{"MV1":0.25448840336215206,"MV3":0.14267218278271554,"CH1":0.06258364799184724}