{"MV1":0.7902740742044837,"MV3":0.938087815523667,"CH1":0.9288976028442267}