{"MV1":0.19914664871822363,"MV3":0.6048633654615231,"CH1":0.15898752907988423}