{"MV1":0.6661101008494156,"MV3":0.8599742051217275,"CH1":0.34321722674326993}