{"MV1":0.9791349999737279,"MV3":0.3666775623906139,"CH1":0.9595201222183244}