{"MV1":0.3273016936226709,"MV3":0.07105106300314479,"CH1":0.8224396346494113}