{"MV1":0.6237071482933255,"MV3":0.8553228746774392,"CH1":0.6890349542856457}