{"MV1":0.5853681186578049,"MV3":0.558288802562793,"CH1":0.819196748836548}