{"MV1":0.9813118887771026,"MV3":0.31685898461566697,"CH1":0.9570582163082978}