{"MV1":0.6128990236619971,"MV3":0.962357490465437,"CH1":0.5015398911821649}