{"MV1":0.27867524160356827,"MV3":0.675481901285931,"CH1":0.913167520324367}