{"MV1":0.6324739192486984,"MV3":0.2568386236474026,"CH1":0.7377412438697484}