{"MV1":0.056758796740256634,"MV3":0.7856614498919332,"CH1":0.8173248430820946}