{"MV1":0.769061060732113,"MV3":0.2015336124233037,"CH1":0.1764212176898643}