{"MV1":0.2897225604547736,"MV3":0.3430192938383062,"CH1":0.4616743231184648}