{"MV1":0.5086983859785603,"MV3":0.1685191743029386,"CH1":0.15420842803834467}