{"MV1":0.5112741278502565,"MV3":0.7462328203073441,"CH1":0.964787466469745}