{"MV1":0.2012095007377166,"MV3":0.3157460704923498,"CH1":0.18570512546897155}