{"MV1":0.08760166505825662,"MV3":0.10421991332559999,"CH1":0.7494772830644585}