{"MV1":0.4357515556782945,"MV3":0.24115805768146825,"CH1":0.7978378101949748}