{"MV1":0.7826141943687109,"MV3":0.6306760719829929,"CH1":0.36882013122937096}