{"MV1":0.09020180178766901,"MV3":0.31292962868490337,"CH1":0.6849550811128355}