{"MV1":0.9704481797801449,"MV3":0.935289063337316,"CH1":0.6597709331212119}