{"MV1":0.24686563775854786,"MV3":0.9409587155710252,"CH1":0.45184760088158504}