{"MV1":0.9214318035448398,"MV3":0.19018123701658474,"CH1":0.4321243691218283}