{"MV1":0.26692687763277834,"MV3":0.2963760526868219,"CH1":0.374103582703747}