{"MV1":0.3789313559688742,"MV3":0.6993987508638752,"CH1":0.2339477602162333}