{"MV1":0.10357639823048359,"MV3":0.488806009324825,"CH1":0.5698307030191386}