{"MV1":0.3656901925106173,"MV3":0.6365583668626911,"CH1":0.8229087605641757}