{"MV1":0.9816169161269274,"MV3":0.4040279579122408,"CH1":0.21836754653048185}