{"MV1":0.5472643197688308,"MV3":0.668275202630393,"CH1":0.9055298212541676}