{"MV1":0.1958550264542872,"MV3":0.9873219601341442,"CH1":0.6780525816863514}