{"MV1":0.7024942281448117,"MV3":0.12488462944437828,"CH1":0.23913883067855113}