{"MV1":0.02459644548822637,"MV3":0.8706692116307426,"CH1":0.06505400589090515}