{"MV1":0.2917597648250677,"MV3":0.05610456990108026,"CH1":0.29284356552069946}