{"MV1":0.9567577639351373,"MV3":0.18258305150417586,"CH1":0.19913336370928125}