{"MV1":0.7435351722289878,"MV3":0.047918994699885475,"CH1":0.13876994305979884}