{"MV1":0.28730202019681184,"MV3":0.672949860555714,"CH1":0.261060947979723}