{"MV1":0.8646194023328262,"MV3":0.00041873419339633067,"CH1":0.3634367615475479}