{"MV1":0.267636842154763,"MV3":0.8813506649117723,"CH1":0.9953719338009582}