{"MV1":0.9984729728597113,"MV3":0.3569323326127656,"CH1":0.9333930456127474}