{"MV1":0.7109509962268583,"MV3":0.4493024171529528,"CH1":0.7881526969758572}