{"MV1":0.28339476967965893,"MV3":0.7977036768358864,"CH1":0.07383036297734558}