{"MV1":0.054228640513563686,"MV3":0.8499624466966701,"CH1":0.9856214760395202}