{"MV1":0.5155903218791283,"MV3":0.32201255914058935,"CH1":0.8634259669168238}