{"MV1":0.49595116852004484,"MV3":0.36275159078118147,"CH1":0.6043585055318449}