{"MV1":0.4934835675839361,"MV3":0.137236527366826,"CH1":0.5097941105120873}