{"MV1":0.3588827648232209,"MV3":0.6151087798077519,"CH1":0.970531296895163}