{"MV1":0.23897521026716306,"MV3":0.33309465859755627,"CH1":0.839840370747625}