{"MV1":0.31818674800454994,"MV3":0.07931032673282801,"CH1":0.49493425043326567}