{"MV1":0.7225669211782252,"MV3":0.6475751412239343,"CH1":0.9238454699202772}