{"MV1":0.11352825186251825,"MV3":0.07162753677515032,"CH1":0.6880613031672348}