{"MV1":0.23250486090767786,"MV3":0.827633332479267,"CH1":0.9366983100540076}