{"MV1":0.43510221725651654,"MV3":0.5984249064416441,"CH1":0.46020988251937733}