{"MV1":0.8258677213103413,"MV3":0.46513213666394526,"CH1":0.5743622751121633}