{"MV1":0.3529631313836087,"MV3":0.16956724562701886,"CH1":0.24444979249023924}