{"MV1":0.4723863296420229,"MV3":0.7244309690303157,"CH1":0.3482824972669555}