{"MV1":0.48287640818322264,"MV3":0.17008679981081654,"CH1":0.47540434512261176}