{"MV1":0.9403568057456326,"MV3":0.8581991774489393,"CH1":0.17161112376108412}