{"MV1":0.7187301766938379,"MV3":0.7344593357495534,"CH1":0.7171597480627975}