{"MV1":0.17105596262718703,"MV3":0.05600853715923804,"CH1":0.33611437876641115}