{"MV1":0.1742229235506385,"MV3":0.017982431134670906,"CH1":0.892159092315406}