{"MV1":0.23545976855204243,"MV3":0.5448640192923025,"CH1":0.7131579278052975}