{"MV1":0.5943002640658916,"MV3":0.6298351631919213,"CH1":0.8848794300890129}