{"MV1":0.6586361941348419,"MV3":0.6792067703923015,"CH1":0.7673305252992922}