{"MV1":0.053601912394692364,"MV3":0.7748016472211586,"CH1":0.3877577885283289}