{"MV1":0.637302636648956,"MV3":0.765340217385205,"CH1":0.48032899698929254}