{"MV1":0.8741009254186186,"MV3":0.341421738063298,"CH1":0.26331831261926897}