{"MV1":0.5618633377778787,"MV3":0.5184299523961672,"CH1":0.28496951958903627}