{"MV1":0.08714825503017776,"MV3":0.4515494090905936,"CH1":0.4619079375025176}