{"MV1":0.2365639962344378,"MV3":0.21426801636810777,"CH1":0.869003902368752}