{"MV1":0.6751007958479127,"MV3":0.8798931658164951,"CH1":0.7877686753836953}