{"MV1":0.38246762362195297,"MV3":0.8089373976981434,"CH1":0.813646190329453}