{"MV1":0.6945619948765497,"MV3":0.23993527757522437,"CH1":0.21935321624083814}