{"MV1":0.18306979130943202,"MV3":0.5192716686549628,"CH1":0.36991884323946056}