{"MV1":0.3991738078063809,"MV3":0.37630229067624443,"CH1":0.6736437798170434}