{"MV1":0.7015381892496839,"MV3":0.2292293867872015,"CH1":0.5329794663603373}