{"MV1":0.28245349871151026,"MV3":0.6155181590825605,"CH1":0.8535012442401746}