{"MV1":0.15206856362197196,"MV3":0.9915302292280676,"CH1":0.6000341302414922}