{"MV1":0.053323092471679545,"MV3":0.6731731908072336,"CH1":0.4633685797582029}