{"MV1":0.5306249138679968,"MV3":0.043990347718060985,"CH1":0.7308446214329262}