{"MV1":0.8046936379639694,"MV3":0.17176817352809026,"CH1":0.4545352803040683}