{"MV1":0.8504810969051183,"MV3":0.12759667891778015,"CH1":0.6165094669067996}