{"MV1":0.5480544948058879,"MV3":0.8807622229268453,"CH1":0.17277620130186666}