{"MV1":0.9008074269845379,"MV3":0.6511869087476633,"CH1":0.7814256316302037}