{"MV1":0.39569213341647036,"MV3":0.8027961246347882,"CH1":0.19889758760369503}