{"MV1":0.7630456798514256,"MV3":0.3362182143365987,"CH1":0.6105779808848246}