{"MV1":0.6399910134727281,"MV3":0.532230819340853,"CH1":0.554752421777315}