{"MV1":0.22725850911808632,"MV3":0.6394551635797773,"CH1":0.7555656481579658}