{"MV1":0.000941998189613269,"MV3":0.5988661470585626,"CH1":0.2504970443206772}