{"MV1":0.764669694198148,"MV3":0.8472704675657152,"CH1":0.5718173105068616}