{"MV1":0.9405790423244511,"MV3":0.0454343912172025,"CH1":0.061221888284171966}