{"MV1":0.986755307913216,"MV3":0.10737278041921872,"CH1":0.22673666790632185}