{"MV1":0.36476038655244236,"MV3":0.5282039315236031,"CH1":0.9823821195419611}