{"MV1":0.99933096888831,"MV3":0.8731851582259639,"CH1":0.7417254593536011}