{"MV1":0.6413753319628485,"MV3":0.7632669229460989,"CH1":0.35944796947999247}