{"MV1":0.9723473182557716,"MV3":0.050886733581865906,"CH1":0.22033001170529853}