{"MV1":0.40785874694805946,"MV3":0.930158076629241,"CH1":0.9751293572662886}