{"MV1":0.5422071064147717,"MV3":0.7925264084193288,"CH1":0.41771420552658356}