{"MV1":0.021385398931976773,"MV3":0.2768156433094243,"CH1":0.767841849365569}