{"MV1":0.6973516566390477,"MV3":0.6913789019177409,"CH1":0.9269319157248586}