{"MV1":0.9963056276730671,"MV3":0.9968944311259288,"CH1":0.16369508471788663}