{"MV1":0.006661442657982408,"MV3":0.6745540902766074,"CH1":0.4326103741131877}