{"MV1":0.2356518978692902,"MV3":0.42973255729417403,"CH1":0.4786436291995151}