{"MV1":0.5460716970198617,"MV3":0.612863660007477,"CH1":0.15129517138621662}