{"MV1":0.14414092531078582,"MV3":0.3379054557276149,"CH1":0.857250286425054}