{"MV1":0.0682133485020685,"MV3":0.5783059622545027,"CH1":0.3134979738805931}