{"MV1":0.1597637065551759,"MV3":0.6675777805364783,"CH1":0.8021106077751586}