{"MV1":0.6710471655128313,"MV3":0.41394662656290493,"CH1":0.6766683830224189}