{"MV1":0.36265863090042616,"MV3":0.6210737400709746,"CH1":0.21602814756984312}