{"MV1":0.41131331447125896,"MV3":0.34499255530698236,"CH1":0.7298464633977075}