{"MV1":0.44884064834289594,"MV3":0.2245799692015502,"CH1":0.3053826729432607}