{"MV1":0.9079039362465525,"MV3":0.6620028651348846,"CH1":0.00037281671516564696}