{"MV1":0.3961760522433636,"MV3":0.0005529792438582204,"CH1":0.48725780730893375}