{"MV1":0.5794694473125996,"MV3":0.22671437891761248,"CH1":0.6287335944026127}