{"MV1":0.28609046009110684,"MV3":0.7589771163723943,"CH1":0.6395427960108208}