{"MV1":0.9564166327963451,"MV3":0.5008307752468538,"CH1":0.27003683299815384}