{"MV1":0.23296965421586546,"MV3":0.310264640523643,"CH1":0.11189706625523443}