{"MV1":0.30231409036613144,"MV3":0.723996610560791,"CH1":0.548464780958226}