{"MV1":0.8732245296950429,"MV3":0.4408380656948815,"CH1":0.5613155553242497}