{"MV1":0.7456661704639537,"MV3":0.9219653025546478,"CH1":0.7946705624199251}