{"MV1":0.6195802734357478,"MV3":0.7489807088584289,"CH1":0.2661987729615358}