{"MV1":0.17175259006534205,"MV3":0.3671644856628279,"CH1":0.5869696258618002}