{"MV1":0.0015021726232724575,"MV3":0.7793478184083042,"CH1":0.9459318328251274}