{"MV1":0.5582811952139085,"MV3":0.3968103617864238,"CH1":0.5128017056406217}