{"MV1":0.11985909775511572,"MV3":0.15116614163975373,"CH1":0.24475130341494455}