{"MV1":0.9552492248332162,"MV3":0.6710586890877984,"CH1":0.0860697721149557}