{"MV1":0.9274210823199366,"MV3":0.10828591844818247,"CH1":0.9796690686947761}