{"MV1":0.860459801484723,"MV3":0.9983495959882032,"CH1":0.19254167891970198}