{"MV1":0.27770597503458994,"MV3":0.6047831376158146,"CH1":0.4091705115311828}