{"MV1":0.7243069455741673,"MV3":0.08397342736850799,"CH1":0.6117425178948906}