{"MV1":0.33688244163279324,"MV3":0.23215127218832388,"CH1":0.25279529117166266}