{"MV1":0.30813261515072865,"MV3":0.18724502577842506,"CH1":0.8134904563602247}