{"MV1":0.6463667513550425,"MV3":0.9275350006592227,"CH1":0.139947735662737}