{"MV1":0.4228751536740387,"MV3":0.6948963336811891,"CH1":0.23695912235233285}