{"MV1":0.8534203913800592,"MV3":0.05332966633764813,"CH1":0.5092640746984282}