{"MV1":0.6011784245636927,"MV3":0.5979546527331284,"CH1":0.24387130566833948}