{"MV1":0.4424183723166142,"MV3":0.25748535487790436,"CH1":0.9836556722793556}