{"MV1":0.5961102198640441,"MV3":0.5184086746270445,"CH1":0.6927119903235673}