{"MV1":0.23180721979232588,"MV3":0.27607224303444666,"CH1":0.6601898201305246}