{"MV1":0.15282848657936376,"MV3":0.5532786740951713,"CH1":0.2674481776586858}