{"MV1":0.43113441505819616,"MV3":0.7280015549770718,"CH1":0.7381015824890808}