{"MV1":0.6457016889299717,"MV3":0.24367948804418782,"CH1":0.6651564420755939}