{"MV1":0.8830130701618452,"MV3":0.28404039521225866,"CH1":0.12118763909177332}