{"MV1":0.9481396264077131,"MV3":0.8892766908493458,"CH1":0.9844943503097718}