{"MV1":0.4464172364471547,"MV3":0.22617935942856526,"CH1":0.8378830733921032}