{"MV1":0.21332148220599179,"MV3":0.055913657189284205,"CH1":0.132473572478511}