{"MV1":0.34834001035567785,"MV3":0.26169432598083164,"CH1":0.3317248159149231}