{"MV1":0.46241589486420653,"MV3":0.7669508337811893,"CH1":0.007607136202306908}