{"MV1":0.2843873107390965,"MV3":0.2994532250762101,"CH1":0.661966703826128}