{"MV1":0.9744793841472708,"MV3":0.32887662868532985,"CH1":0.6231593049759705}