{"MV1":0.8144744918569343,"MV3":0.8663000717959723,"CH1":0.7809152021691308}