{"MV1":0.33405564468453797,"MV3":0.5493893093447153,"CH1":0.4167414457020602}