{"MV1":0.2658665384468528,"MV3":0.198975964185358,"CH1":0.7574207620281546}