{"MV1":0.5384931199861299,"MV3":0.3149518746050197,"CH1":0.42993091682419204}