{"MV1":0.6822567546271067,"MV3":0.5438784497371802,"CH1":0.8256045110804524}