{"MV1":0.457025777145758,"MV3":0.6845924033938052,"CH1":0.5724980607746876}