{"MV1":0.7506939909105099,"MV3":0.6144902045386254,"CH1":0.510854215939207}