{"MV1":0.6763077656126455,"MV3":0.8183299745510182,"CH1":0.6304435882727613}