{"MV1":0.3116398194188347,"MV3":0.14784693461028997,"CH1":0.6857605010475466}