{"MV1":0.6408441357554542,"MV3":0.9907013369357994,"CH1":0.5001726376128514}