{"MV1":0.1928510373297272,"MV3":0.05333287037395151,"CH1":0.3612437090933358}