{"MV1":0.420568417808887,"MV3":0.154787679132816,"CH1":0.7276389538605278}