{"MV1":0.9631833992870482,"MV3":0.529461706180984,"CH1":0.8913513019634179}