{"MV1":0.3534080229626986,"MV3":0.9365766119264541,"CH1":0.682313350015539}