{"MV1":0.5057523514921531,"MV3":0.2737467944498343,"CH1":0.9654561089047856}