{"MV1":0.013539206042429863,"MV3":0.8690985755173257,"CH1":0.6640553875491961}