{"MV1":0.5725789135709568,"MV3":0.797460636667882,"CH1":0.3148869554431164}