{"MV1":0.41702083198351125,"MV3":0.3894012964339041,"CH1":0.22361841797385773}