{"MV1":0.4100182518239981,"MV3":0.04898729507992672,"CH1":0.8010332923015003}