{"MV1":0.18315345666291794,"MV3":0.4895598346406985,"CH1":0.28530592572060676}