{"MV1":0.4321729194837117,"MV3":0.575419562243926,"CH1":0.4768257797538884}