{"MV1":0.5684422143694359,"MV3":0.22371916894598043,"CH1":0.16067428302982423}