{"MV1":0.7772876279617659,"MV3":0.5058066575828895,"CH1":0.034754841834643946}