{"MV1":0.7802692319165548,"MV3":0.22315284008361924,"CH1":0.22617293290502405}