{"MV1":0.19236089911246335,"MV3":0.619341572552301,"CH1":0.49147192465506795}