{"MV1":0.808465336697948,"MV3":0.9898493929353269,"CH1":0.40292827744912507}