{"MV1":0.8216765736876274,"MV3":0.7291577208037081,"CH1":0.820605636028183}