{"MV1":0.5499376343730944,"MV3":0.10646004153782462,"CH1":0.5452071576511257}