{"MV1":0.024099296176145035,"MV3":0.9261999476100548,"CH1":0.18750402243659492}