{"MV1":0.7604957872555077,"MV3":0.7910821220611435,"CH1":0.5818223482950156}