{"MV1":0.6383185913548658,"MV3":0.40528952127936035,"CH1":0.7545784505943125}