{"MV1":0.4780628452982717,"MV3":0.7134039636589701,"CH1":0.958877135764982}