{"MV1":0.6185327582920939,"MV3":0.5098054189442948,"CH1":0.442797632419778}