{"MV1":0.25984179526467943,"MV3":0.8844941044947369,"CH1":0.6709290107534892}