{"MV1":0.2490150119088017,"MV3":0.8424282589004289,"CH1":0.6703055044572594}