{"MV1":0.7714532908622006,"MV3":0.9334762929331207,"CH1":0.16495384139908964}