{"MV1":0.9607298209137438,"MV3":0.769504798124731,"CH1":0.6493966539858516}