{"MV1":0.922961328070573,"MV3":0.03844346621263983,"CH1":0.5487412385768826}