{"MV1":0.1263613224611072,"MV3":0.15747458736340236,"CH1":0.11292174528367882}