{"MV1":0.45823865163941346,"MV3":0.2513665468104458,"CH1":0.13390098896910685}