{"MV1":0.11022417128209205,"MV3":0.6725646853946806,"CH1":0.06511423413020923}