{"MV1":0.458438248400453,"MV3":0.9989123746590958,"CH1":0.7684081425625513}