{"MV1":0.9780695443261127,"MV3":0.5407406861540299,"CH1":0.9264308520092988}