{"MV1":0.06945322555466882,"MV3":0.10991042373203774,"CH1":0.24563488893006258}