{"MV1":0.22521024035820036,"MV3":0.33917141870712386,"CH1":0.459777723681697}