{"MV1":0.9869368422696366,"MV3":0.7734811356112561,"CH1":0.526117511112939}