{"MV1":0.9775720821087834,"MV3":0.3330167408425989,"CH1":0.5995665191495112}