{"MV1":0.4513429556256717,"MV3":0.5195714423950006,"CH1":0.4452779843305281}