{"MV1":0.4014003141740011,"MV3":0.7504473083180367,"CH1":0.061274309245409775}