{"MV1":0.07579597658267834,"MV3":0.40739082198802823,"CH1":0.0002736037482508058}