{"MV1":0.023889327959774054,"MV3":0.44428374249449176,"CH1":0.6819504833439353}