{"MV1":0.38555605454443986,"MV3":0.9335980207120766,"CH1":0.295751276401342}