{"MV1":0.7784087779938609,"MV3":0.3935877038976431,"CH1":0.40789140672876756}