{"MV1":0.953981822094309,"MV3":0.2884365401205118,"CH1":0.7232456184383833}