{"MV1":0.612785435760256,"MV3":0.8985157430376133,"CH1":0.8464977987357346}