{"MV1":0.0782866993254685,"MV3":0.7810091188099229,"CH1":0.5277541696265616}