{"MV1":0.44076807701139464,"MV3":0.8711107813439312,"CH1":0.6630162293773796}