{"MV1":0.10006398561788987,"MV3":0.9819966684962839,"CH1":0.7201692337361051}