{"MV1":0.27946183764082255,"MV3":0.15377999250897167,"CH1":0.6353516576559087}