{"MV1":0.2882759076411704,"MV3":0.702664868430053,"CH1":0.262512052136498}