{"MV1":0.045426824809168154,"MV3":0.2864137934829497,"CH1":0.41130979517311295}