{"MV1":0.977326196610651,"MV3":0.9830466931513938,"CH1":0.5157800588368248}