{"MV1":0.21232044772649805,"MV3":0.29569327634625686,"CH1":0.8491817972409723}