{"MV1":0.18450423794043802,"MV3":0.014053407858269695,"CH1":0.6664487373348669}