{"MV1":0.04767237576081096,"MV3":0.24924355073821014,"CH1":0.8425566253765383}