{"MV1":0.49781049835752245,"MV3":0.45250084726107,"CH1":0.702207978718354}