{"MV1":0.8170521322088987,"MV3":0.43365546888551154,"CH1":0.7458200341766863}