{"MV1":0.8863346029914085,"MV3":0.4589208573389446,"CH1":0.40631082747210134}