{"MV1":0.8689267388788898,"MV3":0.8467564682547599,"CH1":0.3119191363366455}