{"MV1":0.5234444173426032,"MV3":0.9192466399684729,"CH1":0.22157927846752112}