{"MV1":0.7694424010993539,"MV3":0.23922813873382276,"CH1":0.9346926685702559}