{"MV1":0.8071803526833422,"MV3":0.3335965532318753,"CH1":0.14204482665407725}