{"MV1":0.009015965520918545,"MV3":0.8974560757359393,"CH1":0.3032190173217818}