{"MV1":0.9751482439219895,"MV3":0.0235962838426661,"CH1":0.47176286686245095}