{"MV1":0.7516354742881305,"MV3":0.4128597541895038,"CH1":0.42668330332982296}