{"MV1":0.24859489739419816,"MV3":0.051102839066144656,"CH1":0.5924097791075439}