{"MV1":0.6906524105445035,"MV3":0.9867966949201173,"CH1":0.18558564104238762}