{"MV1":0.31810365109421224,"MV3":0.4262152951188616,"CH1":0.06730258363348895}