{"MV1":0.30369591236311,"MV3":0.3621027452238662,"CH1":0.006896516204445313}