{"MV1":0.565531367575916,"MV3":0.8945874991916176,"CH1":0.049707368744949965}