{"MV1":0.6174362807790434,"MV3":0.46080553764004784,"CH1":0.559868361356246}