{"MV1":0.8177817555627246,"MV3":0.9684092903528371,"CH1":0.9258088561339963}