{"MV1":0.7061535921289637,"MV3":0.48233539530035197,"CH1":0.5914468616484584}