{"MV1":0.9563678825368874,"MV3":0.9912338318095736,"CH1":0.8179100600953417}