{"MV1":0.3361109708522724,"MV3":0.05203735693665679,"CH1":0.5952314634349501}