{"MV1":0.1305588412778056,"MV3":0.8593521453884815,"CH1":0.6654387036149109}