{"MV1":0.7529884294563924,"MV3":0.125879382193547,"CH1":0.7185570786292012}