{"MV1":0.6460247669686019,"MV3":0.33956118225565557,"CH1":0.9484435277191928}