{"MV1":0.643541420712037,"MV3":0.10504672354431643,"CH1":0.5187019946780197}