{"MV1":0.18854824524697922,"MV3":0.5810803418351395,"CH1":0.4874343593791437}