{"MV1":0.49029215784447555,"MV3":0.6691977143494103,"CH1":0.5640129271353694}