{"MV1":0.5672956066283273,"MV3":0.9635668293636726,"CH1":0.9226302314063116}