{"MV1":0.0469899720093534,"MV3":0.13102512045101689,"CH1":0.6586325878344315}