{"MV1":0.44818846513426513,"MV3":0.6016916011118943,"CH1":0.7068014710589191}