{"MV1":0.9605856479882273,"MV3":0.06713685253245782,"CH1":0.01383165159291011}