{"MV1":0.13038000931394,"MV3":0.9044250467245787,"CH1":0.6953313636172295}