{"MV1":0.3325947666278315,"MV3":0.9176076636889382,"CH1":0.8042734673156929}