{"MV1":0.3419333643037419,"MV3":0.07006606076539479,"CH1":0.7383549726797601}