{"MV1":0.8237900634022886,"MV3":0.6130669580966618,"CH1":0.9264990883513313}