{"MV1":0.3326361454989929,"MV3":0.9462695896309643,"CH1":0.4848452336719993}