{"MV1":0.43438490991472867,"MV3":0.8378536668807294,"CH1":0.8823831052582508}