{"MV1":0.8073959499318414,"MV3":0.882910214631441,"CH1":0.09337437666538906}