{"MV1":0.6082179313104998,"MV3":0.9875563140877961,"CH1":0.03583612472838593}