{"MV1":0.7024620781662897,"MV3":0.3789655901845501,"CH1":0.5515402821982562}