{"MV1":0.3470110335976685,"MV3":0.9584884529885064,"CH1":0.754332059242832}