{"MV1":0.3432366116211376,"MV3":0.06920533752500413,"CH1":0.8151653920665308}