{"MV1":0.41953147863010976,"MV3":0.6342387705416126,"CH1":0.13614389124755266}