{"MV1":0.35525288270224364,"MV3":0.99110219242841,"CH1":0.7531625811188327}