{"MV1":0.711081675139618,"MV3":0.6070928611546214,"CH1":0.003822782636182298}