{"MV1":0.13069997576577896,"MV3":0.8061961042367982,"CH1":0.8361601178914644}