{"MV1":0.9001643428961154,"MV3":0.07126948552588552,"CH1":0.11208227382173674}