{"MV1":0.6128696941151296,"MV3":0.57936915981925,"CH1":0.5078020353436783}