{"MV1":0.9032792839471078,"MV3":0.6575042171602491,"CH1":0.025385886332360164}