{"MV1":0.6684808462534657,"MV3":0.24761948461919525,"CH1":0.4500180161942694}