{"MV1":0.4689266043395818,"MV3":0.9444380879437742,"CH1":0.889697481133969}