{"MV1":0.1471728992435204,"MV3":0.8932068755224026,"CH1":0.8722557480904092}