{"MV1":0.10614999943074888,"MV3":0.792845078205132,"CH1":0.9673964539835679}