{"MV1":0.41095053611183485,"MV3":0.06754334802343176,"CH1":0.4566943302023313}