{"MV1":0.15016880939676047,"MV3":0.4728347827664079,"CH1":0.003433461654201886}