{"MV1":0.5998372773226659,"MV3":0.1549095946266289,"CH1":0.29091180696057983}