{"MV1":0.9073359081041403,"MV3":0.8669941933286007,"CH1":0.6887341951919548}