{"MV1":0.3163858064673952,"MV3":0.04575403160577651,"CH1":0.4926762116702179}