{"MV1":0.640073889719117,"MV3":0.1705032316349412,"CH1":0.1477126874191549}