{"MV1":0.9564512423688685,"MV3":0.9627522414408831,"CH1":0.5740235298933396}