{"MV1":0.29524011219172897,"MV3":0.7557071383797476,"CH1":0.14437682209133962}