{"MV1":0.30961542025112954,"MV3":0.3512443703949367,"CH1":0.07363721384281796}