{"MV1":0.7943359620704048,"MV3":0.64184368757346,"CH1":0.41108336841613735}