{"MV1":0.34404668507077885,"MV3":0.9610790280678438,"CH1":0.988859010858477}