{"MV1":0.3131171806686204,"MV3":0.0891183367994588,"CH1":0.6153702229852299}