{"MV1":0.8659377984386022,"MV3":0.6616457748968327,"CH1":0.13856718713182592}