{"MV1":0.14948891954596233,"MV3":0.7447182970636138,"CH1":0.41040829150153746}