{"MV1":0.44733387856335893,"MV3":0.6633566892306246,"CH1":0.17789264562436813}