{"MV1":0.12848968098864655,"MV3":0.8561858910545723,"CH1":0.13650219881313885}