{"MV1":0.22640122065850066,"MV3":0.14379712682488444,"CH1":0.3363869608041019}