{"MV1":0.5411753231580158,"MV3":0.6220051820876822,"CH1":0.9500920962673274}