{"MV1":0.49045098420184086,"MV3":0.667040775874796,"CH1":0.26219279886782865}