{"MV1":0.2327432115398398,"MV3":0.05024002546718298,"CH1":0.12531594858312445}