{"MV1":0.42119051616805325,"MV3":0.6773341104633166,"CH1":0.6002734730039236}