{"MV1":0.13694208132887575,"MV3":0.15443808746521448,"CH1":0.70809674874443}