{"MV1":0.043878578770836674,"MV3":0.0016148432516079891,"CH1":0.48435817824844873}