{"MV1":0.19626976569664167,"MV3":0.15002426778959888,"CH1":0.4557998036705315}