{"MV1":0.6410607274497219,"MV3":0.1634705717383581,"CH1":0.47971608522005527}