{"MV1":0.40141713098531584,"MV3":0.19576728533604149,"CH1":0.9972679033124835}