{"MV1":0.034329666312006735,"MV3":0.6775164899459545,"CH1":0.228044046911266}