{"MV1":0.20915289773835188,"MV3":0.47125576597560914,"CH1":0.2384982225887876}