{"MV1":0.796504499919046,"MV3":0.7130112621937273,"CH1":0.5795265389070534}