{"MV1":0.9708809122032542,"MV3":0.17191141265791687,"CH1":0.4524651525368033}