{"MV1":0.637604637377401,"MV3":0.8803373915607671,"CH1":0.18440154126771835}