{"MV1":0.5481650877638556,"MV3":0.2484156451605929,"CH1":0.31445357213688174}