{"MV1":0.225481330962211,"MV3":0.2042186477836635,"CH1":0.63670515311735}