{"MV1":0.38027601797598043,"MV3":0.5768063935259503,"CH1":0.6379606015495823}