{"MV1":0.9366362004435088,"MV3":0.14061845967220787,"CH1":0.7327842211272657}