{"MV1":0.10066965962902885,"MV3":0.56702315378661,"CH1":0.05458368531785962}