{"MV1":0.40335137949454425,"MV3":0.060560445680281405,"CH1":0.6430449959060264}