{"MV1":0.8121445904088747,"MV3":0.4982163379203829,"CH1":0.668864250714346}