{"MV1":0.875825865450374,"MV3":0.011323576605137053,"CH1":0.838565289858489}