{"MV1":0.07033121742513226,"MV3":0.7804523709817554,"CH1":0.4619627903725261}