{"MV1":0.4145698744079527,"MV3":0.023815076621412135,"CH1":0.10565702418329237}