{"MV1":0.4520312714694611,"MV3":0.5427934811568651,"CH1":0.46421343333896115}