{"MV1":0.9157539930041957,"MV3":0.6977277671743658,"CH1":0.5942629601825913}