{"MV1":0.8519285812770216,"MV3":0.12246195005940363,"CH1":0.977359787688573}