{"MV1":0.0022316112546836298,"MV3":0.6258973892302147,"CH1":0.3741646123421615}