{"MV1":0.7843556575112697,"MV3":0.4552545644589854,"CH1":0.3925268905822369}