{"MV1":0.7799317931403594,"MV3":0.8986208392963582,"CH1":0.027566327232895205}