{"MV1":0.614814117515604,"MV3":0.7878062730435137,"CH1":0.12276443093347766}