{"MV1":0.39246369049149743,"MV3":0.8548000394300533,"CH1":0.8859721971452194}