{"MV1":0.9543290929461081,"MV3":0.029097182700808633,"CH1":0.7763264944750201}