{"MV1":0.07681780973825958,"MV3":0.7702012058606227,"CH1":0.19329390508128375}