{"MV1":0.001321559465907618,"MV3":0.46781377320098616,"CH1":0.19546316870917235}