{"MV1":0.0878478866965019,"MV3":0.6109450351256336,"CH1":0.2228287974754144}