{"MV1":0.5263490033787318,"MV3":0.5555599573729546,"CH1":0.7862113315301131}