{"MV1":0.9993137983046557,"MV3":0.04411846599683977,"CH1":0.915474146421945}