{"MV1":0.46684966195788824,"MV3":0.2731897397004801,"CH1":0.7811657787843581}