{"MV1":0.9343011016620006,"MV3":0.05337257498310222,"CH1":0.7755101824889695}