{"MV1":0.24076581048915846,"MV3":0.3717507758193028,"CH1":0.17011847424260462}