{"MV1":0.3752730222360141,"MV3":0.4617178463351961,"CH1":0.9925744513431537}