{"MV1":0.4961806024136941,"MV3":0.7713866995706085,"CH1":0.029699755279425144}