{"MV1":0.16880261415178743,"MV3":0.8860582975533446,"CH1":0.32680094864633247}