{"MV1":0.7096421403304525,"MV3":0.5525931753568367,"CH1":0.431001483447226}