{"MV1":0.5084715452896715,"MV3":0.8151407094898075,"CH1":0.7253863274018425}