{"MV1":0.9073976292496172,"MV3":0.4132129661338564,"CH1":0.0901688345714955}