{"MV1":0.2900240587600271,"MV3":0.37569194752462587,"CH1":0.1290609655365197}