{"MV1":0.10679214444918528,"MV3":0.19531693978862386,"CH1":0.4592143992853561}