{"MV1":0.8624034691579651,"MV3":0.022326741324271815,"CH1":0.291308084710702}