{"MV1":0.42293271037810687,"MV3":0.7351301239231396,"CH1":0.6873847644953074}