{"MV1":0.2018259560821567,"MV3":0.30303221835503547,"CH1":0.4921375288755645}