{"MV1":0.17820909027266651,"MV3":0.16742381021549824,"CH1":0.3975272545461277}