{"MV1":0.2431945841996922,"MV3":0.024754111357504605,"CH1":0.13161401666178008}