{"MV1":0.02862203521823481,"MV3":0.3752739118768208,"CH1":0.6258353731553477}