{"MV1":0.5499834098422294,"MV3":0.7905755047339951,"CH1":0.5887811690851898}