{"MV1":0.5544601270150082,"MV3":0.5626762710944964,"CH1":0.5506237172865474}