{"MV1":0.2890609811955661,"MV3":0.26168373226849384,"CH1":0.8365711928586828}