{"MV1":0.9015421975211106,"MV3":0.08291775125890988,"CH1":0.27481043400042304}