{"MV1":0.7262059324682194,"MV3":0.44060402030339063,"CH1":0.7715435701811907}