{"MV1":0.08463354964499992,"MV3":0.46529185490050373,"CH1":0.19040149077594626}