{"MV1":0.3784561913269009,"MV3":0.12662370922522959,"CH1":0.16825836741168199}