{"MV1":0.5885488495637403,"MV3":0.4802365984787833,"CH1":0.13056251375256556}