{"MV1":0.8950944573114847,"MV3":0.14081970586214143,"CH1":0.9809081070878678}