{"MV1":0.1255682227559234,"MV3":0.2029791152981476,"CH1":0.034877389536729364}