{"MV1":0.6657375543545045,"MV3":0.08729330585809669,"CH1":0.09396186725541256}