{"MV1":0.7847324443405146,"MV3":0.1286227888878796,"CH1":0.7365313663864468}