{"MV1":0.3912247827727835,"MV3":0.2348802366326278,"CH1":0.7223405280005357}