{"MV1":0.672005695663672,"MV3":0.7606834647176886,"CH1":0.36058081694658506}