{"MV1":0.6613045010172862,"MV3":0.9636836788462273,"CH1":0.5506986587724648}