{"MV1":0.4448520512874484,"MV3":0.16340434538879045,"CH1":0.9986120272493194}