{"MV1":0.0016210602073760683,"MV3":0.1323771766200671,"CH1":0.8435536625563419}