{"MV1":0.42715941225250476,"MV3":0.29914123666123416,"CH1":0.078035947290934}