{"MV1":0.006922781295660041,"MV3":0.4355911410725126,"CH1":0.5705420008974114}