{"MV1":0.5323588448722687,"MV3":0.4291687326667549,"CH1":0.39104949152616975}