{"MV1":0.15442396574163864,"MV3":0.08069033390779867,"CH1":0.9878912846826505}