{"MV1":0.9276201552830231,"MV3":0.44119704767580226,"CH1":0.43789320165113166}