{"MV1":0.6448810685586326,"MV3":0.40056770279169496,"CH1":0.6998702115666612}