{"MV1":0.6600314126738036,"MV3":0.7067574612330869,"CH1":0.5906682276626027}