{"MV1":0.4226011125280571,"MV3":0.617348342063335,"CH1":0.738664009495861}