{"MV1":0.7610019828880165,"MV3":0.9658107834855162,"CH1":0.5770875212724074}