{"MV1":0.029402473273017482,"MV3":0.383441025440196,"CH1":0.0061013744394692315}