{"MV1":0.21412191200118502,"MV3":0.2987605086468075,"CH1":0.4899078262053642}