{"MV1":0.1611144264474904,"MV3":0.6977541618457289,"CH1":0.08525254157164452}