{"MV1":0.9302747130400947,"MV3":0.773300497239641,"CH1":0.5434824689071989}