{"MV1":0.5114598017910829,"MV3":0.8466530264994258,"CH1":0.06376626717841971}