{"MV1":0.6556471830636956,"MV3":0.6239116919358216,"CH1":0.9490405531423537}