{"MV1":0.9846051350517049,"MV3":0.48947379416134706,"CH1":0.7425792452531246}