{"MV1":0.21800372935388057,"MV3":0.8914566970001476,"CH1":0.9441537652921309}