{"MV1":0.011079003314413582,"MV3":0.300752462837651,"CH1":0.8410513068082852}