{"MV1":0.11135779141053348,"MV3":0.5382764219568194,"CH1":0.9932120066386222}