{"MV1":0.9226536428813316,"MV3":0.8942642353618838,"CH1":0.48400765160683057}