{"MV1":0.42216023373220257,"MV3":0.15197381264330534,"CH1":0.647136902872089}