{"MV1":0.4310046044570742,"MV3":0.5409983820721088,"CH1":0.721397431286016}