{"MV1":0.1402829610299473,"MV3":0.7240171159387334,"CH1":0.841780806757486}