{"MV1":0.6010187725097121,"MV3":0.520447374665285,"CH1":0.685502663400768}