{"MV1":0.43086998127410026,"MV3":0.3437272269734658,"CH1":0.08009082130882761}