{"MV1":0.1708885508474285,"MV3":0.38634359583834466,"CH1":0.16525571095661817}