{"MV1":0.21107999799551513,"MV3":0.21206157547062787,"CH1":0.9280618832012867}