{"MV1":0.20833122028395978,"MV3":0.5447736657818019,"CH1":0.6064172194308151}