{"MV1":0.8263907033086687,"MV3":0.4226216823062888,"CH1":0.33693871818349264}