{"MV1":0.5298351963196899,"MV3":0.060260418810392125,"CH1":0.7520515282921777}