{"MV1":0.62703120567938,"MV3":0.5512146528948588,"CH1":0.4796258360842407}