{"MV1":0.5723140006134894,"MV3":0.8212454837446038,"CH1":0.4499090648996592}