{"MV1":0.3695803684995528,"MV3":0.5515389727848184,"CH1":0.024884828186177654}