{"MV1":0.5188983127683796,"MV3":0.2693810424747842,"CH1":0.2005292144596481}