{"MV1":0.7222207784924123,"MV3":0.3225025586407072,"CH1":0.9214293485362833}