{"MV1":0.6719273832645387,"MV3":0.005141879080899581,"CH1":0.8322189159595305}