{"MV1":0.8907382197382336,"MV3":0.6765525889066618,"CH1":0.30179917183340843}