{"MV1":0.290770092881656,"MV3":0.8325147629543721,"CH1":0.32669705514060077}