{"MV1":0.9243120906245831,"MV3":0.3015280678721225,"CH1":0.9949321287116248}