{"MV1":0.9646089104295582,"MV3":0.5166431487382261,"CH1":0.5399513233704704}