{"MV1":0.04171990274788118,"MV3":0.617475972047274,"CH1":0.6572319960672777}