{"MV1":0.7813179367457174,"MV3":0.7373593656239864,"CH1":0.5633475289197408}