{"MV1":0.24434957901820498,"MV3":0.8382785390434232,"CH1":0.33937205601362497}