{"MV1":0.13536699722630263,"MV3":0.7048597002122996,"CH1":0.2899635269434254}