{"MV1":0.8485933456426998,"MV3":0.2858818861525879,"CH1":0.308989124219453}