{"MV1":0.5979808910107223,"MV3":0.17460670271185796,"CH1":0.23804444800072921}