{"MV1":0.43445842475243057,"MV3":0.24628838530770203,"CH1":0.6601155723064512}