{"MV1":0.04243726302813655,"MV3":0.8577315516561034,"CH1":0.4006813420221548}