{"MV1":0.9440877132768336,"MV3":0.20613886566974637,"CH1":0.4780372214995464}