{"MV1":0.4602836174524251,"MV3":0.36611906650466164,"CH1":0.1845225967479096}