{"MV1":0.5031566114367272,"MV3":0.5787042665156921,"CH1":0.8835300574197759}