{"MV1":0.5438515259334603,"MV3":0.07171579966782937,"CH1":0.5858892894995806}