{"MV1":0.2630130030986034,"MV3":0.6122083804381062,"CH1":0.9221500199739469}