{"MV1":0.45920656240892355,"MV3":0.7138546047801563,"CH1":0.6091281602382802}