{"MV1":0.21867468815275448,"MV3":0.6288016032488359,"CH1":0.03922312377860093}