{"MV1":0.6553710320911237,"MV3":0.06248581034196865,"CH1":0.379874374558675}