{"MV1":0.7946350931461427,"MV3":0.41696546765193143,"CH1":0.2208284045340515}