{"MV1":0.7795054770613141,"MV3":0.45477558420922426,"CH1":0.8833333468489188}