{"MV1":0.2983039297902347,"MV3":0.22111564935136108,"CH1":0.08219036530742452}