{"MV1":0.47021210039152905,"MV3":0.2844487252408028,"CH1":0.9030800145791879}