{"MV1":0.8322758435546803,"MV3":0.05813744938572285,"CH1":0.977184705921068}