{"MV1":0.7942471699460427,"MV3":0.06873676355451863,"CH1":0.28234578875448957}