{"MV1":0.6185816523053176,"MV3":0.8037638406472665,"CH1":0.5122535851019816}