{"MV1":0.452390114557906,"MV3":0.35986906466993596,"CH1":0.004984218520017958}