{"MV1":0.1789457922984078,"MV3":0.7886550710096772,"CH1":0.03986116929476158}