{"MV1":0.8761890622660357,"MV3":0.27801807882986407,"CH1":0.3930528684408028}