{"MV1":0.9484597040628087,"MV3":0.2865599252533745,"CH1":0.0011583293669272798}