{"MV1":0.13280937781069468,"MV3":0.3299835984043651,"CH1":0.890398500512174}