{"MV1":0.8404826638704024,"MV3":0.9065010981473075,"CH1":0.4065215539718534}