{"MV1":0.7681847442826326,"MV3":0.20364885281480316,"CH1":0.0508935662585942}