{"MV1":0.14488189018070752,"MV3":0.6681627893884865,"CH1":0.34678904140255506}