{"MV1":0.24829903755644855,"MV3":0.12089950446972009,"CH1":0.04257195698731442}