{"MV1":0.2895496792696385,"MV3":0.30157798315647133,"CH1":0.6650251509077854}