{"MV1":0.6789873687550263,"MV3":0.11175631632132366,"CH1":0.3499847418165968}