{"MV1":0.8749942645704805,"MV3":0.6580434917376723,"CH1":0.6771240382771195}