{"MV1":0.31710693671237045,"MV3":0.7447559389375262,"CH1":0.6264693334297184}