{"MV1":0.8850836488843767,"MV3":0.9963035291808158,"CH1":0.2210652152263085}