{"MV1":0.6097793810949867,"MV3":0.3858598929451217,"CH1":0.6522427846322937}