{"MV1":0.41526679916244225,"MV3":0.5671323921317315,"CH1":0.5438268780592038}