{"MV1":0.5720363724643702,"MV3":0.6775681311184824,"CH1":0.2418016063762518}