{"MV1":0.3185752393908998,"MV3":0.2240424971030962,"CH1":0.9133327217260001}