{"MV1":0.7759161710872188,"MV3":0.8209788814514027,"CH1":0.41858772681584}