{"MV1":0.9107748967614147,"MV3":0.0767493041110825,"CH1":0.5296500771970503}