{"MV1":0.026129070759643658,"MV3":0.9808861314918427,"CH1":0.2654195049440947}