{"MV1":0.6423875778619866,"MV3":0.3970148982347844,"CH1":0.2948199849119436}