{"MV1":0.5073337012405336,"MV3":0.4625467604928474,"CH1":0.7313577678433411}