{"MV1":0.9161176728948808,"MV3":0.5714095889356902,"CH1":0.6600211346384434}