{"MV1":0.9838663848269208,"MV3":0.4103440933738368,"CH1":0.12473207571767275}