{"MV1":0.8915157302960163,"MV3":0.03705528643283729,"CH1":0.9357861496804164}