{"MV1":0.2765031496769491,"MV3":0.40792908166431896,"CH1":0.8667250066045625}