{"MV1":0.4291559251445739,"MV3":0.1970070132486148,"CH1":0.7305907491918298}