{"MV1":0.9709644816362683,"MV3":0.6828002748404,"CH1":0.3566759140532244}