{"MV1":0.16691684229616677,"MV3":0.4958723776495151,"CH1":0.19651211096769983}