{"MV1":0.8748533764654273,"MV3":0.1711960390489251,"CH1":0.4346451913306919}