{"MV1":0.7639984520527431,"MV3":0.23299010901894557,"CH1":0.8815386900883064}