{"MV1":0.4399523691341978,"MV3":0.5467845092208197,"CH1":0.5369090738651078}