{"MV1":0.20876374380633778,"MV3":0.09120519275687478,"CH1":0.5431645816231445}