{"MV1":0.4585579144540445,"MV3":0.0867073766569465,"CH1":0.09008362978318962}