{"MV1":0.34193544428503797,"MV3":0.4323639751001497,"CH1":0.4147737056745222}