{"MV1":0.33416588512366285,"MV3":0.6806277418257903,"CH1":0.4258096472670194}