{"MV1":0.8432238803054681,"MV3":0.665636995546715,"CH1":0.7307214407430505}