{"MV1":0.2982597517739146,"MV3":0.9206032175780371,"CH1":0.05274511130760784}