{"MV1":0.8026853603923542,"MV3":0.8627721035173401,"CH1":0.17782281292142155}