{"MV1":0.2581564187058676,"MV3":0.2930883080427473,"CH1":0.8895016219289048}