{"MV1":0.6428136012632673,"MV3":0.5738427770860751,"CH1":0.978131545134583}