{"MV1":0.4959198625343698,"MV3":0.13399643413037754,"CH1":0.9472218504786233}