{"MV1":0.6981934006699478,"MV3":0.5846413174442511,"CH1":0.7400749968851769}