{"MV1":0.8995930110904141,"MV3":0.31482791893528306,"CH1":0.1582511128280435}