{"MV1":0.6688833978708348,"MV3":0.14183566559649186,"CH1":0.2304936321172968}