{"MV1":0.05402141385230863,"MV3":0.7127735079951124,"CH1":0.8426153535569574}