{"MV1":0.8964547045276333,"MV3":0.41087478736702343,"CH1":0.3017368623235701}