{"MV1":0.05172387588397043,"MV3":0.9299043846719205,"CH1":0.6927499253424114}