{"MV1":0.7864938759312322,"MV3":0.09755855620681919,"CH1":0.3457814106539683}