{"MV1":0.7398648071598573,"MV3":0.47485920692578576,"CH1":0.9675472815026709}