{"MV1":0.029354389635317446,"MV3":0.9657847891490317,"CH1":0.15986667280641975}