{"MV1":0.6440750227330414,"MV3":0.09367494982302782,"CH1":0.3495442216481378}