{"MV1":0.6575830936435267,"MV3":0.9391519722909992,"CH1":0.95491820343158}