{"MV1":0.8631922710256312,"MV3":0.18208813415198843,"CH1":0.22377305722650986}