{"MV1":0.8903778399438661,"MV3":0.807621126289485,"CH1":0.8898026016545492}