{"MV1":0.09462721077975111,"MV3":0.3881684542710936,"CH1":0.953746514632774}