{"MV1":0.9232454195629173,"MV3":0.7050168937515486,"CH1":0.2186351242576149}