{"MV1":0.2753853825562642,"MV3":0.8574997687494731,"CH1":0.7080637990500068}