{"MV1":0.9898943749876954,"MV3":0.9210830184171507,"CH1":0.5695150863848069}