{"MV1":0.39011809891001203,"MV3":0.16200358536511272,"CH1":0.3698677036597653}