{"MV1":0.8934451401437611,"MV3":0.6397106345242705,"CH1":0.22806889791490215}