{"MV1":0.4943953343904596,"MV3":0.012691485365798671,"CH1":0.3591683333950063}