{"MV1":0.891731742315967,"MV3":0.9153236387275716,"CH1":0.24082782845276984}