{"MV1":0.8709262947063758,"MV3":0.0757626034063642,"CH1":0.662034233057335}