{"MV1":0.23971804026834287,"MV3":0.8355047351976963,"CH1":0.30531427184167526}