{"MV1":0.9831398627731989,"MV3":0.16379822963471036,"CH1":0.5914519667921855}