{"MV1":0.03657494807628858,"MV3":0.4857764172616499,"CH1":0.34686911760093886}