{"MV1":0.23761737925013637,"MV3":0.4286843907937775,"CH1":0.20096449773469893}