{"MV1":0.10682774333548073,"MV3":0.0020419787602492523,"CH1":0.49116093374556047}