{"MV1":0.9223355685209008,"MV3":0.49613499983276776,"CH1":0.6271582652074574}