{"MV1":0.8421743168537698,"MV3":0.06683140815190325,"CH1":0.19594008923725736}