{"MV1":0.4989801086982877,"MV3":0.6545304405189626,"CH1":0.7984684325828227}