{"MV1":0.09701009339769462,"MV3":0.4513921555923619,"CH1":0.7788765792991185}