{"MV1":0.6705723090631172,"MV3":0.18393275719304658,"CH1":0.027858171360365835}