{"MV1":0.46370431952872293,"MV3":0.2823686034228836,"CH1":0.6433334356927164}