{"MV1":0.23859137465765545,"MV3":0.6756622427803226,"CH1":0.026297347512695413}