{"MV1":0.030546920812906775,"MV3":0.20553840105783583,"CH1":0.7412810606058431}