{"MV1":0.9076760053582865,"MV3":0.34644496335245445,"CH1":0.09118807842797438}