{"MV1":0.31002155120172326,"MV3":0.5601063506262145,"CH1":0.743942597048079}