{"MV1":0.9353947187313604,"MV3":0.8417346270952052,"CH1":0.5151943093341407}