{"MV1":0.57240945360108,"MV3":0.9318179526227846,"CH1":0.9676110545845473}