{"MV1":0.9383205364215187,"MV3":0.6226251957996582,"CH1":0.1592823820134408}