{"MV1":0.4762132145313075,"MV3":0.23354741783861854,"CH1":0.42079041833579844}