{"MV1":0.7453012459996873,"MV3":0.48793973081113007,"CH1":0.584886629251893}