{"MV1":0.21123682603979577,"MV3":0.6947747108558208,"CH1":0.5400575767633155}