{"MV1":0.5826632459926535,"MV3":0.9810044007768908,"CH1":0.4909455212318873}