{"MV1":0.960454286950879,"MV3":0.5802952902853175,"CH1":0.5108294350819883}