{"MV1":0.3230780869066838,"MV3":0.7752011361972824,"CH1":0.6614891889315541}