{"MV1":0.5831224074730389,"MV3":0.29191075790986043,"CH1":0.1935397582092533}