{"MV1":0.7916735135547929,"MV3":0.3464513704818931,"CH1":0.825528031238586}