{"MV1":0.5835267251130449,"MV3":0.20140430261085973,"CH1":0.7491098983614114}