{"MV1":0.7102672404618978,"MV3":0.30508275723486,"CH1":0.6273231359899363}