{"MV1":0.1695362300645984,"MV3":0.9422779180713894,"CH1":0.2816551463940865}