{"MV1":0.5127639663577813,"MV3":0.35883658963669873,"CH1":0.38808050912592373}