{"MV1":0.16893654473629205,"MV3":0.7355252604426902,"CH1":0.8916942501457148}