{"MV1":0.4175083247692415,"MV3":0.19578753628874845,"CH1":0.8303350151011446}