{"MV1":0.11952891665090293,"MV3":0.4553845274653857,"CH1":0.5949308422460802}