{"MV1":0.9510250089246616,"MV3":0.6311431383204387,"CH1":0.9681543453813032}