{"MV1":0.8285923880824752,"MV3":0.15890044582134577,"CH1":0.6058487743651054}