{"MV1":0.9712285455686087,"MV3":0.42319928186236955,"CH1":0.22218119682254744}