{"MV1":0.5054498759548803,"MV3":0.7818355710578252,"CH1":0.5913158156471272}