{"MV1":0.09548684054315748,"MV3":0.32784618869162674,"CH1":0.5250089263165079}