{"MV1":0.5192614536823751,"MV3":0.38036815929762136,"CH1":0.278744481816125}