{"MV1":0.803694790226064,"MV3":0.7714058718142796,"CH1":0.20368434994441265}