{"MV1":0.15330886646651587,"MV3":0.577687542052144,"CH1":0.36245027802945484}