{"MV1":0.8337120679590188,"MV3":0.9063027892665123,"CH1":0.3927482081358842}