{"MV1":0.22020619038765388,"MV3":0.6558583651785422,"CH1":0.46301193429097953}