{"MV1":0.07212255575039617,"MV3":0.7722099760026294,"CH1":0.08877933404874272}