{"MV1":0.6875725575249381,"MV3":0.35447849965478806,"CH1":0.550298739187113}