{"MV1":0.5332917065186578,"MV3":0.7253542885939961,"CH1":0.6832787817765636}