{"MV1":0.5934445293990606,"MV3":0.5264890452017996,"CH1":0.4404951701355684}