{"MV1":0.026627729138457568,"MV3":0.1718111642830472,"CH1":0.5655334608919897}