{"MV1":0.943465738176809,"MV3":0.41071640375862994,"CH1":0.32744462802712015}