{"MV1":0.08012963862951505,"MV3":0.3884982843099315,"CH1":0.856540321345409}