{"MV1":0.38908844369137574,"MV3":0.16653986311860114,"CH1":0.5414913998006817}