{"MV1":0.20014600950210193,"MV3":0.30678096433285895,"CH1":0.8583754441910036}