{"MV1":0.592123794167468,"MV3":0.9039026725829385,"CH1":0.32719342409465557}