{"MV1":0.7915620142547096,"MV3":0.2527467031384564,"CH1":0.1914784729790634}