{"MV1":0.08889686716250178,"MV3":0.27918005671913226,"CH1":0.06184152770405871}