{"MV1":0.11338009469504218,"MV3":0.7216775156455483,"CH1":0.013445741724023574}