{"MV1":0.4403071383477929,"MV3":0.19970472750943202,"CH1":0.27784644736692665}