{"MV1":0.9259414531589754,"MV3":0.3104749874934911,"CH1":0.0007534063123273427}