{"MV1":0.7169079315706075,"MV3":0.13779012234844512,"CH1":0.11195628236507404}