{"MV1":0.19720410516612719,"MV3":0.9820109118806147,"CH1":0.7334706863405446}