{"MV1":0.8900736230236289,"MV3":0.8831400844706072,"CH1":0.44035367384864976}