{"MV1":0.13896694719892966,"MV3":0.6568954581647853,"CH1":0.06374202757488168}