{"MV1":0.10623196641236266,"MV3":0.9521860833318082,"CH1":0.5648223531202684}