{"MV1":0.8823125729639816,"MV3":0.007254959932681437,"CH1":0.3933053888547591}