{"MV1":0.7786553298408346,"MV3":0.30311300331410085,"CH1":0.8593765613662531}