{"MV1":0.07670509196397002,"MV3":0.41635510258415176,"CH1":0.7711763883825024}