{"MV1":0.2663923820495675,"MV3":0.061713339238658294,"CH1":0.44083465868960037}