{"MV1":0.7309300857378161,"MV3":0.6230819207008587,"CH1":0.3086577365805122}