{"MV1":0.9970251077540061,"MV3":0.5059184817558089,"CH1":0.7352714872778707}