{"MV1":0.9986257673215974,"MV3":0.2973233876209269,"CH1":0.013476806962941623}