{"MV1":0.4139888396777551,"MV3":0.024144358809458533,"CH1":0.16217732620679004}