{"MV1":0.6058373048334929,"MV3":0.6068630967226388,"CH1":0.7320425504229243}