{"MV1":0.1606347182331609,"MV3":0.40467659695787817,"CH1":0.7042952255509174}