{"MV1":0.22761752218782894,"MV3":0.7398493327048391,"CH1":0.03867036283207215}