{"MV1":0.9406524087157707,"MV3":0.39391309501865523,"CH1":0.54142137805598}