{"MV1":0.024724151838841912,"MV3":0.9668218344596807,"CH1":0.9414886842633753}