{"MV1":0.25018345465052216,"MV3":0.76688473105613,"CH1":0.98603011703208}