{"MV1":0.8684604532898278,"MV3":0.9705727071368736,"CH1":0.34435129940653875}