{"MV1":0.5786479127953543,"MV3":0.22789098624661697,"CH1":0.3400404477497623}