{"MV1":0.8021772211013573,"MV3":0.3366377737513264,"CH1":0.2195778575231926}