{"MV1":0.3299167721791266,"MV3":0.0514367899906899,"CH1":0.6236245258887406}