{"MV1":0.31099495255830056,"MV3":0.21387107814486628,"CH1":0.8762431623031307}