{"MV1":0.09601931469880298,"MV3":0.660111714675796,"CH1":0.20663195385471367}