{"MV1":0.9031660608146586,"MV3":0.2378489166149873,"CH1":0.006254179195325782}