{"MV1":0.6444941132918731,"MV3":0.8189980279453928,"CH1":0.3149336080688909}