{"MV1":0.0997812743891685,"MV3":0.8285996364929075,"CH1":0.49763341514136916}