{"MV1":0.9488341176015579,"MV3":0.6815234231934607,"CH1":0.8256361748095126}