{"MV1":0.6574156736448806,"MV3":0.6184965193977348,"CH1":0.8961687130687236}