{"MV1":0.41815051207665144,"MV3":0.19630687287373694,"CH1":0.7768423413129435}