{"MV1":0.7784432440638398,"MV3":0.851427231508808,"CH1":0.8746709677882644}