{"MV1":0.2965413333182395,"MV3":0.08443366962353593,"CH1":0.5691869993698404}