{"MV1":0.8938305747007238,"MV3":0.8499144769249011,"CH1":0.28512028033698156}