{"MV1":0.1874878361422304,"MV3":0.41368033378030333,"CH1":0.49858297881055913}