{"MV1":0.8516819137354393,"MV3":0.3361966561666013,"CH1":0.09346979261394994}