{"MV1":0.6565142133116558,"MV3":0.20577297680388296,"CH1":0.01146358203260367}