{"MV1":0.44368626398588995,"MV3":0.6372717390324484,"CH1":0.9528300090631399}