{"MV1":0.1822576375998698,"MV3":0.528449048969803,"CH1":0.06864403770511907}