{"MV1":0.29484916940550376,"MV3":0.6113750748863156,"CH1":0.5844934044244745}