{"MV1":0.5127789403678127,"MV3":0.5370233036447669,"CH1":0.300759267284316}