{"MV1":0.4590600778307138,"MV3":0.372323914251269,"CH1":0.8017261519581015}