{"MV1":0.1162920863142497,"MV3":0.07145631367684058,"CH1":0.5320896817744769}