{"MV1":0.03081875062235273,"MV3":0.7271052138191334,"CH1":0.07272586840092488}