{"MV1":0.9431437202151705,"MV3":0.5797314454781504,"CH1":0.6845998289226093}