{"MV1":0.511283075640006,"MV3":0.5108791145362453,"CH1":0.21029463750838084}