{"MV1":0.81242565080397,"MV3":0.5089620265416395,"CH1":0.7030201229794508}