{"MV1":0.8423333297549528,"MV3":0.9797620870971283,"CH1":0.19304159030662094}