{"MV1":0.8051114253294762,"MV3":0.19389456971487928,"CH1":0.6646664683158282}