{"MV1":0.7311903674080285,"MV3":0.6253506825533487,"CH1":0.5223418089589587}