{"MV1":0.049577346201007955,"MV3":0.8461728431336342,"CH1":0.669944296756778}