{"MV1":0.4837512121101335,"MV3":0.9906984777780451,"CH1":0.5408752478368256}