{"MV1":0.758913990757423,"MV3":0.7020808939898865,"CH1":0.9671589942597996}