{"MV1":0.16008533748103315,"MV3":0.5632264826088412,"CH1":0.48426766331202686}