{"MV1":0.31648920546433323,"MV3":0.9058186145287512,"CH1":0.08411526744368936}