{"MV1":0.32126082841644654,"MV3":0.2883607987067517,"CH1":0.9275551856471432}