{"MV1":0.43733576104719496,"MV3":0.16432080143525163,"CH1":0.6441342028896996}