{"MV1":0.966547840294537,"MV3":0.9131294160066699,"CH1":0.37831321863230305}