{"MV1":0.736086835057002,"MV3":0.5070234239127029,"CH1":0.05369684196098057}