{"MV1":0.45399320145117905,"MV3":0.05095307463844567,"CH1":0.9771502950065231}