{"MV1":0.37557424388558336,"MV3":0.302366764315836,"CH1":0.9464445462896274}