{"MV1":0.31076133248988835,"MV3":0.32914966207449814,"CH1":0.18911568709332327}