{"MV1":0.7692393678473908,"MV3":0.9414425197079427,"CH1":0.7751682059222681}