{"MV1":0.26616322188507624,"MV3":0.20743738681834878,"CH1":0.01833319064911254}