{"MV1":0.2457861351263506,"MV3":0.35965174154774493,"CH1":0.04775658786439341}