{"MV1":0.11644558018117368,"MV3":0.41247974972090473,"CH1":0.007629855255355755}