{"MV1":0.6529105102663895,"MV3":0.4497913232182934,"CH1":0.6612810043636673}