{"MV1":0.21535485645662478,"MV3":0.7064232690772979,"CH1":0.13933292470952585}