{"MV1":0.14051434017010722,"MV3":0.5414113189836106,"CH1":0.46108190151402584}