{"MV1":0.5609934222248903,"MV3":0.8331292018790064,"CH1":0.12745667215952428}