{"MV1":0.11808480681842781,"MV3":0.8283532225229405,"CH1":0.44928841580025136}