{"MV1":0.4931260902158028,"MV3":0.377406051861236,"CH1":0.5877890880509883}