{"MV1":0.39020183744682535,"MV3":0.986259297830345,"CH1":0.80788515980638}