{"MV1":0.682652446950679,"MV3":0.3261260670535342,"CH1":0.28057387232426123}