{"MV1":0.04985448418375671,"MV3":0.013521302767023347,"CH1":0.7652458801784654}