{"MV1":0.5409874048998337,"MV3":0.5675454779758526,"CH1":0.9248955479105472}