{"MV1":0.9318485546583221,"MV3":0.87855279439259,"CH1":0.008220880882905068}