{"MV1":0.7436439718578466,"MV3":0.4156376029913448,"CH1":0.5628201331788302}