{"MV1":0.18701263050343142,"MV3":0.6235293018152195,"CH1":0.6884622991011452}