{"MV1":0.3954887352674231,"MV3":0.4193709228544218,"CH1":0.2658738363881681}