{"MV1":0.16155824876558,"MV3":0.5634514129311886,"CH1":0.046821271816469334}