{"MV1":0.4385152939437895,"MV3":0.49337285418205745,"CH1":0.7369291908236694}