{"MV1":0.7694488759026744,"MV3":0.02612681172278386,"CH1":0.33089061147277254}