{"MV1":0.4188933095445029,"MV3":0.3641821574277504,"CH1":0.9119211083044602}