{"MV1":0.47402898024499884,"MV3":0.8925985797252848,"CH1":0.5467426093526123}