{"MV1":0.539369843985783,"MV3":0.4496072877063494,"CH1":0.9550041151426258}