{"MV1":0.2540919394802734,"MV3":0.11700840913147881,"CH1":0.4454795904155865}