{"MV1":0.13013055089291803,"MV3":0.7683084444938129,"CH1":0.9200963630670268}