{"MV1":0.8245376372280407,"MV3":0.5804273872163423,"CH1":0.9033889972239695}