{"MV1":0.26310365351620946,"MV3":0.17197118040444592,"CH1":0.2695453096564071}