{"MV1":0.6069624209751326,"MV3":0.16684673578162634,"CH1":0.2786029397843427}