{"MV1":0.8846327629851164,"MV3":0.414071597276201,"CH1":0.8469755765303009}