{"MV1":0.41936547737439334,"MV3":0.4216861568539283,"CH1":0.0833888482992774}