{"MV1":0.8513874320911535,"MV3":0.48500470524120043,"CH1":0.2924940127322473}