{"MV1":0.44529787708087065,"MV3":0.8823760417811053,"CH1":0.13483044780462838}