{"MV1":0.8907268234127999,"MV3":0.4098081032295072,"CH1":0.6474749078355848}