{"MV1":0.544117474884027,"MV3":0.30658410841661643,"CH1":0.6310585598652557}