{"MV1":0.44682358339953443,"MV3":0.2992555196464197,"CH1":0.5883743248497771}