{"MV1":0.7006971046793403,"MV3":0.37936025959780817,"CH1":0.1300483060562272}