{"MV1":0.816426883377371,"MV3":0.9792715041032882,"CH1":0.7987896673519485}