{"MV1":0.9856883979713709,"MV3":0.7431550178906453,"CH1":0.9116331025688211}