{"MV1":0.23196510895339484,"MV3":0.6682974099509615,"CH1":0.8576647827249364}