{"MV1":0.3092741124657874,"MV3":0.23276787326113568,"CH1":0.809847784942411}