{"MV1":0.13501702205887367,"MV3":0.3467657143976568,"CH1":0.08521500789507663}