{"MV1":0.42381533619828593,"MV3":0.28778266901795324,"CH1":0.8101888304197751}