{"MV1":0.26006302855540775,"MV3":0.7175013912820627,"CH1":0.6412794319789927}