{"MV1":0.6204129450625101,"MV3":0.7685603346112753,"CH1":0.2750617028518938}