{"MV1":0.10460803597358592,"MV3":0.3181851545186898,"CH1":0.8719386259868345}