{"MV1":0.7405198086498885,"MV3":0.12613699279747825,"CH1":0.7559442807069235}