{"MV1":0.6734210114231536,"MV3":0.07722904752737736,"CH1":0.6964906354293405}