{"MV1":0.9373681233278225,"MV3":0.29982882455068216,"CH1":0.8699225121495229}