{"MV1":0.877929045586493,"MV3":0.3545500880476409,"CH1":0.5807707040421956}