{"MV1":0.9800221352591973,"MV3":0.7928215858565869,"CH1":0.21391307745170773}