{"MV1":0.321857974737212,"MV3":0.266746349597072,"CH1":0.14589581301946042}