{"MV1":0.10927130611891456,"MV3":0.3926676539498043,"CH1":0.27015830453455847}