{"MV1":0.8068146592381896,"MV3":0.31409813099633765,"CH1":0.6413056649002467}