{"MV1":0.4292141511654789,"MV3":0.5248456235887955,"CH1":0.46974047822656706}