{"MV1":0.22383384147198693,"MV3":0.13152020515369234,"CH1":0.10511509299144883}