{"MV1":0.03912522827614939,"MV3":0.49183145540477835,"CH1":0.2187697458406307}