{"MV1":0.1525192989611548,"MV3":0.23227257068983775,"CH1":0.8138536859647437}