{"MV1":0.19072070113653428,"MV3":0.33337403871513405,"CH1":0.42302711161594164}