{"MV1":0.06356026497661371,"MV3":0.6240056805172075,"CH1":0.20030928658773295}