{"MV1":0.21097681608360797,"MV3":0.3045411964064594,"CH1":0.11141986473419041}