{"MV1":0.8655038857333901,"MV3":0.9879451599608209,"CH1":0.46482870348600624}