{"MV1":0.42937563883091756,"MV3":0.695126476168365,"CH1":0.4678263769914348}