{"MV1":0.1546097062234112,"MV3":0.9228420169113494,"CH1":0.13451319118069094}