{"MV1":0.9493153698325748,"MV3":0.20441652905575203,"CH1":0.9946669984128973}