{"MV1":0.5780890106601618,"MV3":0.43953493960072065,"CH1":0.13438352248669183}