{"MV1":0.5998217848710101,"MV3":0.7499008420518897,"CH1":0.7495549503089014}