{"MV1":0.8448261335290661,"MV3":0.6867973659760949,"CH1":0.945516151542886}