{"MV1":0.8759705127037359,"MV3":0.5822623937510599,"CH1":0.4496336824495226}