{"MV1":0.9170491197934051,"MV3":0.9117311780428909,"CH1":0.8149995291094516}