{"MV1":0.9086215051246549,"MV3":0.7441658863752518,"CH1":0.3117952316385133}