{"MV1":0.5147921276229921,"MV3":0.27422763201528133,"CH1":0.4605590103831707}