{"MV1":0.8676073324951022,"MV3":0.5175130456533918,"CH1":0.12333601404995509}