{"MV1":0.7408857122963511,"MV3":0.6109934372994593,"CH1":0.7719141398422662}