{"MV1":0.04638643028774325,"MV3":0.5990502327520792,"CH1":0.4477799522040301}