{"MV1":0.9976796114464546,"MV3":0.8408431530201156,"CH1":0.4164729023810332}