{"MV1":0.9773374510495318,"MV3":0.5303524244031662,"CH1":0.3498013978217538}