{"MV1":0.6539907440344414,"MV3":0.40664149994322407,"CH1":0.7166559179339609}