{"MV1":0.257329390366717,"MV3":0.42507180198800565,"CH1":0.014255650812728171}