{"MV1":0.3084128231195955,"MV3":0.3879355574693295,"CH1":0.7540097249230733}