{"MV1":0.45575554292773945,"MV3":0.7399666585415501,"CH1":0.7858957642876095}