{"MV1":0.4837494004947942,"MV3":0.7074082288530851,"CH1":0.7303158737356317}