{"MV1":0.44192659223130903,"MV3":0.784035304020143,"CH1":0.06443794649478107}