{"MV1":0.4090889400345835,"MV3":0.3824809457159918,"CH1":0.7287542078138769}