{"MV1":0.5255967243292371,"MV3":0.3494007421426355,"CH1":0.028256816960190778}