{"MV1":0.06566452214969976,"MV3":0.510548019458646,"CH1":0.07811211396269369}