{"MV1":0.12224369331044194,"MV3":0.9052924312565914,"CH1":0.9243893458557899}