{"MV1":0.26536884747853584,"MV3":0.6285840283351519,"CH1":0.11428748984364723}