{"MV1":0.8463548695678788,"MV3":0.9110906750269774,"CH1":0.768116312600479}