{"MV1":0.1792629685649474,"MV3":0.5365928233077918,"CH1":0.7661538677022158}