{"MV1":0.6735380515200691,"MV3":0.7270170190153409,"CH1":0.6462241158040912}