{"MV1":0.9574575401300626,"MV3":0.2603609326709847,"CH1":0.01113039842536534}