{"MV1":0.40389736794924214,"MV3":0.7731760722669337,"CH1":0.7010522928481794}