{"MV1":0.43916552197676684,"MV3":0.6724660215525,"CH1":0.1392417481556345}