{"MV1":0.004275490619482736,"MV3":0.4798237196281836,"CH1":0.29217782245084944}