{"MV1":0.22084352991648992,"MV3":0.7026087937121958,"CH1":0.22030398661360484}