{"MV1":0.42978804773438983,"MV3":0.35450825984143985,"CH1":0.06687049280860502}