{"MV1":0.5866190400839844,"MV3":0.22593413110331728,"CH1":0.79728750261094}