{"MV1":0.7134226982457837,"MV3":0.1674787898258494,"CH1":0.9809335980633924}