{"MV1":0.5961037235565889,"MV3":0.17303113965574102,"CH1":0.8297816431897943}