{"MV1":0.30961560565557045,"MV3":0.7766596777177238,"CH1":0.6555652069105173}