{"MV1":0.5251590982475421,"MV3":0.8128553069209105,"CH1":0.6483115201049149}