{"MV1":0.02761781346376635,"MV3":0.6001611218917896,"CH1":0.25726649732133056}