{"MV1":0.7316611287174678,"MV3":0.4075654494931632,"CH1":0.060132508934339746}