{"MV1":0.7535954428470558,"MV3":0.7103286747970865,"CH1":0.30688998224988473}