{"MV1":0.6660522788050713,"MV3":0.46257759637315643,"CH1":0.9908699068739119}