{"MV1":0.6714120410868817,"MV3":0.6416916367689717,"CH1":0.7423469297778893}