{"MV1":0.061417593470099785,"MV3":0.7225569752323079,"CH1":0.1503381367022879}