{"MV1":0.2954313249890971,"MV3":0.7258187626867705,"CH1":0.11441780084853137}