{"MV1":0.7948558290233176,"MV3":0.2615657534581102,"CH1":0.40613917070051475}