{"MV1":0.882339594814294,"MV3":0.9843455305622824,"CH1":0.6837477925216907}