{"MV1":0.9197876135185756,"MV3":0.6223204565264941,"CH1":0.5549047856156156}