{"MV1":0.2714734009761325,"MV3":0.36001751091732426,"CH1":0.05711932012905341}