{"MV1":0.7992564445362996,"MV3":0.6327612512055529,"CH1":0.9122398818349136}