{"MV1":0.3379297543932327,"MV3":0.03912020926647575,"CH1":0.32100513007852427}