{"MV1":0.8720684723264465,"MV3":0.07708492954052659,"CH1":0.1375425431664904}