{"MV1":0.6416598545421774,"MV3":0.7272850395455654,"CH1":0.8285445840928373}