{"MV1":0.9026872013198061,"MV3":0.7296405946055675,"CH1":0.0553482869978521}