{"MV1":0.29374347066976514,"MV3":0.9034871838286415,"CH1":0.24401796039823354}