{"MV1":0.1604061485634739,"MV3":0.5639525057260714,"CH1":0.821594517561428}