{"MV1":0.9046962503361198,"MV3":0.5178229147072722,"CH1":0.24845804757887924}