{"MV1":0.40007637993074796,"MV3":0.2505120222659355,"CH1":0.2706431848274319}