{"MV1":0.9867086639499272,"MV3":0.9737051383885429,"CH1":0.5312666547105452}