{"MV1":0.03238630706330847,"MV3":0.18066853007252826,"CH1":0.624226163720482}