{"MV1":0.2133960520240199,"MV3":0.7526581643959417,"CH1":0.9088352695173145}