{"MV1":0.9449457661797482,"MV3":0.26801882510672603,"CH1":0.2956048868647544}