{"MV1":0.30434918348146456,"MV3":0.24320112626243162,"CH1":0.9835264003636999}