{"MV1":0.47915067835406044,"MV3":0.6415038860774838,"CH1":0.5213843938596954}