{"MV1":0.5400752408485446,"MV3":0.8306903898391862,"CH1":0.381487134806038}