{"MV1":0.3032558227938533,"MV3":0.06398395373282828,"CH1":0.12255764403726987}