{"MV1":0.22770108158285407,"MV3":0.8329001935256226,"CH1":0.9678314004503152}