{"MV1":0.8847333744685173,"MV3":0.08238059791488805,"CH1":0.430487991376023}