{"MV1":0.48718832785234245,"MV3":0.9935936428069273,"CH1":0.34624208819716784}