{"MV1":0.660322516337633,"MV3":0.34131074283807683,"CH1":0.42198704959845046}