{"MV1":0.1774740159072523,"MV3":0.6418667259821317,"CH1":0.7855291699839207}