{"MV1":0.2128568508496933,"MV3":0.7395255502687565,"CH1":0.47719618830874366}