{"MV1":0.7775811921597732,"MV3":0.4052241829181896,"CH1":0.9899643582595528}