{"MV1":0.7778666665321974,"MV3":0.10797807115813751,"CH1":0.26714310125194785}