{"MV1":0.3130059264289228,"MV3":0.5030863595440171,"CH1":0.5091730118997604}