{"MV1":0.7241106509229679,"MV3":0.47456778030424873,"CH1":0.625674678132187}