{"MV1":0.8661689755740378,"MV3":0.473318265986196,"CH1":0.19669032107584394}