{"MV1":0.17599760724408398,"MV3":0.2523996910114442,"CH1":0.8892275586223186}