{"MV1":0.04880434341382911,"MV3":0.7909664321327534,"CH1":0.4493487895290089}