{"MV1":0.38961835803424405,"MV3":0.6914800461583732,"CH1":0.8394893924015785}