{"MV1":0.4724216693898552,"MV3":0.06188029037330289,"CH1":0.4392890160915306}