{"MV1":0.5936721527471599,"MV3":0.5644782501442143,"CH1":0.2209483462538604}