{"MV1":0.464788629536636,"MV3":0.5668318213204696,"CH1":0.6584544274281973}