{"MV1":0.09032488209984879,"MV3":0.2111120067344625,"CH1":0.83211355691314}