{"MV1":0.1091991637585995,"MV3":0.39582418319507284,"CH1":0.5288138146792527}