{"MV1":0.9714017906002442,"MV3":0.3042890511107833,"CH1":0.956998061699187}