{"MV1":0.22050982146093046,"MV3":0.9654786550799016,"CH1":0.3170180192055557}