{"MV1":0.433454917289116,"MV3":0.8045419434334266,"CH1":0.9771110996285821}