{"MV1":0.07005453442479836,"MV3":0.04626509892969355,"CH1":0.9695898431554348}