{"MV1":0.8080349419354923,"MV3":0.2181407126997008,"CH1":0.22180470073073055}