{"MV1":0.5883574667468022,"MV3":0.0827602990539198,"CH1":0.7338296472075122}