{"MV1":0.0916210696327665,"MV3":0.05213359472163548,"CH1":0.8158808678407402}