{"MV1":0.5635045517111075,"MV3":0.10982004381436505,"CH1":0.12096885434328064}