{"MV1":0.8744165473449569,"MV3":0.4536443314924793,"CH1":0.34924898266245763}