{"MV1":0.5588915660629977,"MV3":0.6647538928602641,"CH1":0.032518675721503354}