{"MV1":0.09675032894583802,"MV3":0.7595639047178776,"CH1":0.35711419728440263}