{"MV1":0.5692272832128514,"MV3":0.10057593772559648,"CH1":0.40123452960432204}