{"MV1":0.36853805295897835,"MV3":0.26930149543691884,"CH1":0.9025008992496779}