{"MV1":0.5426762996613949,"MV3":0.44343799298477593,"CH1":0.060821432481491855}