{"MV1":0.48870574266728706,"MV3":0.9729641328062858,"CH1":0.2414783548415872}