{"MV1":0.029985055564779373,"MV3":0.5496944450130551,"CH1":0.9225364844293459}