{"MV1":0.8626515213840167,"MV3":0.37267463936967116,"CH1":0.22464632897878722}