{"MV1":0.7500219845099233,"MV3":0.5726885251039492,"CH1":0.24579558698542914}