{"MV1":0.018000829127470697,"MV3":0.3534275357628278,"CH1":0.30622608095366277}