{"MV1":0.11743759204001025,"MV3":0.25760110737544273,"CH1":0.5136665057545596}