{"MV1":0.43767554643157913,"MV3":0.403655291703934,"CH1":0.39331892561258974}