{"MV1":0.7408288192779968,"MV3":0.7018262615870232,"CH1":0.6587757805276673}