{"MV1":0.24210361885513687,"MV3":0.730465258802594,"CH1":0.5286424592216276}