{"MV1":0.905296377277886,"MV3":0.12391871253548814,"CH1":0.7779601086497421}