{"MV1":0.028255094309608042,"MV3":0.07274064842678218,"CH1":0.9042507619236791}