{"MV1":0.5714481470226974,"MV3":0.024875764510298826,"CH1":0.2967750196925255}