{"MV1":0.6437870956650795,"MV3":0.9345655143551369,"CH1":0.37216706408192135}