{"MV1":0.9779097955060467,"MV3":0.11240828428025085,"CH1":0.02792458201634629}