{"MV1":0.4170432723857874,"MV3":0.6634324815366865,"CH1":0.1440047151553877}