{"MV1":0.6639761162762504,"MV3":0.9010456344867092,"CH1":0.044799249944761255}