{"MV1":0.3816313628621878,"MV3":0.23979199871474743,"CH1":0.853580176606899}