{"MV1":0.2384048776539306,"MV3":0.5787089986131196,"CH1":0.735506493081069}