{"MV1":0.9605643113448913,"MV3":0.5919607282438973,"CH1":0.3777808243982036}