{"MV1":0.11213046419669848,"MV3":0.3008287109729567,"CH1":0.4861836353632121}