{"MV1":0.9685271538135763,"MV3":0.8357132900645681,"CH1":0.9738013758411046}