{"MV1":0.023577214254909773,"MV3":0.7853237618127465,"CH1":0.012828316856421829}