{"MV1":0.05810084028149709,"MV3":0.2162279479249427,"CH1":0.8671486033607465}