{"MV1":0.2553977091321349,"MV3":0.7864867553124782,"CH1":0.4637097227188681}