{"MV1":0.794099181091132,"MV3":0.42535713507699713,"CH1":0.8761536498385719}