{"MV1":0.7044223850685747,"MV3":0.052465738468436496,"CH1":0.9706520636047045}