{"MV1":0.45913557207008704,"MV3":0.529957733034445,"CH1":0.060958527048439626}