{"MV1":0.49716517307135677,"MV3":0.51023244411538,"CH1":0.20327031145633}