{"MV1":0.6509220607051616,"MV3":0.175335108026203,"CH1":0.4715460477086647}