{"MV1":0.5276130076393534,"MV3":0.196627270975266,"CH1":0.2784836968709703}