{"MV1":0.1971436988790103,"MV3":0.7395802143609652,"CH1":0.4490183411514569}