{"MV1":0.023830952391297067,"MV3":0.649430390031618,"CH1":0.0911759738139899}