{"MV1":0.6737980541200478,"MV3":0.8253235321043988,"CH1":0.3003149658506704}