{"MV1":0.9579692206443646,"MV3":0.5566300180595405,"CH1":0.3030471205829772}