{"MV1":0.9692198826708369,"MV3":0.35208041390213896,"CH1":0.7085310985700982}