{"MV1":0.33405412867515194,"MV3":0.9039615954459447,"CH1":0.1782665316484029}