{"MV1":0.5071898945930826,"MV3":0.6351439593336982,"CH1":0.4472095027735926}