{"MV1":0.4034782391835986,"MV3":0.1745434818316346,"CH1":0.33586182565028133}