{"MV1":0.5503471811233762,"MV3":0.5166486782071326,"CH1":0.5037986620857683}