{"MV1":0.9530802260063943,"MV3":0.6987193609131525,"CH1":0.026971473374401977}