{"MV1":0.5638646032509297,"MV3":0.22187767895766097,"CH1":0.5469794150309871}