{"MV1":0.4944344423858609,"MV3":0.03240943464108503,"CH1":0.9856810006502471}