{"MV1":0.6473643409308513,"MV3":0.04053838474235982,"CH1":0.6890115038094908}