{"MV1":0.246082156438167,"MV3":0.22548104565656157,"CH1":0.6818169184410383}