{"MV1":0.7920106606841755,"MV3":0.8883930724752619,"CH1":0.04809327782812467}