{"MV1":0.7092696371818065,"MV3":0.12989250814221087,"CH1":0.7805332636449404}