{"MV1":0.36052153345380367,"MV3":0.9783023559821042,"CH1":0.277389177826478}