{"MV1":0.6293409993224709,"MV3":0.9688812294977313,"CH1":0.7094606130734104}