{"MV1":0.49853472508510943,"MV3":0.16568994677177362,"CH1":0.08733493049528751}