{"MV1":0.6142417446224537,"MV3":0.08537595942668141,"CH1":0.6003919763603967}