{"MV1":0.72189982594532,"MV3":0.9867987126111667,"CH1":0.45932232332642586}