{"MV1":0.547401514231828,"MV3":0.9294802141641582,"CH1":0.3964826437669461}