{"MV1":0.2658973573621609,"MV3":0.9499334800537428,"CH1":0.5909191267396507}