{"MV1":0.629051261047854,"MV3":0.46883945097776514,"CH1":0.7929576255107248}