{"MV1":0.46001328867511015,"MV3":0.8544674188744297,"CH1":0.11166947388196813}