{"MV1":0.11357872508370781,"MV3":0.8392569101127977,"CH1":0.33699110922506215}