{"MV1":0.46561359753323495,"MV3":0.14053000910539515,"CH1":0.8897285208724132}