{"MV1":0.5655109787009784,"MV3":0.6176330501129511,"CH1":0.774185494115044}