{"MV1":0.26784643543978814,"MV3":0.16028621736033688,"CH1":0.6246724942878072}