{"MV1":0.4959905159337904,"MV3":0.33666994073783896,"CH1":0.37493026778284877}