{"MV1":0.9332030188894072,"MV3":0.8261545736321543,"CH1":0.7316181531563014}