{"MV1":0.618292347875242,"MV3":0.9403730542923718,"CH1":0.5961871378903564}