{"MV1":0.19112420674145925,"MV3":0.9406264140176914,"CH1":0.6602521649642838}