{"MV1":0.16353048912773227,"MV3":0.4042998481415905,"CH1":0.3442821258083645}