{"MV1":0.42114632287780196,"MV3":0.7120407527093294,"CH1":0.5569543631522671}