{"MV1":0.9113765530084408,"MV3":0.529275948244517,"CH1":0.48743510183135075}