{"MV1":0.8466096857833405,"MV3":0.4327756499964155,"CH1":0.6773380922030724}