{"MV1":0.8414728081111986,"MV3":0.38038294794115,"CH1":0.8578475548695842}