{"MV1":0.07341854521462488,"MV3":0.15601104907467533,"CH1":0.812707815039983}