{"MV1":0.677120584814562,"MV3":0.4345220720180951,"CH1":0.33226995370009205}