{"MV1":0.048319926497946364,"MV3":0.23376078242975062,"CH1":0.8397618944062164}