{"MV1":0.37439169822616136,"MV3":0.024799684107540076,"CH1":0.2070983744711734}