{"MV1":0.507923246901456,"MV3":0.027521141063661103,"CH1":0.31200245613244404}