{"MV1":0.30630737320658097,"MV3":0.9741050353531031,"CH1":0.9330335326251126}