{"MV1":0.10377258509699894,"MV3":0.4180749407657177,"CH1":0.7404191258057325}