{"MV1":0.2808112931554789,"MV3":0.5981115799183474,"CH1":0.5485414069779733}