{"MV1":0.6624093733099119,"MV3":0.17777244490408273,"CH1":0.777578235838876}