{"MV1":0.4216665035416356,"MV3":0.4120616457925965,"CH1":0.9106360047736161}