{"MV1":0.5873759715413079,"MV3":0.8735977885391734,"CH1":0.35687019170639345}