{"MV1":0.7509271395276959,"MV3":0.5433653528006046,"CH1":0.20463907962164118}