{"MV1":0.5410895424605604,"MV3":0.2939020862015118,"CH1":0.055223817303358014}