{"MV1":0.8171927794412497,"MV3":0.7356214506129318,"CH1":0.18571904307728626}