{"MV1":0.6844050495982092,"MV3":0.14408845721828611,"CH1":0.922741156682959}