{"MV1":0.4525740332622825,"MV3":0.4830328035939656,"CH1":0.10956808746752345}