{"MV1":0.895762045313433,"MV3":0.6029754285722071,"CH1":0.3399712100357093}