{"MV1":0.4697494016714867,"MV3":0.1348444808861735,"CH1":0.7964372650744658}