{"MV1":0.237020870627225,"MV3":0.24226445448464795,"CH1":0.2333865253869587}