{"MV1":0.33864009793069616,"MV3":0.6050877947175102,"CH1":0.17782985601772505}