{"MV1":0.5847877010815336,"MV3":0.2255219076642231,"CH1":0.07885697460468444}