{"MV1":0.30463911268373745,"MV3":0.6606567846412463,"CH1":0.7431096734604178}