{"MV1":0.813132590741308,"MV3":0.21976468831310692,"CH1":0.5717364276984477}