{"MV1":0.5918544821745698,"MV3":0.6528229749829075,"CH1":0.361801489171108}