{"MV1":0.7968541973016277,"MV3":0.34081137064523215,"CH1":0.01470504842903586}