{"MV1":0.11987941481153674,"MV3":0.033901446258915446,"CH1":0.3982523317282759}