{"MV1":0.6602829395073301,"MV3":0.21321700785674935,"CH1":0.9065219301637913}