{"MV1":0.8274434469092464,"MV3":0.7634073356235405,"CH1":0.07798002259782666}