{"MV1":0.5290810467537767,"MV3":0.14150284841669758,"CH1":0.1132692077291314}