{"MV1":0.21901742385432865,"MV3":0.5250875879128563,"CH1":0.32207165831061846}