{"MV1":0.4547759564293933,"MV3":0.6496850323222576,"CH1":0.11645336017527108}