{"MV1":0.2705862956819215,"MV3":0.9502034032052892,"CH1":0.3810408653085141}