{"MV1":0.48985133893280064,"MV3":0.44258070026231944,"CH1":0.8533483973919922}