{"MV1":0.7683306551078107,"MV3":0.21942683919969164,"CH1":0.3269251620825515}