{"MV1":0.5122862607224753,"MV3":0.4668762744628707,"CH1":0.9234810524119967}