{"MV1":0.910978930603539,"MV3":0.7094587054802598,"CH1":0.6315232575935856}