{"MV1":0.7727520747393664,"MV3":0.412987172487542,"CH1":0.22178087322366957}