{"MV1":0.27357830196540167,"MV3":0.4291933216342544,"CH1":0.2371718914967832}