{"MV1":0.613570497037687,"MV3":0.39846153518654737,"CH1":0.3383265142782258}