{"MV1":0.3681244970029667,"MV3":0.21192868352061134,"CH1":0.23756519227051487}