{"MV1":0.8372664626832259,"MV3":0.7853750999922482,"CH1":0.04261102724765842}