{"MV1":0.5705162071103124,"MV3":0.9265336860947134,"CH1":0.2691574715949505}