{"MV1":0.707724768087089,"MV3":0.9663495153064156,"CH1":0.6976114673064607}