{"MV1":0.8455546044913361,"MV3":0.431604050316856,"CH1":0.3990022362873742}