{"MV1":0.29100758744321764,"MV3":0.49992363031449505,"CH1":0.3121720742664488}