{"MV1":0.3312491268973151,"MV3":0.08505449880100058,"CH1":0.9406491695975264}