{"MV1":0.01983333680746424,"MV3":0.091926075290376,"CH1":0.49342416625175156}