{"MV1":0.6473285218495985,"MV3":0.1674023120683794,"CH1":0.5440173413824809}