{"MV1":0.43942207525055044,"MV3":0.089183222058283,"CH1":0.138393349660478}