{"MV1":0.9629563418485009,"MV3":0.20845407768852187,"CH1":0.8856193699325203}