{"MV1":0.6614484980668904,"MV3":0.489940857367952,"CH1":0.5520042100574836}