{"MV1":0.08369009222237167,"MV3":0.22780923743855286,"CH1":0.48535325979437194}