{"MV1":0.5077238860338334,"MV3":0.7038220772677166,"CH1":0.1784551126195616}