{"MV1":0.8110030037501165,"MV3":0.9537112592192535,"CH1":0.42437065442005895}