{"MV1":0.8541772020779355,"MV3":0.4149534571620034,"CH1":0.8818498902321849}