{"MV1":0.20713896385135167,"MV3":0.28902984614122007,"CH1":0.5754051391009624}