{"MV1":0.9612038138762142,"MV3":0.06988282115224476,"CH1":0.7343442920185128}