{"MV1":0.837589435088911,"MV3":0.5126558143334532,"CH1":0.4499950799152148}