{"MV1":0.7509562138816627,"MV3":0.38368276897485454,"CH1":0.6385019751283838}