{"MV1":0.12254772127107794,"MV3":0.5634378454960246,"CH1":0.10287428911566188}