{"MV1":0.6344090449707578,"MV3":0.48400100726200135,"CH1":0.5215671258732072}