{"MV1":0.9462821574064262,"MV3":0.49456831939288526,"CH1":0.917988502053417}