{"MV1":0.03570324758055454,"MV3":0.8097057255203781,"CH1":0.523162105977267}