{"MV1":0.5531561154302882,"MV3":0.9386459805509646,"CH1":0.012834107597692879}