{"MV1":0.25654152820194354,"MV3":0.23530690520210018,"CH1":0.9417637041044923}