{"MV1":0.15660430486611032,"MV3":0.7037422335843806,"CH1":0.11965113871634214}