{"MV1":0.6147483198411348,"MV3":0.905774181269356,"CH1":0.7261135642763861}