{"MV1":0.4596540484238033,"MV3":0.3685506185627818,"CH1":0.08655539781503274}