{"MV1":0.17932450466954353,"MV3":0.6103198185490567,"CH1":0.5576000942730648}