{"MV1":0.1029175810042473,"MV3":0.7655085062487424,"CH1":0.6027078289775657}