{"MV1":0.9010039603812773,"MV3":0.8242764670745745,"CH1":0.24931731859711448}