{"MV1":0.16455234119443285,"MV3":0.39665196734902,"CH1":0.672485154262377}