{"MV1":0.7399515310987882,"MV3":0.661627009799784,"CH1":0.468319138894699}