{"MV1":0.01323219978535628,"MV3":0.42581681364450896,"CH1":0.43159890071017737}