{"MV1":0.31759486916039203,"MV3":0.1395714550273397,"CH1":0.8466299000829665}