{"MV1":0.8432726731819574,"MV3":0.9121186167167663,"CH1":0.2311455374398842}