{"MV1":0.45443319200645904,"MV3":0.17927013060102504,"CH1":0.878703327971711}