{"MV1":0.9639958200722558,"MV3":0.5289900579948438,"CH1":0.880845571138306}