{"MV1":0.35493820435604484,"MV3":0.9547959709936472,"CH1":0.40565475954950736}