{"MV1":0.3049312499883786,"MV3":0.15792378981028632,"CH1":0.08032349880893763}