{"MV1":0.5103116697924606,"MV3":0.45224338920667784,"CH1":0.638708124519308}