{"MV1":0.6769119650351528,"MV3":0.6890684355355675,"CH1":0.4017130051525519}