{"MV1":0.19060583585558932,"MV3":0.11722437604761005,"CH1":0.6572964349150823}