{"MV1":0.07656316076010372,"MV3":0.001904899252015313,"CH1":0.059465713261205755}