{"MV1":0.06974574770989728,"MV3":0.04384095332275051,"CH1":0.238734001085387}