{"MV1":0.6839445957260705,"MV3":0.15869447344324938,"CH1":0.6447113148459065}