{"MV1":0.23166043469910413,"MV3":0.5259667716408685,"CH1":0.03219706745142603}