{"MV1":0.4677597105865644,"MV3":0.35723875259657456,"CH1":0.33177438504914947}