{"MV1":0.6314741962062169,"MV3":0.5803185645331862,"CH1":0.1906698397081511}