{"MV1":0.15238129372746845,"MV3":0.22655905792330022,"CH1":0.547807694298611}