{"MV1":0.024261145320819022,"MV3":0.18801413935051048,"CH1":0.4458923711298177}