{"MV1":0.49686540391462564,"MV3":0.8472133595171146,"CH1":0.2505717435090786}