{"MV1":0.5271237886485517,"MV3":0.2441023216709457,"CH1":0.39680572352918153}