{"MV1":0.875770227876459,"MV3":0.4554770400516971,"CH1":0.5946625014749712}