{"MV1":0.5266795884918685,"MV3":0.25711465341107365,"CH1":0.9549830101122467}