{"MV1":0.9604983781921147,"MV3":0.9227627821678902,"CH1":0.48515298021507336}