{"MV1":0.3752945839044364,"MV3":0.6717651467439875,"CH1":0.44981015306987493}