{"MV1":0.4008451962626657,"MV3":0.1365757527052085,"CH1":0.6739249733956324}