{"MV1":0.2995513522470352,"MV3":0.4667318068264916,"CH1":0.29273050815610724}