{"MV1":0.19961804620213652,"MV3":0.42065241408959,"CH1":0.7061283025994024}