{"MV1":0.2201563660268231,"MV3":0.16708199650604727,"CH1":0.7819089493380964}