{"MV1":0.2870669269609879,"MV3":0.15569710327962105,"CH1":0.12916614477274468}