{"MV1":0.10237939680673913,"MV3":0.5743469266184046,"CH1":0.4776937258894527}