{"MV1":0.8872160506028923,"MV3":0.7003822318540633,"CH1":0.04211376395305233}