{"MV1":0.805150191124292,"MV3":0.5873463924963479,"CH1":0.822088216797008}