{"MV1":0.9996108688398572,"MV3":0.9855679326114445,"CH1":0.6590363124577063}