{"MV1":0.9440307914742501,"MV3":0.8763156324520815,"CH1":0.6054398803024931}