{"MV1":0.9461670496434428,"MV3":0.4763928998915947,"CH1":0.8288289083964686}