{"MV1":0.5531922521729222,"MV3":0.11837677457029494,"CH1":0.4205933575605296}