{"MV1":0.4725152814667666,"MV3":0.014897341289024313,"CH1":0.48157838540479336}