{"MV1":0.8641534924835582,"MV3":0.24642766059469245,"CH1":0.4393999250006937}