{"MV1":0.9251413321812334,"MV3":0.822279885018836,"CH1":0.9039287677411998}