{"MV1":0.21279062352851474,"MV3":0.2809792644857687,"CH1":0.5990851549154687}