{"MV1":0.9974103260078612,"MV3":0.46253558359172664,"CH1":0.4304545770928696}