{"MV1":0.3138895179379373,"MV3":0.46837268527159304,"CH1":0.502765574089334}