{"MV1":0.17784512507005112,"MV3":0.03243695243947664,"CH1":0.5995303928765406}