{"MV1":0.3958630548156472,"MV3":0.6550084698260988,"CH1":0.8774537508109701}