{"MV1":0.18971380318038045,"MV3":0.9823890449742366,"CH1":0.9553401573694505}