{"MV1":0.1517691696360376,"MV3":0.20807941911059935,"CH1":0.8654272388871251}