{"MV1":0.7325178323245617,"MV3":0.6198577133088079,"CH1":0.5967283767421911}