{"MV1":0.5811595455519415,"MV3":0.6745804336550544,"CH1":0.1610398440338513}