{"MV1":0.7352271676545186,"MV3":0.6042383371124734,"CH1":0.18787751584174606}