{"MV1":0.9449734739474255,"MV3":0.14629813750211929,"CH1":0.4662217428177462}