{"MV1":0.22940680606041708,"MV3":0.04079669271143893,"CH1":0.4458723050538357}