{"MV1":0.4786748009818914,"MV3":0.4333184753705073,"CH1":0.5307536919479175}