{"MV1":0.6654563979926769,"MV3":0.7526822216182595,"CH1":0.4777605398190501}