{"MV1":0.2922371866750886,"MV3":0.2953361993242064,"CH1":0.4903680413803607}