{"MV1":0.10713015354485234,"MV3":0.006910745712575772,"CH1":0.4994059037291694}