{"MV1":0.6011212265881852,"MV3":0.9786613551942381,"CH1":0.25294121086247623}