{"MV1":0.89407230033065,"MV3":0.9719238686970293,"CH1":0.9473400861719293}