{"MV1":0.5717615790579685,"MV3":0.18637650744714862,"CH1":0.31535678144734713}