{"MV1":0.21592303259873213,"MV3":0.7443508493710691,"CH1":0.7911006358899587}