{"MV1":0.5477530924294662,"MV3":0.7307614595495799,"CH1":0.5362323362375025}