{"MV1":0.23365595811278117,"MV3":0.8053448521164976,"CH1":0.3462161879398977}