{"MV1":0.7142256468334353,"MV3":0.12731216110332821,"CH1":0.8253899747592068}