{"MV1":0.6679284937028889,"MV3":0.18365451201717875,"CH1":0.957092147812459}