{"MV1":0.5064439195305724,"MV3":0.8239234992258526,"CH1":0.471271313073389}