{"MV1":0.4939259628388013,"MV3":0.14553445062443116,"CH1":0.13580902899931424}