{"MV1":0.1164440525421424,"MV3":0.681475216434581,"CH1":0.2899166139127419}