{"MV1":0.5836143866424625,"MV3":0.953872513933732,"CH1":0.36672069687767006}