{"MV1":0.11591353995471076,"MV3":0.0929597267044544,"CH1":0.004290735842825244}