{"MV1":0.1837146010637759,"MV3":0.38274533973089764,"CH1":0.13563588216729372}