{"MV1":0.8870808163653909,"MV3":0.11183963567408217,"CH1":0.02633762401602535}