{"MV1":0.3184155414274459,"MV3":0.4225298343893793,"CH1":0.4777985210180866}