{"MV1":0.7869876361251854,"MV3":0.9696854556890256,"CH1":0.2931537272120296}