{"MV1":0.6730448889549375,"MV3":0.9553824368201908,"CH1":0.13213715840834672}