{"MV1":0.8792870814608125,"MV3":0.5927849939224231,"CH1":0.7391608789237615}