{"MV1":0.459704581555445,"MV3":0.18335901306768077,"CH1":0.14928820086388406}