{"MV1":0.3465027557924395,"MV3":0.6802230647032315,"CH1":0.7824702250063709}