{"MV1":0.9713095747424468,"MV3":0.7573513740578869,"CH1":0.5127059734247004}