{"MV1":0.045785173637897136,"MV3":0.04385010447373938,"CH1":0.3887274116350339}