{"MV1":0.7147745771853069,"MV3":0.49336790470372616,"CH1":0.9473017781409687}