{"MV1":0.9508881770970703,"MV3":0.3329525486558439,"CH1":0.42524908469789735}