{"MV1":0.19040094235364968,"MV3":0.30994713818226305,"CH1":0.6858774678665659}