{"MV1":0.3913939609483773,"MV3":0.8438655870602407,"CH1":0.6294943719831336}