{"MV1":0.5652190863023896,"MV3":0.7108019570574,"CH1":0.8177001202022914}