{"MV1":0.7554641308388509,"MV3":0.5712831698449604,"CH1":0.20334841618361876}