{"MV1":0.6464220499921187,"MV3":0.362631423486398,"CH1":0.5647139978081815}