{"MV1":0.0688218638448882,"MV3":0.2378006776982976,"CH1":0.5028827150298573}