{"MV1":0.879363843270214,"MV3":0.9121587592559801,"CH1":0.37640122784708663}