{"MV1":0.7006308081976215,"MV3":0.6455383327699752,"CH1":0.9446053169099173}