{"MV1":0.10257687651493919,"MV3":0.6131085008684208,"CH1":0.6979772545180143}