{"MV1":0.8945498017511488,"MV3":0.4245683178480184,"CH1":0.01966401091265746}