{"MV1":0.6481267139128888,"MV3":0.44920249871000073,"CH1":0.5201108112267728}