{"MV1":0.9216647529854184,"MV3":0.14667418246362562,"CH1":0.19692866803009523}