{"MV1":0.5579463025232511,"MV3":0.5990312536764081,"CH1":0.2493786060066404}