{"MV1":0.7719584813330481,"MV3":0.3361120548161426,"CH1":0.3573708909727864}