{"MV1":0.30310833184913155,"MV3":0.9596331312866561,"CH1":0.053954838435344876}