{"MV1":0.39871224106084113,"MV3":0.8106335381542302,"CH1":0.8769824618123773}