{"MV1":0.8866667760948662,"MV3":0.9474039328127817,"CH1":0.36317792559344353}