{"MV1":0.813711925921539,"MV3":0.3204005534517729,"CH1":0.08267246171279308}