{"MV1":0.8604767401156543,"MV3":0.210297129319448,"CH1":0.4372365156329402}