{"MV1":0.4795465518863866,"MV3":0.18164764227783714,"CH1":0.7531390455942676}