{"MV1":0.38378145292667354,"MV3":0.9648818728821971,"CH1":0.261313108448064}