{"MV1":0.7541300791220794,"MV3":0.2188172335318861,"CH1":0.3952735880773218}