{"MV1":0.47170777829563304,"MV3":0.22723167396416755,"CH1":0.5454972678680866}