{"MV1":0.9548162278838259,"MV3":0.6311885311244566,"CH1":0.15435879101822103}