{"MV1":0.5402828305794954,"MV3":0.5481004062299493,"CH1":0.394833246943357}