{"MV1":0.2102422613471563,"MV3":0.9269200418350628,"CH1":0.9805064890682913}