{"MV1":0.76248984497049,"MV3":0.48037741048836624,"CH1":0.8915365197844747}