{"MV1":0.37501096152619073,"MV3":0.5902505589138843,"CH1":0.44291052375828976}