{"MV1":0.7907311959908017,"MV3":0.6075305330146596,"CH1":0.10184874743276562}