{"MV1":0.11847045200904949,"MV3":0.7383351411232822,"CH1":0.29533737735535703}