{"MV1":0.770856757091872,"MV3":0.7344916035238694,"CH1":0.7464332257351552}