{"MV1":0.37665440542328443,"MV3":0.5562699264425194,"CH1":0.7531577953937669}