{"MV1":0.8902873780659089,"MV3":0.17631430360358724,"CH1":0.24181661143622135}