{"MV1":0.33803534702480265,"MV3":0.5879089360407573,"CH1":0.4248208030004008}