{"MV1":0.022796669885345344,"MV3":0.8593766761084575,"CH1":0.21375989762179515}