{"MV1":0.261977933014225,"MV3":0.7045592827270072,"CH1":0.5265454913042288}