{"MV1":0.869218395315549,"MV3":0.1488368321656076,"CH1":0.02948771226499458}