{"MV1":0.019414621280228528,"MV3":0.5432004140097262,"CH1":0.10541934081854021}