{"MV1":0.8252693646294228,"MV3":0.1992800505840605,"CH1":0.2642175168034414}