{"MV1":0.9402175978138693,"MV3":0.9270781321211028,"CH1":0.5557694397907424}