{"MV1":0.4686997191897806,"MV3":0.12089833425371721,"CH1":0.5658627330893068}