{"MV1":0.4035205981332737,"MV3":0.8878954677166704,"CH1":0.6942142796855899}