{"MV1":0.35474180255251375,"MV3":0.22129542571939176,"CH1":0.9302457971408342}