{"MV1":0.28747092089215676,"MV3":0.8084070610758474,"CH1":0.6370836578833666}