{"MV1":0.3121598433569711,"MV3":0.9005429382076441,"CH1":0.2458192065014273}