{"MV1":0.6110075154851216,"MV3":0.7174011054043573,"CH1":0.6300774030521754}