{"MV1":0.73450355257055,"MV3":0.09789462166362195,"CH1":0.2504335020171917}