{"MV1":0.7677179602362337,"MV3":0.024320674410542087,"CH1":0.844480454921498}