{"MV1":0.4607662894503256,"MV3":0.7722732658251013,"CH1":0.24625047915076792}