{"MV1":0.3501339917733224,"MV3":0.4059890434216039,"CH1":0.9371504423470274}