{"MV1":0.9993324239397536,"MV3":0.8735767026453611,"CH1":0.383111768158258}