{"MV1":0.6783032237569725,"MV3":0.5673382805622346,"CH1":0.06865073287917955}