{"MV1":0.7829316782653619,"MV3":0.50671752832692,"CH1":0.09261871629121388}