{"MV1":0.8611580984855128,"MV3":0.9672290370601967,"CH1":0.965730255584039}