{"MV1":0.651240510467258,"MV3":0.859976906217658,"CH1":0.6327693522953969}