{"MV1":0.8492358602281456,"MV3":0.1774142128904369,"CH1":0.06239084023165131}