{"MV1":0.6207702372565049,"MV3":0.40513417127327467,"CH1":0.598542991130195}