{"MV1":0.2557396997714232,"MV3":0.4248759517621916,"CH1":0.5452239699140417}