{"MV1":0.3562695781185732,"MV3":0.5896505596079721,"CH1":0.2892186053680087}