{"MV1":0.3264643871392191,"MV3":0.7704737699039702,"CH1":0.9153613047093507}