{"MV1":0.19756397497021916,"MV3":0.9691923846539588,"CH1":0.3628545975618923}