{"MV1":0.17927628824357722,"MV3":0.6279177828186625,"CH1":0.39685398194416777}