{"MV1":0.8452576710154486,"MV3":0.090532798685239,"CH1":0.46253060682113845}