{"MV1":0.8648270694139398,"MV3":0.3152898804202674,"CH1":0.10086062286829556}