{"MV1":0.94194947038757,"MV3":0.3447046154913863,"CH1":0.10207572560838185}