{"MV1":0.8964704190207066,"MV3":0.8630000477965142,"CH1":0.831880948809917}