{"MV1":0.23007295388790738,"MV3":0.004720488224120523,"CH1":0.8460280768301334}