{"MV1":0.9194285146471358,"MV3":0.6573095208713913,"CH1":0.6217152408529402}