{"MV1":0.9273598801310671,"MV3":0.08818413715407292,"CH1":0.5908033233041563}