{"MV1":0.5259484626822317,"MV3":0.9183605999248925,"CH1":0.47790698801114095}