{"MV1":0.22519462999511253,"MV3":0.9950625036283263,"CH1":0.9624216998543061}