{"MV1":0.6576279455368937,"MV3":0.700197080616106,"CH1":0.10593706108572287}