{"MV1":0.22788492524629134,"MV3":0.9259499579145246,"CH1":0.6008763849362649}