{"MV1":0.3455698525474552,"MV3":0.9641152532090073,"CH1":0.49283050881173773}