{"MV1":0.6172636092613273,"MV3":0.96841516080515,"CH1":0.6283824194985687}