{"MV1":0.6022893205101437,"MV3":0.6545905401540887,"CH1":0.6724162837934845}