{"MV1":0.5668831137361966,"MV3":0.9693273894548479,"CH1":0.501889189426359}