{"MV1":0.8600091254134556,"MV3":0.5550686256705176,"CH1":0.4590639977970393}