{"MV1":0.6424829770196548,"MV3":0.5695348314395088,"CH1":0.4001898573206053}