{"MV1":0.35778570881644556,"MV3":0.03988868777011434,"CH1":0.7144392162764359}