{"MV1":0.21399209579907752,"MV3":0.40506801955207894,"CH1":0.25215811543350175}