{"MV1":0.6667120108013284,"MV3":0.8890165624780302,"CH1":0.24989836281989108}