{"MV1":0.6248656405738073,"MV3":0.1987248284990255,"CH1":0.04849708866632141}