{"MV1":0.16478174487405484,"MV3":0.21089250722776998,"CH1":0.7033916563576937}