{"MV1":0.9265569674925199,"MV3":0.3868417277731626,"CH1":0.09647901747166099}