{"MV1":0.42657325176660155,"MV3":0.38365456735464,"CH1":0.6799521033267633}