{"MV1":0.9047892399194691,"MV3":0.31819524505682373,"CH1":0.19431522299014936}