{"MV1":0.7228373564592406,"MV3":0.57567902466032,"CH1":0.5196926726695841}