{"MV1":0.4318167692746463,"MV3":0.242155148819853,"CH1":0.20169759826301803}