{"MV1":0.23496442516388205,"MV3":0.8942551856001044,"CH1":0.7962626736197}