{"MV1":0.8768089170621765,"MV3":0.9698447516181548,"CH1":0.03980942452827019}