{"MV1":0.5283708357925317,"MV3":0.4048698303209989,"CH1":0.0034397223324830195}