{"MV1":0.32393088237739043,"MV3":0.36548070087535245,"CH1":0.4428090608869647}