{"MV1":0.5124711976236662,"MV3":0.36830655263306267,"CH1":0.09482222054590705}