{"MV1":0.2918381634712415,"MV3":0.9192011147641251,"CH1":0.1355584388078983}