{"MV1":0.6709418060019159,"MV3":0.3720405138984949,"CH1":0.1552449539128241}