{"MV1":0.6936569618127622,"MV3":0.6981062754912895,"CH1":0.45548644237248725}