{"MV1":0.35982470338620676,"MV3":0.5274373176477866,"CH1":0.3758936417402621}