{"MV1":0.7779363135493621,"MV3":0.13814506899038692,"CH1":0.1955592920405863}