{"MV1":0.7254949286697853,"MV3":0.03702981520374293,"CH1":0.31102556069410014}