{"MV1":0.10812147257093752,"MV3":0.9140172330944576,"CH1":0.4604845418991933}