{"MV1":0.05745926674866397,"MV3":0.5284964791840423,"CH1":0.6630499151718413}