{"MV1":0.28145122112147336,"MV3":0.6065912145751919,"CH1":0.36633527001892485}