{"MV1":0.6865617995435869,"MV3":0.9072376734642061,"CH1":0.08482745908653644}