{"MV1":0.013991607545339346,"MV3":0.374559031698272,"CH1":0.3264410658349234}