{"MV1":0.269751185117166,"MV3":0.9024080850056903,"CH1":0.05021643013668031}