{"MV1":0.9500276525438329,"MV3":0.07744893752967763,"CH1":0.7615254529301639}