{"MV1":0.6689536823984512,"MV3":0.8438740085538943,"CH1":0.8552696415658742}