{"MV1":0.845812136270153,"MV3":0.275084381870752,"CH1":0.06468165675015902}