{"MV1":0.2171398683477589,"MV3":0.5713633635917809,"CH1":0.9624769949563269}