{"MV1":0.6960556525428756,"MV3":0.015031302955650805,"CH1":0.09148460392345925}