{"MV1":0.3486419767049942,"MV3":0.9358317327254462,"CH1":0.997417407361676}