{"MV1":0.9327686690930796,"MV3":0.49664048858870036,"CH1":0.6998346808684706}