{"MV1":0.6240326543214381,"MV3":0.49360915861718446,"CH1":0.5500189583674917}