{"MV1":0.8905638373625173,"MV3":0.2119238636702947,"CH1":0.3606886585306498}