{"MV1":0.5027063473240732,"MV3":0.45810020076198676,"CH1":0.7732604336886186}