{"MV1":0.9155776620852898,"MV3":0.77847221349392,"CH1":0.6348456434064985}