{"MV1":0.8540812395229542,"MV3":0.7362086481248059,"CH1":0.37126684998505854}