{"MV1":0.1313318101790506,"MV3":0.9093774628923652,"CH1":0.7290636998927773}