{"MV1":0.8351011339682657,"MV3":0.3125176183177677,"CH1":0.10102604818879812}