{"MV1":0.20653499886578797,"MV3":0.3441929197042257,"CH1":0.07715899999518361}