{"MV1":0.9684868492027144,"MV3":0.541476819530581,"CH1":0.5955698117310196}