{"MV1":0.517750270131031,"MV3":0.7027817828128213,"CH1":0.21447278291811944}