{"MV1":0.218944237615609,"MV3":0.29933139288522437,"CH1":0.14149293559964649}