{"MV1":0.7259776335517119,"MV3":0.7130056123570256,"CH1":0.35893208832950263}