{"MV1":0.5301409269869741,"MV3":0.2165036521652487,"CH1":0.1351346203797289}