{"MV1":0.6622173580693416,"MV3":0.2537229917860381,"CH1":0.2673694251522335}