{"MV1":0.7845244114472225,"MV3":0.6713537048372608,"CH1":0.3729813670291947}