{"MV1":0.1959651551124979,"MV3":0.41370719525225774,"CH1":0.8892976600316244}