{"MV1":0.30657500087313316,"MV3":0.4189738415558524,"CH1":0.3413141931595365}