{"MV1":0.9358117818945179,"MV3":0.24060746410541012,"CH1":0.5974924200188938}