{"MV1":0.16244132046923077,"MV3":0.6492879351701668,"CH1":0.13119984649147276}