{"MV1":0.9188646154735242,"MV3":0.8440985366828513,"CH1":0.33057338568490746}