{"MV1":0.4159620571782153,"MV3":0.2822361326231523,"CH1":0.14225766384708338}