{"MV1":0.3606810100008976,"MV3":0.6438236436049055,"CH1":0.47307327647217623}