{"MV1":0.4572919895914951,"MV3":0.9282713938003171,"CH1":0.04580740767338087}