{"MV1":0.5164640001332943,"MV3":0.8057493258672395,"CH1":0.1235772244282729}