{"MV1":0.1353206260350206,"MV3":0.3034461797928598,"CH1":0.8550381147561574}