{"MV1":0.7650409174069448,"MV3":0.654559572783629,"CH1":0.8798148838558753}