{"MV1":0.5544382399659504,"MV3":0.9497277559357288,"CH1":0.6264360816049779}