{"MV1":0.6934525299675196,"MV3":0.8953708931262028,"CH1":0.9340414513705136}