{"MV1":0.4844280757621301,"MV3":0.9872471807401786,"CH1":0.390247866776386}