{"MV1":0.47266246146775326,"MV3":0.9132882749588899,"CH1":0.16522621490166645}