{"MV1":0.5997614293109694,"MV3":0.1110227535137066,"CH1":0.7423682379397333}