{"MV1":0.8289327108791151,"MV3":0.2702814945519878,"CH1":0.07811531805916117}