{"MV1":0.26027518848314124,"MV3":0.34293125742646424,"CH1":0.6963091897872361}