{"MV1":0.8491082700938419,"MV3":0.1392310938119432,"CH1":0.26977604868417016}