{"MV1":0.5751239418753001,"MV3":0.18468911238127017,"CH1":0.1222256342542809}