{"MV1":0.5369982157385674,"MV3":0.5063683975934253,"CH1":0.1899231918231935}