{"MV1":0.09952839746006548,"MV3":0.7807411871025269,"CH1":0.024629939600412154}