{"MV1":0.03982790674293424,"MV3":0.4176223684802385,"CH1":0.07750189412489594}