{"MV1":0.9736282634542553,"MV3":0.49695869484938526,"CH1":0.1399809203450353}