{"MV1":0.5542750202897802,"MV3":0.7927660336299134,"CH1":0.13034283321614604}