{"MV1":0.30933837938288566,"MV3":0.7660826240850187,"CH1":0.09063022587240366}