{"MV1":0.027683341489807667,"MV3":0.22223143733005113,"CH1":0.3098784838379509}