{"MV1":0.6281494787251478,"MV3":0.6205158043738456,"CH1":0.9091027655391666}