{"MV1":0.4920274837641233,"MV3":0.8127280746943133,"CH1":0.9781993062343428}