{"MV1":0.43665728996008324,"MV3":0.6422588978027405,"CH1":0.5658642924054809}