{"MV1":0.32775588162650504,"MV3":0.054396627739530024,"CH1":0.8019031077348147}