{"MV1":0.3104104331486107,"MV3":0.5680605275078486,"CH1":0.606080357499669}