{"MV1":0.980661016296286,"MV3":0.29399047863223726,"CH1":0.6783803883181859}