{"MV1":0.7407679151005704,"MV3":0.6473232426429545,"CH1":0.47284341499547566}