{"MV1":0.19347915510424096,"MV3":0.5080744357185439,"CH1":0.29646384760788047}