{"MV1":0.3327170236666259,"MV3":0.5506899931999256,"CH1":0.18908191758727888}