{"MV1":0.5073064023108351,"MV3":0.4622948988151836,"CH1":0.6339528033749261}