{"MV1":0.6227317580125317,"MV3":0.7536762672619268,"CH1":0.5847326077920358}