{"MV1":0.867214256480872,"MV3":0.6270083127930084,"CH1":0.45326882037385885}