{"MV1":0.782338648910781,"MV3":0.3210873373295402,"CH1":0.6173780436661147}