{"MV1":0.8079820539330895,"MV3":0.8450654179843143,"CH1":0.26747228142680823}