{"MV1":0.7655964395859994,"MV3":0.9670859457855656,"CH1":0.17183044635439348}