{"MV1":0.35422654937753095,"MV3":0.6974445440419003,"CH1":0.7180515353603376}