{"MV1":0.0391647691596928,"MV3":0.6871328758990521,"CH1":0.11334304143485785}