{"MV1":0.456063324213132,"MV3":0.4853938541069931,"CH1":0.5673272698584664}