{"MV1":0.9882824457976118,"MV3":0.6165817288716253,"CH1":0.548109748675912}