{"MV1":0.588327392703852,"MV3":0.4376909074373657,"CH1":0.20354887489467977}