{"MV1":0.002994670899708174,"MV3":0.325040398858938,"CH1":0.6364491381826866}