{"MV1":0.6211785260466972,"MV3":0.1602347155467656,"CH1":0.40989616822279484}