{"MV1":0.318574603790183,"MV3":0.07358735397915173,"CH1":0.6557146225637291}