{"MV1":0.5701632833872476,"MV3":0.03760246862064198,"CH1":0.8803188284358724}