{"MV1":0.9574851823467873,"MV3":0.878807792141626,"CH1":0.5110785129817629}