{"MV1":0.8141652431157056,"MV3":0.26655474696768433,"CH1":0.8252072917092755}