{"MV1":0.5088447761253414,"MV3":0.700228129953599,"CH1":0.34994424152847636}