{"MV1":0.3367119743806849,"MV3":0.4613208386750397,"CH1":0.9324846174890681}