{"MV1":0.3073279095487922,"MV3":0.1535622209798858,"CH1":0.41871136481079074}