{"MV1":0.12782132648438427,"MV3":0.7872160563183234,"CH1":0.03799489189486216}