{"MV1":0.19318014411302664,"MV3":0.12052309951895046,"CH1":0.9657702246610922}