{"MV1":0.4302411645763824,"MV3":0.6970404355921072,"CH1":0.8521042926898476}