{"MV1":0.06576732232840654,"MV3":0.7113434463806521,"CH1":0.8074652914963675}