{"MV1":0.920606364828241,"MV3":0.39110403196533583,"CH1":0.9723665590831053}