{"MV1":0.5040222582104639,"MV3":0.8535709696397998,"CH1":0.6778306907564744}