{"MV1":0.6205375570785755,"MV3":0.6661440364728551,"CH1":0.4224414440590769}