{"MV1":0.5673227019391903,"MV3":0.7486819343845108,"CH1":0.31384911336227805}