{"MV1":0.9022828250365275,"MV3":0.0957146995221414,"CH1":0.9215356985645866}