{"MV1":0.32262336204031705,"MV3":0.5244920344093537,"CH1":0.656829040977327}