{"MV1":0.5182971331385177,"MV3":0.8882828910501337,"CH1":0.5642414382562245}