{"MV1":0.35759760375233773,"MV3":0.1529279724324134,"CH1":0.8192392529912754}