{"MV1":0.8065506320141477,"MV3":0.7068634544158049,"CH1":0.5402873375454259}