{"MV1":0.753530716772554,"MV3":0.269666412817522,"CH1":0.5451025355177406}