{"MV1":0.2665738253106925,"MV3":0.5393930444688593,"CH1":0.4759217152140245}