{"MV1":0.10759213723140171,"MV3":0.1647370819893701,"CH1":0.11069092580524575}