{"MV1":0.8253951906651131,"MV3":0.6673729922214242,"CH1":0.0405339614571959}