{"MV1":0.4568739055329666,"MV3":0.4949261359639259,"CH1":0.7257173371377607}