{"MV1":0.7585629258832439,"MV3":0.7765158894543136,"CH1":0.6485754717051845}