{"MV1":0.4148802084144402,"MV3":0.2805204463188006,"CH1":0.173769265351309}