{"MV1":0.41454035289917224,"MV3":0.2927482824966766,"CH1":0.06858616579236954}