{"MV1":0.011959861420339335,"MV3":0.9599710316940262,"CH1":0.09006147218156602}