{"MV1":0.7922199873562698,"MV3":0.7906504471127138,"CH1":0.9494118351673739}