{"MV1":0.47386898260195376,"MV3":0.4936795367259329,"CH1":0.6189842859248472}