{"MV1":0.1563891176277834,"MV3":0.07573662295901229,"CH1":0.32738399776566107}