{"MV1":0.7621242853408178,"MV3":0.7748560195149193,"CH1":0.8362821038682059}