{"MV1":0.38491872881311595,"MV3":0.17837388977122504,"CH1":0.34408681059387547}