{"MV1":0.4767583110262522,"MV3":0.7040951139985014,"CH1":0.074820462704426}