{"MV1":0.15931667629058033,"MV3":0.7471889943914899,"CH1":0.9227001634609235}