{"MV1":0.3984357068908494,"MV3":0.5688687220604107,"CH1":0.2914941650112822}