{"MV1":0.9231588849516034,"MV3":0.23153231442285405,"CH1":0.8938256936357412}