{"MV1":0.06907829221323825,"MV3":0.19862679878271505,"CH1":0.11040206398038854}