{"MV1":0.37614444148282455,"MV3":0.6734513418579967,"CH1":0.22402414960372008}