{"MV1":0.4173129570801174,"MV3":0.2926143616408535,"CH1":0.3054848440440314}