{"MV1":0.5197792808873429,"MV3":0.33133269293918965,"CH1":0.8520664081052297}