{"MV1":0.290462613265975,"MV3":0.9100762627399428,"CH1":0.8167178713503305}