{"MV1":0.3944335982141354,"MV3":0.04797633121196743,"CH1":0.005164321011923989}