{"MV1":0.8273238938395914,"MV3":0.5745310710448325,"CH1":0.3191401766920432}