{"MV1":0.7203909501043504,"MV3":0.7299163972516317,"CH1":0.5105940198280116}