{"MV1":0.382215928499567,"MV3":0.09891634231129409,"CH1":0.6571218117898103}