{"MV1":0.9648319621172324,"MV3":0.01571327320341498,"CH1":0.2046260186727339}