{"MV1":0.9401173326553219,"MV3":0.07959720849171226,"CH1":0.40523711652995653}