{"MV1":0.42727209571537006,"MV3":0.3811830090709911,"CH1":0.03145041805463822}