{"MV1":0.3149165862813269,"MV3":0.9256689393024383,"CH1":0.4390067739381961}