{"MV1":0.38166657411514116,"MV3":0.15955406951721862,"CH1":0.5806934192216392}