{"MV1":0.5354734541466898,"MV3":0.3794467221124378,"CH1":0.4774848670943862}