{"MV1":0.37197006307329183,"MV3":0.8756518992264821,"CH1":0.9808578501283743}