{"MV1":0.6348490600447364,"MV3":0.7283642602367423,"CH1":0.9503219776107354}