{"MV1":0.5719294493765044,"MV3":0.9106495230201154,"CH1":0.8437070281071727}