{"MV1":0.3207132076140182,"MV3":0.3509150992554,"CH1":0.1686384700957737}