{"MV1":0.357266365526693,"MV3":0.13170466910750311,"CH1":0.16875929861036854}