{"MV1":0.42015210516754065,"MV3":0.32972298992160654,"CH1":0.9172085093950308}