{"MV1":0.7712625181020849,"MV3":0.42246008730958606,"CH1":0.6956475482715478}