{"MV1":0.7961272084411062,"MV3":0.9617917518195437,"CH1":0.9841923902501587}