{"MV1":0.3449455149270373,"MV3":0.6774664547911652,"CH1":0.750752972130848}