{"MV1":0.7046899792842269,"MV3":0.6112068543827036,"CH1":0.9662235630579237}