{"MV1":0.09867808795549515,"MV3":0.8787977430128859,"CH1":0.6164589881683518}