{"MV1":0.37466966033417015,"MV3":0.40396720797286,"CH1":0.5839483831040607}