{"MV1":0.5683135485660944,"MV3":0.13462121151720519,"CH1":0.9798145463240412}