{"MV1":0.026049058049985252,"MV3":0.21583155593042358,"CH1":0.17611625788397078}