{"MV1":0.29354419569464685,"MV3":0.05609827638029885,"CH1":0.6099194820844805}