{"MV1":0.2642999258481443,"MV3":0.11026327849967688,"CH1":0.28351271906087994}