{"MV1":0.21070195453494445,"MV3":0.632878797695223,"CH1":0.9601880456715278}