{"MV1":0.1225467676711427,"MV3":0.4845011393881493,"CH1":0.7010052933718078}