{"MV1":0.02082998648114731,"MV3":0.4697087808699326,"CH1":0.9803621591315409}