{"MV1":0.060627659891741015,"MV3":0.5012583990722659,"CH1":0.8213444499300964}