{"MV1":0.6581746021595096,"MV3":0.32202129726140727,"CH1":0.6701278481700097}