{"MV1":0.21775891768033706,"MV3":0.28077428581988106,"CH1":0.6511664950536984}