{"MV1":0.24172257903559102,"MV3":0.7824767142773258,"CH1":0.032958266465838104}