{"MV1":0.4838853855230939,"MV3":0.7017436595082541,"CH1":0.2912426733892053}