{"MV1":0.8704097658224277,"MV3":0.15174779045551745,"CH1":0.4420238809581296}