{"MV1":0.49552655472651463,"MV3":0.9771167074485675,"CH1":0.15802475150431317}