{"MV1":0.008284856577577937,"MV3":0.9103125211153078,"CH1":0.8301780606667393}