{"MV1":0.6726036040942799,"MV3":0.15361307713073147,"CH1":0.6065136699326926}