{"MV1":0.3257957365256531,"MV3":0.7979462187743398,"CH1":0.06169745825645312}