{"MV1":0.32475893760977825,"MV3":0.228659688328419,"CH1":0.09144275186353701}