{"MV1":0.20540060713981712,"MV3":0.7276881285725554,"CH1":0.49575727828386584}