{"MV1":0.9652080900996918,"MV3":0.7243874448919871,"CH1":0.12635844897729132}