{"MV1":0.5600936647571408,"MV3":0.6369129358590001,"CH1":0.1105954523648548}