{"MV1":0.366659455083752,"MV3":0.9893918895584352,"CH1":0.07325005427893638}