{"MV1":0.9385019139977344,"MV3":0.23231601112995104,"CH1":0.9493865654579619}