{"MV1":0.8949672497123224,"MV3":0.7569922907429473,"CH1":0.3739395411499291}