{"MV1":0.022489820976303143,"MV3":0.8051137632396391,"CH1":0.49477070605852547}