{"MV1":0.6591991529659238,"MV3":0.685929795490535,"CH1":0.7543707786039362}