{"MV1":0.014580815175198492,"MV3":0.4144900538432893,"CH1":0.22802133782133327}