{"MV1":0.7213398927155176,"MV3":0.8489245048040305,"CH1":0.02079132790056104}