{"MV1":0.012678931161533069,"MV3":0.23885401536138484,"CH1":0.8079379615419184}