{"MV1":0.32590625423344677,"MV3":0.7641176994687454,"CH1":0.7301434114542824}