{"MV1":0.08473351429074893,"MV3":0.012866866495140905,"CH1":0.06295363558670197}