{"MV1":0.31987033192533587,"MV3":0.8196124416306844,"CH1":0.2930969984236347}