{"MV1":0.4298179256362158,"MV3":0.09657601772525559,"CH1":0.25342497520932283}