{"MV1":0.16799219676355925,"MV3":0.7713965139714719,"CH1":0.9012932651114584}