{"MV1":0.5973218277799529,"MV3":0.2017499097565657,"CH1":0.4430586510786474}