{"MV1":0.7267609206701591,"MV3":0.2389426363686996,"CH1":0.6336267633558311}