{"MV1":0.6511516110278037,"MV3":0.9617620813644886,"CH1":0.6319717984627297}