{"MV1":0.1838373366768089,"MV3":0.07539085285217828,"CH1":0.23512198267850093}