{"MV1":0.7313812136547321,"MV3":0.4063849465652698,"CH1":0.0015930205500889194}