{"MV1":0.5717679343724732,"MV3":0.5184481075541335,"CH1":0.7554247425782562}