{"MV1":0.8935105041949777,"MV3":0.8487424290609483,"CH1":0.17193013446777883}