{"MV1":0.2960638262173847,"MV3":0.4742409800287032,"CH1":0.5695123755703678}