{"MV1":0.49318886659632066,"MV3":0.7341738261477904,"CH1":0.7642187700519305}