{"MV1":0.9129236354502963,"MV3":0.5068414033664196,"CH1":0.3275366227121912}