{"MV1":0.6716235183310337,"MV3":0.1647528603718924,"CH1":0.377943994437003}