{"MV1":0.9876640168560947,"MV3":0.5508673880953752,"CH1":0.8697269875720799}