{"MV1":0.7179531528787712,"MV3":0.28728152328918644,"CH1":0.5428766943678773}