{"MV1":0.12466563883029202,"MV3":0.8511888306949135,"CH1":0.9667236068819306}