{"MV1":0.0276682134311117,"MV3":0.06791320241538201,"CH1":0.24246307772954134}