{"MV1":0.5335212775076442,"MV3":0.32972381275966833,"CH1":0.22322821737415177}