{"MV1":0.4141508895470075,"MV3":0.9885160492942947,"CH1":0.19987468467368963}