{"MV1":0.16719205688655903,"MV3":0.14858739518761233,"CH1":0.6907077382677841}