{"MV1":0.23577321331489365,"MV3":0.7257578847917376,"CH1":0.7857847345188748}