{"MV1":0.06294000914620135,"MV3":0.7272303805120787,"CH1":0.08183849473227534}