{"MV1":0.2647619684408614,"MV3":0.6776577497013341,"CH1":0.8258899752852523}