{"MV1":0.7864910040158369,"MV3":0.8695466873710967,"CH1":0.9092550692395879}