{"MV1":0.06577072518201632,"MV3":0.4194825986743361,"CH1":0.8898252751325666}