{"MV1":0.1918548595741787,"MV3":0.41821540965681525,"CH1":0.1703481290018275}