{"MV1":0.8487032230779326,"MV3":0.4557530241717852,"CH1":0.9401560882721433}