{"MV1":0.6081773415068578,"MV3":0.12788067995493968,"CH1":0.098414658854451}