{"MV1":0.23452784847002228,"MV3":0.6842874084675674,"CH1":0.8482194522306507}