{"MV1":0.5180467463333648,"MV3":0.01567892546872418,"CH1":0.4962199854956736}