{"MV1":0.44586273219688144,"MV3":0.06703082178887876,"CH1":0.02621890176790509}