{"MV1":0.8741908628400727,"MV3":0.5159987172552051,"CH1":0.5041588526168371}