{"MV1":0.4678498982723164,"MV3":0.8900763913780534,"CH1":0.396865785528546}