{"MV1":0.33566673948769843,"MV3":0.04647362419908152,"CH1":0.19815381447793812}