{"MV1":0.8918635014218336,"MV3":0.2926414742435187,"CH1":0.5354662377504159}