{"MV1":0.16846339803340205,"MV3":0.6763606595584046,"CH1":0.1561939045404257}