{"MV1":0.15386504165176917,"MV3":0.29861218528113376,"CH1":0.35369772970075597}