{"MV1":0.00554700005359221,"MV3":0.39137983397446974,"CH1":0.045816333660543496}