{"MV1":0.23040733548341885,"MV3":0.1805754886776928,"CH1":0.34966327231675187}