{"MV1":0.012169046042637577,"MV3":0.6766340865343927,"CH1":0.9585519039826244}