{"MV1":0.8189988678962159,"MV3":0.626449716174799,"CH1":0.6660870379087737}