{"MV1":0.6457012615463746,"MV3":0.47877475493880317,"CH1":0.9465829348157456}