{"MV1":0.3245221174291236,"MV3":0.2736114837284507,"CH1":0.5248203843260812}