{"MV1":0.4156840228347022,"MV3":0.7242976855829251,"CH1":0.8982441434428834}