{"MV1":0.10199204020211428,"MV3":0.042008764953890165,"CH1":0.7169583547668453}