{"MV1":0.98744660287283,"MV3":0.45715151204428106,"CH1":0.3567755672919364}