{"MV1":0.5057393086295559,"MV3":0.6435708154539101,"CH1":0.2588016197548616}