{"MV1":0.9592679473471868,"MV3":0.6783282115152824,"CH1":0.9072765928757612}