{"MV1":0.3389256196728664,"MV3":0.3929597019894119,"CH1":0.9170118602105211}