{"MV1":0.10389234240275536,"MV3":0.37568412437241916,"CH1":0.8849424813836576}