{"MV1":0.5726660486668745,"MV3":0.2054226105248551,"CH1":0.7263031927812497}