{"MV1":0.1877582581495475,"MV3":0.3282755513074761,"CH1":0.5098773895731081}