{"MV1":0.5443553772538755,"MV3":0.8391401703953203,"CH1":0.2636952297749712}