{"MV1":0.982926302814239,"MV3":0.12196269199214216,"CH1":0.5211348321802866}