{"MV1":0.7795373870764299,"MV3":0.5356946936764481,"CH1":0.7369702948538221}