{"MV1":0.9133844351394599,"MV3":0.9666567323198517,"CH1":0.013304678173495232}