{"MV1":0.8149360816780965,"MV3":0.25890630238378987,"CH1":0.7861773258751977}