{"MV1":0.49105504233071884,"MV3":0.4163734008607375,"CH1":0.17787139448724598}