{"MV1":0.7691287475127135,"MV3":0.7445975738442241,"CH1":0.8666846470387911}