{"MV1":0.5320229907598912,"MV3":0.6947955020351676,"CH1":0.9983474683682042}