{"MV1":0.10983885334907639,"MV3":0.7629503118258394,"CH1":0.41280680597918307}