{"MV1":0.03640408466774692,"MV3":0.6650265069426388,"CH1":0.2784662165361508}