{"MV1":0.2528369285065468,"MV3":0.3795352968170129,"CH1":0.7743521723333369}