{"MV1":0.2617544694317081,"MV3":0.7362953401295639,"CH1":0.3129713537554014}