{"MV1":0.4654169106209012,"MV3":0.07240209862263813,"CH1":0.012417763421173955}