{"MV1":0.9272450580511995,"MV3":0.8734966866452812,"CH1":0.5193943537181944}