{"MV1":0.6946778885823274,"MV3":0.5140710921222411,"CH1":0.4842257453505251}