{"MV1":0.4065988268242211,"MV3":0.2817648556410929,"CH1":0.8048541673804671}