{"MV1":0.18765166836314773,"MV3":0.013789253058615114,"CH1":0.020609388919498484}