{"MV1":0.09935816951077692,"MV3":0.981515875648736,"CH1":0.14790295203042192}