{"MV1":0.027902133858147993,"MV3":0.6606005862330604,"CH1":0.976020716275873}