{"MV1":0.7032735290905596,"MV3":0.34130574126059987,"CH1":0.5167220146104252}