{"MV1":0.587056621001665,"MV3":0.9812055456135179,"CH1":0.15611998922082693}