{"MV1":0.38007532570508074,"MV3":0.7242546192983987,"CH1":0.016812977951538577}