{"MV1":0.48548665547273107,"MV3":0.4606784006356499,"CH1":0.7502917218586317}