{"MV1":0.9107794909430099,"MV3":0.38272001904083985,"CH1":0.5868856977584119}