{"MV1":0.9797696364584991,"MV3":0.9777459668972096,"CH1":0.2026937995980651}