{"MV1":0.2343086040183079,"MV3":0.12493011876535454,"CH1":0.4393689389072952}