{"MV1":0.24427440535296596,"MV3":0.8454077982628176,"CH1":0.7836616530966914}