{"MV1":0.33403530942104365,"MV3":0.7409161406784356,"CH1":0.23798846426546538}