{"MV1":0.5273303925552142,"MV3":0.23331175588560493,"CH1":0.1822700728775537}