{"MV1":0.32686324878322126,"MV3":0.6216010266235189,"CH1":0.697380886019961}