{"MV1":0.6061057626892465,"MV3":0.38632944182804696,"CH1":0.21502837644841422}