{"MV1":0.715070311552374,"MV3":0.534630073304018,"CH1":0.87918732929029}