{"MV1":0.5883430473837052,"MV3":0.9996139174744003,"CH1":0.6415778289624999}