{"MV1":0.9871283123906474,"MV3":0.933239950663643,"CH1":0.3345130293865519}