{"MV1":0.13811318537881234,"MV3":0.944212569972711,"CH1":0.46414592434723834}