{"MV1":0.5418783337509471,"MV3":0.9832894417740441,"CH1":0.16219385583931722}