{"MV1":0.2854278875687061,"MV3":0.8446475366559979,"CH1":0.32412337797396906}