{"MV1":0.07333942122480552,"MV3":0.8089497577484511,"CH1":0.8411835393622278}