{"MV1":0.11869618704134266,"MV3":0.7591813114072802,"CH1":0.9474940956495714}