{"MV1":0.05368653410411528,"MV3":0.6612821728911848,"CH1":0.32146216727221644}