{"MV1":0.3128709804356459,"MV3":0.7335605957867828,"CH1":0.2540796355676197}