{"MV1":0.9242550803635725,"MV3":0.24664870773785375,"CH1":0.7617518636179588}