{"MV1":0.9976691644072724,"MV3":0.08996600621487816,"CH1":0.7429781048311849}