{"MV1":0.9929557333798744,"MV3":0.2072529127491325,"CH1":0.9618122866407826}