{"MV1":0.45648690563350447,"MV3":0.16104872042589213,"CH1":0.12101686829324054}