{"MV1":0.6979505744212746,"MV3":0.26215174639022465,"CH1":0.43906363190132025}