{"MV1":0.8164595716917723,"MV3":0.4846845494380073,"CH1":0.7134829999872423}