{"MV1":0.40739762632391197,"MV3":0.1275734083487714,"CH1":0.8834699143158288}