{"MV1":0.8804858025805812,"MV3":0.6165242912447461,"CH1":0.03113696347552175}