{"MV1":0.6078461740201624,"MV3":0.21791494598388417,"CH1":0.21088769988791145}