{"MV1":0.7476089104177339,"MV3":0.7395114008757524,"CH1":0.9069980094950177}