{"MV1":0.7425062421038715,"MV3":0.46141989259116123,"CH1":0.4869465100219529}