{"MV1":0.49992297315178524,"MV3":0.4680771272596186,"CH1":0.1443843443278724}