{"MV1":0.2850002471526305,"MV3":0.3409084760114014,"CH1":0.843910572444278}