{"MV1":0.244507486229939,"MV3":0.9296150304947179,"CH1":0.10623316476932376}