{"MV1":0.1545573541826729,"MV3":0.6212358301485928,"CH1":0.7742888789147813}