{"MV1":0.516586699162376,"MV3":0.4080152505643502,"CH1":0.7340372711881313}