{"MV1":0.03729243121824344,"MV3":0.44145354614106913,"CH1":0.5374843618430118}