{"MV1":0.7114552686758311,"MV3":0.17258529601755068,"CH1":0.20075230350859719}