{"MV1":0.420109259266228,"MV3":0.9236837134868621,"CH1":0.4455890695115705}