{"MV1":0.05684836586872699,"MV3":0.9495840143336679,"CH1":0.37556788842884004}