{"MV1":0.5834491227688425,"MV3":0.852842634856295,"CH1":0.4669100983621741}