{"MV1":0.5181890914278798,"MV3":0.6083062123565629,"CH1":0.3819539579694614}