{"MV1":0.652868109066665,"MV3":0.5222331229368203,"CH1":0.1799102808368509}