{"MV1":0.6033831434649135,"MV3":0.9547812572629382,"CH1":0.5325331506762344}