{"MV1":0.6706203200038806,"MV3":0.17814381365386878,"CH1":0.31880743283885493}