{"MV1":0.9453811543130514,"MV3":0.5920045492690805,"CH1":0.4719131775478306}