{"MV1":0.9692217133194687,"MV3":0.34150777013613187,"CH1":0.1738898628008929}