{"MV1":0.4802939182116981,"MV3":0.9273826289001014,"CH1":0.41565970967776633}