{"MV1":0.6218813092673453,"MV3":0.508256132474472,"CH1":0.15623209117447479}