{"MV1":0.537904528028073,"MV3":0.6341955269730774,"CH1":0.7255872495470373}