{"MV1":0.7859654652623715,"MV3":0.6414838421776335,"CH1":0.4339696479825984}