{"MV1":0.3917940534533447,"MV3":0.24572269453767703,"CH1":0.8117658837002533}