{"MV1":0.95623294997121,"MV3":0.2293929771139369,"CH1":0.2616653666680736}