{"MV1":0.2837113681319291,"MV3":0.7917442362894654,"CH1":0.3036993063432136}