{"MV1":0.5035693270300873,"MV3":0.09589376212588097,"CH1":0.17523914268500496}