{"MV1":0.3709917096096039,"MV3":0.5990040027883416,"CH1":0.8673383480683707}