{"MV1":0.242343570262623,"MV3":0.9116507071373703,"CH1":0.12380443567028565}