{"MV1":0.09913807668485308,"MV3":0.9747623388931935,"CH1":0.7739649246718491}