{"MV1":0.012319696988917994,"MV3":0.23122364021302888,"CH1":0.6352190540576269}