{"MV1":0.45120857896217326,"MV3":0.5262565000225431,"CH1":0.24440262587183847}