{"MV1":0.7335637099190271,"MV3":0.7395236731058172,"CH1":0.5073818996761088}