{"MV1":0.45660150767693364,"MV3":0.7509089905431928,"CH1":0.5176117612750798}