{"MV1":0.06083649063182883,"MV3":0.5002715257986905,"CH1":0.06789678959382683}