{"MV1":0.705007205779667,"MV3":0.38419191582363954,"CH1":0.2965891157909435}