{"MV1":0.7114583641230046,"MV3":0.6394801132747517,"CH1":0.25504863927153487}