{"MV1":0.8953617635899498,"MV3":0.782820912689385,"CH1":0.26130654135957854}