{"MV1":0.43320518529958807,"MV3":0.31113560077509017,"CH1":0.9079862442451048}