{"MV1":0.8857411932623975,"MV3":0.11096664651752997,"CH1":0.6801391511042125}