{"MV1":0.6455289197855236,"MV3":0.2663896815280251,"CH1":0.6130969515946467}