{"MV1":0.1920564474974329,"MV3":0.8228059508145251,"CH1":0.5386348286729702}