{"MV1":0.5292073386030595,"MV3":0.6502293774970921,"CH1":0.3734699164833014}