{"MV1":0.4076620335589125,"MV3":0.7398785221671618,"CH1":0.7819566174831734}