{"MV1":0.9569467958445745,"MV3":0.7171701154750637,"CH1":0.3537232507845407}