{"MV1":0.5332404466571999,"MV3":0.8744950381866713,"CH1":0.037416933051149015}