{"MV1":0.16675161425375173,"MV3":0.7198494432328719,"CH1":0.9770460737195962}