{"MV1":0.7522980091028588,"MV3":0.5880564568369151,"CH1":0.21908271476896113}