{"MV1":0.7519175446624448,"MV3":0.6279004544149686,"CH1":0.936856111765155}