{"MV1":0.11555997961756082,"MV3":0.04624053592113331,"CH1":0.5201327917435721}