{"MV1":0.6976412783687627,"MV3":0.7698933783078056,"CH1":0.45101698895468434}