{"MV1":0.20468187300538698,"MV3":0.4136832942688645,"CH1":0.7658034456234835}