{"MV1":0.6126821645395083,"MV3":0.6107664203595176,"CH1":0.508979983895166}