{"MV1":0.11025206858484637,"MV3":0.9467991686895039,"CH1":0.36803027534089716}