{"MV1":0.7024349445579641,"MV3":0.37672461694438375,"CH1":0.6257705966769198}