{"MV1":0.5093838477035643,"MV3":0.8286090967536464,"CH1":0.43016221738354343}