{"MV1":0.8745906149381417,"MV3":0.23257955746351378,"CH1":0.8698374889088633}