{"MV1":0.10783738399606912,"MV3":0.7639211911184528,"CH1":0.9409391062279723}