{"MV1":0.7452546733021028,"MV3":0.3825134128236347,"CH1":0.7097161945874748}