{"MV1":0.8080939028399639,"MV3":0.31252530491440966,"CH1":0.8852735239755626}