{"MV1":0.7221013382574767,"MV3":0.8433440287576551,"CH1":0.8027993634009623}