{"MV1":0.5623684598116112,"MV3":0.24328105633576202,"CH1":0.9457930787368519}