{"MV1":0.03360760132310214,"MV3":0.38192273560360546,"CH1":0.6016672283002179}