{"MV1":0.795930244619974,"MV3":0.3326225136862583,"CH1":0.3028195493951543}