{"MV1":0.616882081536621,"MV3":0.2184376312095374,"CH1":0.19246008329038777}