{"MV1":0.9066621629532226,"MV3":0.6504960337222131,"CH1":0.6327192152036646}