{"MV1":0.5649306169384936,"MV3":0.22786813174994502,"CH1":0.2982609797975271}