{"MV1":0.5779890146040507,"MV3":0.3638210840257121,"CH1":0.08951635859862073}