{"MV1":0.7074441420898216,"MV3":0.5790168287893654,"CH1":0.2821373549851617}