{"MV1":0.0015103780419627455,"MV3":0.990525129948622,"CH1":0.9620582122114711}