{"MV1":0.8171048420171857,"MV3":0.6059672274623156,"CH1":0.5593502416214912}