{"MV1":0.9290011011725445,"MV3":0.896818691205374,"CH1":0.2939742311246222}