{"MV1":0.920608133471469,"MV3":0.786279834821527,"CH1":0.7352637561847198}