{"MV1":0.4809084856602507,"MV3":0.27530316967309976,"CH1":0.9966531219548781}