{"MV1":0.9597566414431447,"MV3":0.1329693823545972,"CH1":0.8604198849791728}