{"MV1":0.30589780772045017,"MV3":0.9093189546883427,"CH1":0.29552939739935813}