{"MV1":0.6249894097312486,"MV3":0.8574208375513035,"CH1":0.03618081522210248}