{"MV1":0.04318993522715042,"MV3":0.43617933782563645,"CH1":0.7738468406331993}