{"MV1":0.5661631079654417,"MV3":0.5099298854994548,"CH1":0.6542319471245609}