{"MV1":0.5594091870152555,"MV3":0.5742063884440992,"CH1":0.07081836237016836}