{"MV1":0.37333001810356814,"MV3":0.5757676950547704,"CH1":0.7124161304701638}