{"MV1":0.5085707958153232,"MV3":0.8067202020277879,"CH1":0.8693528893776578}