{"MV1":0.6103435580040111,"MV3":0.47661450334052147,"CH1":0.20487844656590326}