{"MV1":0.6411119211115373,"MV3":0.826292887418237,"CH1":0.25628066357352397}