{"MV1":0.9111179092690747,"MV3":0.8947917054022494,"CH1":0.4612903592463653}