{"MV1":0.12014929881202663,"MV3":0.2084008220949869,"CH1":0.519932651459995}