{"MV1":0.8955700775073635,"MV3":0.8328676884375181,"CH1":0.7499961296149578}