{"MV1":0.6347946502215356,"MV3":0.040973496241276,"CH1":0.618351504413853}