{"MV1":0.8396725796478615,"MV3":0.34088188194369873,"CH1":0.9805208055696443}