{"MV1":0.26512802718649786,"MV3":0.6011270031106515,"CH1":0.8138655025655211}