{"MV1":0.18405639437424393,"MV3":0.945546440193033,"CH1":0.7598087531880874}