{"MV1":0.562652794305963,"MV3":0.09927126562030075,"CH1":0.7649674042115233}