{"MV1":0.24241914243318208,"MV3":0.5586393831497188,"CH1":0.835960090691342}