{"MV1":0.19797454896519362,"MV3":0.10531621104468558,"CH1":0.20743022616941564}