{"MV1":0.831962384130824,"MV3":0.7655683842379616,"CH1":0.4389350768703194}