{"MV1":0.12343426275941105,"MV3":0.3661444023119014,"CH1":0.3786066126551282}