{"MV1":0.4293639865166078,"MV3":0.8558198434307465,"CH1":0.2581965553880491}