{"MV1":0.5945495440766327,"MV3":0.3165593928718564,"CH1":0.03317764688332925}