{"MV1":0.02948695052319472,"MV3":0.8302297277816826,"CH1":0.5003915866835679}