{"MV1":0.8216563189306519,"MV3":0.6590338126100703,"CH1":0.39892793050566755}