{"MV1":0.07046880030777847,"MV3":0.6958377453907789,"CH1":0.664063822520499}