{"MV1":0.9938362987600364,"MV3":0.213205570684165,"CH1":0.6960378501621342}