{"MV1":0.3782430037825826,"MV3":0.5758779519365408,"CH1":0.5093385392801877}