{"MV1":0.7917156489036163,"MV3":0.5976962562583578,"CH1":0.7032530136612417}