{"MV1":0.774469659171084,"MV3":0.2759931400245884,"CH1":0.0638562929654477}