{"MV1":0.5009657438399472,"MV3":0.5216565425080026,"CH1":0.8022248401637966}