{"MV1":0.8831219737846899,"MV3":0.0022377096304970756,"CH1":0.8467396952253867}