{"MV1":0.6670085789866014,"MV3":0.26083991045909993,"CH1":0.33445126152685467}