{"MV1":0.16279576010370655,"MV3":0.7498423287717366,"CH1":0.10805294415676414}