{"MV1":0.40782468849214715,"MV3":0.909756744695781,"CH1":0.09702494916170912}