{"MV1":0.47893570076344893,"MV3":0.5836324150084807,"CH1":0.4326733184338285}