{"MV1":0.501895591100273,"MV3":0.2835536114713644,"CH1":0.6306108267565798}