{"MV1":0.30644453758457313,"MV3":0.1686914598028446,"CH1":0.3184540295693383}