{"MV1":0.8730794842127056,"MV3":0.1175973492556337,"CH1":0.636681076014932}