{"MV1":0.7245773632864126,"MV3":0.40391219656945876,"CH1":0.8656483873631495}