{"MV1":0.6407148242653157,"MV3":0.919771371577437,"CH1":0.5603416681694834}