{"MV1":0.8729874483551258,"MV3":0.6834668297948399,"CH1":0.05268202094194829}