{"MV1":0.2428290927641632,"MV3":0.1423537784831309,"CH1":0.7631097540714123}