{"MV1":0.5351772979350369,"MV3":0.5464042788956797,"CH1":0.9181847972826324}