{"MV1":0.1945635568288141,"MV3":0.15802909714382052,"CH1":0.5910869554494506}