{"MV1":0.40827604489093305,"MV3":0.43390586159848465,"CH1":0.03826065983236726}