{"MV1":0.13925212308741342,"MV3":0.9839340639394931,"CH1":0.17492859293456875}