{"MV1":0.6996346979303728,"MV3":0.34949939318370116,"CH1":0.3358007499632626}