{"MV1":0.04651234194719156,"MV3":0.1352113176986588,"CH1":0.7117811003392183}