{"MV1":0.08032702906295675,"MV3":0.23259644087654152,"CH1":0.6525581924385051}