{"MV1":0.17601067282405602,"MV3":0.25405127855390075,"CH1":0.43419402123683304}