{"MV1":0.12579595830965562,"MV3":0.94140680450882,"CH1":0.13314748329761295}