{"MV1":0.22980544510114964,"MV3":0.8637494951198827,"CH1":0.03205997865293864}