{"MV1":0.7698401951946006,"MV3":0.5429216645777988,"CH1":0.9022208119399251}