{"MV1":0.7234657522614035,"MV3":0.9947602592274911,"CH1":0.5331984321014216}