{"MV1":0.22758939934740463,"MV3":0.12980084554402538,"CH1":0.4023187850888673}