{"MV1":0.8941122425280733,"MV3":0.7260469258918005,"CH1":0.559121547093601}