{"MV1":0.32094597294925553,"MV3":0.5288877895417948,"CH1":0.604496152661374}