{"MV1":0.8086900832657198,"MV3":0.5473582292474365,"CH1":0.5821643195719953}