{"MV1":0.7607726466306811,"MV3":0.9856093239031417,"CH1":0.7803590805150101}