{"MV1":0.468878041608632,"MV3":0.4510307682974911,"CH1":0.07353971336552723}