{"MV1":0.08469722859500839,"MV3":0.20776313607534191,"CH1":0.1858362840832367}