{"MV1":0.232716678549291,"MV3":0.45909581568926683,"CH1":0.04218897910368258}