{"MV1":0.8103338004957641,"MV3":0.9312228109021932,"CH1":0.9343518273458105}