{"MV1":0.26509575051110124,"MV3":0.9688565628120753,"CH1":0.38578295825375}