{"MV1":0.8862458365308006,"MV3":0.4287080415667792,"CH1":0.22489810780576158}