{"MV1":0.2991102777540562,"MV3":0.047076940305237125,"CH1":0.02204888483918732}