{"MV1":0.2470442530508119,"MV3":0.7397063205635694,"CH1":0.8489572324467589}