{"MV1":0.8281962730363736,"MV3":0.48011536078315775,"CH1":0.6670468139879189}