{"MV1":0.9008390398701343,"MV3":0.9838851312225805,"CH1":0.5780188056147769}