{"MV1":0.36015848292641994,"MV3":0.4879377493333744,"CH1":0.6723029723958734}