{"MV1":0.3567283007549348,"MV3":0.4889842218067876,"CH1":0.2761585106425273}