{"MV1":0.062332315067337496,"MV3":0.8515751701943157,"CH1":0.24087464593323193}