{"MV1":0.4697313207135877,"MV3":0.9648991263862475,"CH1":0.08735550214513088}