{"MV1":0.6808605506829012,"MV3":0.002207514457416071,"CH1":0.06270195564325665}