{"MV1":0.6183278750715306,"MV3":0.30809345726660364,"CH1":0.4047484186395357}