{"MV1":0.5549490898360081,"MV3":0.4498315465911915,"CH1":0.10824539117518794}