{"MV1":0.05959610644834379,"MV3":0.16322603842051964,"CH1":0.22948259430216378}