{"MV1":0.5521254712385432,"MV3":0.896128732656091,"CH1":0.5897719601551432}