{"MV1":0.3645426586625333,"MV3":0.2307137836667189,"CH1":0.5287676070279038}