{"MV1":0.6033179865860481,"MV3":0.05962824804829281,"CH1":0.11274714170975664}