{"MV1":0.9515799315996419,"MV3":0.5235431344464455,"CH1":0.4397662545404979}