{"MV1":0.6446670381357227,"MV3":0.6468104798029845,"CH1":0.1051812207632915}