{"MV1":0.016264262597395107,"MV3":0.051409574909976774,"CH1":0.9442717746588795}