{"MV1":0.4757029532925817,"MV3":0.27355256262370786,"CH1":0.7654895890578352}