{"MV1":0.0025085240211352167,"MV3":0.6302868718030127,"CH1":0.3521011322142833}