{"MV1":0.48726017578915926,"MV3":0.5448054297564491,"CH1":0.6289715031355181}