{"MV1":0.7964612591677805,"MV3":0.07507426311738996,"CH1":0.6536987076568104}