{"MV1":0.7842523246426594,"MV3":0.2003613784068604,"CH1":0.1984268438225475}