{"MV1":0.6693329317583041,"MV3":0.37777018832554987,"CH1":0.8972028244501423}