{"MV1":0.43991636397019973,"MV3":0.7238674068636378,"CH1":0.400015993013067}