{"MV1":0.14880842090869084,"MV3":0.7490189223512365,"CH1":0.2935668458735824}