{"MV1":0.2034341544529239,"MV3":0.5867929212698999,"CH1":0.43008012437080434}