{"MV1":0.11484297981323044,"MV3":0.7743628328530153,"CH1":0.40415484805122026}