{"MV1":0.6160963323460235,"MV3":0.6487102817693191,"CH1":0.4074467531500714}