{"MV1":0.26688953208895916,"MV3":0.7035013232075676,"CH1":0.9340083408965466}