{"MV1":0.3655299976504641,"MV3":0.30097392904153497,"CH1":0.3743885576252023}