{"MV1":0.2503722101995245,"MV3":0.9141659200934085,"CH1":0.43133727813392553}