{"MV1":0.554967378925315,"MV3":0.8857690555329816,"CH1":0.014072563563840457}