{"MV1":0.5087043258068256,"MV3":0.9939684221052545,"CH1":0.5234060365064027}