{"MV1":0.6029273865042213,"MV3":0.6679588758368281,"CH1":0.015644540887419622}