{"MV1":0.11523648302478806,"MV3":0.658120104125249,"CH1":0.5258324174804418}