{"MV1":0.5672716475705853,"MV3":0.6771646886460955,"CH1":0.41442073712156313}