{"MV1":0.5062392986559565,"MV3":0.7187107023389095,"CH1":0.47702346939556484}