{"MV1":0.2557315928566891,"MV3":0.005207269162407546,"CH1":0.7565216846126159}