{"MV1":0.3868744227760754,"MV3":0.8828336222399914,"CH1":0.5948097843368981}