{"MV1":0.047434349908517914,"MV3":0.1085156636479262,"CH1":0.3693916645585539}