{"MV1":0.28108811699779057,"MV3":0.5788259639332144,"CH1":0.7551555648706335}