{"MV1":0.38742266714583384,"MV3":0.5115549775327537,"CH1":0.2325258840495189}