{"MV1":0.46811716988118657,"MV3":0.4945738851307808,"CH1":0.6071108941219118}