{"MV1":0.843730362010022,"MV3":0.21860870093927798,"CH1":0.1973815052054777}