{"MV1":0.8348071782432797,"MV3":0.2011366214615039,"CH1":0.5299803032028463}