{"MV1":0.27373006818491297,"MV3":0.14145896568884164,"CH1":0.8866081226564331}