{"MV1":0.3552947112999585,"MV3":0.9639419872550021,"CH1":0.8435627712322467}