{"MV1":0.6074422255391568,"MV3":0.15617748811828325,"CH1":0.1301823109557685}