{"MV1":0.2615042848101755,"MV3":0.7498951439375637,"CH1":0.6719956668416543}