{"MV1":0.03305302637791818,"MV3":0.5080213962215556,"CH1":0.013340803685473301}