{"MV1":0.03831612568447906,"MV3":0.07041311478350032,"CH1":0.9168153969639924}