{"MV1":0.7390801475239185,"MV3":0.277352567671985,"CH1":0.8567833791557039}