{"MV1":0.020919100539244506,"MV3":0.20939255080485197,"CH1":0.3192452509822331}