{"MV1":0.6116008138763992,"MV3":0.09666986943615052,"CH1":0.23104040861244513}