{"MV1":0.12491425413894786,"MV3":0.6900822439221579,"CH1":0.8935261476589175}