{"MV1":0.3934927160125087,"MV3":0.09741926157813252,"CH1":0.8512284071615781}