{"MV1":0.1555332793269404,"MV3":0.5286565115137473,"CH1":0.9997897180304754}