{"MV1":0.2885163257904386,"MV3":0.4373052170072863,"CH1":0.5702711663441868}