{"MV1":0.4220933964191962,"MV3":0.14442626557022853,"CH1":0.16151555753240443}