{"MV1":0.14552008146018924,"MV3":0.588582158984008,"CH1":0.3556970997337009}