{"MV1":0.6354220059775215,"MV3":0.6732185701959039,"CH1":0.9225360039403127}