{"MV1":0.0019086181179861494,"MV3":0.1337062667756196,"CH1":0.026014725475751344}