{"MV1":0.01064500095399401,"MV3":0.21359003786859243,"CH1":0.6436938427882205}