{"MV1":0.9698656426128605,"MV3":0.24943439459131356,"CH1":0.3209209918444703}