{"MV1":0.08811399474486192,"MV3":0.06576644097447215,"CH1":0.2330266981080381}