{"MV1":0.3768597437608254,"MV3":0.33969044891985334,"CH1":0.9717333250301226}