{"MV1":0.3034512673599895,"MV3":0.7310136279205843,"CH1":0.9115675958059516}