{"MV1":0.4821785579033693,"MV3":0.5550383900680019,"CH1":0.8232687942021046}