{"MV1":0.1749662558708358,"MV3":0.6071468011041071,"CH1":0.3568416473534073}