{"MV1":0.2649516995132124,"MV3":0.7962003393494659,"CH1":0.04128139220310234}