{"MV1":0.1789120758934859,"MV3":0.26838193416395406,"CH1":0.9586411247716405}