{"MV1":0.5740086711420375,"MV3":0.33207429190965365,"CH1":0.6009823295324523}