{"MV1":0.49364341253151156,"MV3":0.0799305462667057,"CH1":0.7069891241475353}