{"MV1":0.05686564369195124,"MV3":0.5735787846870798,"CH1":0.7119315131740999}