{"MV1":0.05820281570147923,"MV3":0.008055327672046864,"CH1":0.5837607681256581}