{"MV1":0.7324909413730534,"MV3":0.7021870952937483,"CH1":0.888063443715653}