{"MV1":0.261592903008369,"MV3":0.9403411913828428,"CH1":0.30002401965028347}