{"MV1":0.5115885706067163,"MV3":0.6809656037031633,"CH1":0.6796112309081975}