{"MV1":0.1947551481871116,"MV3":0.2623541698682038,"CH1":0.43430191611138347}