{"MV1":0.19545706624304005,"MV3":0.6809727004588743,"CH1":0.03460755487650735}