{"MV1":0.5562117425755939,"MV3":0.010214207782974438,"CH1":0.9789018270576707}