{"MV1":0.4967480709601302,"MV3":0.7973519352469843,"CH1":0.8058693226327394}