{"MV1":0.4896118057901516,"MV3":0.7410274337217155,"CH1":0.30226884449270397}