{"MV1":0.819614279135373,"MV3":0.94703602695379,"CH1":0.3019686959219161}