{"MV1":0.7073866529654924,"MV3":0.6761049061682713,"CH1":0.20882242753390068}