{"MV1":0.23669103266029223,"MV3":0.425105385615857,"CH1":0.5059317421960692}