{"MV1":0.23123937768892655,"MV3":0.0714566890503624,"CH1":0.23160880545236873}