{"MV1":0.575213563827516,"MV3":0.04122256413242931,"CH1":0.7028511205158912}