{"MV1":0.5384125264026839,"MV3":0.385906670085038,"CH1":0.1683235387393176}