{"MV1":0.0022861065172189443,"MV3":0.38048761894689265,"CH1":0.8344287768997325}