{"MV1":0.050067756263861396,"MV3":0.6139994015774631,"CH1":0.6467917507349075}