{"MV1":0.4559122472583519,"MV3":0.9965180386065583,"CH1":0.38914909040570067}