{"MV1":0.24396319205338668,"MV3":0.9702738079335352,"CH1":0.06499120186526586}