{"MV1":0.960210055894984,"MV3":0.656259949087463,"CH1":0.396162216693686}