{"MV1":0.4737784492955731,"MV3":0.4766108442400543,"CH1":0.6778251447378524}