{"MV1":0.44936798295799774,"MV3":0.8792852201471264,"CH1":0.30704501600879686}