{"MV1":0.7567595882494642,"MV3":0.7670010082267669,"CH1":0.7705126288867303}