{"MV1":0.402392475143869,"MV3":0.8410989796771643,"CH1":0.187868011620554}