{"MV1":0.30445923510180406,"MV3":0.7383287779389631,"CH1":0.517990897397858}