{"MV1":0.06537188189333465,"MV3":0.5670128376482307,"CH1":0.17876215326871525}