{"MV1":0.7673465442682211,"MV3":0.6181812055732351,"CH1":0.8382190457500757}