{"MV1":0.6032216422286278,"MV3":0.255273796915938,"CH1":0.8277465823644231}