{"MV1":0.3155150794401871,"MV3":0.08168140073315666,"CH1":0.5830990123888292}