{"MV1":0.5511180631368214,"MV3":0.06516424233198159,"CH1":0.16358646387717513}