{"MV1":0.4254554152448081,"MV3":0.7298642090736246,"CH1":0.15133026503560676}