{"MV1":0.2087474867542417,"MV3":0.49439896798450866,"CH1":0.014697074145761935}