{"MV1":0.9555187147905675,"MV3":0.3687279339553142,"CH1":0.0668557285890009}