{"MV1":0.4924561036252495,"MV3":0.662221915731272,"CH1":0.7774399731551286}