{"MV1":0.6760957521789238,"MV3":0.592407577243237,"CH1":0.4502094287735887}