{"MV1":0.3797742828814191,"MV3":0.5688117453272784,"CH1":0.7861422119614351}