{"MV1":0.7680235496268754,"MV3":0.4422117665978488,"CH1":0.9191893361177321}