{"MV1":0.38895771966353243,"MV3":0.9262563940379809,"CH1":0.8749658268594277}