{"MV1":0.21703999652635564,"MV3":0.032323448229490626,"CH1":0.3122312732585434}