{"MV1":0.41866509170264987,"MV3":0.6872333317278974,"CH1":0.2382680557153226}