{"MV1":0.0732300485717442,"MV3":0.8896544612036297,"CH1":0.5497367235273151}