{"MV1":0.2305005447282127,"MV3":0.4236136563482944,"CH1":0.7099138191289666}