{"MV1":0.8629873700697858,"MV3":0.9074660397974531,"CH1":0.2700693867343883}