{"MV1":0.29757619683714676,"MV3":0.9112993924835049,"CH1":0.02620509652106351}