{"MV1":0.04031149539689638,"MV3":0.3619076009967148,"CH1":0.7557848416389669}