{"MV1":0.529630476719866,"MV3":0.8174804712234394,"CH1":0.560161026127413}