{"MV1":0.8109136277948211,"MV3":0.24701457722386155,"CH1":0.1338038809815092}