{"MV1":0.5080623962856801,"MV3":0.08641880617809772,"CH1":0.23729725432927584}