{"MV1":0.14685247335211093,"MV3":0.9917713224077611,"CH1":0.7998775503977483}