{"MV1":0.6074452170552181,"MV3":0.7863006272681694,"CH1":0.3680961440879199}