{"MV1":0.4524385131101333,"MV3":0.2562947813297022,"CH1":0.07251265799183337}