{"MV1":0.923971780842892,"MV3":0.8294767383014523,"CH1":0.0495918687785335}