{"MV1":0.41361413909173017,"MV3":0.1475018340717914,"CH1":0.7481851034839122}