{"MV1":0.4952006777801906,"MV3":0.348782386256521,"CH1":0.04589124186823035}