{"MV1":0.6425747874294079,"MV3":0.2822457241066555,"CH1":0.9648224699825896}