{"MV1":0.8389220045546781,"MV3":0.11486773001638151,"CH1":0.5671270993358605}