{"MV1":0.3616324069054976,"MV3":0.977427391255592,"CH1":0.8360532076549712}