{"MV1":0.3668741432241407,"MV3":0.8834065880581229,"CH1":0.3894190826887628}