{"MV1":0.22477260072237093,"MV3":0.8421995363529776,"CH1":0.7826456950283271}