{"MV1":0.1231253850935996,"MV3":0.6091985140336497,"CH1":0.8008795027118443}