{"MV1":0.1677826909096306,"MV3":0.8039707273105547,"CH1":0.04771054209950043}