{"MV1":0.30925451483206257,"MV3":0.3795546909151476,"CH1":0.37022552204529424}