{"MV1":0.5782248023772554,"MV3":0.15358283918164217,"CH1":0.3267375534382333}