{"MV1":0.9686836927426019,"MV3":0.18672035676987453,"CH1":0.35474099031838724}