{"MV1":0.00022371434709833604,"MV3":0.6393792311229615,"CH1":0.8325483969290044}