{"MV1":0.19374655798064722,"MV3":0.5505455624262163,"CH1":0.6471084508452024}