{"MV1":0.8206976090061089,"MV3":0.318115656445467,"CH1":0.17533754542829583}