{"MV1":0.14580241350013468,"MV3":0.7636047889220762,"CH1":0.4903815280502869}