{"MV1":0.42191243612245144,"MV3":0.12857631425380311,"CH1":0.9552341339869693}