{"MV1":0.37338231937857147,"MV3":0.7731458746022156,"CH1":0.49944829623347964}