{"MV1":0.4075489717768622,"MV3":0.1850829619056189,"CH1":0.9531705357108807}