{"MV1":0.88709664763233,"MV3":0.9783432114135703,"CH1":0.4512820201211518}