{"MV1":0.4698441480894442,"MV3":0.8532737437137052,"CH1":0.48212994718314095}