{"MV1":0.5272722956666225,"MV3":0.9483013659692967,"CH1":0.8689921962871797}