{"MV1":0.14235110424342845,"MV3":0.9655904239858603,"CH1":0.9449571832162472}