{"MV1":0.6627005338905448,"MV3":0.724157997685588,"CH1":0.30680073745754255}