{"MV1":0.43746826822021057,"MV3":0.4286989010742662,"CH1":0.22672190915874324}