{"MV1":0.9098538492664993,"MV3":0.5837349632179385,"CH1":0.9874489303862553}