{"MV1":0.3031496332781307,"MV3":0.13744134865043545,"CH1":0.4655154043223845}