{"MV1":0.15396676948427668,"MV3":0.5683831057370655,"CH1":0.26306576311411656}