{"MV1":0.5864774189589255,"MV3":0.9764528925778401,"CH1":0.031095517146732088}