{"MV1":0.8865759046920744,"MV3":0.003234919377084311,"CH1":0.11968257342139843}