{"MV1":0.8022748700430399,"MV3":0.5136814144331173,"CH1":0.6754596856300151}