{"MV1":0.12857152389382254,"MV3":0.3909022058793753,"CH1":0.257982220578314}