{"MV1":0.3319430219660854,"MV3":0.06323101100900486,"CH1":0.07017855513965576}