{"MV1":0.2641459249756114,"MV3":0.818687824670374,"CH1":0.24071203022235943}