{"MV1":0.7659726265751629,"MV3":0.5945229509874405,"CH1":0.5462396896800024}