{"MV1":0.663938749402446,"MV3":0.14328731486217972,"CH1":0.4482214757104259}