{"MV1":0.838636641198558,"MV3":0.18793611301674118,"CH1":0.36174577480840786}