{"MV1":0.009052451253234173,"MV3":0.4593555120510584,"CH1":0.3391522511496565}