{"MV1":0.10296376990841194,"MV3":0.38196147261788316,"CH1":0.4873191564318857}