{"MV1":0.1344958546333308,"MV3":0.9537679776770855,"CH1":0.6259858870356184}