{"MV1":0.4100800936660516,"MV3":0.095499213352091,"CH1":0.3479883574927959}