{"MV1":0.6384323592255171,"MV3":0.25436704863705684,"CH1":0.52823319845989}