{"MV1":0.1683876034356543,"MV3":0.7313363898030705,"CH1":0.4574981846511834}