{"MV1":0.8659447375798509,"MV3":0.2223344676522323,"CH1":0.6122487449875594}