{"MV1":0.5534092137338693,"MV3":0.048532698983756006,"CH1":0.1948128141861798}