{"MV1":0.9143399141458148,"MV3":0.274085292049261,"CH1":0.821537915359869}