{"MV1":0.10953000658159795,"MV3":0.7431338729489568,"CH1":0.29844520880789505}