{"MV1":0.7686068751855472,"MV3":0.7362555542983209,"CH1":0.48130500729693815}