{"MV1":0.8718442071768685,"MV3":0.02686025367774314,"CH1":0.8222217605882477}