{"MV1":0.8462362287076808,"MV3":0.7343345744319852,"CH1":0.6860043132781618}