{"MV1":0.4701288534703121,"MV3":0.6788905885270681,"CH1":0.3496528584687133}