{"MV1":0.4703642076921676,"MV3":0.5870483987319369,"CH1":0.3695867468438646}