{"MV1":0.3174225509952673,"MV3":0.030353853085596905,"CH1":0.3499043803114237}