{"MV1":0.8496423961386962,"MV3":0.3422149000374224,"CH1":0.30857262844239}