{"MV1":0.23698299773214515,"MV3":0.2977046262475934,"CH1":0.5893543249166686}