{"MV1":0.2640150448917229,"MV3":0.14418280187082744,"CH1":0.04271944846014053}