{"MV1":0.08390274545086773,"MV3":0.9825100128534142,"CH1":0.5064161985043447}