{"MV1":0.9324064639833346,"MV3":0.04661382979998019,"CH1":0.9777410196226318}