{"MV1":0.11924952313887816,"MV3":0.11266839759252079,"CH1":0.8722652885965526}