{"MV1":0.8406491149461665,"MV3":0.13680392883136616,"CH1":0.9238667459204557}