{"MV1":0.17334700106656242,"MV3":0.32438277164389195,"CH1":0.07214805553872883}