{"MV1":0.9150996940643369,"MV3":0.3298454780751089,"CH1":0.4689280167705444}