{"MV1":0.7947734910633231,"MV3":0.1526979594511495,"CH1":0.8836481159795326}