{"MV1":0.1447562971541515,"MV3":0.7763547523398682,"CH1":0.7649459213772201}