{"MV1":0.45164815598343955,"MV3":0.34532597150949473,"CH1":0.6086896740985868}