{"MV1":0.8677340362773248,"MV3":0.356084092941643,"CH1":0.32902179530467}