{"MV1":0.36375582348870816,"MV3":0.6644057685715583,"CH1":0.7268010911266417}