{"MV1":0.3197726950754586,"MV3":0.5558096010937029,"CH1":0.028774024433830148}