{"MV1":0.6700508845344039,"MV3":0.8749724498413144,"CH1":0.7349918255186281}