{"MV1":0.5129920128340227,"MV3":0.004902616081964517,"CH1":0.45422347657297013}