{"MV1":0.414072625838392,"MV3":0.2255779791176521,"CH1":0.29034585522662915}