{"MV1":0.4485289763134831,"MV3":0.12043767033272401,"CH1":0.06622235087510941}