{"MV1":0.251742883715077,"MV3":0.5539157425076484,"CH1":0.44584436643155856}