{"MV1":0.8165227811877783,"MV3":0.5346847869400707,"CH1":0.175226209106785}