{"MV1":0.09952390376815834,"MV3":0.20583575145303534,"CH1":0.05638717793157855}