{"MV1":0.09568057468558411,"MV3":0.5357761086978468,"CH1":0.34317188069869875}