{"MV1":0.7429947368605004,"MV3":0.6561413724179024,"CH1":0.7334286977386781}