{"MV1":0.26634208441379104,"MV3":0.9370446302063804,"CH1":0.9868362533645015}