{"MV1":0.7631679189484262,"MV3":0.35563707617468154,"CH1":0.8392442154339755}