{"MV1":0.6225797187764024,"MV3":0.8743473288677752,"CH1":0.5893004580107122}