{"MV1":0.27753399127653855,"MV3":0.04576568735236286,"CH1":0.4714585550736644}