{"MV1":0.15547025029085415,"MV3":0.33005886766967707,"CH1":0.7777418800013766}