{"MV1":0.7850045083460649,"MV3":0.2154187189543595,"CH1":0.9918957529331206}