{"MV1":0.6920921366378632,"MV3":0.8841457279055258,"CH1":0.1574618964126422}