{"MV1":0.22037276064071254,"MV3":0.15654824454330674,"CH1":0.15107149870924264}