{"MV1":0.4809187227900734,"MV3":0.5055860313263905,"CH1":0.7748402570073866}