{"MV1":0.4733572191134713,"MV3":0.21131232248286336,"CH1":0.03915763513104509}