{"MV1":0.6503331546395589,"MV3":0.06556764332441378,"CH1":0.4016171272134834}