{"MV1":0.2324433128322192,"MV3":0.41932127482722603,"CH1":0.7691375675333111}