{"MV1":0.7599759833164449,"MV3":0.652154008646269,"CH1":0.6583431818120686}