{"MV1":0.7485100367141934,"MV3":0.38312674877746644,"CH1":0.6329747128952155}