{"MV1":0.9098332145316762,"MV3":0.47346765206924935,"CH1":0.8777472384500191}