{"MV1":0.49460963973200733,"MV3":0.6393797897273557,"CH1":0.9882642511951547}