{"MV1":0.9163342139716298,"MV3":0.8722207708140439,"CH1":0.18429901775322444}