{"MV1":0.42057195804574643,"MV3":0.2720831945492165,"CH1":0.9656360550277657}