{"MV1":0.6090260649481023,"MV3":0.2438648671930732,"CH1":0.9858659256740241}