{"MV1":0.6898989347991971,"MV3":0.36616572357992105,"CH1":0.34565854932775486}