{"MV1":0.6021651413329696,"MV3":0.8450200621511672,"CH1":0.5925892814173144}