{"MV1":0.7023778002301477,"MV3":0.6985441886122041,"CH1":0.07181271593863425}