{"MV1":0.11167941129660364,"MV3":0.9213541990115924,"CH1":0.34185108746858806}