{"MV1":0.6045550122983829,"MV3":0.11383479793266571,"CH1":0.8228506330523114}