{"MV1":0.36501203529753246,"MV3":0.5328387478215649,"CH1":0.6321853862993173}