{"MV1":0.3596200993268751,"MV3":0.00039442657749755305,"CH1":0.6366285935869798}