{"MV1":0.09105762125648587,"MV3":0.43374936866779157,"CH1":0.3703409798580928}