{"MV1":0.8402228046005599,"MV3":0.9718725100295547,"CH1":0.9752953408357857}