{"MV1":0.682672873155214,"MV3":0.710790467409379,"CH1":0.8342782974919191}