{"MV1":0.6325987802079346,"MV3":0.5295369226012312,"CH1":0.010648293103006967}