{"MV1":0.6666844410143814,"MV3":0.5848816050414062,"CH1":0.546310731564091}