{"MV1":0.09142864301655607,"MV3":0.4163102325819261,"CH1":0.021611910880065532}