{"MV1":0.2841450247826258,"MV3":0.8804308034720508,"CH1":0.058627094590021356}