{"MV1":0.35588893424861345,"MV3":0.48748479935701705,"CH1":0.4129813710685739}