{"MV1":0.834917469958421,"MV3":0.6334736455038417,"CH1":0.9847108715188051}