{"MV1":0.23877513321161858,"MV3":0.43397534862025666,"CH1":0.28817963564722116}