{"MV1":0.6560867922798168,"MV3":0.6217447430917101,"CH1":0.04212822114999437}