{"MV1":0.3308965033492143,"MV3":0.988669167456252,"CH1":0.45608256433884264}