{"MV1":0.09675149383223669,"MV3":0.9030722217301714,"CH1":0.9337053107063721}