{"MV1":0.5840314289390842,"MV3":0.5803688583700083,"CH1":0.39850710902937303}