{"MV1":0.10856552057141611,"MV3":0.6788909871261147,"CH1":0.4157795142668582}