{"MV1":0.6485551201635852,"MV3":0.514229989394351,"CH1":0.24524683058942476}