{"MV1":0.6232905431458395,"MV3":0.3681734207707432,"CH1":0.4507137430280419}