{"MV1":0.7772701612561,"MV3":0.6249633369505997,"CH1":0.9094614233707622}