{"MV1":0.04369600224098924,"MV3":0.6443242883500192,"CH1":0.05141960676301449}