{"MV1":0.7881199570872967,"MV3":0.9081773176135767,"CH1":0.13035492976007268}