{"MV1":0.05712914615543074,"MV3":0.7491975418926654,"CH1":0.6723764039952191}