{"MV1":0.3040891902083792,"MV3":0.07089017655745633,"CH1":0.5324358122633623}