{"MV1":0.806156778142775,"MV3":0.5358981855937358,"CH1":0.6145725824857831}