{"MV1":0.34466666881323493,"MV3":0.9831084953561842,"CH1":0.41542757369984906}