{"MV1":0.25201252056497936,"MV3":0.5373331099243935,"CH1":0.35867885399053845}