{"MV1":0.10003594675165206,"MV3":0.6702005084807162,"CH1":0.7332641657883805}