{"MV1":0.9810557150212329,"MV3":0.02692807281849241,"CH1":0.5987598338485456}