{"MV1":0.6426215310298726,"MV3":0.15477971137375623,"CH1":0.14813173329410967}