{"MV1":0.09225801321359928,"MV3":0.574808015326821,"CH1":0.02042374163911509}