{"MV1":0.5207192368884997,"MV3":0.9433516688582513,"CH1":0.23312463854585397}