{"MV1":0.6679807109396081,"MV3":0.08589739536113083,"CH1":0.7112199731323382}