{"MV1":0.4689402005683212,"MV3":0.2460432276932818,"CH1":0.5229561407992066}