{"MV1":0.07962315110872908,"MV3":0.28559303666410685,"CH1":0.9250182704792872}