{"MV1":0.9919579661109348,"MV3":0.6801132916716712,"CH1":0.46608807056658685}