{"MV1":0.6796503248325771,"MV3":0.025554192439373957,"CH1":0.7912570752715905}