{"MV1":0.8825075237140658,"MV3":0.5816054325490133,"CH1":0.4213276911826065}