{"MV1":0.8379672816179381,"MV3":0.4046686971885898,"CH1":0.5253554626503777}