{"MV1":0.6909185749409608,"MV3":0.3925081269532984,"CH1":0.8587796073164276}