{"MV1":0.4163305477298057,"MV3":0.09650737693922062,"CH1":0.6503318933676676}