{"MV1":0.14561966942063143,"MV3":0.10880650182810125,"CH1":0.7973660707741775}