{"MV1":0.3119080577600325,"MV3":0.0019456709427294605,"CH1":0.7046856128493052}