{"MV1":0.4705408495074409,"MV3":0.6212171318248194,"CH1":0.7488924264046382}