{"MV1":0.3999337628148141,"MV3":0.13721448158228167,"CH1":0.8255165270366079}