{"MV1":0.5596101566131446,"MV3":0.5873549063712327,"CH1":0.10132579229967442}