{"MV1":0.02602364199301388,"MV3":0.07269905559682222,"CH1":0.8988408536915046}