{"MV1":0.21934487505268208,"MV3":0.21301656514358935,"CH1":0.7092195289866319}