{"MV1":0.9197361130219402,"MV3":0.6956290812569227,"CH1":0.5953570226934449}