{"MV1":0.3105850216381181,"MV3":0.4844996559450331,"CH1":0.4564341506742293}