{"MV1":0.6334863390234843,"MV3":0.30209424031393484,"CH1":0.820114331989304}