{"MV1":0.5375781783803926,"MV3":0.1608010970510051,"CH1":0.15779188069104}