{"MV1":0.5493796850416035,"MV3":0.016296232233477426,"CH1":0.597055400308501}