{"MV1":0.08906914728123205,"MV3":0.9768664947871664,"CH1":0.015431521410756877}