{"MV1":0.38554205048389656,"MV3":0.5192552651741906,"CH1":0.8900877339210195}