{"MV1":0.6175856291502638,"MV3":0.14808500142946313,"CH1":0.8778712632972485}