{"MV1":0.5544305204045168,"MV3":0.8880599209990541,"CH1":0.38571369585061743}