{"MV1":0.7631688427569387,"MV3":0.6813358656220491,"CH1":0.7730982078865352}