{"MV1":0.8045920720234331,"MV3":0.5004411014752441,"CH1":0.22381131759584416}