{"MV1":0.6238777894456677,"MV3":0.0777497759144764,"CH1":0.19479107883846758}