{"MV1":0.50276871576556,"MV3":0.09664699528208331,"CH1":0.9023742743625748}