{"MV1":0.6152728358234113,"MV3":0.2627666328604309,"CH1":0.38172698363227797}