{"MV1":0.896068291778495,"MV3":0.6677572966837492,"CH1":0.8774109640044108}