{"MV1":0.04388082833168594,"MV3":0.38106324478386244,"CH1":0.011383967521457983}