{"MV1":0.8907150191214724,"MV3":0.16159100887522482,"CH1":0.8903240298771178}