{"MV1":0.21749321498641128,"MV3":0.8280230597253772,"CH1":0.8996586511072003}