{"MV1":0.7343973958380877,"MV3":0.5134767561509266,"CH1":0.9001221664203547}