{"MV1":0.6688635245104095,"MV3":0.39484815909144766,"CH1":0.48461587206170864}