{"MV1":0.48116762127545676,"MV3":0.6004280097446362,"CH1":0.4950093969071858}