{"MV1":0.7068965588019529,"MV3":0.1435993720798736,"CH1":0.3461397444392619}