{"MV1":0.19152015124210198,"MV3":0.8881229062245656,"CH1":0.2738315553221482}