{"MV1":0.3049135308183929,"MV3":0.3344999876046628,"CH1":0.3792387416102968}