{"MV1":0.6178571661390669,"MV3":0.43912012367412656,"CH1":0.31485294844709066}