{"MV1":0.08140308886289871,"MV3":0.9024373601944944,"CH1":0.8676032186919203}