{"MV1":0.038288164103337796,"MV3":0.1357889256715381,"CH1":0.3627413108609948}