{"MV1":0.6409049213456252,"MV3":0.5130539789302727,"CH1":0.11931741435322007}