{"MV1":0.46966454892913345,"MV3":0.2847624448149305,"CH1":0.9964940365688657}