{"MV1":0.035588410031316964,"MV3":0.09263409702674319,"CH1":0.47554566520996655}