{"MV1":0.3170648450809489,"MV3":0.5363683980667385,"CH1":0.5418960470893065}