{"MV1":0.6502158353588996,"MV3":0.18092901844099862,"CH1":0.8733508352136804}