{"MV1":0.5359650697594787,"MV3":0.5383532932503802,"CH1":0.4207099554568371}