{"MV1":0.8085771396134783,"MV3":0.15830729977527058,"CH1":0.5700287242023192}