{"MV1":0.9457993672342854,"MV3":0.4007611617451684,"CH1":0.44804407541603475}