{"MV1":0.8077653984985135,"MV3":0.7197432883090638,"CH1":0.8401746020468741}