{"MV1":0.8518326242375523,"MV3":0.8727075897302302,"CH1":0.647329058474957}