{"MV1":0.6225945880805351,"MV3":0.046565068667093645,"CH1":0.97974521010165}