{"MV1":0.06906277016486684,"MV3":0.8807729221178012,"CH1":0.5020169611798563}