{"MV1":0.7729514142849507,"MV3":0.3061682071702454,"CH1":0.5377040468217292}