{"MV1":0.7815376464740269,"MV3":0.26569459056185374,"CH1":0.005932295528189191}