{"MV1":0.18913597505536928,"MV3":0.16144977508722247,"CH1":0.5326688759181991}