{"MV1":0.5909220795782142,"MV3":0.07414613068389397,"CH1":0.2018255555897578}