{"MV1":0.9528929302923146,"MV3":0.9983256054621958,"CH1":0.3688348566233396}