{"MV1":0.5036532862704237,"MV3":0.8582730495262773,"CH1":0.5714747603576473}