{"MV1":0.3323993957994392,"MV3":0.19316928445802273,"CH1":0.004583744174810889}