{"MV1":0.4606944466293652,"MV3":0.27972916070479603,"CH1":0.6918876175505669}