{"MV1":0.45300699542846024,"MV3":0.7053785978987983,"CH1":0.382871637197728}