{"MV1":0.4212138680050803,"MV3":0.004412408803887158,"CH1":0.5783208333400389}