{"MV1":0.3505915117486923,"MV3":0.25479188478702774,"CH1":0.3929606541599616}