{"MV1":0.22651203885433313,"MV3":0.8118184590740546,"CH1":0.3029853927266216}