{"MV1":0.27355749749454206,"MV3":0.9686515355764523,"CH1":0.11498030614730603}