{"MV1":0.7849235538777672,"MV3":0.7132624191266641,"CH1":0.6764416678191003}