{"MV1":0.16366251892779393,"MV3":0.1390484186697546,"CH1":0.35914337435391175}