{"MV1":0.9314886040317886,"MV3":0.11091159426382691,"CH1":0.21823880866696654}