{"MV1":0.35422357429282336,"MV3":0.9013196603924921,"CH1":0.1869835848213054}