{"MV1":0.6116265648539133,"MV3":0.5273175713280369,"CH1":0.29395054341986293}