{"MV1":0.12431841360724505,"MV3":0.81096958084656,"CH1":0.8626815236457507}