{"MV1":0.7361105621101771,"MV3":0.1759717802279972,"CH1":0.2048728628232932}