{"MV1":0.42838653954386174,"MV3":0.22332822243553907,"CH1":0.5709774252271105}