{"MV1":0.9015674875706342,"MV3":0.23003601457687184,"CH1":0.7210942515920039}