{"MV1":0.6850749056062538,"MV3":0.8326067487499474,"CH1":0.19837002196965614}