{"MV1":0.27649995702676944,"MV3":0.8977425884225357,"CH1":0.8655262285596689}