{"MV1":0.6190130475656842,"MV3":0.0007221551264225967,"CH1":0.9364940482648026}