{"MV1":0.9387731728898645,"MV3":0.5353877512060461,"CH1":0.9239135227085503}