{"MV1":0.799831980762313,"MV3":0.20346473415895627,"CH1":0.11634605311029189}