{"MV1":0.9842556140822132,"MV3":0.36055744106211474,"CH1":0.17143089877532702}