{"MV1":0.5115058555853919,"MV3":0.12315946065530992,"CH1":0.5830316204938845}