{"MV1":0.4450218532280621,"MV3":0.1390401614101313,"CH1":0.37960641205427803}