{"MV1":0.5307313650836357,"MV3":0.0186607657842347,"CH1":0.24780572797943512}