{"MV1":0.8189661738078502,"MV3":0.23144965402964146,"CH1":0.07278953414096223}