{"MV1":0.3704470171488312,"MV3":0.6540799396082339,"CH1":0.09934026480329694}