{"MV1":0.47906169225632544,"MV3":0.2877875046069073,"CH1":0.9794428556869912}