{"MV1":0.7619720691555132,"MV3":0.9589936581716219,"CH1":0.9630783979816688}