{"MV1":0.5558500375971808,"MV3":0.21916109009524132,"CH1":0.8300287998351469}