{"MV1":0.28056993458552093,"MV3":0.33298153463992985,"CH1":0.3075107513042715}