{"MV1":0.8323324738673199,"MV3":0.4057224251375239,"CH1":0.8772761712431408}