{"MV1":0.3414644826715372,"MV3":0.4918443674330427,"CH1":0.05981495533947345}