{"MV1":0.046061827312903314,"MV3":0.2348929179700131,"CH1":0.27639915820363803}