{"MV1":0.19902778949146827,"MV3":0.5800847717002201,"CH1":0.3290212902686038}