{"MV1":0.9500986134654937,"MV3":0.9624085576105179,"CH1":0.042921744882138624}