{"MV1":0.2685167811695671,"MV3":0.7713720081330379,"CH1":0.6615869703922987}