{"MV1":0.03489280457652166,"MV3":0.867285652117843,"CH1":0.9561224809767923}