{"MV1":0.41304314470413483,"MV3":0.6661252393912184,"CH1":0.3961956616911094}