{"MV1":0.15862128891535499,"MV3":0.5706042868909236,"CH1":0.4124020214397448}