{"MV1":0.642982069280232,"MV3":0.2918430132293104,"CH1":0.541430537187925}