{"MV1":0.11066581992631719,"MV3":0.506695375358255,"CH1":0.3596201252167449}