{"MV1":0.1591267028037956,"MV3":0.6329320003206954,"CH1":0.5823582278269036}