{"MV1":0.9948549097655799,"MV3":0.016551819229386755,"CH1":0.44732940569318547}