{"MV1":0.6695443589463226,"MV3":0.06534271209132658,"CH1":0.5683143422534758}