{"MV1":0.08533924758026534,"MV3":0.2513045536855306,"CH1":0.1598499319070109}