{"MV1":0.3875236602858839,"MV3":0.6587228236254604,"CH1":0.2959440247337488}