{"MV1":0.9254804480671776,"MV3":0.8058602476823733,"CH1":0.36803641488107386}