{"MV1":0.4568691751808218,"MV3":0.4197284175657502,"CH1":0.7302229607868539}