{"MV1":0.8994523182219603,"MV3":0.6296484735436753,"CH1":0.5496972172331994}