{"MV1":0.21599044028165482,"MV3":0.9718865924635969,"CH1":0.8392219303417191}