{"MV1":0.9011521535152082,"MV3":0.47883330877855224,"CH1":0.48689416886800607}