{"MV1":0.6429375648395196,"MV3":0.5010428525086226,"CH1":0.4949770425415403}