{"MV1":0.19651567288259097,"MV3":0.015896472503458603,"CH1":0.9875153154894862}