{"MV1":0.4422207639906036,"MV3":0.684462945953014,"CH1":0.9865673688920972}