{"MV1":0.988291458341648,"MV3":0.7184415524622979,"CH1":0.5222007586130134}