{"MV1":0.5926305230254997,"MV3":0.7194853407687931,"CH1":0.08609530466296522}