{"MV1":0.11997666669596463,"MV3":0.23800052725841025,"CH1":0.21527331316142817}