{"MV1":0.8451655427564766,"MV3":0.5594369733443124,"CH1":0.4436443062061056}