{"MV1":0.46229097568224553,"MV3":0.8347928363976366,"CH1":0.7301508175542447}