{"MV1":0.017824374238606278,"MV3":0.1969716872366193,"CH1":0.9763618470675131}