{"MV1":0.410134039779127,"MV3":0.7574913410661553,"CH1":0.8351692396689497}