{"MV1":0.42095591883583683,"MV3":0.4925756127606892,"CH1":0.8961825363318174}