{"MV1":0.599031712983614,"MV3":0.7734606922937716,"CH1":0.5517537603720947}