{"MV1":0.07522060319044066,"MV3":0.504508339521163,"CH1":0.4190037216502267}