{"MV1":0.3400970099793872,"MV3":0.02242659857840723,"CH1":0.3696368578464635}