{"MV1":0.02872922413771095,"MV3":0.8018554200329863,"CH1":0.42351812241170417}