{"MV1":0.5509182297256076,"MV3":0.23670234988326444,"CH1":0.09993088070086276}