{"MV1":0.21728095118232071,"MV3":0.4192333781634444,"CH1":0.1409742236109255}