{"MV1":0.4118438872808108,"MV3":0.47351367129623534,"CH1":0.056478530472505395}