{"MV1":0.5979329008001267,"MV3":0.03542960343602153,"CH1":0.4021136690262479}