{"MV1":0.2569339268947062,"MV3":0.6720999262929572,"CH1":0.14960148501688642}