{"MV1":0.9094136217419807,"MV3":0.16511122643288367,"CH1":0.11824638129530884}