{"MV1":0.6100236217213346,"MV3":0.04538195896177866,"CH1":0.9045987261471365}