{"MV1":0.19691461277566424,"MV3":0.3975318939979011,"CH1":0.2353773414417849}