{"MV1":0.7626756073611666,"MV3":0.5467816303597357,"CH1":0.21339345113352803}