{"MV1":0.11467440738501311,"MV3":0.5735201171881564,"CH1":0.17722858957075494}