{"MV1":0.7261197292040285,"MV3":0.5350670347722454,"CH1":0.7698438384187327}