{"MV1":0.699073822168206,"MV3":0.9305734242120085,"CH1":0.29149008021025}