{"MV1":0.7237278731319654,"MV3":0.5624538220287697,"CH1":0.6138975938631981}