{"MV1":0.6471874388274953,"MV3":0.8800055681572779,"CH1":0.9177488329526035}