{"MV1":0.8599655574678376,"MV3":0.5436181187358683,"CH1":0.6956955827249747}