{"MV1":0.8270943268643187,"MV3":0.60321619741847,"CH1":0.8870336790774116}