{"MV1":0.6584793963433413,"MV3":0.5283774740023792,"CH1":0.9991090361760638}