{"MV1":0.0719718090480902,"MV3":0.24675401198101432,"CH1":0.19706891543050709}