{"MV1":0.21340963277002534,"MV3":0.7423648867302299,"CH1":0.616914361481528}