{"MV1":0.6264653680257467,"MV3":0.400437262718902,"CH1":0.23954045666677015}