{"MV1":0.2216127690563262,"MV3":0.3013284673967508,"CH1":0.5022463851238305}