{"MV1":0.7808760842799579,"MV3":0.0969347027467875,"CH1":0.44170659402070167}