{"MV1":0.3990559006233333,"MV3":0.005640846285019485,"CH1":0.7383587858125665}