{"MV1":0.303918102238687,"MV3":0.9359960348660719,"CH1":0.4051607496096915}