{"MV1":0.4700683032261055,"MV3":0.8323248385997153,"CH1":0.8023004735959255}