{"MV1":0.052474176552463114,"MV3":0.9705599823550062,"CH1":0.0957504725898104}