{"MV1":0.31019379245607037,"MV3":0.7755590578427353,"CH1":0.30900809394811124}