{"MV1":0.9913997784600193,"MV3":0.4475265348343984,"CH1":0.7055290513736535}