{"MV1":0.847932106369095,"MV3":0.06715045958838206,"CH1":0.23119655791892446}