{"MV1":0.8452242791273321,"MV3":0.22154751217489088,"CH1":0.6176327766352772}