{"MV1":0.4710141279307727,"MV3":0.8376104764308614,"CH1":0.4544297323103498}