{"MV1":0.09599246573795595,"MV3":0.5337124285968213,"CH1":0.02237093770450682}