{"MV1":0.3199618856049804,"MV3":0.04174561515599562,"CH1":0.3300100089838518}