{"MV1":0.4628938746563269,"MV3":0.26855847696591384,"CH1":0.6734346238945682}