{"MV1":0.6041977438149654,"MV3":0.22190679513544154,"CH1":0.19450137179497107}