{"MV1":0.31556933891662065,"MV3":0.9487733281499207,"CH1":0.8821098691306961}