{"MV1":0.49206917290504637,"MV3":0.08812329552120945,"CH1":0.1701180321351593}