{"MV1":0.16316708422539716,"MV3":0.5327272905417432,"CH1":0.17386140540957673}