{"MV1":0.2230354755995848,"MV3":0.9474691671136386,"CH1":0.6685622171609513}