{"MV1":0.10355529886822534,"MV3":0.8241305306828235,"CH1":0.716337898994606}