{"MV1":0.9183976868849143,"MV3":0.4623370594337498,"CH1":0.22122107804031543}