{"MV1":0.42014580181901506,"MV3":0.5386462862426197,"CH1":0.5812607192014427}