{"MV1":0.5277270036220897,"MV3":0.6727335397607085,"CH1":0.24001026038010154}