{"MV1":0.7245586742746785,"MV3":0.7514952302629179,"CH1":0.5785112948124499}