{"MV1":0.6144501324351682,"MV3":0.9300430020155628,"CH1":0.03379669706213051}