{"MV1":0.43012512552515647,"MV3":0.5574444288448198,"CH1":0.9449108658398153}