{"MV1":0.8652668307275362,"MV3":0.8591247107285048,"CH1":0.8541224128704173}