{"MV1":0.8669194554512496,"MV3":0.04822521283649317,"CH1":0.2528533298104142}