{"MV1":0.10547629107586132,"MV3":0.98948533971344,"CH1":0.10893072137445303}