{"MV1":0.48944997696575276,"MV3":0.45233047877325405,"CH1":0.2046274508731588}