{"MV1":0.37765919420013283,"MV3":0.6044562549366954,"CH1":0.06793733865030771}