{"MV1":0.4712300961370042,"MV3":0.7440161751943077,"CH1":0.6876947072633929}