{"MV1":0.8243156622631335,"MV3":0.2949944191128506,"CH1":0.4571459657050133}