{"MV1":0.5413834154830107,"MV3":0.7424781088130373,"CH1":0.7576139572266868}