{"MV1":0.4238865576656845,"MV3":0.511268283609574,"CH1":0.22289809182607867}