{"MV1":0.10554203890047298,"MV3":0.6180848295913298,"CH1":0.537442544175849}