{"MV1":0.43154231400018084,"MV3":0.18983482942895813,"CH1":0.4405705881726255}