{"MV1":0.9829510833710042,"MV3":0.9788499943656515,"CH1":0.9157217016592617}