{"MV1":0.6774241499277222,"MV3":0.06933529568451646,"CH1":0.9468498462892136}