{"MV1":0.9716670301343975,"MV3":0.8885662372397638,"CH1":0.05614499187050226}