{"MV1":0.5736092316891152,"MV3":0.7898033951829538,"CH1":0.8277895088750338}