{"MV1":0.8114168582236841,"MV3":0.8121149394244774,"CH1":0.8340852350590473}