{"MV1":0.14171803889381007,"MV3":0.6894928562454973,"CH1":0.8213904718607435}