{"MV1":0.4041013345097878,"MV3":0.45434967939331183,"CH1":0.8793581091690836}