{"MV1":0.5185680604398824,"MV3":0.2567979531115323,"CH1":0.6278714826881752}