{"MV1":0.46775098585418307,"MV3":0.39454565231472993,"CH1":0.284329532932343}