{"MV1":0.6177986352952567,"MV3":0.46342835635566126,"CH1":0.6344974813856452}