{"MV1":0.42731499697775943,"MV3":0.040562698669588615,"CH1":0.7455559075374086}