{"MV1":0.3380736932515175,"MV3":0.9392277389089297,"CH1":0.882002921375027}