{"MV1":0.3876883353137994,"MV3":0.31107529400231815,"CH1":0.3772897576649905}