{"MV1":0.39630453736164306,"MV3":0.23816751414350823,"CH1":0.15860153138428434}