{"MV1":0.2554231860732974,"MV3":0.93087209884935,"CH1":0.5931670265834248}