{"MV1":0.5995029669651294,"MV3":0.5209150289587594,"CH1":0.9357857630796073}