{"MV1":0.6677633856204586,"MV3":0.8306895620612154,"CH1":0.4921322089159951}