{"MV1":0.14793192479067307,"MV3":0.14374201372659245,"CH1":0.18472605815667498}