{"MV1":0.3334572424659683,"MV3":0.7723061699704646,"CH1":0.9049273506761826}