{"MV1":0.26351933498389646,"MV3":0.17775528565716003,"CH1":0.7972681266207267}