{"MV1":0.262753734902909,"MV3":0.9214995287482153,"CH1":0.5011436051704521}