{"MV1":0.8174038624441163,"MV3":0.983951071009381,"CH1":0.5414630340340317}