{"MV1":0.41667021733555776,"MV3":0.5622581228090567,"CH1":0.790102684244493}