{"MV1":0.058882159259776246,"MV3":0.7184467212592389,"CH1":0.2327661966354675}