{"MV1":0.923033432603583,"MV3":0.08189484104195166,"CH1":0.9969128288126652}