{"MV1":0.3532996479691227,"MV3":0.07341776948384848,"CH1":0.7108785140855027}