{"MV1":0.8442288744566621,"MV3":0.40828426587996003,"CH1":0.1554178132976639}