{"MV1":0.958915842120688,"MV3":0.11842727910527273,"CH1":0.741406420956574}