{"MV1":0.6436230926203556,"MV3":0.940318667762744,"CH1":0.4596598190613588}