{"MV1":0.13197151983302513,"MV3":0.14249973580370057,"CH1":0.6169494016803787}