{"MV1":0.7579538903268415,"MV3":0.8435483197130619,"CH1":0.10378884776550579}