{"MV1":0.19857299907275405,"MV3":0.7083793804968812,"CH1":0.33909382241702246}