{"MV1":0.9486959715856741,"MV3":0.6739615746229028,"CH1":0.6332661952779015}