{"MV1":0.7695015568392163,"MV3":0.14963122067281054,"CH1":0.8393738681113495}