{"MV1":0.829180893432466,"MV3":0.4155264814245049,"CH1":0.18404582648246315}