{"MV1":0.45878890986713405,"MV3":0.5684180643465236,"CH1":0.31716339626668133}