{"MV1":0.36890895222053366,"MV3":0.487058929866645,"CH1":0.8756473534284072}