{"MV1":0.5246871787241376,"MV3":0.01279008717989194,"CH1":0.102573056625762}