{"MV1":0.17454872782800124,"MV3":0.03270976819261573,"CH1":0.9719520122580584}