{"MV1":0.8303867133465912,"MV3":0.07858278826031495,"CH1":0.8888371597162369}