{"MV1":0.34796748980042136,"MV3":0.5325991389287411,"CH1":0.9001237498968903}