{"MV1":0.10523994523705726,"MV3":0.23534837224453498,"CH1":0.6175307339116907}