{"MV1":0.14474803836306394,"MV3":0.6827011409083995,"CH1":0.33211891540750316}