{"MV1":0.9575837715662615,"MV3":0.054877345598413174,"CH1":0.39375800950420625}