{"MV1":0.07409725549005308,"MV3":0.9579398191120799,"CH1":0.6768112571323757}