{"MV1":0.9069399469435261,"MV3":0.7410185409754958,"CH1":0.3878321334214616}