{"MV1":0.1583122487938602,"MV3":0.7665927681802162,"CH1":0.7629109463930868}