{"MV1":0.9111153934029155,"MV3":0.08836841140982221,"CH1":0.6502435838816285}