{"MV1":0.43505636303841566,"MV3":0.6438637175765242,"CH1":0.3180574616770059}