{"MV1":0.8223488342283669,"MV3":0.7951034813495115,"CH1":0.26553888860751096}