{"MV1":0.34706209986161085,"MV3":0.5474044033006872,"CH1":0.9996497836004202}