{"MV1":0.06855588758965725,"MV3":0.17086592004157408,"CH1":0.22915342223096358}