{"MV1":0.17276048886469153,"MV3":0.09085108588875634,"CH1":0.5943361379155365}