{"MV1":0.8883264112313644,"MV3":0.8973485326381179,"CH1":0.6676430112464667}