{"MV1":0.7311115613748547,"MV3":0.8080654399733244,"CH1":0.9759158537765724}