{"MV1":0.06496293060741631,"MV3":0.3272630076164613,"CH1":0.9385283068495447}