{"MV1":0.6559047122321773,"MV3":0.05029829888560311,"CH1":0.7162938578196385}