{"MV1":0.6088443509524004,"MV3":0.007669970493404787,"CH1":0.5677054617925648}