{"MV1":0.5033298550022964,"MV3":0.9406900815431104,"CH1":0.6971238550529398}