{"MV1":0.02852661366496312,"MV3":0.9974013339576925,"CH1":0.9314573812791763}