{"MV1":0.3945920308646266,"MV3":0.9020186121442784,"CH1":0.5793252759433085}