{"MV1":0.9803979599201105,"MV3":0.04865524911077446,"CH1":0.3141458351042068}