{"MV1":0.9383422273318783,"MV3":0.5199938401631174,"CH1":0.40037139440705083}