{"MV1":0.03830155200425123,"MV3":0.5147208302979859,"CH1":0.8408977556074423}