{"MV1":0.8190363594600619,"MV3":0.6261963349984256,"CH1":0.4963404715586167}