{"MV1":0.5093911394475084,"MV3":0.7347641185667868,"CH1":0.8674531125366819}