{"MV1":0.4289309766794379,"MV3":0.0797760543313869,"CH1":0.16787568069404157}