{"MV1":0.6056602934567303,"MV3":0.5158725977381657,"CH1":0.8254582644866373}