{"MV1":0.298886356644292,"MV3":0.5481760291996426,"CH1":0.549970285855468}