{"MV1":0.8664135721372311,"MV3":0.2233244758461882,"CH1":0.5717800927180166}