{"MV1":0.6363729332491572,"MV3":0.6400220112595197,"CH1":0.8153374048284672}