{"MV1":0.2419636333337707,"MV3":0.39600220948670095,"CH1":0.6425476253288173}