{"MV1":0.03167915019700762,"MV3":0.03489483454629838,"CH1":0.7801968644355358}