{"MV1":0.8109887217560068,"MV3":0.6411955667814311,"CH1":0.4772528135738543}