{"MV1":0.28298910486039186,"MV3":0.469747635982684,"CH1":0.214533470704239}