{"MV1":0.486985992615536,"MV3":0.7423427516945308,"CH1":0.7683490788301841}