{"MV1":0.6017253763758381,"MV3":0.5624691427042711,"CH1":0.9116355036297698}