{"MV1":0.09493684302728023,"MV3":0.7794963846831839,"CH1":0.19501362190365812}