{"MV1":0.014844034758243807,"MV3":0.9732051991136591,"CH1":0.5496292753032885}