{"MV1":0.24842559143104848,"MV3":0.09175062516848187,"CH1":0.9634409305350234}