{"MV1":0.02900440807889404,"MV3":0.48294861586659443,"CH1":0.07513602077684833}