{"MV1":0.5576725561352739,"MV3":0.9787113127185103,"CH1":0.7457339131121519}