{"MV1":0.8453827941454094,"MV3":0.007683008019444104,"CH1":0.5645683371001472}