{"MV1":0.502768072756456,"MV3":0.19249445436546153,"CH1":0.4272986313108569}