{"MV1":0.4850903442088498,"MV3":0.5346476859399548,"CH1":0.3258831978482868}