{"MV1":0.7970153305701877,"MV3":0.297763903709635,"CH1":0.8429025135100375}