{"MV1":0.012494011199017718,"MV3":0.0743054971439644,"CH1":0.9930614424624281}