{"MV1":0.1331966126737868,"MV3":0.9968807573303519,"CH1":0.038359466742545756}