{"MV1":0.4972904449368728,"MV3":0.9204333115429072,"CH1":0.6658390781460819}