{"MV1":0.3432427992094699,"MV3":0.0299881526476935,"CH1":0.7070775228085576}