{"MV1":0.7772548885764039,"MV3":0.9827992034993811,"CH1":0.7261818124201684}