{"MV1":0.8172292622826453,"MV3":0.2675518973442227,"CH1":0.767550560568339}