{"MV1":0.38914057191405227,"MV3":0.7608271269524932,"CH1":0.08639275016846204}