{"MV1":0.08324070191772137,"MV3":0.19242538765578943,"CH1":0.7079631542802696}