{"MV1":0.9260741467339457,"MV3":0.25053235820324915,"CH1":0.8292942193203588}