{"MV1":0.4629706663458615,"MV3":0.1905148982088135,"CH1":0.9387024658007973}