{"MV1":0.2885941798317532,"MV3":0.5854397026584442,"CH1":0.15733035203374768}