{"MV1":0.6727554213247839,"MV3":0.6936390433651782,"CH1":0.8377032986355448}