{"MV1":0.011496137630613745,"MV3":0.5303254695850114,"CH1":0.468457448535911}