{"MV1":0.16844335952355638,"MV3":0.2159753484735908,"CH1":0.9914895884764404}