{"MV1":0.8264373031765353,"MV3":0.24923057493294853,"CH1":0.8839591328300257}