{"MV1":0.023713627631012812,"MV3":0.16208907364401481,"CH1":0.43470559450119106}