{"MV1":0.8017447737333172,"MV3":0.1553166680181971,"CH1":0.6919074028780723}