{"MV1":0.6020067817649832,"MV3":0.3348289365529631,"CH1":0.46465299814912475}