{"MV1":0.9824749682782424,"MV3":0.023444499086004322,"CH1":0.14431476478709993}