{"MV1":0.4554798557981665,"MV3":0.7346596772415,"CH1":0.6168138711508404}