{"MV1":0.26281748926373294,"MV3":0.8489629803352344,"CH1":0.9142732971300898}