{"MV1":0.27420848473452664,"MV3":0.05699917696839607,"CH1":0.03444145667827936}