{"MV1":0.24357211091661468,"MV3":0.8061730131428473,"CH1":0.9940813508465477}