{"MV1":0.8643308851560053,"MV3":0.31039122499889094,"CH1":0.43804774827403037}