{"MV1":0.5204659413424148,"MV3":0.19267276143174727,"CH1":0.24315396001071943}