{"MV1":0.32615304058614014,"MV3":0.6396545206284779,"CH1":0.9930100460823227}