{"MV1":0.7651059700160606,"MV3":0.6740749298846923,"CH1":0.10178882464886418}