{"MV1":0.00875424418070514,"MV3":0.8673692121284037,"CH1":0.06056605104714319}