{"MV1":0.8708089848527414,"MV3":0.5868381277427651,"CH1":0.4056660743874415}