{"MV1":0.80887500259651,"MV3":0.5287220744644014,"CH1":0.9328948084597075}