{"MV1":0.8262507890442536,"MV3":0.6569126137146652,"CH1":0.6638543989391676}