{"MV1":0.45939181582629385,"MV3":0.383383420433546,"CH1":0.825201177831043}