{"MV1":0.5591399829303635,"MV3":0.5486938431994434,"CH1":0.8070697983946373}