{"MV1":0.6834877893141437,"MV3":0.5495699574753413,"CH1":0.3258842463519207}