{"MV1":0.4057839419381779,"MV3":0.4779105081238467,"CH1":0.5241936971409431}