{"MV1":0.8266493190696915,"MV3":0.8560289476920416,"CH1":0.7078669401412944}