{"MV1":0.42796151479769184,"MV3":0.7799553999726989,"CH1":0.0894560003537288}