{"MV1":0.3952598269931036,"MV3":0.9719753530225994,"CH1":0.0743829458066726}