{"MV1":0.41644352009993924,"MV3":0.38746786162123836,"CH1":0.40238738160483534}