{"MV1":0.10733149852306789,"MV3":0.9348676915064201,"CH1":0.49850132612923637}