{"MV1":0.19397326490183198,"MV3":0.12257479370975466,"CH1":0.8052923977663805}