{"MV1":0.765163456785887,"MV3":0.1542276951108431,"CH1":0.061534424743723726}