{"MV1":0.7459765686916767,"MV3":0.834089319196342,"CH1":0.20640553535110429}