{"MV1":0.37971112499441995,"MV3":0.10229485064788502,"CH1":0.08308899872007713}