{"MV1":0.6034356284000204,"MV3":0.5429713969012986,"CH1":0.3162495724500086}