{"MV1":0.7564699078718469,"MV3":0.7316421197937332,"CH1":0.783885096525762}