{"MV1":0.10051527888068723,"MV3":0.8650589079723353,"CH1":0.5095556912154798}