{"MV1":0.8069210060480817,"MV3":0.7145679183917478,"CH1":0.7155739202862147}