{"MV1":0.9109958989845358,"MV3":0.25135017607700394,"CH1":0.6142535368938293}