{"MV1":0.9346230042572493,"MV3":0.23488469641178444,"CH1":0.3425294649841911}