{"MV1":0.10031047880263033,"MV3":0.9706584250100999,"CH1":0.7865137248861002}