{"MV1":0.2742529823531442,"MV3":0.8388676614077845,"CH1":0.45209181207404603}