{"MV1":0.6073469858799894,"MV3":0.39382228137443664,"CH1":0.9286874704169389}