{"MV1":0.7643498811001391,"MV3":0.07936319805589531,"CH1":0.2958688138009081}