{"MV1":0.2927939320100268,"MV3":0.4011696218113505,"CH1":0.46110268934643406}