{"MV1":0.5080524784689782,"MV3":0.8292410053465137,"CH1":0.17157418562722215}