{"MV1":0.6234404818157313,"MV3":0.5017841246759954,"CH1":0.6772497766507644}