{"MV1":0.15651399633299645,"MV3":0.5359456367766628,"CH1":0.7847247229324605}