{"MV1":0.035207075244126806,"MV3":0.611134088768003,"CH1":0.832207050548643}