{"MV1":0.6572562700689231,"MV3":0.39350015303091757,"CH1":0.8589595444027643}