{"MV1":0.5297422397085473,"MV3":0.36996466139267514,"CH1":0.7320190499490237}