{"MV1":0.5557541811699684,"MV3":0.9654233109602418,"CH1":0.27057607109395043}