{"MV1":0.7424125544624183,"MV3":0.9258939815604916,"CH1":0.020686935920223637}