{"MV1":0.6991029529106313,"MV3":0.7304543706249493,"CH1":0.02998678157591317}