{"MV1":0.4386504719363781,"MV3":0.6535934200645367,"CH1":0.9110347033367462}