{"MV1":0.5114134625546571,"MV3":0.8935314931183231,"CH1":0.7680375141338688}