{"MV1":0.45349844785321325,"MV3":0.42115415152435853,"CH1":0.2890391052570781}