{"MV1":0.5040537460940095,"MV3":0.460780076978742,"CH1":0.034536108903335805}