{"MV1":0.32507430269933635,"MV3":0.1424097470130664,"CH1":0.4520964525761022}