{"MV1":0.4837089643863097,"MV3":0.396062959610361,"CH1":0.8190190845380075}