{"MV1":0.0025479240928131253,"MV3":0.6665063867084436,"CH1":0.1263203111909733}