{"MV1":0.2909809814076483,"MV3":0.5879129595158522,"CH1":0.8603599090176939}