{"MV1":0.38817873645440926,"MV3":0.41787538421132886,"CH1":0.1482180358720716}