{"MV1":0.5244799238619128,"MV3":0.333859136154967,"CH1":0.5606380201968781}