{"MV1":0.8799398591145893,"MV3":0.46620421283338154,"CH1":0.7711649533250244}