{"MV1":0.7594971144435716,"MV3":0.9104293988205235,"CH1":0.6705349118036145}