{"MV1":0.9075786764208542,"MV3":0.3056524090943836,"CH1":0.27150598344468924}