{"MV1":0.4355314127592159,"MV3":0.3800647774859265,"CH1":0.6118375860026424}