{"MV1":0.8481605344847551,"MV3":0.19848730978894946,"CH1":0.9675772608558464}