{"MV1":0.5399209388889857,"MV3":0.3431910376706394,"CH1":0.2800581580417506}