{"MV1":0.2399294675206447,"MV3":0.8100057305395689,"CH1":0.0012801890586018327}