{"MV1":0.610405369862841,"MV3":0.08487201467577776,"CH1":0.838715108887941}