{"MV1":0.46534487337591957,"MV3":0.5765622449916232,"CH1":0.2639515095577084}