{"MV1":0.8123660556193897,"MV3":0.184979164844989,"CH1":0.339595700179671}