{"MV1":0.6848101555848546,"MV3":0.7746697518483261,"CH1":0.17204845857855044}