{"MV1":0.945892844408598,"MV3":0.04968707194316979,"CH1":0.2900437105930199}