{"MV1":0.3336168343007423,"MV3":0.39387818486715,"CH1":0.05213311886222505}