{"MV1":0.007051857117178706,"MV3":0.0626742377646653,"CH1":0.4204976769243789}