{"MV1":0.7879873236259827,"MV3":0.9929839849073951,"CH1":0.540546702156085}