{"MV1":0.840053655214755,"MV3":0.574896481056461,"CH1":0.9009810324331199}