{"MV1":0.23895603561533718,"MV3":0.1011218387696311,"CH1":0.29004592931975093}