{"MV1":0.03781513105020484,"MV3":0.3634604886652908,"CH1":0.8859907811140053}