{"MV1":0.2680331586184348,"MV3":0.8709332704696755,"CH1":0.7650388728445559}