{"MV1":0.3888495950641,"MV3":0.054719193393692134,"CH1":0.19316132974113087}