{"MV1":0.2308130242986668,"MV3":0.09944460310487302,"CH1":0.696069553671092}