{"MV1":0.599261751221938,"MV3":0.7884583892150046,"CH1":0.09542109847627478}