{"MV1":0.06432366296124548,"MV3":0.6515915342769025,"CH1":0.9903499548552392}