{"MV1":0.3398380273833881,"MV3":0.6970471035778835,"CH1":0.5479485361543797}