{"MV1":0.30951326942084056,"MV3":0.16027900506960535,"CH1":0.17026343229959862}