{"MV1":0.06950361344833078,"MV3":0.026367199004333708,"CH1":0.16132834369728433}