{"MV1":0.9007364926130622,"MV3":0.20421416439120055,"CH1":0.0712384863112876}