{"MV1":0.6529692288568723,"MV3":0.5716755523567703,"CH1":0.2036215381968134}