{"MV1":0.6619354212857236,"MV3":0.6463640141780803,"CH1":0.6851504593587829}