{"MV1":0.2196970945099117,"MV3":0.23909473866937103,"CH1":0.3227332235921996}