{"MV1":0.6690453526678368,"MV3":0.9949535298430418,"CH1":0.23467484288157503}