{"MV1":0.8985708032553047,"MV3":0.08356892125321425,"CH1":0.6383611983688585}