{"MV1":0.6480628161188817,"MV3":0.9444694503582698,"CH1":0.0038136424450919693}