{"MV1":0.28854894900342276,"MV3":0.258648115856166,"CH1":0.7681266076168549}