{"MV1":0.7653800830307322,"MV3":0.53552813308957,"CH1":0.02034850043712355}