{"MV1":0.8390207774354241,"MV3":0.38174069296665714,"CH1":0.02731312419757348}