{"MV1":0.775833141574206,"MV3":0.19252447263048322,"CH1":0.17942481243078823}