{"MV1":0.29206753284005904,"MV3":0.05217553852274259,"CH1":0.6501873902115256}