{"MV1":0.8488241957966196,"MV3":0.777381856611009,"CH1":0.012321186485384605}