{"MV1":0.1899827741292789,"MV3":0.8042463299272686,"CH1":0.05408355174846824}