{"MV1":0.9114493874373847,"MV3":0.040208431581811754,"CH1":0.23711570246802327}