{"MV1":0.6780125947261306,"MV3":0.14968184560220155,"CH1":0.24351744186650115}