{"MV1":0.855492040414745,"MV3":0.9362630506896653,"CH1":0.5121344767985995}