{"MV1":0.41072908656066554,"MV3":0.9834302132079045,"CH1":0.7881694340075955}