{"MV1":0.2847599751177208,"MV3":0.2740456036453074,"CH1":0.17803636591167038}