{"MV1":0.3749491107515118,"MV3":0.3965045284475248,"CH1":0.08962111734533029}