{"MV1":0.5174825471816331,"MV3":0.09989368263656351,"CH1":0.7244914477231261}