{"MV1":0.6511756104267382,"MV3":0.20784970282030402,"CH1":0.3095676179136494}