{"MV1":0.8935150908546062,"MV3":0.06989994207563566,"CH1":0.9129948818407716}