{"MV1":0.937753407278734,"MV3":0.4771506990690233,"CH1":0.946387674986129}