{"MV1":0.365459892809991,"MV3":0.8299945316590136,"CH1":0.15867817769702353}