{"MV1":0.5500290016954883,"MV3":0.9312205619246734,"CH1":0.5621413066281099}