{"MV1":0.04588324444959191,"MV3":0.4577785101235664,"CH1":0.9037468222080993}