{"MV1":0.28000647949735336,"MV3":0.23143371692728432,"CH1":0.16249103909462292}