{"MV1":0.06734715312420081,"MV3":0.9950141965828077,"CH1":0.7404428622470745}