{"MV1":0.40680693216831143,"MV3":0.34368284381544745,"CH1":0.8118378657128543}