{"MV1":0.44245613155942676,"MV3":0.48717568105905984,"CH1":0.7726825504898884}