{"MV1":0.1343811151252814,"MV3":0.5096310385433045,"CH1":0.9010848152161208}