{"MV1":0.954993210104784,"MV3":0.6760838329922011,"CH1":0.7374469752502875}