{"MV1":0.42369408102826933,"MV3":0.6473574002842384,"CH1":0.14728769006265763}