{"MV1":0.2697932675218371,"MV3":0.9941482549449622,"CH1":0.20935189701051238}