{"MV1":0.6795913823937538,"MV3":0.7332775122231859,"CH1":0.08870907923128979}