{"MV1":0.217521549968701,"MV3":0.5161611936048346,"CH1":0.7659292769559561}