{"MV1":0.19777032240379333,"MV3":0.9056153687683706,"CH1":0.46363276140526477}