{"MV1":0.16214648756528527,"MV3":0.8855277433925802,"CH1":0.20664141799741542}