{"MV1":0.8420802368670526,"MV3":0.35804148518436907,"CH1":0.6737376697994533}