{"MV1":0.7557539532982254,"MV3":0.7492415777683316,"CH1":0.8959231106601949}