{"MV1":0.8116679130039514,"MV3":0.19417772849940362,"CH1":0.3432115605850986}