{"MV1":0.3242982429725817,"MV3":0.5680887693401745,"CH1":0.43272932010855614}