{"MV1":0.15823118274683656,"MV3":0.9751622286277684,"CH1":0.21063098547810133}