{"MV1":0.0359912243472974,"MV3":0.5176077255673969,"CH1":0.8889124975563591}