{"MV1":0.5337045416179044,"MV3":0.6969150590434766,"CH1":0.6828453597256884}