{"MV1":0.27140629423835005,"MV3":0.21592632436762615,"CH1":0.6455847188702791}