{"MV1":0.2574246689743416,"MV3":0.7624956933091043,"CH1":0.1171407683557043}