{"MV1":0.9890734881099541,"MV3":0.7117930726907714,"CH1":0.4568754485010793}