{"MV1":0.2604625014774796,"MV3":0.43061523951771985,"CH1":0.4377421330653649}