{"MV1":0.5739262530626905,"MV3":0.9443312881717331,"CH1":0.5033723914407597}