{"MV1":0.4636630775681845,"MV3":0.7146790555251696,"CH1":0.27999918604574314}