{"MV1":0.9586837726931918,"MV3":0.737319021089981,"CH1":0.7299754847930504}