{"MV1":0.2991216528376458,"MV3":0.8034858593941737,"CH1":0.591520282415219}