{"MV1":0.6184707949094771,"MV3":0.5610320156337019,"CH1":0.057290589825397364}