{"MV1":0.9744762134880961,"MV3":0.6441327816114474,"CH1":0.07054666675164745}