{"MV1":0.38967245252483806,"MV3":0.20587330848532237,"CH1":0.24047889971286385}