{"MV1":0.9593265089039225,"MV3":0.9641176989330815,"CH1":0.6403630449989907}