{"MV1":0.051490031832718275,"MV3":0.912230995794888,"CH1":0.9186359302124711}