{"MV1":0.04450537504243701,"MV3":0.4400349759078198,"CH1":0.9204506749275935}