{"MV1":0.6156420918141842,"MV3":0.4250988260684996,"CH1":0.49826177122100135}