{"MV1":0.9391023580433928,"MV3":0.9300243104836999,"CH1":0.07881799105189746}