{"MV1":0.5756997585015124,"MV3":0.4014701323317543,"CH1":0.37821323501008797}