{"MV1":0.5187688272261011,"MV3":0.6705621295395168,"CH1":0.13788168834310777}