{"MV1":0.19055472078077573,"MV3":0.6906663207411107,"CH1":0.8805687575407775}