{"MV1":0.882722815522896,"MV3":0.5276068197004842,"CH1":0.5997933475974417}