{"MV1":0.6856059359090494,"MV3":0.5625909453022084,"CH1":0.27727495553229686}