{"MV1":0.4505923758787609,"MV3":0.9827517784386127,"CH1":0.15613723140534053}