{"MV1":0.1914511044486339,"MV3":0.6380047461094926,"CH1":0.17209825927081246}