{"MV1":0.5969182736211579,"MV3":0.7959223885136565,"CH1":0.5113789941982683}