{"MV1":0.2647693445265854,"MV3":0.33267496746528724,"CH1":0.751446205113871}