{"MV1":0.3636796906400773,"MV3":0.2814137755172985,"CH1":0.22795639042778804}