{"MV1":0.08740764313953686,"MV3":0.5540127468261709,"CH1":0.18150660740761848}