{"MV1":0.9666047632952472,"MV3":0.43279961084967,"CH1":0.42704609952406125}