{"MV1":0.6264079844859934,"MV3":0.4507549137411542,"CH1":0.5684152602384416}