{"MV1":0.9920394773859442,"MV3":0.48500251371488623,"CH1":0.5003010257485624}