{"MV1":0.7249301378013125,"MV3":0.8614278274722746,"CH1":0.07271460154280662}