{"MV1":0.7993411884141283,"MV3":0.4872918601567102,"CH1":0.5750778386602401}