{"MV1":0.45455790025209963,"MV3":0.41066144945052396,"CH1":0.09821106476221764}