{"MV1":0.41530771098823904,"MV3":0.28051704145105105,"CH1":0.8160335459025363}