{"MV1":0.7094477212520314,"MV3":0.39431562255503616,"CH1":0.46355319382489046}