{"MV1":0.20971518818412205,"MV3":0.7245122545924186,"CH1":0.27441531865823876}