{"MV1":0.6398224801505046,"MV3":0.2810798621764652,"CH1":0.13598734721487415}