{"MV1":0.7456975295363686,"MV3":0.9931109174678561,"CH1":0.2195929986150782}