{"MV1":0.5679820604471174,"MV3":0.4381820928703316,"CH1":0.5318882432932073}