{"MV1":0.0321108594492594,"MV3":0.9594078532137139,"CH1":0.34457328260998854}