{"MV1":0.6686702048365291,"MV3":0.7533443682957172,"CH1":0.292857556088045}