{"MV1":0.5664836693440001,"MV3":0.5328796465117811,"CH1":0.05374258850341762}