{"MV1":0.9364691712940689,"MV3":0.1318809815260723,"CH1":0.09843317411624064}