{"MV1":0.21452524445423837,"MV3":0.2804911324749748,"CH1":0.5273281264421501}