{"MV1":0.9440912949593818,"MV3":0.46588804402582407,"CH1":0.37742308399109414}