{"MV1":0.19405853999133638,"MV3":0.21958313259667606,"CH1":0.347129658351761}