{"MV1":0.3369373934846236,"MV3":0.975445171491492,"CH1":0.22822847189118367}