{"MV1":0.5488678587571196,"MV3":0.5397577643888559,"CH1":0.03417061900724927}