{"MV1":0.4988569608292307,"MV3":0.9213546521223758,"CH1":0.8606928500974794}