{"MV1":0.47552457599773856,"MV3":0.6991980800809138,"CH1":0.5248524150832587}