{"MV1":0.4207630610366967,"MV3":0.5425127091830468,"CH1":0.08020411700683805}