{"MV1":0.5511202796381629,"MV3":0.8119835442204829,"CH1":0.14599448819901417}