{"MV1":0.35623614789600355,"MV3":0.990459930732481,"CH1":0.6217894269175273}