{"MV1":0.953923050157672,"MV3":0.8354372083664071,"CH1":0.1799407951481128}