{"MV1":0.10341687874567118,"MV3":0.42914689126100314,"CH1":0.7207374093550791}