{"MV1":0.6592614073306479,"MV3":0.31057410646725636,"CH1":0.4891558979848909}