{"MV1":0.7776872511437605,"MV3":0.7444433648781726,"CH1":0.3459705252346268}