{"MV1":0.600427178643566,"MV3":0.830280363883029,"CH1":0.8900356220851974}