{"MV1":0.6644968954875883,"MV3":0.8461308111959801,"CH1":0.97593465123994}