{"MV1":0.9873786859494013,"MV3":0.6014631722803054,"CH1":0.12734280650953356}