{"MV1":0.5000353933052305,"MV3":0.7107255138634175,"CH1":0.5186782230513766}