{"MV1":0.6383858221975639,"MV3":0.5646315049881009,"CH1":0.8751575277372398}