{"MV1":0.48683102426475466,"MV3":0.4239303172354415,"CH1":0.33383301458232273}