{"MV1":0.6598464347780457,"MV3":0.3368908692382627,"CH1":0.3826828529359614}