{"MV1":0.05546262565169158,"MV3":0.11818844304007625,"CH1":0.25865341404263675}