{"MV1":0.05343372179481509,"MV3":0.016773866133663384,"CH1":0.9077160217304316}