{"MV1":0.06777422743233885,"MV3":0.5590351103422536,"CH1":0.6273219729967129}