{"MV1":0.4026916337814249,"MV3":0.8119967757702106,"CH1":0.9655129883323548}