{"MV1":0.6298051032099361,"MV3":0.40154844877598106,"CH1":0.0572103059757465}