{"MV1":0.4333223409029736,"MV3":0.6408989608698715,"CH1":0.2635097792711045}