{"MV1":0.34287405297690376,"MV3":0.5791194888820581,"CH1":0.644094788404625}