{"MV1":0.4557429982577701,"MV3":0.5627369168932043,"CH1":0.7641354116528877}