{"MV1":0.9833150498561528,"MV3":0.7538073599798071,"CH1":0.2957343993227669}