{"MV1":0.9833613118698122,"MV3":0.3911069081488624,"CH1":0.34914873946437797}