{"MV1":0.9331853852841959,"MV3":0.052413269738335266,"CH1":0.027577747908034356}