{"MV1":0.48226577278168903,"MV3":0.6287347406883945,"CH1":0.3079372115271004}