{"MV1":0.8697881230435568,"MV3":0.5361505059392516,"CH1":0.4552984792246725}