{"MV1":0.9291689379431026,"MV3":0.7735617017521724,"CH1":0.6790237501270495}