{"MV1":0.3830246453885525,"MV3":0.4303534063734976,"CH1":0.5108249197263096}