{"MV1":0.3095238853357175,"MV3":0.8993231586478476,"CH1":0.22676301592032932}