{"MV1":0.3381885173296725,"MV3":0.10591216672175086,"CH1":0.5226537024910619}