{"MV1":0.31551986868341886,"MV3":0.12618811205416902,"CH1":0.6578681531879348}