{"MV1":0.47911588639014135,"MV3":0.7452845219452292,"CH1":0.8557199496749628}