{"MV1":0.2906400009671165,"MV3":0.6440147194546618,"CH1":0.941275324455524}