{"MV1":0.14397992768413892,"MV3":0.6966150876948577,"CH1":0.2775065577007537}