{"MV1":0.7139693824598146,"MV3":0.8034918683482589,"CH1":0.9189480973660971}