{"MV1":0.3567796193223246,"MV3":0.6300512012824006,"CH1":0.4834148608355775}