{"MV1":0.36926538172340984,"MV3":0.6763584037009306,"CH1":0.546249996701603}