{"MV1":0.3808636851337197,"MV3":0.1436897107088685,"CH1":0.9270454283483867}