{"MV1":0.7717013099004348,"MV3":0.5200552691030964,"CH1":0.08898574812683702}