{"MV1":0.3230355578298951,"MV3":0.9275188219023668,"CH1":0.11451257269454651}