{"MV1":0.6983728686395938,"MV3":0.10100776233036446,"CH1":0.8313960085859946}