{"MV1":0.32601059122991993,"MV3":0.4602948651939164,"CH1":0.775915253081341}