{"MV1":0.21364252486859325,"MV3":0.57442016999455,"CH1":0.3790041086240751}