{"MV1":0.6162409874033209,"MV3":0.6836612579706729,"CH1":0.9476818510610525}