{"MV1":0.7324843483096595,"MV3":0.18971422541044913,"CH1":0.30451009099582194}