{"MV1":0.7218974553310008,"MV3":0.6494731031065422,"CH1":0.45507082102979046}