{"MV1":0.546924765936313,"MV3":0.9387833247446865,"CH1":0.30856364177774165}