{"MV1":0.7218191408208051,"MV3":0.7838896566191027,"CH1":0.6504581372339581}