{"MV1":0.42214339459974126,"MV3":0.45053818305743,"CH1":0.5396013415282924}