{"MV1":0.40735954244048334,"MV3":0.8060881077772124,"CH1":0.27785693027727576}