{"MV1":0.905245171404419,"MV3":0.7516917960607855,"CH1":0.9340757050107371}