{"MV1":0.1517345547211002,"MV3":0.5302455967108517,"CH1":0.6660046845459704}