{"MV1":0.8001206758266384,"MV3":0.9292266075826654,"CH1":0.7499839654110239}