{"MV1":0.13555766053453333,"MV3":0.4168572711729336,"CH1":0.32313605843010285}