{"MV1":0.020423459890941076,"MV3":0.7437994196198867,"CH1":0.03123964952966063}