{"MV1":0.8387749967496106,"MV3":0.46541256203736314,"CH1":0.6009241509959669}