{"MV1":0.8240571192891721,"MV3":0.02695067983292654,"CH1":0.9128380895794356}