{"MV1":0.02604088939737581,"MV3":0.25487022335755993,"CH1":0.9449032065211739}