{"MV1":0.0027045292576931557,"MV3":0.33621355349611115,"CH1":0.5501786570913606}