{"MV1":0.3878264652992408,"MV3":0.24351184930771408,"CH1":0.8542290518485854}