{"MV1":0.829240273320166,"MV3":0.36762812078679374,"CH1":0.5973484815554443}