{"MV1":0.9772636322426913,"MV3":0.05299995700190141,"CH1":0.5607451665354295}