{"MV1":0.6808325195227136,"MV3":0.7178152821141537,"CH1":0.9076851380865291}