{"MV1":0.3808049452980138,"MV3":0.7434733932976662,"CH1":0.7010873092563134}