{"MV1":0.8522069170980379,"MV3":0.7135677950516991,"CH1":0.24703410828168282}