{"MV1":0.03912900925427276,"MV3":0.747920442674832,"CH1":0.4867863221911386}