{"MV1":0.924965967810984,"MV3":0.5962612849909043,"CH1":0.0030927037451821127}