{"MV1":0.469830677051694,"MV3":0.7152727830019912,"CH1":0.693439491037165}