{"MV1":0.6070867981274279,"MV3":0.5004127293354169,"CH1":0.5724071974788181}