{"MV1":0.9114240995611462,"MV3":0.4422401744939638,"CH1":0.8739187939582107}