{"MV1":0.9942759894794717,"MV3":0.751316451051556,"CH1":0.3886529289867068}