{"MV1":0.22482805603569544,"MV3":0.7313212068244046,"CH1":0.418772549830171}