{"MV1":0.1319179142723137,"MV3":0.9031029313977941,"CH1":0.011839310796162739}