{"MV1":0.45621431460090534,"MV3":0.6216777294642691,"CH1":0.5032782620862951}