{"MV1":0.46534658750114566,"MV3":0.2349832563334201,"CH1":0.9082614569034716}