{"MV1":0.07473894875974496,"MV3":0.43452389290521376,"CH1":0.5980861771698944}