{"MV1":0.7792062512667917,"MV3":0.3089207244295139,"CH1":0.6138317097461548}