{"MV1":0.3825366812102512,"MV3":0.5205557333135451,"CH1":0.9605356086980643}