{"MV1":0.9453037085368027,"MV3":0.047360975554945006,"CH1":0.07435921998400641}