{"MV1":0.6640454866881533,"MV3":0.7803201231198372,"CH1":0.1631924294512973}