{"MV1":0.8867720853913609,"MV3":0.34056330510256017,"CH1":0.11595525189727118}