{"MV1":0.7436051593598458,"MV3":0.37221683465712296,"CH1":0.4964986660323447}