{"MV1":0.5883948879247336,"MV3":0.9472458850562894,"CH1":0.3685535919842706}