{"MV1":0.6055688983654245,"MV3":0.6056790721921061,"CH1":0.911629051018749}