{"MV1":0.32605459500488176,"MV3":0.5340745924362708,"CH1":0.8978753691315846}