{"MV1":0.659825729730974,"MV3":0.8924650268959784,"CH1":0.3784224685895735}