{"MV1":0.25329408520239816,"MV3":0.2466357163213977,"CH1":0.6467903490429515}