{"MV1":0.6505246324778438,"MV3":0.7863306627321607,"CH1":0.9180899030518103}