{"MV1":0.5297910820194963,"MV3":0.5056888519511509,"CH1":0.2266284044514647}