{"MV1":0.18706124187283668,"MV3":0.024303642720244212,"CH1":0.46897567192489564}