{"MV1":0.11959663617571215,"MV3":0.9661350228365857,"CH1":0.4554256700862108}