{"MV1":0.15728690879422558,"MV3":0.4436036431357857,"CH1":0.8845419551942202}