{"MV1":0.17845575966379745,"MV3":0.4319375987422248,"CH1":0.27227166180796214}