{"MV1":0.01829319538539742,"MV3":0.1264120726627035,"CH1":0.01624229086128004}