{"MV1":0.5038628761780582,"MV3":0.961347701060494,"CH1":0.9927225905047086}