{"MV1":0.5046682039536478,"MV3":0.9068521226398049,"CH1":0.694296791023626}