{"MV1":0.7871565478256539,"MV3":0.4664694179612554,"CH1":0.9883986596042408}