{"MV1":0.7487119668063194,"MV3":0.6252299515447383,"CH1":0.22664641701293076}