{"MV1":0.15952385501447142,"MV3":0.46343721399087945,"CH1":0.5235836077596961}