{"MV1":0.14711211170730176,"MV3":0.49904434213535986,"CH1":0.3840894245054689}