{"MV1":0.6243009016510136,"MV3":0.11211240260633049,"CH1":0.0006113097310628257}