{"MV1":0.11362762331377219,"MV3":0.5288191096502757,"CH1":0.39447303844922277}