{"MV1":0.7517274775492591,"MV3":0.4602005932876052,"CH1":0.9755352156698573}