{"MV1":0.4859334321815012,"MV3":0.5843716386380278,"CH1":0.912982582956523}