{"MV1":0.27891877897472905,"MV3":0.010614342360466544,"CH1":0.39359693540410234}