{"MV1":0.45228112767898265,"MV3":0.41723821326331845,"CH1":0.7519433854156506}