{"MV1":0.04992885043337447,"MV3":0.4376744570080382,"CH1":0.1296681356585555}