{"MV1":0.2460509593641551,"MV3":0.17078538355342965,"CH1":0.9831326243609558}