{"MV1":0.21916293239450502,"MV3":0.2748268024571796,"CH1":0.20779269770915243}