{"MV1":0.5950643975228584,"MV3":0.76498445503575,"CH1":0.48762692342996705}