{"MV1":0.6321057923875679,"MV3":0.3967855138384394,"CH1":0.7042510430310028}