{"MV1":0.37280256138950174,"MV3":0.8637108515312826,"CH1":0.07624310136224322}