{"MV1":0.06219268253224497,"MV3":0.7891063972123703,"CH1":0.3070677367244151}