{"MV1":0.9202082449940756,"MV3":0.5753946853723031,"CH1":0.30558713223128253}