{"MV1":0.39895322998182425,"MV3":0.775746668339831,"CH1":0.3285033308886288}