{"MV1":0.6037033778294378,"MV3":0.38661084099165033,"CH1":0.10154031863709556}