{"MV1":0.010969146105991534,"MV3":0.6606253770308278,"CH1":0.5529896327506528}