{"MV1":0.5021137323455277,"MV3":0.03604139712291565,"CH1":0.04684794765827616}