{"MV1":0.9295871278576925,"MV3":0.9627552218657636,"CH1":0.5027565922413088}