{"MV1":0.24652322545603833,"MV3":0.49399678625333143,"CH1":0.31587629641398696}