{"MV1":0.8037099462356175,"MV3":0.2064624515674247,"CH1":0.18049036152294606}