{"MV1":0.869139822986241,"MV3":0.8076432988961386,"CH1":0.18841113146742872}