{"MV1":0.3475969469498976,"MV3":0.09120784788436676,"CH1":0.028684582609669107}