{"MV1":0.4459566683006838,"MV3":0.5494199509961819,"CH1":0.6167871232114898}