{"MV1":0.060038345157048645,"MV3":0.027812543432358283,"CH1":0.38338954532332603}