{"MV1":0.9691756817420818,"MV3":0.1591959361553139,"CH1":0.2662730957044622}