{"MV1":0.6563186772501244,"MV3":0.4281939859816696,"CH1":0.11484930057961462}