{"MV1":0.9754676399458725,"MV3":0.2759090711614137,"CH1":0.3763919861937387}