{"MV1":0.2752844462694235,"MV3":0.4979415136521279,"CH1":0.7871190705790134}