{"MV1":0.65700806465236,"MV3":0.7572288013052951,"CH1":0.09541293307101517}