{"MV1":0.4069965958169335,"MV3":0.012098315064860254,"CH1":0.2769393360061855}