{"MV1":0.43792163253229177,"MV3":0.5252600691951177,"CH1":0.8816664109962064}