{"MV1":0.26073677829465747,"MV3":0.5304795825741754,"CH1":0.56199697978833}