{"MV1":0.7468144936260842,"MV3":0.6386416879687437,"CH1":0.7830402237145236}