{"MV1":0.03301514440845921,"MV3":0.09853353307535051,"CH1":0.9569349843296474}