{"MV1":0.18209654501411732,"MV3":0.13996312727560223,"CH1":0.6738924139083752}