{"MV1":0.17537265320685314,"MV3":0.2741640255049552,"CH1":0.49857038555247823}