{"MV1":0.9492272071111393,"MV3":0.832671388022186,"CH1":0.16886744124578434}