{"MV1":0.8623057684492186,"MV3":0.34165554244430807,"CH1":0.5174130269982198}