{"MV1":0.1846509290012509,"MV3":0.5063564374638819,"CH1":0.9092980267986674}