{"MV1":0.5291165253982162,"MV3":0.15472410059406438,"CH1":0.3742146807400569}