{"MV1":0.6811024370253137,"MV3":0.9767517494761543,"CH1":0.2781520545524966}