{"MV1":0.33738912999661774,"MV3":0.8578709363552492,"CH1":0.30437263842644646}