{"MV1":0.2647219159832951,"MV3":0.6864040522555728,"CH1":0.7411325992077021}