{"MV1":0.4470047168708624,"MV3":0.14663078133139928,"CH1":0.07090473481536275}