{"MV1":0.4862057555054504,"MV3":0.29104140155996727,"CH1":0.7812582222255957}