{"MV1":0.4296560832878705,"MV3":0.26741214227221655,"CH1":0.9677687605906257}