{"MV1":0.8158965987469506,"MV3":0.10565522561820306,"CH1":0.3798790109114647}