{"MV1":0.9938603911542069,"MV3":0.6001991089527773,"CH1":0.761466379540991}