{"MV1":0.054508287960387314,"MV3":0.8238141686488502,"CH1":0.07591200582392343}