{"MV1":0.40810534275031307,"MV3":0.14850175149221467,"CH1":0.4578281770116063}