{"MV1":0.43343665951066357,"MV3":0.38073923572012536,"CH1":0.5383176481208228}