{"MV1":0.40259305769519504,"MV3":0.7366822726108696,"CH1":0.2209852395662999}