{"MV1":0.8150606881574711,"MV3":0.9283239558914004,"CH1":0.6374265848988723}