{"MV1":0.7634376190941818,"MV3":0.44244453956287333,"CH1":0.7385137623079899}