{"MV1":0.9434222744530525,"MV3":0.8621756904778338,"CH1":0.4411878414433509}