{"MV1":0.6417856976002679,"MV3":0.7085717991700532,"CH1":0.34536181894202234}