{"MV1":0.7478397222777231,"MV3":0.8621648929983426,"CH1":0.19103749017537452}