{"MV1":0.6855910117452597,"MV3":0.28831337053629136,"CH1":0.22493607089188183}