{"MV1":0.7234925277714667,"MV3":0.11277044480122655,"CH1":0.9527401376976384}