{"MV1":0.5066566504859843,"MV3":0.09811125394490783,"CH1":0.6623823285291545}