{"MV1":0.8013604513335665,"MV3":0.9291377436747309,"CH1":0.4176474505535248}