{"MV1":0.39890926797774595,"MV3":0.5987622862157892,"CH1":0.1926168544299912}