{"MV1":0.18775664460219932,"MV3":0.6017789637124163,"CH1":0.5170324902796222}