{"MV1":0.310571338613556,"MV3":0.29545532035348654,"CH1":0.5047998471503633}