{"MV1":0.8946171920462366,"MV3":0.03143314151562826,"CH1":0.6082886607229839}