{"MV1":0.8124739240534342,"MV3":0.032050944381984636,"CH1":0.8225575399210968}