{"MV1":0.9106510756588515,"MV3":0.566224549436308,"CH1":0.17311199435619962}