{"MV1":0.027729623673262482,"MV3":0.4257522529051012,"CH1":0.5052486360113447}