{"MV1":0.6816831628275923,"MV3":0.355922950723212,"CH1":0.7355664137622134}