{"MV1":0.13680606442841958,"MV3":0.5496456745731737,"CH1":0.49755960130224797}