{"MV1":0.7628519522270524,"MV3":0.26207277461465794,"CH1":0.5302483494243823}