{"MV1":0.31160615163176586,"MV3":0.5599609153346962,"CH1":0.9560867708768589}