{"MV1":0.3448132445315665,"MV3":0.7288249071198231,"CH1":0.4461334710795919}