{"MV1":0.16362090065365098,"MV3":0.15447619933498558,"CH1":0.04523831351352914}