{"MV1":0.7427814136500905,"MV3":0.551204515606614,"CH1":0.47405852516965075}