{"MV1":0.7760426986046349,"MV3":0.4274295934278327,"CH1":0.734283078408152}