{"MV1":0.790389186599086,"MV3":0.310410780303527,"CH1":0.9250877135753959}