{"MV1":0.4575975896608404,"MV3":0.15199465479340546,"CH1":0.7199789199279067}