{"MV1":0.3297816312626817,"MV3":0.6818128967428251,"CH1":0.14018567405320725}