{"MV1":0.717641135753497,"MV3":0.9637936622046486,"CH1":0.5492718547575565}