{"MV1":0.1473279909798747,"MV3":0.9831226242313207,"CH1":0.5417522659557207}