{"MV1":0.7889022297619165,"MV3":0.0227482601443334,"CH1":0.6022106223745548}