{"MV1":0.03792215448968339,"MV3":0.7535818862977701,"CH1":0.4966561876838034}