{"MV1":0.5758538817483666,"MV3":0.5438052686755123,"CH1":0.6103961643258022}