{"MV1":0.9998426458911226,"MV3":0.14432437971491197,"CH1":0.7100892789371912}