{"MV1":0.7088225192081421,"MV3":0.6928690267752609,"CH1":0.7732722908999246}