{"MV1":0.7001114775348783,"MV3":0.061888536857991006,"CH1":0.8413693954395858}