{"MV1":0.4273871631650863,"MV3":0.5388296338759885,"CH1":0.6411285613210369}