{"MV1":0.6511761386914106,"MV3":0.7119472251374909,"CH1":0.92089814857273}