{"MV1":0.6204841311296111,"MV3":0.6364274398652542,"CH1":0.008226126762931885}