{"MV1":0.35563455078354045,"MV3":0.7377265984946316,"CH1":0.4528350968229119}