{"MV1":0.850224076732828,"MV3":0.4888429368552326,"CH1":0.9855073107501938}