{"MV1":0.6140060089029018,"MV3":0.9696633924049717,"CH1":0.4732940029721916}