{"MV1":0.5312303206612091,"MV3":0.5951314688777716,"CH1":0.7011568108862762}