{"MV1":0.09227913215450645,"MV3":0.6791225182492322,"CH1":0.760973690457071}