{"MV1":0.2200980920866702,"MV3":0.8368172907318583,"CH1":0.28180463961942537}