{"MV1":0.6708922320129893,"MV3":0.9489572973465307,"CH1":0.8434744910007523}