{"MV1":0.7937048375647371,"MV3":0.4109926679325818,"CH1":0.946328381069572}