{"MV1":0.7600919172568776,"MV3":0.12402319539847606,"CH1":0.2784825495147897}