{"MV1":0.23126932415807067,"MV3":0.2519326931619944,"CH1":0.16063737542625645}