{"MV1":0.12944808802755436,"MV3":0.32115522732786306,"CH1":0.12318893428896083}