{"MV1":0.2402146022154189,"MV3":0.9189717370366309,"CH1":0.5652093743469877}