{"MV1":0.4490328153786848,"MV3":0.9600102212484948,"CH1":0.8994779071301726}