{"MV1":0.11927944782412414,"MV3":0.35480549445186704,"CH1":0.3866612564226366}