{"MV1":0.19168024713961251,"MV3":0.9702615823129414,"CH1":0.962921931563769}