{"MV1":0.6685353905184918,"MV3":0.5283634345590466,"CH1":0.4612803876021151}