{"MV1":0.4543514803554949,"MV3":0.5406598759385829,"CH1":0.48583765880133123}