{"MV1":0.7285321128589456,"MV3":0.3053366543546321,"CH1":0.1199767850724307}