{"MV1":0.6951949311515052,"MV3":0.8178148517297744,"CH1":0.7439432112307272}