{"MV1":0.7118014093538155,"MV3":0.7289720021527089,"CH1":0.12934208246614465}