{"MV1":0.47889034675652176,"MV3":0.6452992804810526,"CH1":0.5398216538013243}