{"MV1":0.883886997281798,"MV3":0.7490787514991002,"CH1":0.29240599383808963}