{"MV1":0.6583232907925125,"MV3":0.12427782358007422,"CH1":0.9075547046827075}