{"MV1":0.843596459158598,"MV3":0.4387301634277532,"CH1":0.7376108880750315}