{"MV1":0.13931323901158332,"MV3":0.8788946948593063,"CH1":0.3752310707388641}