{"MV1":0.41684344795564754,"MV3":0.8650222042183134,"CH1":0.07274999276372174}