{"MV1":0.37461919883923755,"MV3":0.2551760100248054,"CH1":0.2654784157112273}