{"MV1":0.21719619151913638,"MV3":0.25632160753934985,"CH1":0.13960559087336433}