{"MV1":0.3547609686878327,"MV3":0.07460653641613935,"CH1":0.9448694748000056}