{"MV1":0.6784924846796238,"MV3":0.44550466404896893,"CH1":0.14304668205533444}