{"MV1":0.606558037809412,"MV3":0.8381440841025392,"CH1":0.005183540683474597}