{"MV1":0.0436739465814473,"MV3":0.5268020604183796,"CH1":0.5306239472335699}