{"MV1":0.6242292981369074,"MV3":0.051886550367931106,"CH1":0.2525786293935236}