{"MV1":0.5670555119234294,"MV3":0.6682646543100293,"CH1":0.35384607881392116}