{"MV1":0.22968132007451147,"MV3":0.8866976394887962,"CH1":0.0374533123077595}