{"MV1":0.48370678777033527,"MV3":0.6180596210293324,"CH1":0.16876422520066303}