{"MV1":0.16639808563216962,"MV3":0.03011489263898759,"CH1":0.8140123303987099}