{"MV1":0.44401696285118897,"MV3":0.24875574550984036,"CH1":0.40617275071514447}