{"MV1":0.4043876722479355,"MV3":0.529422461970261,"CH1":0.9264517658665004}