{"MV1":0.481799499829908,"MV3":0.5931000298935647,"CH1":0.04839182371632034}