{"MV1":0.8945170842105739,"MV3":0.6476829892430686,"CH1":0.8174525143763718}