{"MV1":0.9897580040348277,"MV3":0.6529908983974885,"CH1":0.8792630000691996}