{"MV1":0.6099634797321632,"MV3":0.3372686285281452,"CH1":0.03717579053573228}