{"MV1":0.4763549713959291,"MV3":0.2685987411611812,"CH1":0.6514860398229443}