{"MV1":0.28262461050012655,"MV3":0.6903064965513053,"CH1":0.7510649158297182}