{"MV1":0.6779827509150949,"MV3":0.9286859504510913,"CH1":0.6028623997129564}