{"MV1":0.2303474738450756,"MV3":0.9623226279956533,"CH1":0.01134291279252675}