{"MV1":0.4212002321828783,"MV3":0.3578222720005647,"CH1":0.4053135412969445}