{"MV1":0.7366120558886987,"MV3":0.03505188563044637,"CH1":0.06397265452950152}