{"MV1":0.5377499636145233,"MV3":0.5484822879126107,"CH1":0.2465430788111448}