{"MV1":0.04232701625520241,"MV3":0.04689643563058965,"CH1":0.8253114880516359}