{"MV1":0.044911945410361254,"MV3":0.08120228279273323,"CH1":0.34789371912405764}