{"MV1":0.18254843625566108,"MV3":0.9280909263950171,"CH1":0.09396539640009482}