{"MV1":0.17082245514044714,"MV3":0.6088021712403869,"CH1":0.16600257539450858}