{"MV1":0.564872390792905,"MV3":0.22518992493965884,"CH1":0.07396098148343866}