{"MV1":0.8887333594611166,"MV3":0.4993551038993109,"CH1":0.24016668821333564}