{"MV1":0.2019976336346292,"MV3":0.8846273067419125,"CH1":0.8083919001698424}