{"MV1":0.9352542081471891,"MV3":0.6446201806641547,"CH1":0.3060167179228378}