{"MV1":0.007870974471933523,"MV3":0.3581456600692198,"CH1":0.4874938500628292}