{"MV1":0.22153652839306426,"MV3":0.44642095540099525,"CH1":0.730584411835432}