{"MV1":0.21933335623193362,"MV3":0.8137269012615064,"CH1":0.5310470893628175}