{"MV1":0.3704447663873618,"MV3":0.27578861880787153,"CH1":0.6922600412486274}