{"MV1":0.3052997791730858,"MV3":0.13586864591647985,"CH1":0.8315234413130698}