{"MV1":0.05409080572416114,"MV3":0.6441052972641641,"CH1":0.013018989132137171}