{"MV1":0.2626809172880621,"MV3":0.16279704550712315,"CH1":0.8224142976738512}