{"MV1":0.5031074103758946,"MV3":0.9748788226145337,"CH1":0.6914370112164936}