{"MV1":0.6933955649412475,"MV3":0.21335594618890297,"CH1":0.7263641470393373}