{"MV1":0.5311208203539208,"MV3":0.8875877144254942,"CH1":0.8775874873616385}