{"MV1":0.26967721420556,"MV3":0.767180124441034,"CH1":0.5580647433759283}