{"MV1":0.6397287252439084,"MV3":0.020081720177811957,"CH1":0.347391338506966}