{"MV1":0.5236480129978884,"MV3":0.09241560510657676,"CH1":0.6995802001424075}