{"MV1":0.430500333348403,"MV3":0.8382899604072197,"CH1":0.5454982850310789}