{"MV1":0.7726218698215187,"MV3":0.5761477983784349,"CH1":0.9698156325409693}