{"MV1":0.9187042757573343,"MV3":0.40134621294735173,"CH1":0.8652006249665849}