{"MV1":0.5649011652898954,"MV3":0.47646090152679665,"CH1":0.28525513788592727}