{"MV1":0.6661430832997373,"MV3":0.39641740620903254,"CH1":0.6629880748743547}