{"MV1":0.2287302910012382,"MV3":0.6770685527007773,"CH1":0.46650433691077875}