{"MV1":0.5317457086675029,"MV3":0.10688231577813923,"CH1":0.5608491641550647}