{"MV1":0.6710449826977916,"MV3":0.29195625876666964,"CH1":0.42235303340459374}