{"MV1":0.6833807778444364,"MV3":0.9249348798012699,"CH1":0.6595473691750685}