{"MV1":0.392702266613586,"MV3":0.1035191219437912,"CH1":0.08793565768170386}