{"MV1":0.9488738839360389,"MV3":0.5731714071346681,"CH1":0.3261921317286093}