{"MV1":0.5470858913326061,"MV3":0.9147976134612759,"CH1":0.2665772848510817}