{"MV1":0.7942237777967925,"MV3":0.5729446124740156,"CH1":0.48258226654750747}