{"MV1":0.9980350496801481,"MV3":0.8241038172101962,"CH1":0.3819057657560715}