{"MV1":0.847509882931744,"MV3":0.16690572223954026,"CH1":0.13015145968849595}