{"MV1":0.7518375719186433,"MV3":0.033152390625566186,"CH1":0.7248182302859458}