{"MV1":0.66936017161685,"MV3":0.6372459946597374,"CH1":0.5176013315665903}