{"MV1":0.6626010219009473,"MV3":0.41222583772374555,"CH1":0.18462924849244855}