{"MV1":0.03901215054950857,"MV3":0.1849056576580318,"CH1":0.030689200391683213}