{"MV1":0.27701210450124014,"MV3":0.7087776172880003,"CH1":0.10542546915900741}