{"MV1":0.5436399019163637,"MV3":0.48809573312148136,"CH1":0.8628461707221058}