{"MV1":0.35321140791113625,"MV3":0.5769276884527936,"CH1":0.0010835466340262112}