{"MV1":0.5363089744363845,"MV3":0.5120155518961137,"CH1":0.6459646888716484}