{"MV1":0.6735452168758639,"MV3":0.8925363596054913,"CH1":0.6311215225167397}