{"MV1":0.4667274370185366,"MV3":0.01236079393169831,"CH1":0.09211392255491901}