{"MV1":0.36921394957465725,"MV3":0.5630364418696089,"CH1":0.34309714143974934}