{"MV1":0.07012143840672314,"MV3":0.5056772676608627,"CH1":0.6379938555730545}