{"MV1":0.8225271175875382,"MV3":0.9310677293655603,"CH1":0.27267992302261523}