{"MV1":0.4270369819647998,"MV3":0.8281271966769195,"CH1":0.24205585295727294}