{"MV1":0.6454915686845182,"MV3":0.3154940391800781,"CH1":0.6718372961450667}