{"MV1":0.9571995109072838,"MV3":0.08753080236812116,"CH1":0.5853108473253784}