{"MV1":0.3548716379214636,"MV3":0.29010627113977283,"CH1":0.46919533896170074}