{"MV1":0.6658416890543585,"MV3":0.050567897803062034,"CH1":0.22264131335255066}