{"MV1":0.5994645686561844,"MV3":0.24995848947634858,"CH1":0.8421512171559902}