{"MV1":0.5588330325137916,"MV3":0.5655198352107217,"CH1":0.7366740056398197}