{"MV1":0.3321985274169267,"MV3":0.7311153358086371,"CH1":0.1887513242517378}