{"MV1":0.8643398798269032,"MV3":0.8241203273771046,"CH1":0.15811647086186942}