{"MV1":0.025783709154067136,"MV3":0.2912628891546447,"CH1":0.0468365252137396}