{"MV1":0.7617241183114797,"MV3":0.2829512954875868,"CH1":0.5166746950301189}