{"MV1":0.4625575141299699,"MV3":0.008414443271500205,"CH1":0.3798030058358942}