{"MV1":0.8845708428850424,"MV3":0.12285389962973348,"CH1":0.42752681880357923}