{"MV1":0.8649850708410867,"MV3":0.7883243367088915,"CH1":0.4561841073438754}