{"MV1":0.48727993312704987,"MV3":0.9325369780894347,"CH1":0.13485204875312695}