{"MV1":0.09871133738309246,"MV3":0.6278414877575452,"CH1":0.5685280317601115}