{"MV1":0.7659732628627759,"MV3":0.3336089204564384,"CH1":0.8326302845966272}