{"MV1":0.22073379926274572,"MV3":0.9551108902538871,"CH1":0.2664286617875805}