{"MV1":0.4901808729019128,"MV3":0.6592148638061226,"CH1":0.11602109657950221}