{"MV1":0.6376190829729645,"MV3":0.8514276281116543,"CH1":0.6557520653523561}