{"MV1":0.22236349611101336,"MV3":0.8112437217326587,"CH1":0.13246751164422266}