{"MV1":0.8621090172754384,"MV3":0.07664089802422136,"CH1":0.504001323557661}