{"MV1":0.5562558638479714,"MV3":0.5306663662551302,"CH1":0.3040274332139158}