{"MV1":0.3401500855250035,"MV3":0.020587527218363877,"CH1":0.8397684885708085}