{"MV1":0.37295921865658244,"MV3":0.3591636499599703,"CH1":0.2967965738263024}