{"MV1":0.33693490126552317,"MV3":0.7283736814352004,"CH1":0.5051246094516751}