{"MV1":0.37541005421651985,"MV3":0.4194460181435953,"CH1":0.11049129505842847}