{"MV1":0.18265224484007814,"MV3":0.1326586792199993,"CH1":0.8286357365723064}