{"MV1":0.8010355655660709,"MV3":0.7804622140168365,"CH1":0.7003133551290988}