{"MV1":0.5576779784769514,"MV3":0.9335973238136624,"CH1":0.09800599421731715}