{"MV1":0.9620824093297636,"MV3":0.9245890389800157,"CH1":0.8665144336247389}