{"MV1":0.25167691663087877,"MV3":0.2551620953453696,"CH1":0.0040801367537463}