{"MV1":0.821849910811199,"MV3":0.5591563989691234,"CH1":0.4511857923025854}