{"MV1":0.523209058418969,"MV3":0.5750336590224736,"CH1":0.4932143167806542}