{"MV1":0.015909425447577452,"MV3":0.5299664012151952,"CH1":0.7535605146710316}