{"MV1":0.33928169102531847,"MV3":0.08332293191343387,"CH1":0.5098328328022}