{"MV1":0.051881413374897156,"MV3":0.3839234051097221,"CH1":0.7918080515195044}