{"MV1":0.8491244703827279,"MV3":0.5453008181857444,"CH1":0.5953786262563949}