{"MV1":0.7003311451326262,"MV3":0.41006987115904925,"CH1":0.5598645993883703}