{"MV1":0.00774543102633618,"MV3":0.9635388845407113,"CH1":0.7533907673224153}