{"MV1":0.010575884943688996,"MV3":0.2427139897027455,"CH1":0.9231474461009956}