{"MV1":0.2690151788114733,"MV3":0.15699708203203555,"CH1":0.15860204694397428}