{"MV1":0.02001692820576373,"MV3":0.21267204911289872,"CH1":0.961965837457737}