{"MV1":0.8041524123280268,"MV3":0.8167538284167245,"CH1":0.3097894447473537}