{"MV1":0.18289315183218136,"MV3":0.5830321452515489,"CH1":0.4486758756361485}