{"MV1":0.1492462955036863,"MV3":0.7078868111915869,"CH1":0.8880538237277436}