{"MV1":0.04374065010741712,"MV3":0.6503334357360792,"CH1":0.5671529026771224}