{"MV1":0.19132067857726298,"MV3":0.5344960070852581,"CH1":0.2667446614128177}