{"MV1":0.9964741489943159,"MV3":0.028134380602549025,"CH1":0.9281046370835376}