{"MV1":0.7299665048028866,"MV3":0.26590448173412484,"CH1":0.7916954024513662}