{"MV1":0.2984437901670197,"MV3":0.7792486298094993,"CH1":0.2172951547644718}