{"MV1":0.26390097455145467,"MV3":0.6417382297689764,"CH1":0.07125705427444606}