{"MV1":0.984674246803915,"MV3":0.9640451971123701,"CH1":0.9372056082082684}