{"MV1":0.9005623358029882,"MV3":0.7817318354969341,"CH1":0.9139930494651025}