{"MV1":0.45581676315420416,"MV3":0.4645959036245759,"CH1":0.6412558555816908}