{"MV1":0.4145216999438527,"MV3":0.9806794675878446,"CH1":0.16125503324200519}