{"MV1":0.7646344486095288,"MV3":0.016504544091255235,"CH1":0.37139288951636784}