{"MV1":0.35681403991991745,"MV3":0.9984945315299473,"CH1":0.2748784487050172}