{"MV1":0.6704998745329805,"MV3":0.19677980275609042,"CH1":0.8158085789933269}