{"MV1":0.16943030491803424,"MV3":0.6155473685162577,"CH1":0.3638749662318025}