{"MV1":0.9483779481261163,"MV3":0.30054337742161397,"CH1":0.8432776766314473}