{"MV1":0.36033298173303463,"MV3":0.11168967289895781,"CH1":0.34087737767386705}