{"MV1":0.9055916387320708,"MV3":0.6723757469204868,"CH1":0.8744499133736523}