{"MV1":0.6135451992886806,"MV3":0.5231006967413612,"CH1":0.7320894683216413}