{"MV1":0.3264322842957428,"MV3":0.16089418064401295,"CH1":0.27681063595365685}