{"MV1":0.9228614395149561,"MV3":0.9570156192663882,"CH1":0.46144683109211115}