{"MV1":0.016324200705273517,"MV3":0.49131868769671083,"CH1":0.8429272988100059}