{"MV1":0.4149888346304764,"MV3":0.5223669574149963,"CH1":0.7049682185077845}