{"MV1":0.6353255031895768,"MV3":0.5668846357453802,"CH1":0.3925449106197665}