{"MV1":0.2900811474057312,"MV3":0.043314749363266514,"CH1":0.6288558133265962}