{"MV1":0.234828278581507,"MV3":0.2830354290656685,"CH1":0.2388522853051953}