{"MV1":0.7828750063659783,"MV3":0.26580634100818246,"CH1":0.6211987043295235}