{"MV1":0.6914389075061586,"MV3":0.9610064183713901,"CH1":0.8750543612697188}