{"MV1":0.5658797598005756,"MV3":0.38121324140394497,"CH1":0.5893144528057002}