{"MV1":0.27628310754392216,"MV3":0.31424289156323415,"CH1":0.48137884812372}