{"MV1":0.4036109338905174,"MV3":0.8560410881512933,"CH1":0.4662671676876743}