{"MV1":0.46102260689055496,"MV3":0.7155459854111105,"CH1":0.8101439015802062}