{"MV1":0.5157039029281718,"MV3":0.11540292099582927,"CH1":0.910314885358431}