{"MV1":0.1552284140488175,"MV3":0.8098410509263704,"CH1":0.267718510458019}