{"MV1":0.8969761677988718,"MV3":0.5783507217177476,"CH1":0.4471524697102589}