{"MV1":0.8026136491515702,"MV3":0.737061023410018,"CH1":0.8143632604845745}