{"MV1":0.9954808830803837,"MV3":0.41259723431613593,"CH1":0.38103186437028225}