{"MV1":0.6147510509385544,"MV3":0.930622066289578,"CH1":0.26862703332904503}