{"MV1":0.01920241882689122,"MV3":0.31083922351879856,"CH1":0.015757544072758534}