{"MV1":0.8746827201910489,"MV3":0.07082357788772375,"CH1":0.6892803383165872}