{"MV1":0.9301383767100142,"MV3":0.18690494683985193,"CH1":0.3430729349156496}