{"MV1":0.17137645419696057,"MV3":0.5305567220850532,"CH1":0.44840037643147057}