{"MV1":0.9138619399115,"MV3":0.6596840051953632,"CH1":0.15762411935545673}