{"MV1":0.7935157141817275,"MV3":0.5535941574824838,"CH1":0.32090968087090177}