{"MV1":0.25840516248148726,"MV3":0.0852142055018813,"CH1":0.6411598621444726}