{"MV1":0.4493561367785528,"MV3":0.7461493733355714,"CH1":0.7307825235391995}