{"MV1":0.45996667629776633,"MV3":0.9689852938297591,"CH1":0.43854239968836173}