{"MV1":0.21400585932817295,"MV3":0.5801179335075223,"CH1":0.3926719253367118}