{"MV1":0.46225297456276715,"MV3":0.9703510311197167,"CH1":0.007720973161233213}