{"MV1":0.8422085695078138,"MV3":0.06866465482198414,"CH1":0.036768146036829985}