{"MV1":0.3448045169838154,"MV3":0.6691610602799393,"CH1":0.08239653042826922}