{"MV1":0.5557035647088413,"MV3":0.13368019558647615,"CH1":0.7054071808546374}