{"MV1":0.9860575466982688,"MV3":0.48849986099824083,"CH1":0.6495948088645803}