{"MV1":0.42739272875525347,"MV3":0.9469855897441423,"CH1":0.8783891074655236}