{"MV1":0.33379438074803347,"MV3":0.837903862636488,"CH1":0.8920717349296972}