{"MV1":0.029512654224213675,"MV3":0.6505093077257861,"CH1":0.1688480261465748}