{"MV1":0.3313285119058158,"MV3":0.32805696542646257,"CH1":0.7841667510776621}