{"MV1":0.2645064558067761,"MV3":0.23887038423672446,"CH1":0.9210214198384573}