{"MV1":0.5116971882908261,"MV3":0.7548474362256705,"CH1":0.5293350384636692}