{"MV1":0.4060562235475914,"MV3":0.22229928789122988,"CH1":0.6723719561791609}