{"MV1":0.8982791589755542,"MV3":0.08169881965713022,"CH1":0.5324311633065426}