{"MV1":0.4645806270756234,"MV3":0.6990071534309521,"CH1":0.3238232789243817}