{"MV1":0.43329101403090076,"MV3":0.044615363416945164,"CH1":0.8201513940008794}