{"MV1":0.7629842323510395,"MV3":0.4149270394394029,"CH1":0.6395336928390823}