{"MV1":0.11223302401776403,"MV3":0.13155821904200238,"CH1":0.4351591049710527}