{"MV1":0.2516581447720827,"MV3":0.3898774368566239,"CH1":0.16601019752956203}