{"MV1":0.9882612376958625,"MV3":0.8912743078137595,"CH1":0.5372462165791618}