{"MV1":0.40086534491573245,"MV3":0.6372414775272238,"CH1":0.8868173334618117}