{"MV1":0.7876216385053868,"MV3":0.04769431686252312,"CH1":0.8572654054829968}