{"MV1":0.8119809381567409,"MV3":0.597524139115917,"CH1":0.6686456292772618}