{"MV1":0.48259846715284993,"MV3":0.23740169995136107,"CH1":0.3972410925094503}