{"MV1":0.35381291982709984,"MV3":0.7295525088143606,"CH1":0.8821471420293243}