{"MV1":0.0870241083786355,"MV3":0.20553599079198637,"CH1":0.697231998844086}