{"MV1":0.665915328356565,"MV3":0.573396086738422,"CH1":0.19794628504246137}