{"MV1":0.6759255896576766,"MV3":0.890768858088768,"CH1":0.11065698609150298}