{"MV1":0.7956618283314019,"MV3":0.8961305063975745,"CH1":0.41993557680862004}