{"MV1":0.1812369202148547,"MV3":0.9526334711944918,"CH1":0.6746967633649308}