{"MV1":0.29029308535297804,"MV3":0.2525305987780918,"CH1":0.24780047656415083}