{"MV1":0.05055330799369029,"MV3":0.32536452567891305,"CH1":0.5670558113827995}