{"MV1":0.75818576063666,"MV3":0.8954492897281435,"CH1":0.6289932127303404}