{"MV1":0.5702124751622365,"MV3":0.12534508207221962,"CH1":0.5089642847599408}