{"MV1":0.02310356762047705,"MV3":0.34702643886269713,"CH1":0.5411577921706423}