{"MV1":0.23478079872902424,"MV3":0.7693846209228611,"CH1":0.642251776418297}