{"MV1":0.516361725665456,"MV3":0.582525166715438,"CH1":0.9939110762146588}