{"MV1":0.2184211716908725,"MV3":0.4228792214366499,"CH1":0.11553512189569382}