{"MV1":0.7838161326099402,"MV3":0.5893424062522097,"CH1":0.2876957483633036}