{"MV1":0.20507369282877763,"MV3":0.44725376224249636,"CH1":0.5163190425205455}