{"MV1":0.7985517387939337,"MV3":0.03542717000820095,"CH1":0.3952327381451367}