{"MV1":0.7451578265212693,"MV3":0.6598474623588637,"CH1":0.32098848308637207}