{"MV1":0.23718313449645778,"MV3":0.9390064159501301,"CH1":0.6310215118801611}