{"MV1":0.0664035507069004,"MV3":0.12844280802679287,"CH1":0.7045429350540855}