{"MV1":0.33248806423755206,"MV3":0.5856779616908477,"CH1":0.19575466953835752}