{"MV1":0.7933529162747093,"MV3":0.02673781149761867,"CH1":0.8116436138041843}