{"MV1":0.6014589533235062,"MV3":0.08994249390885456,"CH1":0.15534271629089302}