{"MV1":0.767266904795225,"MV3":0.9402485273154367,"CH1":0.5369622870485498}