{"MV1":0.01279475736775082,"MV3":0.5274274239069761,"CH1":0.7819334539500915}