{"MV1":0.7552337838771779,"MV3":0.7630571651466934,"CH1":0.2593552560257073}