{"MV1":0.4273964144650755,"MV3":0.5377815565999183,"CH1":0.9254650272342917}