{"MV1":0.19977545192560886,"MV3":0.7269617004886252,"CH1":0.49595922726703967}