{"MV1":0.020673579001052378,"MV3":0.9011772149637413,"CH1":0.4192965993277956}