{"MV1":0.633203911599893,"MV3":0.9457348327460803,"CH1":0.8756693370461123}