{"MV1":0.19423257534954919,"MV3":0.5296837656909493,"CH1":0.3117831671144584}