{"MV1":0.6809049842007743,"MV3":0.4064326708502142,"CH1":0.6383467758724571}