{"MV1":0.8370820925587252,"MV3":0.05513795582700565,"CH1":0.4094089497767981}