{"MV1":0.39469534949488627,"MV3":0.340112664188561,"CH1":0.3338783731850983}