{"MV1":0.27920498755101153,"MV3":0.023209733819385958,"CH1":0.004898189000542508}