{"MV1":0.22144584295451086,"MV3":0.8474894726813175,"CH1":0.44346204295720604}