{"MV1":0.24323262061056627,"MV3":0.5616160717937585,"CH1":0.5382848067038306}