{"MV1":0.9723666822385698,"MV3":0.7964246797252676,"CH1":0.10327549932784819}