{"MV1":0.185253021331522,"MV3":0.9926400739309401,"CH1":0.21386430390592326}