{"MV1":0.4515749071646151,"MV3":0.8356519648136279,"CH1":0.35306840252689686}