{"MV1":0.24610832645687397,"MV3":0.10065936448640667,"CH1":0.30598220278508614}