{"MV1":0.7564179336061738,"MV3":0.8835830961356318,"CH1":0.20527676209495582}