{"MV1":0.1559185509030978,"MV3":0.42164550878623075,"CH1":0.1735920554661079}