{"MV1":0.3032380673647981,"MV3":0.6903879308839797,"CH1":0.9246221612754978}