{"MV1":0.5924673361908809,"MV3":0.911624337138346,"CH1":0.002553479640376999}