{"MV1":0.5309603966442324,"MV3":0.33540200041774726,"CH1":0.7065802319314182}