{"MV1":0.13977806637666645,"MV3":0.7412240665891479,"CH1":0.608470003502689}