{"MV1":0.7145661747534097,"MV3":0.6330823062681094,"CH1":0.7398426906566292}