{"MV1":0.019504586534720647,"MV3":0.2782513027057478,"CH1":0.7738529314254298}