{"MV1":0.7716391185575495,"MV3":0.6304639070626198,"CH1":0.7028630054375558}