{"MV1":0.6292601203821628,"MV3":0.6680807974932589,"CH1":0.4996957377192597}