{"MV1":0.8930473946178428,"MV3":0.6177476083718377,"CH1":0.2881112802884205}