{"MV1":0.685554109995358,"MV3":0.051688902280285554,"CH1":0.4712764862205041}