{"MV1":0.9579271797540382,"MV3":0.10154492833046846,"CH1":0.627507004663574}