{"MV1":0.8546632338316447,"MV3":0.4489182201879579,"CH1":0.27836183955623606}