{"MV1":0.17114193086995166,"MV3":0.7689680289556523,"CH1":0.1641248208814865}