{"MV1":0.2826487902258994,"MV3":0.7682303192196319,"CH1":0.6346947031696513}