{"MV1":0.9872598699151136,"MV3":0.7908864536822877,"CH1":0.7093784133189014}