{"MV1":0.6889930696295167,"MV3":0.7440922614118441,"CH1":0.117601439724077}