{"MV1":0.5580868508542797,"MV3":0.6110146062821133,"CH1":0.3013823418061562}