{"MV1":0.6374954160129477,"MV3":0.3451934875886795,"CH1":0.7507809719908957}