{"MV1":0.20451172799174622,"MV3":0.6351540452615667,"CH1":0.7489277913095427}