{"MV1":0.241370809132175,"MV3":0.9807378016578664,"CH1":0.5689195397512827}