{"MV1":0.7479965965417339,"MV3":0.5727107975231973,"CH1":0.7310502739751658}