{"MV1":0.16843305432621059,"MV3":0.2908804814936665,"CH1":0.9059120537658355}