{"MV1":0.8289159424293203,"MV3":0.6650497708921558,"CH1":0.35502346618186353}