{"MV1":0.10936108510843345,"MV3":0.9085541372827144,"CH1":0.7983347060788586}