{"MV1":0.6237510904198346,"MV3":0.8427238230647092,"CH1":0.2483610810621889}