{"MV1":0.3362805495728991,"MV3":0.34237292000323294,"CH1":0.7616588557471978}