{"MV1":0.9572246876852731,"MV3":0.9495722675338139,"CH1":0.8472918459209419}