{"MV1":0.7874538085064208,"MV3":0.9496190898895206,"CH1":0.15268481166557646}