{"MV1":0.12771308006609194,"MV3":0.6136786756096076,"CH1":0.07485810441303498}