{"MV1":0.8453715981429641,"MV3":0.7510607240823799,"CH1":0.0935877509031372}