{"MV1":0.16479387383899213,"MV3":0.7217816248600247,"CH1":0.16783994428577753}