{"MV1":0.836798326145755,"MV3":0.23262711053180374,"CH1":0.2981235922261697}