{"MV1":0.6655934852511851,"MV3":0.38628431566513743,"CH1":0.5710519366925386}