{"MV1":0.12512049946823145,"MV3":0.060293239293464196,"CH1":0.5198649319936542}