{"MV1":0.4287966862781061,"MV3":0.09236153839857542,"CH1":0.16266262064574943}