{"MV1":0.2859442816947392,"MV3":0.3401898986588088,"CH1":0.37799048337444363}