{"MV1":0.7171169010638682,"MV3":0.26530406220527636,"CH1":0.4939477478731584}