{"MV1":0.07795168443179312,"MV3":0.36841711915017394,"CH1":0.5942948982303222}