{"MV1":0.33475610400956546,"MV3":0.5551969703997314,"CH1":0.8434003900245474}