{"MV1":0.4928078606943672,"MV3":0.4452778327076866,"CH1":0.21014849227185006}