{"MV1":0.6228447425104013,"MV3":0.8953148922209289,"CH1":0.9365806819535882}