{"MV1":0.4613836747741502,"MV3":0.8446656134681765,"CH1":0.1035684425295228}