{"MV1":0.7827817739412494,"MV3":0.3991041548063984,"CH1":0.6950925818301155}