{"MV1":0.4305142718454382,"MV3":0.8495419934343965,"CH1":0.4565459020017335}