{"MV1":0.34087525829717336,"MV3":0.34159368210666274,"CH1":0.11244560626073519}