{"MV1":0.9173881227264876,"MV3":0.2538233479755787,"CH1":0.18835669447494563}