{"MV1":0.6240319869703443,"MV3":0.2851189880472309,"CH1":0.7602834197026378}