{"MV1":0.6018888131475537,"MV3":0.9356788332177736,"CH1":0.5971741684559422}