{"MV1":0.8245329662064085,"MV3":0.09959254214147906,"CH1":0.7750741924310036}