{"MV1":0.9351409179874718,"MV3":0.5346420904661819,"CH1":0.07575929782675439}