{"MV1":0.0024857009455694357,"MV3":0.49392541679076607,"CH1":0.33557655415173504}