{"MV1":0.49593531604673446,"MV3":0.06445852378373573,"CH1":0.14794700192874521}