{"MV1":0.7594427266487135,"MV3":0.271039335148222,"CH1":0.3898280088984595}