{"MV1":0.32613355162083,"MV3":0.796940345228781,"CH1":0.8189280001118586}