{"MV1":0.6906035751913142,"MV3":0.5010016909853042,"CH1":0.008186048651998568}