{"MV1":0.8641206878361423,"MV3":0.9451027662560751,"CH1":0.3334096829521668}