{"MV1":0.24007051053280126,"MV3":0.9624548873032969,"CH1":0.9671840198671341}