{"MV1":0.007956489758551122,"MV3":0.30303868362183173,"CH1":0.10571109943686718}