{"MV1":0.9328724948670623,"MV3":0.16590958143618484,"CH1":0.9661731119271486}