{"MV1":0.8676310060130406,"MV3":0.7951473213410812,"CH1":0.32140963326200145}