{"MV1":0.309067852074139,"MV3":0.4997894605887926,"CH1":0.6813818370084895}