{"MV1":0.5900573336796209,"MV3":0.16092786959547345,"CH1":0.08437593655143527}