{"MV1":0.8511517583137422,"MV3":0.11759142555306767,"CH1":0.16647393006680156}