{"MV1":0.4172521105403253,"MV3":0.9307891061890394,"CH1":0.28813601958683543}