{"MV1":0.9665612303643171,"MV3":0.36203142478770023,"CH1":0.8184870259760876}