{"MV1":0.20123473839567785,"MV3":0.897966536611807,"CH1":0.31790845122493017}