{"MV1":0.3549377505474677,"MV3":0.5096078379758175,"CH1":0.8040549679690431}