{"MV1":0.5514057680282487,"MV3":0.6007898025126621,"CH1":0.5180163615421128}