{"MV1":0.5059162946158229,"MV3":0.8859234198252778,"CH1":0.6563774287547801}