{"MV1":0.6097280180304416,"MV3":0.03982401295038396,"CH1":0.7446629743751141}