{"MV1":0.16225684148699593,"MV3":0.2734623382497693,"CH1":0.10159942323960303}