{"MV1":0.42462628635525645,"MV3":0.3138199023667436,"CH1":0.23272201674310578}