{"MV1":0.731737018918801,"MV3":0.05372088531942987,"CH1":0.13162808542369953}