{"MV1":0.2715044478583073,"MV3":0.5169093654305138,"CH1":0.24092332798713245}