{"MV1":0.1441669684797955,"MV3":0.28710711749529594,"CH1":0.2932143482883224}