{"MV1":0.9619613836800367,"MV3":0.9015673986480655,"CH1":0.84960902970963}