{"MV1":0.8164803099173339,"MV3":0.06580307975465982,"CH1":0.1125074590154207}