{"MV1":0.60227578299446,"MV3":0.29352800701984316,"CH1":0.1163475794679687}