{"MV1":0.37598782995297786,"MV3":0.3286874330828379,"CH1":0.9301164159791511}