{"MV1":0.6041292029336306,"MV3":0.7102105381978374,"CH1":0.09921692675966898}