{"MV1":0.17679737455180777,"MV3":0.9037473299488623,"CH1":0.29258596346726395}