{"MV1":0.7020445252581694,"MV3":0.8849341537903664,"CH1":0.19393552126150737}