{"MV1":0.463323273927409,"MV3":0.718271329620461,"CH1":0.2541919235609763}