{"MV1":0.26656854012892617,"MV3":0.9947497013961706,"CH1":0.8995061471522949}