{"MV1":0.7247158104563178,"MV3":0.16053267606260035,"CH1":0.9688062107405646}