{"MV1":0.08016412891780689,"MV3":0.5685815363808917,"CH1":0.9894238688817057}