{"MV1":0.3999560988714511,"MV3":0.9119393733375072,"CH1":0.34709852584081924}