{"MV1":0.5944188776640693,"MV3":0.26213864015793553,"CH1":0.13992024152246507}