{"MV1":0.8026475384893347,"MV3":0.6123160344530275,"CH1":0.5526827742404928}