{"MV1":0.6343472078541497,"MV3":0.386623312204845,"CH1":0.17207477482974565}