{"MV1":0.7865976696029432,"MV3":0.30425041986296575,"CH1":0.9164194048515069}