{"MV1":0.6448095810793913,"MV3":0.42004837252057825,"CH1":0.4795225126437669}