{"MV1":0.6102953937364743,"MV3":0.045954001105693476,"CH1":0.5419867663098592}