{"MV1":0.5780215526976125,"MV3":0.13458912668020429,"CH1":0.29864458988230014}