{"MV1":0.8783474264408154,"MV3":0.2861155073273862,"CH1":0.3347608683783744}