{"MV1":0.6848669899373535,"MV3":0.4659222375910078,"CH1":0.47931979884481624}