{"MV1":0.3060305165062951,"MV3":0.44716865051160704,"CH1":0.2500331615618684}