{"MV1":0.804031620336802,"MV3":0.8943921488497324,"CH1":0.8632182897548787}