{"MV1":0.9272645993182707,"MV3":0.9576963064463211,"CH1":0.4514271071630901}