{"MV1":0.5155254965203675,"MV3":0.48359074787024325,"CH1":0.9043396102073535}