{"MV1":0.6501613819347034,"MV3":0.6030277726893079,"CH1":0.8416601631837203}