{"MV1":0.17814210794950602,"MV3":0.8619055568018165,"CH1":0.6700528884428897}