{"MV1":0.1892353138263264,"MV3":0.29222987776388454,"CH1":0.9340737511719971}