{"MV1":0.024930431817390852,"MV3":0.2615422569153252,"CH1":0.42404961938852104}