{"MV1":0.18259196240860753,"MV3":0.6426252134056853,"CH1":0.6847240539879551}