{"MV1":0.31122840610072144,"MV3":0.9646497240122849,"CH1":0.0757965071520077}