{"MV1":0.026929311466657335,"MV3":0.6065967546011052,"CH1":0.9080871711797647}