{"MV1":0.31507523731294773,"MV3":0.7359892277612449,"CH1":0.4198809611498032}