{"MV1":0.4430412895796947,"MV3":0.5675716563490808,"CH1":0.5199407636734635}