{"MV1":0.4677783317908565,"MV3":0.060866575439974646,"CH1":0.5364226055002379}