{"MV1":0.8528048886701166,"MV3":0.016553165572822715,"CH1":0.6101317483380184}