{"MV1":0.9646346974128793,"MV3":0.7460989124606763,"CH1":0.9461572985220438}