{"MV1":0.0047657240554170865,"MV3":0.814163648750411,"CH1":0.8104523626414611}