{"MV1":0.6282863862874511,"MV3":0.9715306210444516,"CH1":0.5094791837000568}