{"MV1":0.07885831079328376,"MV3":0.3042096427023976,"CH1":0.8985949792183884}