{"MV1":0.042662882004037894,"MV3":0.8494789131281832,"CH1":0.5347714379088541}