{"MV1":0.9614538136492812,"MV3":0.9117107635381555,"CH1":0.5386869302209641}