{"MV1":0.7821656056005764,"MV3":0.3687439295437309,"CH1":0.5055248081780924}