{"MV1":0.3517627942858418,"MV3":0.8259970024108308,"CH1":0.0915121236517542}