{"MV1":0.47996080027413524,"MV3":0.9503267838058247,"CH1":0.020946342295668274}