{"MV1":0.010432853427509547,"MV3":0.959564819167378,"CH1":0.2958455687681326}