{"MV1":0.0025872024785340564,"MV3":0.38800191552522323,"CH1":0.06783190482060075}