{"MV1":0.4171759081909959,"MV3":0.7333335413922524,"CH1":0.9622789987899437}