{"MV1":0.2606418225113951,"MV3":0.1312662408466584,"CH1":0.7536136127181744}