{"MV1":0.5171503861710945,"MV3":0.47445279572454835,"CH1":0.1993325352418952}