{"MV1":0.8018004851599742,"MV3":0.007931160876109788,"CH1":0.06700910914197178}