{"MV1":0.7863727077862915,"MV3":0.7089451159840973,"CH1":0.40945833921024566}