{"MV1":0.7659438547377846,"MV3":0.5543627127594886,"CH1":0.5245660639924853}