{"MV1":0.3856004354050876,"MV3":0.9535149259243784,"CH1":0.4544019375169084}