{"MV1":0.7750380461899046,"MV3":0.30544204802360175,"CH1":0.4654349524003255}