{"MV1":0.5854043957296532,"MV3":0.9337989041862584,"CH1":0.480627320824774}