{"MV1":0.9128742036749281,"MV3":0.43784748026333764,"CH1":0.9949939753057322}