{"MV1":0.9427585384204782,"MV3":0.3830421402776083,"CH1":0.6225405428221116}