{"MV1":0.45615504921504757,"MV3":0.26189759088478237,"CH1":0.1903813917642404}