{"MV1":0.4135550821917564,"MV3":0.1974816597693646,"CH1":0.27237190318767757}