{"MV1":0.026956751993879924,"MV3":0.43218388604759883,"CH1":0.8800231816693767}