{"MV1":0.4597835049712953,"MV3":0.18145758810796642,"CH1":0.6936214009151818}