{"MV1":0.599634916031043,"MV3":0.8321019462281649,"CH1":0.5104588686910537}