{"MV1":0.4070172280935693,"MV3":0.7242116907304971,"CH1":0.14965868102950763}