{"MV1":0.9732146492312908,"MV3":0.21450435187023498,"CH1":0.16768086453111408}