{"MV1":0.34363588342581297,"MV3":0.8803138508604949,"CH1":0.9548693070680221}