{"MV1":0.6734817516453906,"MV3":0.5563366447651767,"CH1":0.9368177603294219}