{"MV1":0.3959392569375394,"MV3":0.5662490869348745,"CH1":0.7836731125567898}