{"MV1":0.2411658790181178,"MV3":0.7427866231985207,"CH1":0.0463819891558338}