{"MV1":0.21991862708520982,"MV3":0.6517275510021877,"CH1":0.19280072333600362}