{"MV1":0.2367064811447639,"MV3":0.36922628487151954,"CH1":0.6172594783959213}