{"MV1":0.28826109854162374,"MV3":0.2809857830117235,"CH1":0.36434195966757965}