{"MV1":0.5675830224007089,"MV3":0.5496126562919034,"CH1":0.52385131709496}