{"MV1":0.3775117052210972,"MV3":0.817438679431766,"CH1":0.3804921898820114}