{"MV1":0.22409737835866794,"MV3":0.08649733202986742,"CH1":0.8538845016222673}