{"MV1":0.9791480283154976,"MV3":0.014218356692309975,"CH1":0.8291096241618674}