{"MV1":0.6163600690670121,"MV3":0.5732553362461233,"CH1":0.7924197874802706}