{"MV1":0.006120925641625474,"MV3":0.7221058171888004,"CH1":0.42189178575398834}