{"MV1":0.7503168911625274,"MV3":0.6602878366173903,"CH1":0.3375016020427122}