{"MV1":0.9055229935898128,"MV3":0.7772480428745098,"CH1":0.1953392570688789}