{"MV1":0.0855887993147948,"MV3":0.3330666715391648,"CH1":0.5930354946655805}