{"MV1":0.7585842952577003,"MV3":0.5683130919225893,"CH1":0.42663150741648304}