{"MV1":0.5847625742482957,"MV3":0.963932913473231,"CH1":0.21864093460629386}