{"MV1":0.5129346515564656,"MV3":0.9203152420967312,"CH1":0.28796203655305586}