{"MV1":0.40025448250123197,"MV3":0.37238091125918615,"CH1":0.0899142328530923}