{"MV1":0.4317000944229923,"MV3":0.6899309331224914,"CH1":0.3347235540375866}