{"MV1":0.2543417878253943,"MV3":0.9026775911196762,"CH1":0.14950878616920837}