{"MV1":0.9074423676442547,"MV3":0.7272247225675348,"CH1":0.7356554311208073}