{"MV1":0.32997494834120944,"MV3":0.5590568115573226,"CH1":0.14963474045197056}