{"MV1":0.12455848779355738,"MV3":0.9014342387068107,"CH1":0.7085101520584283}