{"MV1":0.4039534779608138,"MV3":0.2872462086500964,"CH1":0.44673525087166255}