{"MV1":0.6907272142500969,"MV3":0.04592377098314904,"CH1":0.6272614191397887}