{"MV1":0.665702437748023,"MV3":0.12160976944585566,"CH1":0.4521202572283447}