{"MV1":0.6886166775427066,"MV3":0.5390149735143134,"CH1":0.4656923145311277}