{"MV1":0.2631354654108964,"MV3":0.46999459103615315,"CH1":0.8625294644968995}