{"MV1":0.5058635925811683,"MV3":0.9563249689598236,"CH1":0.37567743484433314}