{"MV1":0.7924869431249616,"MV3":0.7756629611682193,"CH1":0.8428560080850137}