{"MV1":0.48267844750988065,"MV3":0.14961264086863246,"CH1":0.9591186756259238}