{"MV1":0.5937201865800376,"MV3":0.9242496186825115,"CH1":0.4292060741466137}