{"MV1":0.7486085808766221,"MV3":0.6599763798499028,"CH1":0.9055597338600294}