{"MV1":0.47613498428002143,"MV3":0.7098200812096279,"CH1":0.8356229446612428}