{"MV1":0.6600619390395173,"MV3":0.02350679373289921,"CH1":0.7992983414965801}