{"MV1":0.31526415585346124,"MV3":0.09220581393937799,"CH1":0.6654639450510575}