{"MV1":0.6918928987751207,"MV3":0.3886957642955229,"CH1":0.6664030197238426}