{"MV1":0.6169805877520753,"MV3":0.029126605811122475,"CH1":0.9732215087518961}