{"MV1":0.7762763269393027,"MV3":0.29570701223120754,"CH1":0.7136428912439293}