{"MV1":0.5053308299034566,"MV3":0.5859508497929382,"CH1":0.2985651375829498}