{"MV1":0.014810610682348901,"MV3":0.9040924576962228,"CH1":0.7882532555285544}