{"MV1":0.19083415521284008,"MV3":0.7721116024800201,"CH1":0.13465495043991615}