{"MV1":0.7604100954592093,"MV3":0.7076019409921717,"CH1":0.8882159233992347}