{"MV1":0.09017377055422338,"MV3":0.8337016008001281,"CH1":0.21398473950291774}