{"MV1":0.7437781419339606,"MV3":0.65945072329307,"CH1":0.3995870375461277}