{"MV1":0.9793328228322785,"MV3":0.4710736781628112,"CH1":0.7483811387366323}