{"MV1":0.9723107186250756,"MV3":0.8755968646489658,"CH1":0.06533634427399415}