{"MV1":0.5153407252945851,"MV3":0.1230788809511173,"CH1":0.7451666325769589}