{"MV1":0.8712916314473693,"MV3":0.6246707051438296,"CH1":0.29654374376181325}