{"MV1":0.5597978148042962,"MV3":0.1603475089307408,"CH1":0.30189211366778035}