{"MV1":0.8770926495511183,"MV3":0.7082677062354693,"CH1":0.6238210708223941}