{"MV1":0.33051743636914854,"MV3":0.43131784824581176,"CH1":0.7323094236887}