{"MV1":0.713357617146214,"MV3":0.7211681786494747,"CH1":0.5189540306823394}