{"MV1":0.1308408231719006,"MV3":0.679615835637467,"CH1":0.6345994011864639}