{"MV1":0.08260646933151183,"MV3":0.160357424209425,"CH1":0.5768471432021696}