{"MV1":0.33438691160022127,"MV3":0.13331834123415165,"CH1":0.6622757476217825}