{"MV1":0.4823592466317802,"MV3":0.3626250272018957,"CH1":0.7264809985512869}