{"MV1":0.9978848963555408,"MV3":0.4105787395672881,"CH1":0.7288864227053254}