{"MV1":0.35958548275971625,"MV3":0.7144169169347951,"CH1":0.39284575644577513}