{"MV1":0.9481081257415873,"MV3":0.1704969644814892,"CH1":0.46889370201271374}