{"MV1":0.23414028685238275,"MV3":0.07647782493176025,"CH1":0.12199380854404351}