{"MV1":0.7840552208959506,"MV3":0.19166080792888285,"CH1":0.20506576540386057}