{"MV1":0.22860501183630622,"MV3":0.365414250246893,"CH1":0.642556737393706}