{"MV1":0.6483595209773461,"MV3":0.01451474455764934,"CH1":0.045994004041161385}