{"MV1":0.18085246584941106,"MV3":0.718289513342047,"CH1":0.5995151942067826}