{"MV1":0.952164016502036,"MV3":0.8500888182380527,"CH1":0.00890378733749042}