{"MV1":0.8314984203684185,"MV3":0.49411687383252634,"CH1":0.12257556756951926}