{"MV1":0.5744461649572197,"MV3":0.33262358636271594,"CH1":0.08610788853766393}