{"MV1":0.6303172511442944,"MV3":0.25877079363067157,"CH1":0.014362526090172079}