{"MV1":0.25179854456469675,"MV3":0.017888676671106496,"CH1":0.33258242517711667}