{"MV1":0.7035374638433125,"MV3":0.9663751229869758,"CH1":0.964030138482332}