{"MV1":0.35872350059167957,"MV3":0.35331345411554693,"CH1":0.716941792949682}