{"MV1":0.5166523974781024,"MV3":0.6949560166457532,"CH1":0.7065194512790831}