{"MV1":0.9166044819078432,"MV3":0.5880979281266201,"CH1":0.6610660385812663}