{"MV1":0.38663741258258044,"MV3":0.5344565141836461,"CH1":0.7262720109141795}