{"MV1":0.21908719505048213,"MV3":0.6152829770387492,"CH1":0.04216444424374788}