{"MV1":0.011754866308698264,"MV3":0.9125231515653507,"CH1":0.42118826644882057}