{"MV1":0.49483665561873724,"MV3":0.38675786839812154,"CH1":0.35278329349009163}