{"MV1":0.2576299708742018,"MV3":0.2212614840604239,"CH1":0.7398341645647932}