{"MV1":0.9982828667700597,"MV3":0.18198596629413422,"CH1":0.6091535464662835}