{"MV1":0.8309475503195223,"MV3":0.39868249110920306,"CH1":0.513056546699655}