{"MV1":0.6246512939120279,"MV3":0.6032082386420687,"CH1":0.037831237024870124}