{"MV1":0.3050078710712505,"MV3":0.5262334786718291,"CH1":0.47497925033775434}