{"MV1":0.11799262645792818,"MV3":0.6325636506373703,"CH1":0.492798812588807}