{"MV1":0.71868305419091,"MV3":0.8846635368130796,"CH1":0.7233201634693098}