{"MV1":0.8922038522734981,"MV3":0.9501557309714528,"CH1":0.23364026661502857}