{"MV1":0.777419852991054,"MV3":0.2586378468670739,"CH1":0.4821993387176857}