{"MV1":0.37856460130981384,"MV3":0.5708795326648523,"CH1":0.7680994427321239}