{"MV1":0.01749878155066953,"MV3":0.4046964121207409,"CH1":0.711088623222108}