{"MV1":0.42144743549719765,"MV3":0.5326445395270374,"CH1":0.09512896860818187}