{"MV1":0.9369552884827715,"MV3":0.5515790537016827,"CH1":0.43154038937058625}