{"MV1":0.13584498067977346,"MV3":0.5234005065835059,"CH1":0.10626141755694385}