{"MV1":0.39387878899978734,"MV3":0.3129769764645256,"CH1":0.46088738340868196}