{"MV1":0.851225478841939,"MV3":0.9182746301122025,"CH1":0.7562706535668441}