{"MV1":0.8852887646814434,"MV3":0.5116243859387613,"CH1":0.4971901728302395}