{"MV1":0.5338490210910785,"MV3":0.0679434184694998,"CH1":0.5939795948587981}