{"MV1":0.08526361569514418,"MV3":0.27306994401657647,"CH1":0.19171673596144156}