{"MV1":0.43310291373793985,"MV3":0.9148251582914915,"CH1":0.7511681738336441}