{"MV1":0.4997654315897001,"MV3":0.4448850772155122,"CH1":0.32639617847940416}