{"MV1":0.46078753135293826,"MV3":0.401197878592089,"CH1":0.2700469173712403}