{"MV1":0.5340258765752178,"MV3":0.956043379764652,"CH1":0.16274186151892567}