{"MV1":0.5232615326884127,"MV3":0.0088207662471399,"CH1":0.14228893757830308}