{"MV1":0.7879740634172862,"MV3":0.3751263826032457,"CH1":0.04403534907342499}