{"MV1":0.7060913969381777,"MV3":0.9646514375624989,"CH1":0.7569768699371965}