{"MV1":0.6477479632666021,"MV3":0.46612705582057423,"CH1":0.36396380696918207}