{"MV1":0.08071006357152766,"MV3":0.7716906592454652,"CH1":0.7989268986111543}