{"MV1":0.6060532627810002,"MV3":0.06962176612191706,"CH1":0.6023224572844519}