{"MV1":0.7937370985876705,"MV3":0.7722900797746827,"CH1":0.3542793185803672}