{"MV1":0.6015694822096174,"MV3":0.9402834776177618,"CH1":0.726671519040591}