{"MV1":0.12258669845146797,"MV3":0.6130856988507087,"CH1":0.7869774289546879}