{"MV1":0.8848310073829032,"MV3":0.521302909003859,"CH1":0.6754168640415901}