{"MV1":0.913939795396356,"MV3":0.18987364021924136,"CH1":0.266549737020071}