{"MV1":0.3285321977689758,"MV3":0.7827698451150749,"CH1":0.6662830802506969}