{"MV1":0.9352787244532502,"MV3":0.7959149208516443,"CH1":0.10645119138820625}