{"MV1":0.9301769053636553,"MV3":0.23490984524515746,"CH1":0.06684402506323783}