{"MV1":0.36758999743490894,"MV3":0.6474973980212441,"CH1":0.807565040777683}