{"MV1":0.272315699981288,"MV3":0.9485863512320385,"CH1":0.22806623405447424}