{"MV1":0.4140693122816703,"MV3":0.4828756729621092,"CH1":0.784750729515829}