{"MV1":0.01943463997865036,"MV3":0.9747895392037479,"CH1":0.08932122604397885}