{"MV1":0.6688538681611822,"MV3":0.6818731905248788,"CH1":0.4900201562564701}