{"MV1":0.32099190605615713,"MV3":0.48705646220159693,"CH1":0.36232963064007195}