{"MV1":0.44743365316493,"MV3":0.29316375279836215,"CH1":0.7133647465282807}