{"MV1":0.5774288941770079,"MV3":0.5254491109686521,"CH1":0.3991680161585438}