{"MV1":0.28454134507818396,"MV3":0.7617158774840894,"CH1":0.3114711132966048}