{"MV1":0.7128981919744177,"MV3":0.4552000529992253,"CH1":0.924802157783089}