{"MV1":0.9643315295049592,"MV3":0.2711206043193184,"CH1":0.7347361914517059}