{"MV1":0.8263671817345641,"MV3":0.9309355918930525,"CH1":0.8129588288100266}