{"MV1":0.35579520616779603,"MV3":0.9148029327162016,"CH1":0.16259521403075716}