{"MV1":0.6215992440279607,"MV3":0.8208957526852407,"CH1":0.5042374989850922}