{"MV1":0.3138899956441419,"MV3":0.9330564351437673,"CH1":0.14915708630705127}