{"MV1":0.824572423273493,"MV3":0.514909834129548,"CH1":0.17796857625653095}