{"MV1":0.14932023924507254,"MV3":0.37808971365884647,"CH1":0.6790216494454708}