{"MV1":0.7447491157512897,"MV3":0.12697313307704883,"CH1":0.3501897845515003}