{"MV1":0.3101073021460219,"MV3":0.9118570749987764,"CH1":0.3513486284695876}