{"MV1":0.86547223584804,"MV3":0.9772716576245947,"CH1":0.17526804567266874}