{"MV1":0.784411509097282,"MV3":0.23861101034860466,"CH1":0.23092648081079314}