{"MV1":0.35879239760433623,"MV3":0.3400774931288215,"CH1":0.3169799135252771}