{"MV1":0.23254879387914074,"MV3":0.42344058444969246,"CH1":0.9657406795136273}