{"MV1":0.8140647719535267,"MV3":0.7479850002135856,"CH1":0.7979530290005751}