{"MV1":0.164858758420943,"MV3":0.9347458719346946,"CH1":0.8812749034270787}