{"MV1":0.40946211810173605,"MV3":0.9403095718003991,"CH1":0.6349510303246949}