{"MV1":0.026276760592740422,"MV3":0.4634165542535874,"CH1":0.13722931293758966}