{"MV1":0.5436813314553324,"MV3":0.8602685472990087,"CH1":0.7862251936094697}