{"MV1":0.7357149715486883,"MV3":0.25100787596648977,"CH1":0.284997315216057}