{"MV1":0.9407001801446914,"MV3":0.6579063043644269,"CH1":0.14798194433686385}