{"MV1":0.390202569441113,"MV3":0.20175651994562682,"CH1":0.8426076985849691}