{"MV1":0.4067460133936336,"MV3":0.21894033693572323,"CH1":0.7560041923580839}