{"MV1":0.970145317651782,"MV3":0.30848427253657795,"CH1":0.2810363815644241}