{"MV1":0.03957866426575907,"MV3":0.5013918624640475,"CH1":0.45692014384527746}