{"MV1":0.7429249924874093,"MV3":0.3867996732415715,"CH1":0.2635835179469064}