{"MV1":0.4863906055623821,"MV3":0.9557965434666049,"CH1":0.7525185263180973}