{"MV1":0.9261092497593731,"MV3":0.6980563211272377,"CH1":0.8156980107886347}