{"MV1":0.6918067478153892,"MV3":0.9863557945062471,"CH1":0.6994722210189284}