{"MV1":0.5391111743602748,"MV3":0.6857383930344447,"CH1":0.40749231478810544}