{"MV1":0.12080895982574369,"MV3":0.8641399053259425,"CH1":0.4582358878928986}