{"MV1":0.3416116358144198,"MV3":0.38788904415773673,"CH1":0.09729483136248973}