{"MV1":0.44747591258311403,"MV3":0.8782201849121227,"CH1":0.8901273867423791}