{"MV1":0.5991010650377436,"MV3":0.772489545806303,"CH1":0.011582506926483549}