{"MV1":0.9994319309592242,"MV3":0.01900332134964622,"CH1":0.09396846568818196}