{"MV1":0.5352346832262402,"MV3":0.6096074929017018,"CH1":0.11783367776110643}