{"MV1":0.6391467122173625,"MV3":0.14519102638575188,"CH1":0.08454018253677276}