{"MV1":0.6229211263471656,"MV3":0.41897165239495426,"CH1":0.17846687733331557}