{"MV1":0.6589666638278914,"MV3":0.20904599810003233,"CH1":0.8293673753383983}