{"MV1":0.9639421901559257,"MV3":0.13614060312170106,"CH1":0.7600713981390648}