{"MV1":0.2715561070388943,"MV3":0.955011665735943,"CH1":0.7501174571246509}