{"MV1":0.48380835715941783,"MV3":0.16749278696651204,"CH1":0.4451679691141588}