{"MV1":0.9901287706353015,"MV3":0.7728606261968335,"CH1":0.493018254097047}