{"MV1":0.6861283554923988,"MV3":0.1154172830000284,"CH1":0.32135721787893357}