{"MV1":0.23840724654568357,"MV3":0.24443509361486937,"CH1":0.8450968629088039}