{"MV1":0.8808937000074263,"MV3":0.1142906025349667,"CH1":0.7320368136594804}