{"MV1":0.6598843795042304,"MV3":0.9798608936612878,"CH1":0.14714779104499887}