{"MV1":0.7995745319351089,"MV3":0.06635806877562012,"CH1":0.6219180305201095}