{"MV1":0.30524031370262883,"MV3":0.9460855079350976,"CH1":0.34338107424923914}