{"MV1":0.045549869110593,"MV3":0.08374169945929866,"CH1":0.5308097370706568}