{"MV1":0.09426944279243199,"MV3":0.13960295888182128,"CH1":0.49287635797592344}