{"MV1":0.26418165690729145,"MV3":0.8922975979008275,"CH1":0.13299070258873924}