{"MV1":0.722583401430471,"MV3":0.9227643130968602,"CH1":0.767002375370699}