{"MV1":0.9405558129044727,"MV3":0.9728257737372275,"CH1":0.23965580624308347}