{"MV1":0.7037268990549512,"MV3":0.3684439848549641,"CH1":0.9720299962499432}