{"MV1":0.5834971068022331,"MV3":0.5162421387054043,"CH1":0.29134333027236736}