{"MV1":0.9226338448503201,"MV3":0.10256993053747776,"CH1":0.24425116488586507}