{"MV1":0.5172081181766368,"MV3":0.8878672781144062,"CH1":0.7415529083311179}