{"MV1":0.40694227452144216,"MV3":0.24465346138754485,"CH1":0.9660103293787244}