{"MV1":0.25412600855764533,"MV3":0.5217223140399497,"CH1":0.48403700977299646}