{"MV1":0.9520872951858792,"MV3":0.22821803022444032,"CH1":0.11275067870104172}