{"MV1":0.08012429249574649,"MV3":0.11174179317566646,"CH1":0.9052471140040277}