{"MV1":0.030395473302612275,"MV3":0.4293695490317986,"CH1":0.16567173696428728}