{"MV1":0.010287461782816698,"MV3":0.48213315600173734,"CH1":0.14601617428374924}