{"MV1":0.344784043947611,"MV3":0.5268977680719208,"CH1":0.9761539692183383}