{"MV1":0.0374282034754303,"MV3":0.9067040866573504,"CH1":0.3146405950711919}