{"MV1":0.7349312176452715,"MV3":0.7951784615448623,"CH1":0.38168142869765975}