{"MV1":0.9536920448111885,"MV3":0.34415441421130344,"CH1":0.18603340622178166}