{"MV1":0.4124582811927734,"MV3":0.7443874006691354,"CH1":0.9514174818375513}