{"MV1":0.5053752641409864,"MV3":0.9949939988728143,"CH1":0.3139900384063382}