{"MV1":0.47267315915457453,"MV3":0.16330417002746023,"CH1":0.4453582195747161}