{"MV1":0.37486481211402867,"MV3":0.3099931147386348,"CH1":0.2117563943541676}