{"MV1":0.4423845592856809,"MV3":0.15672793469781066,"CH1":0.4856672797830478}