{"MV1":0.5038684283007164,"MV3":0.6225352643586883,"CH1":0.8042797915717192}