{"MV1":0.5477386349262965,"MV3":0.003494691066739497,"CH1":0.5739454871363421}