{"MV1":0.042114311689945616,"MV3":0.6123507319607812,"CH1":0.780249454013023}