{"MV1":0.6565041727103194,"MV3":0.0054718803323032805,"CH1":0.6551466197811612}