{"MV1":0.05595868494304135,"MV3":0.6389399113866244,"CH1":0.16953865120865175}