{"MV1":0.8215084743986322,"MV3":0.8549683605206437,"CH1":0.7992275330232878}