{"MV1":0.7083708433388282,"MV3":0.4328576315162187,"CH1":0.756425975485495}