{"MV1":0.9339325402273738,"MV3":0.9817617194004277,"CH1":0.788629033744434}