{"MV1":0.637558766464267,"MV3":0.3868760687502636,"CH1":0.6863534917061654}