{"MV1":0.8545569640310032,"MV3":0.7140071967126004,"CH1":0.6400139670864804}