{"MV1":0.5283129652280253,"MV3":0.2890948551235256,"CH1":0.4526220414880492}