{"MV1":0.8494066563415076,"MV3":0.7726619917157664,"CH1":0.13406443059574902}