{"MV1":0.9450440111943273,"MV3":0.7724582664328458,"CH1":0.3309922561217493}