{"MV1":0.7807314111583739,"MV3":0.2534629668827062,"CH1":0.38237876921597846}