{"MV1":0.44798813940537585,"MV3":0.8812289522460725,"CH1":0.18313537647973432}