{"MV1":0.5398247356746925,"MV3":0.9536347169900746,"CH1":0.4408690815415376}