{"MV1":0.585781061262563,"MV3":0.17521582260849466,"CH1":0.16287864324404844}