{"MV1":0.9717256251182359,"MV3":0.9413064740940834,"CH1":0.7843225948838232}