{"MV1":0.9879024765615311,"MV3":0.3687997555169362,"CH1":0.9746543257473852}