{"MV1":0.14143429128862717,"MV3":0.07792539644260288,"CH1":0.16798479509392217}