{"MV1":0.28138989166873496,"MV3":0.6967789232640299,"CH1":0.13301745746107208}