{"MV1":0.8413709508918117,"MV3":0.20080027399321543,"CH1":0.10561109739113272}