{"MV1":0.5901451155190598,"MV3":0.9255064539216963,"CH1":0.6725854688193953}