{"MV1":0.6435435406057557,"MV3":0.7488762546163878,"CH1":0.036063447604658294}