{"MV1":0.10868471937059843,"MV3":0.2780325103836214,"CH1":0.8707725031782597}