{"MV1":0.7262235522534284,"MV3":0.008581489322727842,"CH1":0.28205870490383367}