{"MV1":0.37591845245235134,"MV3":0.1298573361884502,"CH1":0.6473631468911859}