{"MV1":0.5936548370258771,"MV3":0.368596737542909,"CH1":0.1484258102274375}