{"MV1":0.7826229055198601,"MV3":0.3361700463848659,"CH1":0.8546525296493739}