{"MV1":0.7900208837084387,"MV3":0.4648856198479633,"CH1":0.20179682378712782}