{"MV1":0.6557172980068514,"MV3":0.8685256629262386,"CH1":0.8366897601391333}