{"MV1":0.5792549593598942,"MV3":0.1899636208366292,"CH1":0.25200356375202415}