{"MV1":0.7463198913386985,"MV3":0.21050433211966568,"CH1":0.1464072762987887}