{"MV1":0.8349501268986927,"MV3":0.44271469569588207,"CH1":0.09677566812955107}