{"MV1":0.9798465270610348,"MV3":0.6149379082309957,"CH1":0.23963463574050303}