{"MV1":0.8132152766119699,"MV3":0.10995944816711933,"CH1":0.9151802305425474}