{"MV1":0.3822489192897224,"MV3":0.21429537284107114,"CH1":0.1437835649288416}