{"MV1":0.7448555093920454,"MV3":0.9239130250281613,"CH1":0.5055695542880425}