{"MV1":0.5317632432066841,"MV3":0.021152721382463602,"CH1":0.5244638650456572}