{"MV1":0.16853414164458058,"MV3":0.09085593587621332,"CH1":0.706124771836957}