{"MV1":0.45183254271440565,"MV3":0.5601176887989064,"CH1":0.3045786323168588}