{"MV1":0.01458722809774693,"MV3":0.9974962878870579,"CH1":0.3632197474800014}