{"MV1":0.4491816890031134,"MV3":0.4957362085961462,"CH1":0.8903901786600762}