{"MV1":0.21406513748733091,"MV3":0.9657185367374664,"CH1":0.27370994162020756}