{"MV1":0.0224594898510605,"MV3":0.17338333895143188,"CH1":0.015331151898596795}