{"MV1":0.5352015257055157,"MV3":0.6231477368735847,"CH1":0.039705289049124404}