{"MV1":0.06321629253370875,"MV3":0.7245297949008298,"CH1":0.5875781814628205}