{"MV1":0.24354207578629783,"MV3":0.41963497736043454,"CH1":0.2329657786543733}