{"MV1":0.5999100517739095,"MV3":0.23158816508714974,"CH1":0.19563323249279718}