{"MV1":0.9301830122869501,"MV3":0.9575843510430825,"CH1":0.15157423543812143}