{"MV1":0.5479434841597671,"MV3":0.7227544814881846,"CH1":0.934919704355635}