{"MV1":0.5901572961096087,"MV3":0.25206253723552685,"CH1":0.25692322415894764}