{"MV1":0.8180106098654216,"MV3":0.5620833060623465,"CH1":0.38499100607132275}