{"MV1":0.3580881014225281,"MV3":0.0909134536888444,"CH1":0.12709771802208103}