{"MV1":0.1531304587756135,"MV3":0.25688691150525,"CH1":0.4986309400528466}