{"MV1":0.3413051308100976,"MV3":0.24282517878282306,"CH1":0.8640452476728078}