{"MV1":0.8742549570552496,"MV3":0.12132786723830524,"CH1":0.14600991547517572}