{"MV1":0.47805431597940884,"MV3":0.9703742575710336,"CH1":0.0655357765947131}