{"MV1":0.3881037624819371,"MV3":0.8257620008218357,"CH1":0.020794885995566226}