{"MV1":0.9118697357266855,"MV3":0.7399335848423818,"CH1":0.5031026398672871}