{"MV1":0.24444556350035895,"MV3":0.30325051100319966,"CH1":0.538511947579871}