{"MV1":0.5135537923793843,"MV3":0.32773043334423946,"CH1":0.43463890869707555}