{"MV1":0.38548440518629234,"MV3":0.19362988293171313,"CH1":0.2624359718499977}