{"MV1":0.3737375511767378,"MV3":0.8212376811423967,"CH1":0.18824817443347464}