{"MV1":0.6997599739933927,"MV3":0.1217954032427474,"CH1":0.5388165679042884}