{"MV1":0.07888871181522283,"MV3":0.743451483086098,"CH1":0.002216140672312128}