{"MV1":0.9855602761787449,"MV3":0.8013069235837892,"CH1":0.8056647249687225}