{"MV1":0.8345981987801695,"MV3":0.7413915126442879,"CH1":0.5841525645578387}