{"MV1":0.8401807741411454,"MV3":0.6704975283480631,"CH1":0.7118279205333065}