{"MV1":0.16526922040170677,"MV3":0.7831392887688153,"CH1":0.06837248335781987}