{"MV1":0.35998342433548947,"MV3":0.16763778309237953,"CH1":0.8117982027779155}