{"MV1":0.5076715280578874,"MV3":0.5126830416908323,"CH1":0.16182799513144908}