{"MV1":0.016229250431744724,"MV3":0.92348799682573,"CH1":0.2622062993391475}