{"MV1":0.2420641585870179,"MV3":0.4443103893298024,"CH1":0.8094515377036683}