{"MV1":0.3689967458218315,"MV3":0.6707916760275399,"CH1":0.19461222569778913}