{"MV1":0.9028212240182928,"MV3":0.2991316970457525,"CH1":0.07714245141874887}