{"MV1":0.7183551951297898,"MV3":0.8287909804697274,"CH1":0.9375326041541548}