{"MV1":0.2799312913041321,"MV3":0.24008919330823975,"CH1":0.15606836902610044}