{"MV1":0.7144228557982648,"MV3":0.23580601140112367,"CH1":0.9363242643756778}