{"MV1":0.3973700403009157,"MV3":0.2896035868867449,"CH1":0.37793091167266213}