{"MV1":0.23851865612989898,"MV3":0.038220838498894905,"CH1":0.08941170012517952}