{"MV1":0.25108576191290555,"MV3":0.8911596509005822,"CH1":0.17444482029273178}