{"MV1":0.5552339838876708,"MV3":0.8652395863954657,"CH1":0.9532858613105686}