{"MV1":0.47162607778819476,"MV3":0.7864614868595327,"CH1":0.45827777362613487}