{"MV1":0.5022295896810037,"MV3":0.08022486691536213,"CH1":0.8141075668961726}