{"MV1":0.17303509705958442,"MV3":0.7838903048135523,"CH1":0.8023281176635404}