{"MV1":0.5966542849257624,"MV3":0.39858792077276395,"CH1":0.6001879618128475}