{"MV1":0.5827664753951393,"MV3":0.6711031439787974,"CH1":0.558990629298475}