{"MV1":0.5543262841327011,"MV3":0.5183949763333843,"CH1":0.8420372951343768}