{"MV1":0.5877023988648651,"MV3":0.0033871090644997937,"CH1":0.5579745663257835}