{"MV1":0.3188229304694451,"MV3":0.7783436812712814,"CH1":0.5484387613592449}