{"MV1":0.0074812033893845165,"MV3":0.3661046960475802,"CH1":0.05474329666644384}