{"MV1":0.33672609767195405,"MV3":0.8288158555073579,"CH1":0.6118953975079781}