{"MV1":0.772648493888061,"MV3":0.6721217248170831,"CH1":0.9710977964257185}