{"MV1":0.28492613405901357,"MV3":0.37684076567531355,"CH1":0.9011534749851042}