{"MV1":0.7121010611608557,"MV3":0.5654456437049548,"CH1":0.41134004585223016}