{"MV1":0.6383319658567328,"MV3":0.47444283937505505,"CH1":0.1578862987862566}