{"MV1":0.8043243917214806,"MV3":0.29256344478034957,"CH1":0.9979036938699021}