{"MV1":0.032579270310501784,"MV3":0.41872466367035144,"CH1":0.9410202479000537}