{"MV1":0.0756072043041055,"MV3":0.7231181212195598,"CH1":0.8595810941768981}