{"MV1":0.3824378098763829,"MV3":0.27176077341661453,"CH1":0.8156894754214934}