{"MV1":0.5025147461025589,"MV3":0.6721249360144389,"CH1":0.3717146316109309}