{"MV1":0.930496348102566,"MV3":0.018578792524262866,"CH1":0.9427685107895785}