{"MV1":0.7181593330058454,"MV3":0.9327592860328685,"CH1":0.1927053111130269}