{"MV1":0.1183199377019325,"MV3":0.6993709590297426,"CH1":0.27972602128817736}