{"MV1":0.3569831775636523,"MV3":0.09286937880690149,"CH1":0.0920859029632689}