{"MV1":0.28608831465300144,"MV3":0.3912325295163541,"CH1":0.7845016589470759}