{"MV1":0.20649727887240854,"MV3":0.7883509845556984,"CH1":0.09260942308244857}