{"MV1":0.14655148656250683,"MV3":0.11359116639520295,"CH1":0.9158817749945194}