{"MV1":0.05559841572384261,"MV3":0.2041906595810835,"CH1":0.46970114061622337}