{"MV1":0.7214747688962572,"MV3":0.3874836166964356,"CH1":0.7078571432980894}