{"MV1":0.04535349008206513,"MV3":0.45661509678374523,"CH1":0.23345766879472585}