{"MV1":0.5254650036553925,"MV3":0.561843521310765,"CH1":0.7785998472933903}