{"MV1":0.6558666846910042,"MV3":0.8016954665266047,"CH1":0.24786103048837504}