{"MV1":0.2891545641297302,"MV3":0.22932182897367892,"CH1":0.26740401131048286}