{"MV1":0.8287362212514591,"MV3":0.4144519076779244,"CH1":0.349181639771343}