{"MV1":0.9338704717292476,"MV3":0.8769386830513171,"CH1":0.7662573437602328}