{"MV1":0.5066683895371834,"MV3":0.45064638912497024,"CH1":0.644335063851767}