{"MV1":0.44053444213403115,"MV3":0.038391106301282174,"CH1":0.013110403841332774}