{"MV1":0.754804689290872,"MV3":0.6005299936211999,"CH1":0.7491391857276412}