{"MV1":0.984196970543384,"MV3":0.623339535720429,"CH1":0.18608594450354343}