{"MV1":0.35653101992366576,"MV3":0.6597521842642674,"CH1":0.13412512580698277}