{"MV1":0.7558518914796959,"MV3":0.7081756921948394,"CH1":0.9242729759952651}