{"MV1":0.28349929307468624,"MV3":0.7316882189892346,"CH1":0.4411564165367534}