{"MV1":0.9791659125824753,"MV3":0.19090285739585844,"CH1":0.59399273805322}