{"MV1":0.5084587824954921,"MV3":0.6909102125647186,"CH1":0.42134790098776986}