{"MV1":0.11904656169540195,"MV3":0.5285671584117507,"CH1":0.968854338173545}