{"MV1":0.9596959264557088,"MV3":0.045576456936752496,"CH1":0.24821345168559028}