{"MV1":0.991631356047833,"MV3":0.8709406034705588,"CH1":0.7231512441298689}