{"MV1":0.4880233209421887,"MV3":0.19210371226127199,"CH1":0.674991390451609}