{"MV1":0.5747712240038827,"MV3":0.42667713102310356,"CH1":0.4955424558440895}