{"MV1":0.05892742460017253,"MV3":0.052875259734466495,"CH1":0.5708970045434881}