{"MV1":0.9435960528802388,"MV3":0.29962298704813217,"CH1":0.7728641806771726}