{"MV1":0.6311432243923195,"MV3":0.11719191041753652,"CH1":0.2183768572365702}