{"MV1":0.46907698790333296,"MV3":0.14105614266726108,"CH1":0.0769587187975812}