{"MV1":0.1008235895761308,"MV3":0.7622456880243919,"CH1":0.17089182773767664}