{"MV1":0.9608278533858565,"MV3":0.8142663262715908,"CH1":0.675660246465364}