{"MV1":0.5993680261108266,"MV3":0.4867648743073222,"CH1":0.8924735347166977}