{"MV1":0.15470720007295946,"MV3":0.7711313696661205,"CH1":0.8793084949049093}