{"MV1":0.6123888254782869,"MV3":0.5418510361511368,"CH1":0.3132537171748352}