{"MV1":0.690974569391317,"MV3":0.3116686015328023,"CH1":0.13099213541330412}