{"MV1":0.13989318251309402,"MV3":0.4782037318254554,"CH1":0.3652795009937351}