{"MV1":0.7816165882898535,"MV3":0.6653750155684991,"CH1":0.32607398201438664}