{"MV1":0.3229479592736195,"MV3":0.8508348845363424,"CH1":0.07331049332302653}