{"MV1":0.058545711648335774,"MV3":0.4123410490088717,"CH1":0.9502413957800167}