{"MV1":0.7211930717117607,"MV3":0.8888098734031811,"CH1":0.5668286281074993}