{"MV1":0.7082107446208914,"MV3":0.34720377937433977,"CH1":0.9430872508688523}