{"MV1":0.8428333451026274,"MV3":0.26019282069593885,"CH1":0.9416918085716888}