{"MV1":0.8837944149031896,"MV3":0.8687755962445282,"CH1":0.8411444934628047}