{"MV1":0.4574549066966408,"MV3":0.1255769802554887,"CH1":0.8968954503486593}