{"MV1":0.016905346970650048,"MV3":0.3548829033225872,"CH1":0.5015604420013732}