{"MV1":0.7430193715885579,"MV3":0.27265287850434994,"CH1":0.4438277250575484}