{"MV1":0.8066523991400427,"MV3":0.6202441230350487,"CH1":0.15344279755497459}