{"MV1":0.7877503824351177,"MV3":0.8893604299162744,"CH1":0.6569957756721558}