{"MV1":0.016467922987744577,"MV3":0.0772329796326715,"CH1":0.7724917108398744}