{"MV1":0.6704390670000366,"MV3":0.03171142863613652,"CH1":0.9463999642332926}