{"MV1":0.09149394195009075,"MV3":0.49175332657350457,"CH1":0.08179957329179999}