{"MV1":0.7319430846607222,"MV3":0.2824983988883635,"CH1":0.5384860764653884}