{"MV1":0.6093016667321974,"MV3":0.7260493617905588,"CH1":0.7875430607237178}