{"MV1":0.6009658292703816,"MV3":0.881288248047353,"CH1":0.6394257028358941}