{"MV1":0.08818359677981746,"MV3":0.14737656238852848,"CH1":0.7822235136867947}