{"MV1":0.7066691091163134,"MV3":0.53219449801591,"CH1":0.5619583028626546}