{"MV1":0.15098773497879492,"MV3":0.6788966950480665,"CH1":0.5906243878062668}