{"MV1":0.011520692705220936,"MV3":0.8090056308692738,"CH1":0.19092492174530484}