{"MV1":0.9360592899341893,"MV3":0.7597717078997382,"CH1":0.03184930208911574}