{"MV1":0.5206939769298747,"MV3":0.5258246705336028,"CH1":0.3816303035561731}