{"MV1":0.18114388536032922,"MV3":0.7167303936860308,"CH1":0.35468434184527264}