{"MV1":0.24189134465040874,"MV3":0.14599694347550873,"CH1":0.26796053771774564}