{"MV1":0.7742375548333075,"MV3":0.13397493313475028,"CH1":0.030583452952296364}