{"MV1":0.5655590461314824,"MV3":0.045738566227518596,"CH1":0.9358826902694681}