{"MV1":0.8419524734851133,"MV3":0.817055912581361,"CH1":0.621010007589637}