{"MV1":0.6048564019531769,"MV3":0.37371491120334666,"CH1":0.1943603982314015}