{"MV1":0.6802907397923151,"MV3":0.35477003538503027,"CH1":0.37669945323656107}