{"MV1":0.05431388467966347,"MV3":0.3351628479243228,"CH1":0.3484694270304073}