{"MV1":0.6478279248082297,"MV3":0.23899449837281161,"CH1":0.8825260835053758}