{"MV1":0.6060660381398567,"MV3":0.07545002980601223,"CH1":0.10655669601862283}