{"MV1":0.5127501328015618,"MV3":0.42150863983978215,"CH1":0.4245496289022793}