{"MV1":0.6356656949177788,"MV3":0.6689517673030865,"CH1":0.25377502067609925}