{"MV1":0.5108648418935796,"MV3":0.9500822223651966,"CH1":0.6489328391683432}