{"MV1":0.8147096245417641,"MV3":0.83702668735461,"CH1":0.4707426375678736}