{"MV1":0.16520638662934006,"MV3":0.1498381580551824,"CH1":0.6592346662493747}