{"MV1":0.4429753950517967,"MV3":0.8205594159361421,"CH1":0.01580556996864002}