{"MV1":0.15884711125124296,"MV3":0.6300206404691658,"CH1":0.715054756540958}