{"MV1":0.5195424171956207,"MV3":0.42718404297073587,"CH1":0.06780883589239084}