{"MV1":0.183217547880149,"MV3":0.23654896341256915,"CH1":0.1675076588790293}