{"MV1":0.5741643208176909,"MV3":0.785825762382313,"CH1":0.485432499040128}