{"MV1":0.5867687970600963,"MV3":0.7542002524850642,"CH1":0.7582033529580612}