{"MV1":0.06826815821832943,"MV3":0.7438428920980032,"CH1":0.22652914901189947}