{"MV1":0.2726802301057313,"MV3":0.8253584531383742,"CH1":0.06150829033509253}