{"MV1":0.9997012614044792,"MV3":0.6405392871690255,"CH1":0.2839988861993651}