{"MV1":0.1851910420760322,"MV3":0.6777751073072528,"CH1":0.3583428244707335}