{"MV1":0.8003786897355798,"MV3":0.42602359829757974,"CH1":0.48516306106735396}