{"MV1":0.5745117374704133,"MV3":0.699426524639888,"CH1":0.4389761122575857}