{"MV1":0.8558736967964776,"MV3":0.2344186059596134,"CH1":0.7915728153553284}