{"MV1":0.549553291205192,"MV3":0.3769928800730715,"CH1":0.9328711247269595}