{"MV1":0.5991109462502566,"MV3":0.12238751179783591,"CH1":0.8523607391130734}