{"MV1":0.7147908784259563,"MV3":0.882435987417897,"CH1":0.011025021832879789}