{"MV1":0.17303156599174285,"MV3":0.3830834301698477,"CH1":0.16777210948954913}