{"MV1":0.6546507382693112,"MV3":0.5890305670954784,"CH1":0.7947401440150497}