{"MV1":0.01887881168542982,"MV3":0.8628398942855973,"CH1":0.08268240433918206}