{"MV1":0.6644751429515655,"MV3":0.7387638736040095,"CH1":0.9523238537077983}