{"MV1":0.32763414117280654,"MV3":0.09722172691555653,"CH1":0.23575365647769797}