{"MV1":0.7519214804460291,"MV3":0.8855715014200914,"CH1":0.6717029088212796}