{"MV1":0.09946669265035857,"MV3":0.3447197772723166,"CH1":0.3424954757975942}