{"MV1":0.9091587535706016,"MV3":0.30142134109922125,"CH1":0.7083448951840918}