{"MV1":0.902143526558986,"MV3":0.23236192611598128,"CH1":0.5179519794722889}