{"MV1":0.6040952942590984,"MV3":0.5287565013500549,"CH1":0.08160618312142054}