{"MV1":0.1758510283810939,"MV3":0.8653809085051689,"CH1":0.5698107115909964}