{"MV1":0.9904898705145856,"MV3":0.12204762189477425,"CH1":0.21285064985518776}