{"MV1":0.9910870434842529,"MV3":0.8703218616509619,"CH1":0.07397320869708557}