{"MV1":0.04007737795907007,"MV3":0.028012963223499998,"CH1":0.15250780249978468}