{"MV1":0.430968284430451,"MV3":0.012981582645094636,"CH1":0.4596011070218028}