{"MV1":0.5085003022553977,"MV3":0.08085733443271514,"CH1":0.3496077790307611}