{"MV1":0.9918884305825206,"MV3":0.9120117693414337,"CH1":0.014589192849835175}