{"MV1":0.2732130017705382,"MV3":0.3511654835513125,"CH1":0.23799389790867498}