{"MV1":0.3639705175126803,"MV3":0.08801628459534394,"CH1":0.5874331408370083}