{"MV1":0.6970753288527548,"MV3":0.046431451627585996,"CH1":0.5372435101867057}