{"MV1":0.7100837034575109,"MV3":0.7608395526818376,"CH1":0.6523582750414364}