{"MV1":0.026116782940338368,"MV3":0.122968372018597,"CH1":0.7987301286546376}