{"MV1":0.3928660283809077,"MV3":0.832884069189146,"CH1":0.6114955156648355}