{"MV1":0.7874734251278274,"MV3":0.4163044763521072,"CH1":0.25727338233152364}