{"MV1":0.4129821238816883,"MV3":0.28480241292236763,"CH1":0.0950763586684149}