{"MV1":0.8462022550717058,"MV3":0.15576049170744788,"CH1":0.04230013749166006}