{"MV1":0.940756968796883,"MV3":0.24237514872140398,"CH1":0.27475580665987553}