{"MV1":0.35478117893594385,"MV3":0.7512326298752939,"CH1":0.6097702526661591}