{"MV1":0.8544793726429557,"MV3":0.0257927563730036,"CH1":0.5918412087567828}