{"MV1":0.42710243069008447,"MV3":0.5558596092645886,"CH1":0.3325883485036326}