{"MV1":0.9722861781530301,"MV3":0.0678503409411898,"CH1":0.3613007634922275}