{"MV1":0.8069987041626836,"MV3":0.587824937168242,"CH1":0.00014768394253494854}