{"MV1":0.7133990040213137,"MV3":0.948660234592833,"CH1":0.16517639722988497}