{"MV1":0.37603255864960006,"MV3":0.32660259779918044,"CH1":0.7705298250557807}