{"MV1":0.9076569374259928,"MV3":0.8962776472378423,"CH1":0.28567281689862456}