{"MV1":0.7335560857012123,"MV3":0.5994879043386765,"CH1":0.049919218122544295}