{"MV1":0.44720234680851145,"MV3":0.45926501108537243,"CH1":0.10579293903874432}