{"MV1":0.7936244715766495,"MV3":0.4915871943780835,"CH1":0.2455219496662817}