{"MV1":0.5301508016310413,"MV3":0.6024265451121619,"CH1":0.610038233224181}