{"MV1":0.8535345393084892,"MV3":0.9406486416931866,"CH1":0.3896373325367004}