{"MV1":0.549807213603103,"MV3":0.20609323039390504,"CH1":0.8226267440573911}