{"MV1":0.8356450773948733,"MV3":0.7635211083573701,"CH1":0.08303040928533056}