{"MV1":0.19107510878708678,"MV3":0.8377570168748361,"CH1":0.684689369228618}