{"MV1":0.2610423338309882,"MV3":0.6012845173311993,"CH1":0.8279589954380971}