{"MV1":0.9105935278816558,"MV3":0.19403142390014572,"CH1":0.6228339907762214}