{"MV1":0.4465100857471064,"MV3":0.9654620492767628,"CH1":0.9367697896108061}