{"MV1":0.6257930807729083,"MV3":0.6375949716084955,"CH1":0.6566668880699853}