{"MV1":0.7951610147634792,"MV3":0.9230525847331276,"CH1":0.7148492615526244}