{"MV1":0.2474381446430869,"MV3":0.9625074537377175,"CH1":0.413808050245859}