{"MV1":0.9966188633323476,"MV3":0.12069291699157247,"CH1":0.6196655049266674}