{"MV1":0.007507569982486251,"MV3":0.9036802413873217,"CH1":0.7650803323285971}