{"MV1":0.854010681792141,"MV3":0.1632235682084443,"CH1":0.36594395125354184}