{"MV1":0.4172205306120186,"MV3":0.9427660374315573,"CH1":0.2621206860486551}