{"MV1":0.6021277221393665,"MV3":0.7110347576383943,"CH1":0.6392629672743669}