{"MV1":0.07467540016433749,"MV3":0.9530589401999191,"CH1":0.32360164618344245}