{"MV1":0.3970665382876474,"MV3":0.09410216504084934,"CH1":0.1057275156529206}