{"MV1":0.6001909608687301,"MV3":0.16419854388410904,"CH1":0.5016172871004371}