{"MV1":0.4686038132277275,"MV3":0.1941690376422095,"CH1":0.27784486655977103}