{"MV1":0.1855171099191677,"MV3":0.978465426353497,"CH1":0.8043929945943231}