{"MV1":0.8532901085566494,"MV3":0.8917967947179091,"CH1":0.07614092701447117}