{"MV1":0.31085698488134994,"MV3":0.813514159213592,"CH1":0.21230524330977596}