{"MV1":0.4422167829912842,"MV3":0.17501568490319297,"CH1":0.657258484385838}