{"MV1":0.7246378372074027,"MV3":0.0341401458325753,"CH1":0.7121045766572942}