{"MV1":0.6803844308770131,"MV3":0.9647785553689039,"CH1":0.7057335093309366}