{"MV1":0.5446236632485826,"MV3":0.9011828667379387,"CH1":0.7221678542212282}