{"MV1":0.5766175083100886,"MV3":0.25891735165245144,"CH1":0.055135386665265296}