{"MV1":0.8100991740460013,"MV3":0.9607802351380339,"CH1":0.527163798689112}