{"MV1":0.6590549486270965,"MV3":0.7608065972979047,"CH1":0.9840705448226238}