{"MV1":0.54189831305663,"MV3":0.1610429562437684,"CH1":0.7577016429600075}