{"MV1":0.4515182529218895,"MV3":0.15623019570455798,"CH1":0.9015399846832545}