{"MV1":0.6680689836993565,"MV3":0.9668949480862679,"CH1":0.31232933846258826}