{"MV1":0.16665482372794893,"MV3":0.25768270174562613,"CH1":0.9719722425963033}