{"MV1":0.43363870449676467,"MV3":0.7628622387295136,"CH1":0.5414291255410821}