{"MV1":0.8972974320371124,"MV3":0.6315507952720473,"CH1":0.18690498279917156}