{"MV1":0.7943696591435818,"MV3":0.014179840194434967,"CH1":0.557109062964833}