{"MV1":0.9697857945294878,"MV3":0.8756685560010624,"CH1":0.41326446687011675}