{"MV1":0.27362390111830703,"MV3":0.8068756218198762,"CH1":0.9192121663476858}