{"MV1":0.753050727630377,"MV3":0.09725175805487696,"CH1":0.3756882327612251}