{"MV1":0.42159989873456516,"MV3":0.3561796317003386,"CH1":0.1511513215113447}