{"MV1":0.28328659021131763,"MV3":0.1621229275020568,"CH1":0.3442953894698443}