{"MV1":0.3112427412728963,"MV3":0.9500922778580422,"CH1":0.5911221803623105}