{"MV1":0.9558658516833761,"MV3":0.4385337987068705,"CH1":0.21279398974594155}