{"MV1":0.07180602530586389,"MV3":0.09142697905832264,"CH1":0.6173737746729301}