{"MV1":0.37267856562471424,"MV3":0.45382264769342884,"CH1":0.3911837212691661}