{"MV1":0.22528912952385882,"MV3":0.6523052835241789,"CH1":0.8305967094790494}