{"MV1":0.045960203472839134,"MV3":0.8030685589210184,"CH1":0.8000880147092931}