{"MV1":0.3125677234140639,"MV3":0.5684871352049299,"CH1":0.6047904313354813}