{"MV1":0.25584666883838025,"MV3":0.7008503546687554,"CH1":0.8377273236274839}