{"MV1":0.2363200080216903,"MV3":0.7607415408175777,"CH1":0.08651503019370244}