{"MV1":0.7377277867371437,"MV3":0.22010211569347782,"CH1":0.538240012568355}