{"MV1":0.7563748304197895,"MV3":0.236695131310535,"CH1":0.5896322575398693}