{"MV1":0.6328110113160315,"MV3":0.9386656117855655,"CH1":0.9445384852561003}