{"MV1":0.44881986540123087,"MV3":0.5203953815734191,"CH1":0.6385979314454744}