{"MV1":0.32437489640020434,"MV3":0.45140530707762416,"CH1":0.3739855389895601}