{"MV1":0.8484881249413021,"MV3":0.5199176465562612,"CH1":0.4328008993890021}