{"MV1":0.7119057044195253,"MV3":0.04228126174698621,"CH1":0.799455133023742}