{"MV1":0.07317072362758703,"MV3":0.696815952576755,"CH1":0.5525739970346443}