{"MV1":0.5809321661015101,"MV3":0.35342287996372623,"CH1":0.6631405339389154}