{"MV1":0.09333126152591054,"MV3":0.7176213393213704,"CH1":0.5286571728736799}