{"MV1":0.6203754165892078,"MV3":0.8099467405878649,"CH1":0.750054236993128}