{"MV1":0.2754387010546747,"MV3":0.9719462444556771,"CH1":0.26748350592173464}