{"MV1":0.15987527523071943,"MV3":0.30332920729480317,"CH1":0.6041896793673556}