{"MV1":0.8585837790464166,"MV3":0.8308845890489639,"CH1":0.031123090957811628}