{"MV1":0.42298383328804745,"MV3":0.49721427893126247,"CH1":0.15927891048443954}