{"MV1":0.6236722414773133,"MV3":0.49366268737857777,"CH1":0.9017721456485419}