{"MV1":0.6345532536252533,"MV3":0.5645036306174143,"CH1":0.5446790355565705}