{"MV1":0.1344901561643872,"MV3":0.5767021229951761,"CH1":0.16014641335931534}