{"MV1":0.7065237467541069,"MV3":0.34300967351193523,"CH1":0.4779530887193504}