{"MV1":0.8396565484093551,"MV3":0.5245880586622468,"CH1":0.6636127464112318}