{"MV1":0.669512675248816,"MV3":0.9520115280538514,"CH1":0.07967859466977767}