{"MV1":0.3281656916062414,"MV3":0.8879138829241726,"CH1":0.8651955653431976}