{"MV1":0.20782503429441468,"MV3":0.019043486000120402,"CH1":0.0659651757368982}