{"MV1":0.3465740255562365,"MV3":0.7888153229592348,"CH1":0.91012706717332}