{"MV1":0.9475176787448574,"MV3":0.3719478543671412,"CH1":0.9844566771614307}