{"MV1":0.3609910092731806,"MV3":0.2719228774548659,"CH1":0.7022660377789698}