{"MV1":0.9383548346953713,"MV3":0.279447595224388,"CH1":0.07823523072131755}