{"MV1":0.27257935067916317,"MV3":0.5507002157653412,"CH1":0.005398125749466631}