{"MV1":0.40355770606462704,"MV3":0.5710148294725037,"CH1":0.011049104122853426}