{"MV1":0.5470964640208784,"MV3":0.22393583401211248,"CH1":0.9084273812312328}