{"MV1":0.7459588349092509,"MV3":0.1816654334477299,"CH1":0.13677457574417873}