{"MV1":0.2015178477004238,"MV3":0.028549483423161437,"CH1":0.8518020039424277}