{"MV1":0.04876153339581457,"MV3":0.09880976791370677,"CH1":0.0018330161070658768}