{"MV1":0.8676122946285935,"MV3":0.25626044098221445,"CH1":0.9452107543816053}