{"MV1":0.64800055367752,"MV3":0.19715988721152355,"CH1":0.7150405809840548}