{"MV1":0.642066953301997,"MV3":0.899419672919729,"CH1":0.09809808529087516}