{"MV1":0.9073528959534904,"MV3":0.5368345666857466,"CH1":0.6899464369367536}