{"MV1":0.540031546316029,"MV3":0.8154628728885616,"CH1":0.3197134117483813}