{"MV1":0.37135181635826997,"MV3":0.4101175042488603,"CH1":0.8571329995968177}