{"MV1":0.32142391546137306,"MV3":0.5983010730940193,"CH1":0.5595876692391021}