{"MV1":0.7663391973599896,"MV3":0.44698661552766206,"CH1":0.7380787608404871}