{"MV1":0.8949325263842955,"MV3":0.7348739140673832,"CH1":0.936354347346536}