{"MV1":0.679975121271304,"MV3":0.2564179219494025,"CH1":0.04754287430118498}