{"MV1":0.42372887698935247,"MV3":0.3002947965058237,"CH1":0.9281169095242837}