{"MV1":0.8693572826330572,"MV3":0.41089375345986046,"CH1":0.12077643844469976}