{"MV1":0.7084058523237962,"MV3":0.005698742727729411,"CH1":0.9952758316935262}