{"MV1":0.3016590446143659,"MV3":0.9048514715962738,"CH1":0.9254510934011346}