{"MV1":0.7314535077806329,"MV3":0.8174543013608796,"CH1":0.7241964341411824}