{"MV1":0.8525085288326284,"MV3":0.15930716136134837,"CH1":0.1281059342466101}