{"MV1":0.017755590331598792,"MV3":0.5372569511515731,"CH1":0.5999789643263557}