{"MV1":0.8875932006073879,"MV3":0.08145837008882828,"CH1":0.9328113824903772}