{"MV1":0.43059235042802446,"MV3":0.9695610470780746,"CH1":0.6560804020547577}