{"MV1":0.09403368212718055,"MV3":0.3824700056408453,"CH1":0.6659137113282405}