{"MV1":0.4040952665451849,"MV3":0.17753173639926811,"CH1":0.3318206062434258}