{"MV1":0.17466308473775138,"MV3":0.4632767913709801,"CH1":0.12646607567260593}