{"MV1":0.08625581223178913,"MV3":0.7007551910597485,"CH1":0.44989626414944484}