{"MV1":0.2666570583686956,"MV3":0.030145143048480705,"CH1":0.8860747176756394}