{"MV1":0.3955475295796945,"MV3":0.5190492145831633,"CH1":0.7774196607374728}