{"MV1":0.010093671119620229,"MV3":0.8680821256811906,"CH1":0.08838852349135717}