{"MV1":0.1869211047162792,"MV3":0.6115631287826901,"CH1":0.9933910930781176}