{"MV1":0.8763832275592274,"MV3":0.9486547158810328,"CH1":0.613887642450227}