{"MV1":0.5833673736269729,"MV3":0.36697752508629267,"CH1":0.9628454029808178}