{"MV1":0.5420232113714836,"MV3":0.9457606050565753,"CH1":0.4741583231143701}