{"MV1":0.715047475121664,"MV3":0.5893718978482634,"CH1":0.7641988676926681}