{"MV1":0.12846526180758555,"MV3":0.14020035664556074,"CH1":0.7970681173961442}