{"MV1":0.3714720748440925,"MV3":0.5179359660645307,"CH1":0.712273763930041}