{"MV1":0.26096791058413704,"MV3":0.9971159044788209,"CH1":0.617429201707079}