{"MV1":0.7451090884139859,"MV3":0.03930103903111237,"CH1":0.9487001414903521}