{"MV1":0.8177785000900331,"MV3":0.5941466369463232,"CH1":0.6692439803913155}