{"MV1":0.4912705659909089,"MV3":0.4448550342458568,"CH1":0.24281873555282063}