{"MV1":0.9439592971429873,"MV3":0.8084158606717083,"CH1":0.08604289374568408}