{"MV1":0.7815578814359143,"MV3":0.5466525208718148,"CH1":0.9679971430639773}