{"MV1":0.7098139852937343,"MV3":0.2617682735168749,"CH1":0.00898804863762892}