{"MV1":0.8342208784121765,"MV3":0.8421177063554584,"CH1":0.163231980613177}