{"MV1":0.6787320286688244,"MV3":0.09151755466302613,"CH1":0.6793577257899879}