{"MV1":0.9911306917538735,"MV3":0.6173902377756527,"CH1":0.05021059470946543}