{"MV1":0.3893801740087771,"MV3":0.4112949426743272,"CH1":0.2702188700767385}