{"MV1":0.25440985806001337,"MV3":0.44011105402142636,"CH1":0.7067251735946356}