{"MV1":0.5292187166713009,"MV3":0.8783659621532527,"CH1":0.2993742595349953}