{"MV1":0.22110293466640651,"MV3":0.10195625473058945,"CH1":0.2528406045936754}