{"MV1":0.5633358313473419,"MV3":0.9715013421960738,"CH1":0.6898067690542292}