{"MV1":0.5658019355479978,"MV3":0.7319074702154776,"CH1":0.17192573754394425}