{"MV1":0.7138603815970488,"MV3":0.30252838537407334,"CH1":0.5414580814596894}