{"MV1":0.1589458657670303,"MV3":0.5433070417803062,"CH1":0.7395210662075449}