{"MV1":0.27925556409239505,"MV3":0.7352177710596787,"CH1":0.6149917890471283}