{"MV1":0.6138015304070095,"MV3":0.8175787452450641,"CH1":0.152994477750799}