{"MV1":0.3309192371636267,"MV3":0.5770578762646109,"CH1":0.29431737578859696}