{"MV1":0.5720844238619889,"MV3":0.5414547063320019,"CH1":0.5386080477106854}