{"MV1":0.7899267934724296,"MV3":0.9635336007631271,"CH1":0.9932978087809332}