{"MV1":0.4028747227247639,"MV3":0.38790141436893677,"CH1":0.9163407873601468}