{"MV1":0.33158190911679997,"MV3":0.7298694803951875,"CH1":0.10786477955576534}