{"MV1":0.08698278725548758,"MV3":0.24574932971291452,"CH1":0.06344751957971984}