{"MV1":0.8046047138570387,"MV3":0.77158922294277,"CH1":0.24810639761902642}