{"MV1":0.7050026027693695,"MV3":0.31129917429255016,"CH1":0.36599911569354204}