{"MV1":0.7319265493205052,"MV3":0.12402036542751826,"CH1":0.8740449782773083}