{"MV1":0.8845085897969097,"MV3":0.2241324112538129,"CH1":0.31539109202594484}