{"MV1":0.36790486571618164,"MV3":0.708104808878155,"CH1":0.9407807453664088}