{"MV1":0.7001194601511308,"MV3":0.05045582738480492,"CH1":0.3834121651244482}