{"MV1":0.6049882907182742,"MV3":0.8903976010958063,"CH1":0.4434785920402523}