{"MV1":0.314597910193977,"MV3":0.5296607926407285,"CH1":0.9062621942218957}