{"MV1":0.9040156228594197,"MV3":0.9330554517542907,"CH1":0.7261518530852585}