{"MV1":0.22335539781199232,"MV3":0.4894907288594482,"CH1":0.8971526562963084}