{"MV1":0.07184830287671573,"MV3":0.14132228575916028,"CH1":0.1975515903645877}