{"MV1":0.8396112635000758,"MV3":0.7235934026822364,"CH1":0.5386786718528286}