{"MV1":0.2066231868206866,"MV3":0.0659215566302429,"CH1":0.19095493711660672}