{"MV1":0.4114440898054048,"MV3":0.01612228803163862,"CH1":0.9405076526006788}