{"MV1":0.9580171183185288,"MV3":0.11688932004607344,"CH1":0.12631666301714162}