{"MV1":0.1596963285375015,"MV3":0.08396758377499902,"CH1":0.058506275718623546}