{"MV1":0.12795566920494017,"MV3":0.7951687306560836,"CH1":0.5120405662950124}