{"MV1":0.5313282093179195,"MV3":0.8758380845549986,"CH1":0.843033868561711}