{"MV1":0.14452529165225614,"MV3":0.15610262268958608,"CH1":0.2393177918622087}