{"MV1":0.6123293517460187,"MV3":0.5311030765719097,"CH1":0.2548858348783505}