{"MV1":0.7471283500864271,"MV3":0.03584309989794665,"CH1":0.36921080357662506}