{"MV1":0.13678832122249096,"MV3":0.3757022428718727,"CH1":0.906355077436005}