{"MV1":0.9540416806076525,"MV3":0.4211906133102741,"CH1":0.6311957730549013}