{"MV1":0.6999790216791478,"MV3":0.714031472724128,"CH1":0.6877411602799913}