{"MV1":0.7967005002103936,"MV3":0.5004651437662532,"CH1":0.8977025543960474}