{"MV1":0.30123177453835226,"MV3":0.23061242789437675,"CH1":0.11108092342576692}