{"MV1":0.6351734005219486,"MV3":0.3468069977256387,"CH1":0.8964055368300469}