{"MV1":0.08699781439774845,"MV3":0.8515037088077639,"CH1":0.35661266755850873}