{"MV1":0.20762545869716864,"MV3":0.38979832528230185,"CH1":0.4124232667777521}