{"MV1":0.08002041968150853,"MV3":0.7519749628879465,"CH1":0.5964108515761547}