{"MV1":0.6881179521224362,"MV3":0.18640109939186378,"CH1":0.13544014240685998}