{"MV1":0.8634053941452247,"MV3":0.7426706013981967,"CH1":0.8123735244886882}