{"MV1":0.49296118429856894,"MV3":0.5249152802684836,"CH1":0.5114370727688994}