{"MV1":0.7526664956866471,"MV3":0.8897247034171342,"CH1":0.34480791190404025}