{"MV1":0.41717117987969954,"MV3":0.7311958278779261,"CH1":0.39379786943414863}