{"MV1":0.5852315406839087,"MV3":0.9014104117489098,"CH1":0.5047512925304021}