{"MV1":0.19889878172568842,"MV3":0.1451580914441506,"CH1":0.11058435642570341}