{"MV1":0.8745401834354808,"MV3":0.7072476900142548,"CH1":0.6894858387570367}