{"MV1":0.280422252429943,"MV3":0.7141317429913456,"CH1":0.2235799788676478}