{"MV1":0.3323515676110044,"MV3":0.3795335397202837,"CH1":0.7128807121189846}