{"MV1":0.9688082350467153,"MV3":0.8876512525058018,"CH1":0.8299191960531498}