{"MV1":0.8301297139917462,"MV3":0.8168199473365712,"CH1":0.28808234779933073}