{"MV1":0.20901354051198662,"MV3":0.7117845155175827,"CH1":0.08698950492120205}