{"MV1":0.3883446039934294,"MV3":0.2304527400110239,"CH1":0.6875973445959422}