{"MV1":0.8462766730505465,"MV3":0.37938698367594625,"CH1":0.8192451025382065}