{"MV1":0.5848122811289209,"MV3":0.6522074732880359,"CH1":0.619670438211092}