{"MV1":0.5379909088964405,"MV3":0.9577039197357161,"CH1":0.316987613255457}