{"MV1":0.7681654471862989,"MV3":0.617527356084784,"CH1":0.32258488174079825}