{"MV1":0.8273932649358371,"MV3":0.6460426283065519,"CH1":0.7392447235524896}