{"MV1":0.26136834963765954,"MV3":0.15754720186716042,"CH1":0.0630449460962964}