{"MV1":0.2664261128635671,"MV3":0.6435418069783903,"CH1":0.2672917100736183}