{"MV1":0.018641996048698983,"MV3":0.2821127582717414,"CH1":0.22953450128449537}