{"MV1":0.2549072875887348,"MV3":0.7273170189575002,"CH1":0.21426010445724797}