{"MV1":0.5717303490675018,"MV3":0.20242707621339973,"CH1":0.5324246909567624}