{"MV1":0.8101805011054457,"MV3":0.35213341366046513,"CH1":0.7076252350255858}