{"MV1":0.02415526753943431,"MV3":0.13464352676603353,"CH1":0.8974733197098015}