{"MV1":0.5306678513315244,"MV3":0.9313805996721578,"CH1":0.3216483154006703}