{"MV1":0.3710267779488412,"MV3":0.21213193744804382,"CH1":0.3638409474649561}