{"MV1":0.21243759685388952,"MV3":0.44407052238844535,"CH1":0.14252102096727348}