{"MV1":0.6243086886527859,"MV3":0.9492276993028308,"CH1":0.45299714220070275}