{"MV1":0.8481308688300088,"MV3":0.3428676389198857,"CH1":0.3110962301833209}