{"MV1":0.5137881063225039,"MV3":0.9455919991551807,"CH1":0.8950996452933246}