{"MV1":0.5898256229792177,"MV3":0.4941419647933072,"CH1":0.8228656780358576}