{"MV1":0.10807906770837306,"MV3":0.7095743491738291,"CH1":0.8752008588340147}