{"MV1":0.22997010484094926,"MV3":0.03435302656045236,"CH1":0.1689228519065078}