{"MV1":0.22820688007526235,"MV3":0.059257798717241794,"CH1":0.735087772064259}