{"MV1":0.9280795225496787,"MV3":0.39707073188800845,"CH1":0.2784977813949009}