{"MV1":0.07070021559315598,"MV3":0.557579830739462,"CH1":0.22282786985347314}