{"MV1":0.8431052656523812,"MV3":0.4587011761201203,"CH1":0.022771177245458296}