{"MV1":0.6132936947728871,"MV3":0.8130270010501076,"CH1":0.8405538500969107}