{"MV1":0.5052334001828123,"MV3":0.9628606860979408,"CH1":0.25715090460849355}