{"MV1":0.9785247819963081,"MV3":0.5953051123913153,"CH1":0.7459891073700995}