{"MV1":0.15005838013110573,"MV3":0.0349156831026477,"CH1":0.5088818059964463}