{"MV1":0.8827030075289154,"MV3":0.689084296648002,"CH1":0.22753185253740615}