{"MV1":0.379121625766649,"MV3":0.7118748993506381,"CH1":0.1759979302242437}