{"MV1":0.13905080724038354,"MV3":0.3350127851943483,"CH1":0.14059296178870506}