{"MV1":0.4792005756904989,"MV3":0.4248834390186532,"CH1":0.37221524715199583}