{"MV1":0.1951426973010828,"MV3":0.5705359334627679,"CH1":0.43676591020755606}