{"MV1":0.06578320500374013,"MV3":0.9233890835866623,"CH1":0.21123243008227943}