{"MV1":0.4218661407780808,"MV3":0.039221856074016626,"CH1":0.1362050952860011}