{"MV1":0.8766239388749235,"MV3":0.7601578343099389,"CH1":0.0972122717881796}