{"MV1":0.4953089668634342,"MV3":0.9733633770099218,"CH1":0.5830082057865293}