{"MV1":0.7890272275465897,"MV3":0.1439245247198342,"CH1":0.9123138339143623}