{"MV1":0.029851540454141734,"MV3":0.22054555326724068,"CH1":0.004092341905921337}