{"MV1":0.035525054100853826,"MV3":0.7709919735841337,"CH1":0.9840570375606584}