{"MV1":0.06326002379976459,"MV3":0.24523264191802896,"CH1":0.6139298415273277}