{"MV1":0.3721337914906735,"MV3":0.6903506316295097,"CH1":0.26440116198465413}