{"MV1":0.3214394770651451,"MV3":0.8060125483680266,"CH1":0.7423383632526352}