{"MV1":0.9576363794398752,"MV3":0.25023436220150785,"CH1":0.10921856852523848}