{"MV1":0.052794987555923045,"MV3":0.4620168660483459,"CH1":0.720782495265125}