{"MV1":0.15738038676718302,"MV3":0.7742837433433523,"CH1":0.021830809337440082}