{"MV1":0.5597665400097895,"MV3":0.02646387290334573,"CH1":0.4556649272314488}