{"MV1":0.2717699745738066,"MV3":0.3272521445492812,"CH1":0.6461836623796462}