{"MV1":0.46069095018721007,"MV3":0.38231497756670363,"CH1":0.9384270930324914}