{"MV1":0.9126648971367106,"MV3":0.3038160975179376,"CH1":0.8911801625602249}