{"MV1":0.10089073044695807,"MV3":0.04419305586343425,"CH1":0.3531555303176436}