{"MV1":0.5253740261838856,"MV3":0.09117339782141132,"CH1":0.47495728951691374}