{"MV1":0.33746171395736424,"MV3":0.7522011470675412,"CH1":0.12033707937257376}