{"MV1":0.7341830321124702,"MV3":0.25769480458248684,"CH1":0.8741039316121997}