{"MV1":0.5970751239378418,"MV3":0.9671239464295854,"CH1":0.7773971760749434}