{"MV1":0.3448481433890479,"MV3":0.948059262317172,"CH1":0.17761534343641017}