{"MV1":0.5240671304414767,"MV3":0.393385833657532,"CH1":0.46169646589430857}