{"MV1":0.9285118254705624,"MV3":0.19769146095362677,"CH1":0.4812009459409352}