{"MV1":0.24742767197473725,"MV3":0.7701906063945498,"CH1":0.6229160902831651}