{"MV1":0.4551441490561129,"MV3":0.25528526087817816,"CH1":0.812484450732254}