{"MV1":0.3615307259947327,"MV3":0.7318753993981483,"CH1":0.04165787623401829}