{"MV1":0.3756786024946319,"MV3":0.8652973842877834,"CH1":0.5300441079856952}