{"MV1":0.9592149567957391,"MV3":0.856833977397815,"CH1":0.730192661229441}