{"MV1":0.9303076462010649,"MV3":0.7427185903528927,"CH1":0.48755424338833375}