{"MV1":0.2516789002955184,"MV3":0.8362421572881279,"CH1":0.20199972675003097}