{"MV1":0.512049589736042,"MV3":0.03277651269219595,"CH1":0.9578513637318601}