{"MV1":0.8899863833022609,"MV3":0.0997839334534284,"CH1":0.038937218857581946}