{"MV1":0.20914902151423453,"MV3":0.7566530654746054,"CH1":0.2720533364911114}