{"MV1":0.21614129770936685,"MV3":0.9308419101049796,"CH1":0.3024174154577236}