{"MV1":0.5092203401975971,"MV3":0.22237760170731113,"CH1":0.8392811433253805}