{"MV1":0.592778467921902,"MV3":0.36615360925450235,"CH1":0.8234258446804369}