{"MV1":0.17784539352045703,"MV3":0.7168205774092749,"CH1":0.783966677620951}