{"MV1":0.09300575353151619,"MV3":0.19029173249609832,"CH1":0.38648593267983755}