{"MV1":0.6065053518192282,"MV3":0.23090216546206488,"CH1":0.6592730612955091}