{"MV1":0.7702492790690538,"MV3":0.16118949917136738,"CH1":0.913660193459681}