{"MV1":0.31550888484830786,"MV3":0.842864034791051,"CH1":0.2891166462479178}