{"MV1":0.932642014936285,"MV3":0.42852698056315497,"CH1":0.6406453480745229}