{"MV1":0.6412245166460581,"MV3":0.49146151431777096,"CH1":0.3739220893391202}