{"MV1":0.5532320877108514,"MV3":0.07079141250992105,"CH1":0.5040789614035438}