{"MV1":0.48318394695929845,"MV3":0.4476801063054209,"CH1":0.8715375007047202}