{"MV1":0.9468663163169924,"MV3":0.20161937751515258,"CH1":0.6876259922422201}