{"MV1":0.9263838912292799,"MV3":0.44894599109568,"CH1":0.7551552363759546}