{"MV1":0.4743137159661638,"MV3":0.10412244207710175,"CH1":0.8630109700530223}