{"MV1":0.882459804039372,"MV3":0.5415865145356349,"CH1":0.48550477990646324}