{"MV1":0.5708850822860951,"MV3":0.5427237943604029,"CH1":0.9851481544717121}