{"MV1":0.4924584196842037,"MV3":0.9345017263396384,"CH1":0.3856296938480305}