{"MV1":0.33474810666378796,"MV3":0.5651572975813955,"CH1":0.26983738745577723}