{"MV1":0.6768926788882094,"MV3":0.9660191241849938,"CH1":0.5424219638504229}