{"MV1":0.9479368646478122,"MV3":0.148686645297888,"CH1":0.7227278427698428}