{"MV1":0.8386262255809491,"MV3":0.18641706229392618,"CH1":0.11204911192316491}