{"MV1":0.9650275369608748,"MV3":0.46448237256680946,"CH1":0.9848836768460477}