{"MV1":0.638884219516468,"MV3":0.525432754535174,"CH1":0.978609229038369}