{"MV1":0.49029049372217937,"MV3":0.6294587243747614,"CH1":0.49483625954710286}