{"MV1":0.5427383024991393,"MV3":0.2431012727273234,"CH1":0.7951947084452955}