{"MV1":0.5444725413382179,"MV3":0.4906693005877386,"CH1":0.9928754627826725}