{"MV1":0.7670884159249548,"MV3":0.08720886285285712,"CH1":0.6086095440709036}