{"MV1":0.29730087541251193,"MV3":0.5859543667090309,"CH1":0.5263736085473606}