{"MV1":0.4249814046277528,"MV3":0.02308136690050644,"CH1":0.3555059658030981}