{"MV1":0.9848439843360384,"MV3":0.5228409912852596,"CH1":0.5956682743865757}