{"MV1":0.8147607304009431,"MV3":0.7739280067747818,"CH1":0.3314942130268499}