{"MV1":0.8092961790465104,"MV3":0.1153522249932809,"CH1":0.4226537915419649}