{"MV1":0.12609730186233248,"MV3":0.42596942552817807,"CH1":0.20829775152036412}