{"MV1":0.5298871368637481,"MV3":0.5586058327458099,"CH1":0.029376716765930122}