{"MV1":0.5425139918121931,"MV3":0.7268840079846229,"CH1":0.9550898735424316}