{"MV1":0.18100972732753529,"MV3":0.17914276594152378,"CH1":0.796878651933005}