{"MV1":0.12468480512279634,"MV3":0.9271932931990756,"CH1":0.9147252057688896}