{"MV1":0.060737698430501585,"MV3":0.41252338346944173,"CH1":0.4952257493405019}