{"MV1":0.48235894595254214,"MV3":0.9652129611389252,"CH1":0.32188755545579273}