{"MV1":0.4617292497166702,"MV3":0.8193537485090533,"CH1":0.23655910167850025}