{"MV1":0.9521134555799712,"MV3":0.24712653622548775,"CH1":0.6558599645360763}