{"MV1":0.8560424306658343,"MV3":0.8286211308780335,"CH1":0.8760583363540299}