{"MV1":0.6358223685584097,"MV3":0.7838057290465248,"CH1":0.40748030894796794}