{"MV1":0.9044420161066167,"MV3":0.3430961313049039,"CH1":0.9649871980018385}