{"MV1":0.4146763062247478,"MV3":0.6928510491644783,"CH1":0.1159669662195365}