{"MV1":0.7317542481510707,"MV3":0.5579455135311178,"CH1":0.30505025963255106}