{"MV1":0.0644476328319823,"MV3":0.6198552537228853,"CH1":0.6562361764370664}