{"MV1":0.6774235134213528,"MV3":0.7731560030502818,"CH1":0.1976781416385538}