{"MV1":0.8501571882238552,"MV3":0.6890653978315,"CH1":0.31832487984297897}