{"MV1":0.4228811381877373,"MV3":0.6140723397853532,"CH1":0.40624927618583295}