{"MV1":0.258397760069321,"MV3":0.40911603580812395,"CH1":0.7337435212064987}