{"MV1":0.08234937193870162,"MV3":0.11745362711196505,"CH1":0.8022149579115794}