{"MV1":0.1901553581862322,"MV3":0.256907174019685,"CH1":0.3946737416169138}