{"MV1":0.47729600334769584,"MV3":0.08591669860721773,"CH1":0.17636541011565554}