{"MV1":0.1472364151583121,"MV3":0.028142548217638286,"CH1":0.9137259744474344}