{"MV1":0.8401341253047446,"MV3":0.4874163932215516,"CH1":0.2914664452269229}