{"MV1":0.11422305779422637,"MV3":0.17285107631402874,"CH1":0.8518467050139182}