{"MV1":0.2014846021112734,"MV3":0.015312136673821142,"CH1":0.07842423470001347}