{"MV1":0.864635147597161,"MV3":0.9716093092571171,"CH1":0.7878650659257315}