{"MV1":0.24754227334527812,"MV3":0.26029443221848014,"CH1":0.6134496666453328}