{"MV1":0.33544623814028607,"MV3":0.8959044192145996,"CH1":0.5475038565336102}