{"MV1":0.36131685784787415,"MV3":0.7225925237241532,"CH1":0.5122202889272447}