{"MV1":0.043675868618428315,"MV3":0.21491383015471066,"CH1":0.325903650821319}