{"MV1":0.759822942592694,"MV3":0.06339962396857468,"CH1":0.45684848660210886}