{"MV1":0.7383338657027338,"MV3":0.4163239075838002,"CH1":0.22571791683317755}