{"MV1":0.5953998329781062,"MV3":0.23005199313123714,"CH1":0.06396338301226256}