{"MV1":0.2613200947801486,"MV3":0.6229122620634902,"CH1":0.9047557976591893}