{"MV1":0.015618435172164546,"MV3":0.7765073708012501,"CH1":0.1551126485980998}