{"MV1":0.7768057230774947,"MV3":0.5660647506949545,"CH1":0.5156934722672655}