{"MV1":0.1449969822783853,"MV3":0.22141471434361548,"CH1":0.055605619520720295}