{"MV1":0.770674875161586,"MV3":0.2919648200487974,"CH1":0.5050830888318704}