{"MV1":0.08302432120039083,"MV3":0.9129267191040157,"CH1":0.08646481642491954}