{"MV1":0.33777145703852507,"MV3":0.34783132743074363,"CH1":0.3895226565798333}