{"MV1":0.17463454675332768,"MV3":0.15067715158754602,"CH1":0.26690166071473553}