{"MV1":0.9319836323728578,"MV3":0.9700247640566737,"CH1":0.6511717141565374}