{"MV1":0.9163568799017837,"MV3":0.005686098551003216,"CH1":0.5714505728707935}