{"MV1":0.639032306446015,"MV3":0.910561358980706,"CH1":0.8461855892297643}