{"MV1":0.4931367025654788,"MV3":0.9160310497173951,"CH1":0.5804443768902501}