{"MV1":0.3260262361999937,"MV3":0.989778251740361,"CH1":0.7937578204504948}