{"MV1":0.5020514843768881,"MV3":0.7744029668732281,"CH1":0.785201702287897}