{"MV1":0.3755651011023754,"MV3":0.31332922953361075,"CH1":0.7002548268943285}