{"MV1":0.05226105841594719,"MV3":0.9278739757882823,"CH1":0.546281093560024}