{"MV1":0.5587918844906791,"MV3":0.29152186359554455,"CH1":0.8076799764097947}