{"MV1":0.5322111513139427,"MV3":0.43396324936365827,"CH1":0.7696987201177093}