{"MV1":0.6197061025351103,"MV3":0.3362417201878807,"CH1":0.6331348155275781}