{"MV1":0.03001452602127752,"MV3":0.611627879067683,"CH1":0.6442929641826024}