{"MV1":0.42951631029727144,"MV3":0.7756709578041383,"CH1":0.22365146654277512}