{"MV1":0.6068679979192441,"MV3":0.5787023933675189,"CH1":0.12511542705439815}