{"MV1":0.9705168770249071,"MV3":0.9219396757917093,"CH1":0.5706569570271176}