{"MV1":0.4629915375219884,"MV3":0.5026810534312699,"CH1":0.1718599905859297}