{"MV1":0.9731743567894303,"MV3":0.4725567403572155,"CH1":0.4926807205441256}