{"MV1":0.8538673728781544,"MV3":0.9458485067528098,"CH1":0.5635501666693371}