{"MV1":0.4605651851121818,"MV3":0.6082446572703017,"CH1":0.22025925217780074}