{"MV1":0.8223109605046025,"MV3":0.37380921106476084,"CH1":0.7377004014705797}