{"MV1":0.24215055260314244,"MV3":0.3644101401797559,"CH1":0.42731733133889516}