{"MV1":0.9138059637582383,"MV3":0.5181282595926525,"CH1":0.7092386756832869}