{"MV1":0.6551799760812264,"MV3":0.3210357232208054,"CH1":0.44845922167998886}