{"MV1":0.842178875323801,"MV3":0.18365708859262975,"CH1":0.503401706060931}