{"MV1":0.5424677942561053,"MV3":0.4644921582253535,"CH1":0.504286328776844}