{"MV1":0.6377718922899234,"MV3":0.019596409426206995,"CH1":0.9169277797578356}