{"MV1":0.11541555206384113,"MV3":0.6229612196057139,"CH1":0.1993272301709348}