{"MV1":0.9184668893992363,"MV3":0.1743361521824861,"CH1":0.3286205792178405}