{"MV1":0.6666014667143259,"MV3":0.1503010606171723,"CH1":0.7288144035318026}