{"MV1":0.5227367138938886,"MV3":0.8640616138655722,"CH1":0.6939778885500565}