{"MV1":0.863767109185974,"MV3":0.8675965186514311,"CH1":0.8328605696392551}