{"MV1":0.8228995365267797,"MV3":0.44125072189577463,"CH1":0.8345428683629119}