{"MV1":0.22800072216950384,"MV3":0.9581735446273347,"CH1":0.08211098761391022}