{"MV1":0.4938367423392225,"MV3":0.5770953978112096,"CH1":0.48463038888306587}