{"MV1":0.8821883072522665,"MV3":0.790342875002506,"CH1":0.7504224022733553}