{"MV1":0.594594392608353,"MV3":0.8409334668633578,"CH1":0.5799900914133305}