{"MV1":0.196613501989352,"MV3":0.67834302711954,"CH1":0.44347272474373145}