{"MV1":0.456854107016213,"MV3":0.04993010505156181,"CH1":0.8358129189697395}