{"MV1":0.20117684260007562,"MV3":0.5623886969121155,"CH1":0.9327843787049531}