{"MV1":0.2266987905807878,"MV3":0.36278300857380075,"CH1":0.8628424519072971}