{"MV1":0.503482717044906,"MV3":0.7913150394873099,"CH1":0.9966635198780575}