{"MV1":0.6743059789351233,"MV3":0.8829081061652109,"CH1":0.20803131987291923}