{"MV1":0.8309656831196627,"MV3":0.9817943701665627,"CH1":0.8089189599088635}