{"MV1":0.864872110247051,"MV3":0.5253070848951233,"CH1":0.7971040960439836}