{"MV1":0.6687359725468902,"MV3":0.8416147302091995,"CH1":0.1754695911209596}