{"MV1":0.12972910267627202,"MV3":0.26218847437688,"CH1":0.8705758162574713}