{"MV1":0.5975871959007596,"MV3":0.3513655658655809,"CH1":0.8855035608744208}