{"MV1":0.5293050665558667,"MV3":0.7555641791975775,"CH1":0.9368485866000531}