{"MV1":0.6111354799427544,"MV3":0.24149098080177,"CH1":0.6044247528897755}