{"MV1":0.7244176295919759,"MV3":0.22923168338395028,"CH1":0.5616552277780451}