{"MV1":0.39108813189359304,"MV3":0.5245989682989041,"CH1":0.8564162877805123}