{"MV1":0.7762776130708375,"MV3":0.9516620299066832,"CH1":0.9693817420508872}