{"MV1":0.5193964663478687,"MV3":0.9517059950369249,"CH1":0.5683452749308174}