{"MV1":0.87734578882028,"MV3":0.5509486500959713,"CH1":0.6063032084142242}