{"MV1":0.617614692418367,"MV3":0.9976347785274672,"CH1":0.3475304316228839}