{"MV1":0.7617434555973231,"MV3":0.9867737986361678,"CH1":0.5110121157352431}