{"MV1":0.6356833834522757,"MV3":0.49343036868731527,"CH1":0.6212067314720531}