{"MV1":0.7910683916942421,"MV3":0.7861187717397343,"CH1":0.9062500356819475}