{"MV1":0.818588824562347,"MV3":0.41815053208724107,"CH1":0.008168213570071803}