{"MV1":0.4987136157330565,"MV3":0.4886363830132755,"CH1":0.6557118535740165}