{"MV1":0.3194472755450267,"MV3":0.9713975486517643,"CH1":0.9161015241926658}