{"MV1":0.8777504365786929,"MV3":0.17831568302599254,"CH1":0.06060238825083297}