{"MV1":0.48853399850192136,"MV3":0.9048668789141409,"CH1":0.4535288983399324}