{"MV1":0.7693771495053033,"MV3":0.958252652304868,"CH1":0.05512413581206799}