{"MV1":0.028179428982476273,"MV3":0.5331875993538184,"CH1":0.6038696920750354}