{"MV1":0.9419229026776138,"MV3":0.8869934962229152,"CH1":0.901843760759993}