{"MV1":0.34690768643423797,"MV3":0.08601557298394569,"CH1":0.4869176929978044}