{"MV1":0.05462278203030624,"MV3":0.7763827957845513,"CH1":0.7682243128724818}