{"MV1":0.11014599385153134,"MV3":0.8795922260762778,"CH1":0.4873600339145454}