{"MV1":0.9585069848791474,"MV3":0.45160810944804264,"CH1":0.4332322788333661}