{"MV1":0.7194201068446897,"MV3":0.22358159717162274,"CH1":0.5598475301954029}