{"MV1":0.5595452441034483,"MV3":0.6608585544959853,"CH1":0.8214471633329868}