{"MV1":0.3030515692773502,"MV3":0.6266271428340234,"CH1":0.2532878670519615}