{"MV1":0.805463541775626,"MV3":0.9925707616059142,"CH1":0.35778232538732746}