{"MV1":0.6443082366695472,"MV3":0.36560563082174435,"CH1":0.8592209449734335}