{"MV1":0.5468011149147564,"MV3":0.17397646248995435,"CH1":0.7860240046767741}