{"MV1":0.5492291247004085,"MV3":0.9939681508766736,"CH1":0.9939773144343721}