{"MV1":0.7601834357722852,"MV3":0.04637525599477754,"CH1":0.7263273476372347}