{"MV1":0.9660043907692257,"MV3":0.136787344506776,"CH1":0.044988867494283546}