{"MV1":0.07822571825989655,"MV3":0.6174237693838626,"CH1":0.762610819143059}