{"MV1":0.5952294331724112,"MV3":0.3987717746718886,"CH1":0.9363525353030994}