{"MV1":0.8011791998883238,"MV3":0.755710093441345,"CH1":0.43036766651497305}