{"MV1":0.7675537546619723,"MV3":0.7644179659919319,"CH1":0.7744614780844681}