{"MV1":0.06798766561083336,"MV3":0.09820144113358475,"CH1":0.6440606127122613}