{"MV1":0.8764876458325828,"MV3":0.002620680327654723,"CH1":0.6648370789957564}