{"MV1":0.14767937183322166,"MV3":0.5037999604446132,"CH1":0.8314160937719791}