{"MV1":0.9036031713329425,"MV3":0.8761499574859172,"CH1":0.8427999144736956}