{"MV1":0.9117180260689373,"MV3":0.11837660432716168,"CH1":0.3124454918636995}