{"MV1":0.750639142727628,"MV3":0.12217171529748028,"CH1":0.7204784241745188}