{"MV1":0.6826767459348648,"MV3":0.6135972826655353,"CH1":0.3514810249194139}