{"MV1":0.21176305964940112,"MV3":0.01681746942980833,"CH1":0.6827088999852212}