{"MV1":0.9732104246752457,"MV3":0.5181891613548437,"CH1":0.9908230063933143}