{"MV1":0.3236920060610222,"MV3":0.48892379235792693,"CH1":0.269969748727234}