{"MV1":0.9964082517751925,"MV3":0.6671727861308125,"CH1":0.5799559736186762}