{"MV1":0.6115611217107692,"MV3":0.5034083992145097,"CH1":0.3860433060734203}