{"MV1":0.2784487031110733,"MV3":0.40141906594397203,"CH1":0.9404321900603674}