{"MV1":0.8123718607895486,"MV3":0.3924240889390086,"CH1":0.6821942410474408}