{"MV1":0.12670697996365532,"MV3":0.9618577815911068,"CH1":0.07441933270453649}