{"MV1":0.7706203293404332,"MV3":0.4928792620859612,"CH1":0.04624799324913342}