{"MV1":0.3610969117957262,"MV3":0.3889533157852815,"CH1":0.15937671010724397}