{"MV1":0.5593092791175789,"MV3":0.1497987015561142,"CH1":0.08745638867699668}