{"MV1":0.6339444234733,"MV3":0.500457674005036,"CH1":0.3490252996133558}