{"MV1":0.9185939889654352,"MV3":0.0396663423036373,"CH1":0.33410460547493903}