{"MV1":0.11052499677204697,"MV3":0.12056408444810929,"CH1":0.29847183623286344}