{"MV1":0.45032292632843085,"MV3":0.5505882198707021,"CH1":0.05854676932527669}