{"MV1":0.15055467805650835,"MV3":0.47253424345927786,"CH1":0.7527344796678663}