{"MV1":0.05140903163537347,"MV3":0.257940798834545,"CH1":0.8119250071205518}