{"MV1":0.6152895171399165,"MV3":0.03371353505679309,"CH1":0.053977835622430526}