{"MV1":0.6018510128734681,"MV3":0.18325089733925015,"CH1":0.5055191928475055}