{"MV1":0.9980335529238336,"MV3":0.3470823906972412,"CH1":0.2592839722412751}