{"MV1":0.006802039861537379,"MV3":0.18036013636654014,"CH1":0.7925017633307386}