{"MV1":0.8870541218891703,"MV3":0.611309929389581,"CH1":0.47195369307649215}