{"MV1":0.30051018928283657,"MV3":0.867419013953232,"CH1":0.37253139020388226}