{"MV1":0.6988054656967037,"MV3":0.8510292369042933,"CH1":0.4774178243406606}