{"MV1":0.8010935556463147,"MV3":0.9081191970389212,"CH1":0.14667642339071207}