{"MV1":0.7804129691996972,"MV3":0.9805712412569209,"CH1":0.27079360246616047}