{"MV1":0.8789282194114223,"MV3":0.10120957647808515,"CH1":0.5709709549846311}