{"MV1":0.10119595470032772,"MV3":0.46219865717864195,"CH1":0.845416929901812}