{"MV1":0.7257987011142355,"MV3":0.9680481363203738,"CH1":0.5576656938651048}