{"MV1":0.738330844745931,"MV3":0.2566308380908038,"CH1":0.13827457181583336}