{"MV1":0.2939875898607992,"MV3":0.8105193885545057,"CH1":0.04700781534887033}