{"MV1":0.986197757572819,"MV3":0.5886070266387022,"CH1":0.49818163159737594}