{"MV1":0.8141284084321915,"MV3":0.9766839979788184,"CH1":0.0478318313349505}