{"MV1":0.7692410117601093,"MV3":0.21963175728426787,"CH1":0.9081466891006356}