{"MV1":0.07646195570730918,"MV3":0.5793292705068913,"CH1":0.6229818262315608}