{"MV1":0.13813907663877323,"MV3":0.6338567505013457,"CH1":0.7786166766187168}