{"MV1":0.0795350326649733,"MV3":0.5637614600358731,"CH1":0.8134483322704448}