{"MV1":0.5850581448448853,"MV3":0.6758929070294238,"CH1":0.7923152145193109}