{"MV1":0.5235876772145818,"MV3":0.9414343034819793,"CH1":0.9140342261682908}