{"MV1":0.3401328639257284,"MV3":0.7164376699295324,"CH1":0.1377916826095168}