{"MV1":0.6136790077586015,"MV3":0.5437933434039022,"CH1":0.42585509568772795}