{"MV1":0.17228762902376882,"MV3":0.9600146730537175,"CH1":0.39334694689322547}