{"MV1":0.2533678778824001,"MV3":0.7044800773736843,"CH1":0.9874940525255372}