{"MV1":0.2832465571530165,"MV3":0.7293982469165502,"CH1":0.187010543362214}