{"MV1":0.8279154503254165,"MV3":0.5722972356324775,"CH1":0.11675872616642868}