{"MV1":0.8944862483894103,"MV3":0.8035386271752839,"CH1":0.7470962539704046}