{"MV1":0.5588387639857467,"MV3":0.7802617674497753,"CH1":0.11909443683024046}