{"MV1":0.11455207811467749,"MV3":0.0907087595636048,"CH1":0.6087455705255193}