{"MV1":0.5901374410835772,"MV3":0.005291198923291995,"CH1":0.8101630485648509}