{"MV1":0.5469366271133546,"MV3":0.9210054748952762,"CH1":0.22705470665336958}