{"MV1":0.3556278742060759,"MV3":0.08366350591599103,"CH1":0.7591914400234372}