{"MV1":0.08462514732820259,"MV3":0.6664320377257605,"CH1":0.3355690309299869}