{"MV1":0.6464186721908265,"MV3":0.11090036090786337,"CH1":0.21954368796403156}