{"MV1":0.28635180411859684,"MV3":0.12000228563820803,"CH1":0.44732585581478135}