{"MV1":0.06041324307521856,"MV3":0.5319478816394521,"CH1":0.435794453605569}