{"MV1":0.4482456200004734,"MV3":0.5639495197686994,"CH1":0.1932301087514774}