{"MV1":0.47851352897499266,"MV3":0.3446233750505612,"CH1":0.8336484288347427}