{"MV1":0.6546744725155298,"MV3":0.36115087777839383,"CH1":0.7628619726623808}