{"MV1":0.4105993645147099,"MV3":0.6488359515708909,"CH1":0.252974951972492}