{"MV1":0.6445942421185582,"MV3":0.34011586670693084,"CH1":0.13166589951002616}