{"MV1":0.3418184629477551,"MV3":0.6445242806245438,"CH1":0.3419793061362202}