{"MV1":0.8065516184690964,"MV3":0.9297251093100991,"CH1":0.8581123199675464}