{"MV1":0.3425141173255527,"MV3":0.7408236586255121,"CH1":0.7605881337179505}