{"MV1":0.11315124109155839,"MV3":0.7463499028223929,"CH1":0.915855702483074}