{"MV1":0.5675968997078028,"MV3":0.0063867041523986146,"CH1":0.8382140884898505}