{"MV1":0.6298038856272273,"MV3":0.42605845582363633,"CH1":0.1955496167466867}