{"MV1":0.20474505882219107,"MV3":0.1263459554689026,"CH1":0.518666741762487}