{"MV1":0.7476039430107866,"MV3":0.8745759219402175,"CH1":0.9053117237632282}