{"MV1":0.961446670136103,"MV3":0.6267252664220944,"CH1":0.1978484069244576}