{"MV1":0.9489493691751619,"MV3":0.300291318270027,"CH1":0.05392186132245602}