{"MV1":0.24773583597291282,"MV3":0.8733081930170512,"CH1":0.5233337842230761}