{"MV1":0.9356623094098956,"MV3":0.1978287194283327,"CH1":0.6245077509463698}