{"MV1":0.23069966841129275,"MV3":0.12452565000488713,"CH1":0.4646628086335416}