{"MV1":0.5203961066529127,"MV3":0.41386235498417245,"CH1":0.5379713399368027}