{"MV1":0.26455068873383814,"MV3":0.4548124360932354,"CH1":0.5927230665491325}