{"MV1":0.8630087578759696,"MV3":0.2170883740415952,"CH1":0.863250719693795}