{"MV1":0.49639384413266185,"MV3":0.5684056859922253,"CH1":0.5138716151399214}