{"MV1":0.4357831274387015,"MV3":0.7378525809679086,"CH1":0.6826897368784933}