{"MV1":0.1836190806202942,"MV3":0.878012675218172,"CH1":0.16927045763459025}