{"MV1":0.06518766073276283,"MV3":0.5571784715975401,"CH1":0.9567103648146759}