{"MV1":0.3117179889162851,"MV3":0.49778079702546874,"CH1":0.24652889757818308}