{"MV1":0.02863156128775224,"MV3":0.2555205704172424,"CH1":0.5160475078365799}