{"MV1":0.543748110339672,"MV3":0.22898655895210407,"CH1":0.8197352424939607}