{"MV1":0.5435339189453117,"MV3":0.0479790932237929,"CH1":0.10176620802532876}