{"MV1":0.1354910744376051,"MV3":0.9155785408695637,"CH1":0.6922701843283512}