{"MV1":0.26348500120495666,"MV3":0.9314997291008681,"CH1":0.7467398766630972}