{"MV1":0.6296796249777254,"MV3":0.3787058746617431,"CH1":0.23182259460928678}