{"MV1":0.33185046812905905,"MV3":0.6771353530139652,"CH1":0.7961750651011748}