{"MV1":0.37915136579717745,"MV3":0.5421451422616798,"CH1":0.8627413683419664}