{"MV1":0.8812841180985658,"MV3":0.09982848929730559,"CH1":0.5897975971558143}