{"MV1":0.18318125598208146,"MV3":0.31459958110981234,"CH1":0.7345511988218532}