{"MV1":0.1802218432153695,"MV3":0.6893183035524064,"CH1":0.5259500958485349}