{"MV1":0.007833521788114473,"MV3":0.5733802181662628,"CH1":0.3019815388777114}