{"MV1":0.30544960775894436,"MV3":0.9442791508762082,"CH1":0.0510194419116109}