{"MV1":0.737193833653192,"MV3":0.16307036120002583,"CH1":0.36314840824091144}