{"MV1":0.526574396146722,"MV3":0.8470530677162373,"CH1":0.6241062814500536}