{"MV1":0.8151587488337131,"MV3":0.3413110995938694,"CH1":0.11750984747610926}