{"MV1":0.21599755257264386,"MV3":0.6428258751290801,"CH1":0.4409825401232006}