{"MV1":0.9979262752292835,"MV3":0.26008109345360586,"CH1":0.7802071336476658}