{"MV1":0.4315351633517881,"MV3":0.7661027142527007,"CH1":0.8236463663620585}