{"MV1":0.6276281944402095,"MV3":0.4134105348927847,"CH1":0.45526347841827697}