{"MV1":0.4456150583909607,"MV3":0.7240520108635804,"CH1":0.4723205704975716}