{"MV1":0.9708369954543413,"MV3":0.8994964454474056,"CH1":0.7931083577939967}