{"MV1":0.17104307757751147,"MV3":0.6836646766992912,"CH1":0.25654386285532094}