{"MV1":0.23748289911046505,"MV3":0.19923596054182435,"CH1":0.11177208155015506}