{"MV1":0.9619286338572799,"MV3":0.3764374831327534,"CH1":0.8949414154701151}