{"MV1":0.8890239449167743,"MV3":0.32503737446869196,"CH1":0.9603142866284232}