{"MV1":0.02393352557523476,"MV3":0.08734669397067796,"CH1":0.3559077269307921}