{"MV1":0.7532912837408822,"MV3":0.7417222967610972,"CH1":0.9523173443806554}