{"MV1":0.6280081969294874,"MV3":0.8299127322541138,"CH1":0.5022317589682431}