{"MV1":0.8248652597372511,"MV3":0.40383994703304193,"CH1":0.8650003163948875}