{"MV1":0.9059172923072816,"MV3":0.6213162612169452,"CH1":0.6681408880979383}