{"MV1":0.07632971648426057,"MV3":0.736950934824841,"CH1":0.3482092050308013}