{"MV1":0.006173494442032412,"MV3":0.7585772011007437,"CH1":0.44966429260029794}