{"MV1":0.5422763314459885,"MV3":0.04881596784914499,"CH1":0.08338857156260282}