{"MV1":0.276190221244938,"MV3":0.560968009626648,"CH1":0.47207855259001075}