{"MV1":0.8458550011740161,"MV3":0.768893140975488,"CH1":0.08363183255174678}