{"MV1":0.6122264612522393,"MV3":0.41806419763372127,"CH1":0.33614764158015675}