{"MV1":0.4429979787398116,"MV3":0.5139047880630004,"CH1":0.7137631878827995}