{"MV1":0.5572340612961442,"MV3":0.6606226495762851,"CH1":0.9192058403353549}