{"MV1":0.603776522000415,"MV3":0.0998080066618503,"CH1":0.27613138537701665}