{"MV1":0.46193034135594235,"MV3":0.8586356999614071,"CH1":0.7606727208167635}