{"MV1":0.9718220096330854,"MV3":0.9455005114362067,"CH1":0.04704476750519826}