{"MV1":0.8481221032290832,"MV3":0.5639420837155614,"CH1":0.6231798421308509}