{"MV1":0.13162933982633662,"MV3":0.04988638746620333,"CH1":0.1679857708720588}