{"MV1":0.20375185558580333,"MV3":0.37714259580771525,"CH1":0.16496933343827103}