{"MV1":0.5383357972679487,"MV3":0.0914348102821263,"CH1":0.5387321958833176}