{"MV1":0.735833517565906,"MV3":0.18155907949749117,"CH1":0.9640060228578684}