{"MV1":0.2907648291323657,"MV3":0.5615492767010752,"CH1":0.716980622888637}