{"MV1":0.5266683701813971,"MV3":0.6411083332227473,"CH1":0.5919378557468508}