{"MV1":0.7332754515781733,"MV3":0.8811634425317004,"CH1":0.26996366314851505}