{"MV1":0.9145171276037389,"MV3":0.16323046605520752,"CH1":0.008562790670250231}