{"MV1":0.989526228875559,"MV3":0.49506237152278343,"CH1":0.48176959415514276}