{"MV1":0.789967403020423,"MV3":0.40280968732229405,"CH1":0.7257287352486456}