{"MV1":0.2234273484499819,"MV3":0.22881718922481886,"CH1":0.25150491909424455}