{"MV1":0.36719340903829445,"MV3":0.25439389934819023,"CH1":0.47544211154715}