{"MV1":0.8015051233292533,"MV3":0.5249596457897115,"CH1":0.17947297998858647}