{"MV1":0.02374926357556084,"MV3":0.3832259240010648,"CH1":0.2743559907877917}