{"MV1":0.5352643954844201,"MV3":0.09597267624928951,"CH1":0.32000530930835547}