{"MV1":0.589756694940043,"MV3":0.16965204714271875,"CH1":0.6843961033281735}