{"MV1":0.04087008381954893,"MV3":0.602544320218065,"CH1":0.21866594008204499}