{"MV1":0.9551151463062225,"MV3":0.046670172740598925,"CH1":0.2493487991771134}