{"MV1":0.8727539995349887,"MV3":0.9968923194766027,"CH1":0.9934775532159148}