{"MV1":0.7803049451505988,"MV3":0.9795102015359705,"CH1":0.5535572949376433}