{"MV1":0.4991050515442901,"MV3":0.22493107214197883,"CH1":0.9019126032073284}