{"MV1":0.9321000128885852,"MV3":0.919966861284606,"CH1":0.4998851620583795}