{"MV1":0.07657093935800374,"MV3":0.10537379424907811,"CH1":0.012208557253975738}