{"MV1":0.007753567324929267,"MV3":0.8218226913530563,"CH1":0.5834559016600822}