{"MV1":0.17772479395262664,"MV3":0.7242918789891752,"CH1":0.089338633407956}