{"MV1":0.3259580432068099,"MV3":0.13894674032460508,"CH1":0.8448914217953855}