{"MV1":0.2171583590878179,"MV3":0.32087447319148155,"CH1":0.037761684628710435}