{"MV1":0.11554925590993603,"MV3":0.32388075746278455,"CH1":0.8194490102208415}