{"MV1":0.07672903392694141,"MV3":0.5049207287491508,"CH1":0.5146376352691852}