{"MV1":0.10090045730314146,"MV3":0.13752999452613812,"CH1":0.2758309953659661}