{"MV1":0.28037033596657235,"MV3":0.8353277129418858,"CH1":0.6136944898007257}