{"MV1":0.16398337425685972,"MV3":0.02461981862991891,"CH1":0.10368122458489237}