{"MV1":0.09782775681168787,"MV3":0.6754675874606101,"CH1":0.5527115953785317}