{"MV1":0.4239356919282573,"MV3":0.6664766104360182,"CH1":0.9306544896623167}