{"MV1":0.46738477945747936,"MV3":0.16305078371546422,"CH1":0.4187966151313943}