{"MV1":0.5344914129714352,"MV3":0.3460872660635014,"CH1":0.29855156768008106}