{"MV1":0.34981364858354,"MV3":0.5256873479133495,"CH1":0.7271123207896236}