{"MV1":0.8380342115700433,"MV3":0.4703329622219661,"CH1":0.6557967671941749}