{"MV1":0.5716011404588931,"MV3":0.2908478382828871,"CH1":0.03871905058104008}