{"MV1":0.6565873706892552,"MV3":0.7979296180497172,"CH1":0.15333169803862157}