{"MV1":0.424401730095725,"MV3":0.33364916638823505,"CH1":0.777998091781033}