{"MV1":0.8261496139819017,"MV3":0.5967843949980336,"CH1":0.8525817069413681}