{"MV1":0.612779329962725,"MV3":0.9752854180149849,"CH1":0.36978826750486415}