{"MV1":0.615525256440387,"MV3":0.9096487058121944,"CH1":0.3713979128244773}