{"MV1":0.3021995324296167,"MV3":0.719628341699731,"CH1":0.46586974129666503}