{"MV1":0.511167659431876,"MV3":0.13711205316512498,"CH1":0.8262751604055265}