{"MV1":0.8701962033025666,"MV3":0.743127578175821,"CH1":0.28391987525944506}