{"MV1":0.8914333877420653,"MV3":0.036181970244893,"CH1":0.396430079462748}