{"MV1":0.10899127669676079,"MV3":0.8632067014151047,"CH1":0.13229499405404233}