{"MV1":0.5192954879472403,"MV3":0.143449096965526,"CH1":0.7834313543807543}