{"MV1":0.7934906149709906,"MV3":0.6513020596210399,"CH1":0.028084705350320593}