{"MV1":0.9576139000468715,"MV3":0.9195396989592219,"CH1":0.39013051750813066}