{"MV1":0.9440856771535929,"MV3":0.667573348371911,"CH1":0.24177056277937292}