{"MV1":0.3128841929071219,"MV3":0.6143669285684507,"CH1":0.8055505536019204}