{"MV1":0.9866414058379219,"MV3":0.2663638263786331,"CH1":0.8893681548643817}