{"MV1":0.629128129114173,"MV3":0.6514845772391528,"CH1":0.08383732290869961}