{"MV1":0.8930376368563983,"MV3":0.460592830355837,"CH1":0.5758299833741354}