{"MV1":0.7412424512707245,"MV3":0.3539381771607826,"CH1":0.50062380551296}