{"MV1":0.17061085499116735,"MV3":0.20922432351732567,"CH1":0.1350603332880469}