{"MV1":0.03999754720912363,"MV3":0.6979101175760839,"CH1":0.4505878672900725}