{"MV1":0.3509871967541477,"MV3":0.8629454560933387,"CH1":0.8800649397046829}