{"MV1":0.7102135759190369,"MV3":0.230138472006307,"CH1":0.7729412191571622}