{"MV1":0.7088271006147169,"MV3":0.4381950266614195,"CH1":0.8589451918004571}