{"MV1":0.7574779880679177,"MV3":0.4903466858403084,"CH1":0.3135483673804089}