{"MV1":0.7172380847325229,"MV3":0.8796482218273494,"CH1":0.16023531354900933}