{"MV1":0.6557492972096451,"MV3":0.7818168381887654,"CH1":0.08607011883780424}