{"MV1":0.1479916902120626,"MV3":0.25378109951399075,"CH1":0.4245148950982395}