{"MV1":0.9437085068977399,"MV3":0.048809017482204675,"CH1":0.7973305432241874}