{"MV1":0.5747232617237438,"MV3":0.26560569830271585,"CH1":0.324130182574243}