{"MV1":0.2843000975754849,"MV3":0.9552755963068156,"CH1":0.3215326029779917}