{"MV1":0.5722826028295915,"MV3":0.7724146666857526,"CH1":0.20972104155535531}