{"MV1":0.46756562518412503,"MV3":0.9574899802873849,"CH1":0.8904175534307042}