{"MV1":0.754693010539773,"MV3":0.7442771410200493,"CH1":0.8454680056227787}