{"MV1":0.17559801161430233,"MV3":0.44624483679406324,"CH1":0.8414817447158653}