{"MV1":0.06463308202916629,"MV3":0.7494056159761221,"CH1":0.027352084921206776}