{"MV1":0.2662602491396546,"MV3":0.48193584438817516,"CH1":0.9959873484337609}