{"MV1":0.9074079484311521,"MV3":0.14937270966671312,"CH1":0.5753800345525713}