{"MV1":0.6960101044261939,"MV3":0.1305530702691946,"CH1":0.9116955516785076}