{"MV1":0.8360868747511639,"MV3":0.15900294767990197,"CH1":0.37273221046412175}