{"MV1":0.36287990172699736,"MV3":0.6285376758647573,"CH1":0.917337105878334}