{"MV1":0.010140460533945017,"MV3":0.6012123054962174,"CH1":0.9112416373163732}