{"MV1":0.1978144283256933,"MV3":0.4881837212136212,"CH1":0.5748552944847563}