{"MV1":0.6263033528834785,"MV3":0.2767261927523935,"CH1":0.6006646281382878}