{"MV1":0.685429776849008,"MV3":0.23277281914220838,"CH1":0.6586283754300715}