{"MV1":0.41965869241444187,"MV3":0.6067091055763779,"CH1":0.42216680544149043}