{"MV1":0.039253700463088514,"MV3":0.5622175006813817,"CH1":0.32584668734522704}