{"MV1":0.05262356586993466,"MV3":0.1776499900073164,"CH1":0.6359602928284318}