{"MV1":0.8683907956996163,"MV3":0.26530478294818927,"CH1":0.6352278540812262}