{"MV1":0.7753902109537821,"MV3":0.48783902610828345,"CH1":0.6328515797388662}