{"MV1":0.49142752914530496,"MV3":0.3101269525933714,"CH1":0.9950843201699221}