{"MV1":0.4466029464996305,"MV3":0.2208328056429859,"CH1":0.3035800407308997}