{"MV1":0.8751909326778694,"MV3":0.7453687284606357,"CH1":0.38741305088615385}