{"MV1":0.04048729046374899,"MV3":0.6830053144791056,"CH1":0.9858174839501707}