{"MV1":0.6991387607911389,"MV3":0.9678080810282667,"CH1":0.6800339098160842}