{"MV1":0.6594354918766931,"MV3":0.714933321103424,"CH1":0.4087032245366108}