{"MV1":0.9088661116717052,"MV3":0.9901273022624952,"CH1":0.018051998636498534}