{"MV1":0.9634116855574921,"MV3":0.7890409589445585,"CH1":0.8428166852382405}