{"MV1":0.4271340103985636,"MV3":0.2313284914403997,"CH1":0.9107348838654825}