{"MV1":0.8769651932446924,"MV3":0.35631049039740825,"CH1":0.9599384264055625}