{"MV1":0.1552606813540498,"MV3":0.12627217235467114,"CH1":0.15418598275221496}