{"MV1":0.36480199697147475,"MV3":0.4961234575877299,"CH1":0.12539100807320358}