{"MV1":0.27978593897072634,"MV3":0.29131640552976756,"CH1":0.138111045636225}