{"MV1":0.40620333415066723,"MV3":0.21183271280260607,"CH1":0.8559356621277727}