{"MV1":0.19085439007725302,"MV3":0.58380427749126,"CH1":0.8488077229684123}