{"MV1":0.16527354767075486,"MV3":0.39310450151410614,"CH1":0.004539965023421355}