{"MV1":0.43580347965618493,"MV3":0.6356260474352594,"CH1":0.35983581755695226}