{"MV1":0.2789497798833903,"MV3":0.8135419531631836,"CH1":0.8457904734803671}