{"MV1":0.17828832748219703,"MV3":0.2923048790849063,"CH1":0.7202592146972719}