{"MV1":0.6358153071136091,"MV3":0.1743616956001649,"CH1":0.1606221649423919}