{"MV1":0.4770422300259769,"MV3":0.048167357721693116,"CH1":0.5440624808269793}