{"MV1":0.3140288747972213,"MV3":0.03063910284034632,"CH1":0.15101562734535912}