{"MV1":0.09479402254715519,"MV3":0.22917726035898167,"CH1":0.21890939754519667}