{"MV1":0.9561910801033704,"MV3":0.6231188712201969,"CH1":0.45822732805459476}