{"MV1":0.5447683434842577,"MV3":0.0416425066566406,"CH1":0.7662601153494673}