{"MV1":0.9794761404248616,"MV3":0.2796269177189733,"CH1":0.8034930234653276}