{"MV1":0.834918738482244,"MV3":0.5842961430871442,"CH1":0.42574335840892674}