{"MV1":0.1246576207963167,"MV3":0.13121190128113291,"CH1":0.44442181891756305}