{"MV1":0.15589173668596057,"MV3":0.27653325098602044,"CH1":0.027597489991380786}