{"MV1":0.4550933744336325,"MV3":0.31994030318840894,"CH1":0.54561384021442}