{"MV1":0.8868086628268672,"MV3":0.07288254898413304,"CH1":0.7014110592616534}