{"MV1":0.04270892685419014,"MV3":0.4331564918917755,"CH1":0.4978137277860534}