{"MV1":0.9065588983072994,"MV3":0.5869210878678559,"CH1":0.30228433174859914}