{"MV1":0.11202556925800478,"MV3":0.6151291723833735,"CH1":0.6704294104770798}