{"MV1":0.21206233175129363,"MV3":0.4265328909830667,"CH1":0.9818327483956519}