{"MV1":0.6009365269184407,"MV3":0.49842903525477245,"CH1":0.1840577318867741}