{"MV1":0.04618379063802491,"MV3":0.9529304971682159,"CH1":0.5948723945856029}