{"MV1":0.5723179318937617,"MV3":0.2526245525991999,"CH1":0.54545853981495}