{"MV1":0.015487191067989237,"MV3":0.432915818880388,"CH1":0.011672086744938137}