{"MV1":0.30109048710790964,"MV3":0.9256454955843822,"CH1":0.09575346051551514}