{"MV1":0.08303732117849061,"MV3":0.9393541069392339,"CH1":0.9987022765564811}