{"MV1":0.5435319214856398,"MV3":0.9569169436350993,"CH1":0.2700437703276226}