{"MV1":0.6696366557227763,"MV3":0.09071117765166115,"CH1":0.2895677698556025}