{"MV1":0.2427405973632415,"MV3":0.005764915091071021,"CH1":0.6049834868613765}