{"MV1":0.7582975491823494,"MV3":0.7867501551299313,"CH1":0.7137667260699911}