{"MV1":0.33784825613911795,"MV3":0.1752032095019994,"CH1":0.17762724480843783}