{"MV1":0.711747853619674,"MV3":0.7943550778320021,"CH1":0.12630308648367783}