{"MV1":0.0709954369022977,"MV3":0.6310696393257269,"CH1":0.19294404581490487}