{"MV1":0.08307815400964713,"MV3":0.11212928626815266,"CH1":0.9433276496308365}