{"MV1":0.6854261901307099,"MV3":0.1753161986437245,"CH1":0.2597457104163222}