{"MV1":0.8217184571586784,"MV3":0.315679445014841,"CH1":0.4728988929911815}