{"MV1":0.54830094352163,"MV3":0.9109477830093726,"CH1":0.058044903710702034}