{"MV1":0.15291267581219314,"MV3":0.08587936401913043,"CH1":0.24267965914575762}