{"MV1":0.8869477523873992,"MV3":0.3587698368750917,"CH1":0.9684132500311671}