{"MV1":0.3407912469331795,"MV3":0.3840895244008711,"CH1":0.16641186370378536}