{"MV1":0.794762645248613,"MV3":0.6923141580877907,"CH1":0.5491428491236151}