{"MV1":0.5392461158848989,"MV3":0.3913702227538145,"CH1":0.6243956326767327}