{"MV1":0.9199159856090303,"MV3":0.9766723168122945,"CH1":0.10439241788418852}