{"MV1":0.8718214309165494,"MV3":0.5476845981788758,"CH1":0.9099851775044656}