{"MV1":0.05595448640854872,"MV3":0.6300628164017982,"CH1":0.7542936279744029}