{"MV1":0.3193415585810806,"MV3":0.715208294574264,"CH1":0.22603183865434817}