{"MV1":0.40025467337708287,"MV3":0.5057769083057236,"CH1":0.6970543951577437}