{"MV1":0.24688154039892862,"MV3":0.8468802894368385,"CH1":0.9850850362407854}