{"MV1":0.672260768113958,"MV3":0.9470969871267616,"CH1":0.08809483011656405}