{"MV1":0.47964173482975625,"MV3":0.854496983369708,"CH1":0.45277708288045004}