{"MV1":0.9790876734677662,"MV3":0.5084587882779461,"CH1":0.4909659282433253}