{"MV1":0.18373017282694293,"MV3":0.8196822938447709,"CH1":0.003370762475771505}