{"MV1":0.3047691102576059,"MV3":0.6716305487558921,"CH1":0.9524251027402284}