{"MV1":0.8061925331404416,"MV3":0.3424778405665879,"CH1":0.6773299472930461}