{"MV1":0.9919096542746557,"MV3":0.17825379762774385,"CH1":0.929875384567184}