{"MV1":0.4578626246604368,"MV3":0.9233011161235752,"CH1":0.16393864849113327}