{"MV1":0.37669559190498847,"MV3":0.3517371220481722,"CH1":0.564334032598962}