{"MV1":0.12144207196914358,"MV3":0.4089864120709683,"CH1":0.6833402583365065}