{"MV1":0.46258319790756497,"MV3":0.08556671817354167,"CH1":0.34437381719834703}