{"MV1":0.28202360428825424,"MV3":0.6512460756217372,"CH1":0.776571278788622}