{"MV1":0.8709643067505627,"MV3":0.35554414363365994,"CH1":0.005825874797845465}