{"MV1":0.034468001776479906,"MV3":0.6398516710930026,"CH1":0.5787460730252392}