{"MV1":0.2883872700320441,"MV3":0.20469393123402024,"CH1":0.44094086271516486}