{"MV1":0.6171990740409755,"MV3":0.3276754041507899,"CH1":0.23356060675432444}