{"MV1":0.3225344327402302,"MV3":0.25287302183490357,"CH1":0.9440541089230481}