{"MV1":0.8612816754738408,"MV3":0.08915848228842216,"CH1":0.3318065414431378}