{"MV1":0.707827020788026,"MV3":0.647034659367231,"CH1":0.27048443884527207}