{"MV1":0.39092926937044614,"MV3":0.9453854881673106,"CH1":0.2716780980667236}