{"MV1":0.9789354867035057,"MV3":0.49033575220166936,"CH1":0.871889953030351}