{"MV1":0.3916930725923079,"MV3":0.5452604704428625,"CH1":0.6922946068410991}