{"MV1":0.44205909220508566,"MV3":0.35730844500849845,"CH1":0.5136266236979045}