{"MV1":0.9458604881880798,"MV3":0.25284910953790996,"CH1":0.2145509224490566}