{"MV1":0.3963962221302425,"MV3":0.2916197769930724,"CH1":0.9517214916348306}