{"MV1":0.9494194813842537,"MV3":0.6229496030600901,"CH1":0.8539491071292603}