{"MV1":0.1020000863982824,"MV3":0.8445829502658218,"CH1":0.770152502405158}