{"MV1":0.9663357450697682,"MV3":0.25337155771008446,"CH1":0.5799863035336873}