{"MV1":0.4960105240695787,"MV3":0.3622034292357623,"CH1":0.3533557341588506}