{"MV1":0.6692107965564726,"MV3":0.007856238115864222,"CH1":0.3083685033348217}