{"MV1":0.5278855051787463,"MV3":0.3942511658356348,"CH1":0.9821501718442779}