{"MV1":0.6974571886872134,"MV3":0.05525099723615656,"CH1":0.7077921708078465}