{"MV1":0.9779339841914839,"MV3":0.8580835590893382,"CH1":0.746679338770627}