{"MV1":0.6353158671673187,"MV3":0.4139146372292217,"CH1":0.3608994573702562}