{"MV1":0.47290247539008967,"MV3":0.07821493356672793,"CH1":0.09009266733157018}