{"MV1":0.5806517133143618,"MV3":0.5738482562368298,"CH1":0.477340823956238}