{"MV1":0.10404959798995883,"MV3":0.1954775395355276,"CH1":0.3027226301370832}