{"MV1":0.8795114703763749,"MV3":0.09725595596939074,"CH1":0.8508159207669257}