{"MV1":0.8924242874062406,"MV3":0.4942011919270136,"CH1":0.46624139655721997}