{"MV1":0.6066192828913847,"MV3":0.7605849101930677,"CH1":0.02707183308938299}