{"MV1":0.31124366641856593,"MV3":0.7545659243228929,"CH1":0.1311521534575928}