{"MV1":0.20731543190720425,"MV3":0.3690596283191998,"CH1":0.17205186322672883}