{"MV1":0.9252624868131302,"MV3":0.41899345100440244,"CH1":0.7998337541523513}