{"MV1":0.3108940547877478,"MV3":0.5423436784535444,"CH1":0.24408746741627807}