{"MV1":0.10876320709783516,"MV3":0.1553512505376714,"CH1":0.44509308736676534}