{"MV1":0.7746555818157591,"MV3":0.9190910710150766,"CH1":0.0328815164724825}