{"MV1":0.33227650637903816,"MV3":0.5281117923395204,"CH1":0.6292453235695724}