{"MV1":0.09014907040286047,"MV3":0.6703860514376031,"CH1":0.2773551597555993}