{"MV1":0.4140269039553297,"MV3":0.4067754778619386,"CH1":0.6463620145181225}