{"MV1":0.5265640686583913,"MV3":0.4785363757811386,"CH1":0.6061051286173312}