{"MV1":0.15458741273133902,"MV3":0.7454334114718196,"CH1":0.5660717730874079}