{"MV1":0.40396357489226875,"MV3":0.3021962918655223,"CH1":0.1989964672244241}