{"MV1":0.2716995875873529,"MV3":0.031135789940273995,"CH1":0.3557694981291172}