{"MV1":0.6416052347343167,"MV3":0.7668117728010949,"CH1":0.6226588481985825}