{"MV1":0.04349547606384008,"MV3":0.43541763675527256,"CH1":0.0894834087299059}