{"MV1":0.3039982978268051,"MV3":0.009807238958853604,"CH1":0.9196774784138371}