{"MV1":0.6838180915442271,"MV3":0.48065108497579423,"CH1":0.08853479410008325}