{"MV1":0.2759927170021975,"MV3":0.9600687156036763,"CH1":0.4335794476771224}