{"MV1":0.7204384609667014,"MV3":0.3552555559284074,"CH1":0.07936780372269381}