{"MV1":0.6765626225911607,"MV3":0.49231063770757344,"CH1":0.45833206914640545}