{"MV1":0.74473033435891,"MV3":0.8436954511011464,"CH1":0.08977384166120184}