{"MV1":0.35208165558984317,"MV3":0.869243196147397,"CH1":0.7508214774062231}