{"MV1":0.20330943722108685,"MV3":0.03864804173984693,"CH1":0.1512870643437968}