{"MV1":0.9738359113568991,"MV3":0.04452159964916069,"CH1":0.450215934752215}