{"MV1":0.45704183080814986,"MV3":0.5656841288596455,"CH1":0.4958564692455115}