{"MV1":0.4852316710055219,"MV3":0.5461098515955786,"CH1":0.6651547834137589}