{"MV1":0.3970165490143823,"MV3":0.061089193644174644,"CH1":0.8317784056279376}