{"MV1":0.3046244136321947,"MV3":0.0206460093035864,"CH1":0.11608031937065177}