{"MV1":0.6694181157420657,"MV3":0.37938849070194924,"CH1":0.4061472065889785}