{"MV1":0.09579314554819962,"MV3":0.20632499843663776,"CH1":0.27895408132638133}