{"MV1":0.14138413238379122,"MV3":0.4307259921684842,"CH1":0.3937702368648649}