{"MV1":0.15272369338426628,"MV3":0.5219671691835802,"CH1":0.7553201548631172}