{"MV1":0.39858480153469467,"MV3":0.3671560903945691,"CH1":0.24307422241137455}