{"MV1":0.19947030339855754,"MV3":0.856229789729989,"CH1":0.41857390029744634}