{"MV1":0.6498049899736411,"MV3":0.3554990201890599,"CH1":0.2707079156575187}