{"MV1":0.4042382247498658,"MV3":0.8353388708211325,"CH1":0.829473929342707}