{"MV1":0.9667397771304332,"MV3":0.4863470361833462,"CH1":0.23535320261530146}