{"MV1":0.528816086703972,"MV3":0.5835766658312814,"CH1":0.19388585777504475}