{"MV1":0.042625587040262425,"MV3":0.30748360371084094,"CH1":0.1828046016827104}