{"MV1":0.3100319391238585,"MV3":0.11944906008494105,"CH1":0.22375847028261475}