{"MV1":0.15420841665866158,"MV3":0.2670627740472439,"CH1":0.8999697140293175}