{"MV1":0.9088089650868213,"MV3":0.07745145239831697,"CH1":0.5790158939025097}