{"MV1":0.7162992933169664,"MV3":0.7057459107972918,"CH1":0.24607012854490562}