{"MV1":0.6570607689495827,"MV3":0.5389319478031219,"CH1":0.2677766907777196}