{"MV1":0.4543129488757751,"MV3":0.8600798080912911,"CH1":0.4952926976310382}