{"MV1":0.3581751704844811,"MV3":0.00327182377586277,"CH1":0.2821930229698878}