{"MV1":0.47911786178189164,"MV3":0.34454548472173485,"CH1":0.9174704900524989}