{"MV1":0.661488978030437,"MV3":0.022585981155093138,"CH1":0.7148475960079759}