{"MV1":0.009790343794510159,"MV3":0.3811698218047058,"CH1":0.37260596287966785}