{"MV1":0.5058663991174397,"MV3":0.4866226446495082,"CH1":0.4232040946189797}