{"MV1":0.7985141196668373,"MV3":0.7696356667924883,"CH1":0.5888755596064833}