{"MV1":0.3382148176633891,"MV3":0.32275609376863357,"CH1":0.9615224511692159}