{"MV1":0.059417379638882606,"MV3":0.8887723856921173,"CH1":0.5287008236463324}