{"MV1":0.062384740836789576,"MV3":0.6741552800895942,"CH1":0.433155909197686}