{"MV1":0.6954769521117489,"MV3":0.9926125052309102,"CH1":0.18797983758495274}