{"MV1":0.47532260910902835,"MV3":0.17436144604974924,"CH1":0.2525126172765779}