{"MV1":0.09311939283935078,"MV3":0.46677876601527035,"CH1":0.28109623841184683}