{"MV1":0.4970570344084073,"MV3":0.2601779444194231,"CH1":0.6523198374297614}