{"MV1":0.86789818827775,"MV3":0.050513942953286595,"CH1":0.7983746713787496}