{"MV1":0.3133510016853076,"MV3":0.09905105598945696,"CH1":0.2043432748447923}