{"MV1":0.5955058986345652,"MV3":0.5230616133610276,"CH1":0.5794704121320899}