{"MV1":0.06932947467899231,"MV3":0.11112335029663045,"CH1":0.3084941956006044}