{"MV1":0.37911904206585123,"MV3":0.16845385592994178,"CH1":0.1049172466107674}