{"MV1":0.31678078795999587,"MV3":0.3347783189455191,"CH1":0.43976345937656336}