{"MV1":0.935464428234264,"MV3":0.7184041756971503,"CH1":0.4182114800149441}