{"MV1":0.5017206802604173,"MV3":0.531201545305437,"CH1":0.8633198479269243}