{"MV1":0.7896061183318225,"MV3":0.9623523209914308,"CH1":0.7618215592063743}