{"MV1":0.002519609391527622,"MV3":0.7552608461185745,"CH1":0.6463830244498573}