{"MV1":0.83548466419185,"MV3":0.04053881452848407,"CH1":0.8512464187560483}