{"MV1":0.5612316765229242,"MV3":0.4896371529700816,"CH1":0.16296763446373563}