{"MV1":0.5960286769163391,"MV3":0.7635657483101278,"CH1":0.9635551166061942}