{"MV1":0.48874837580248764,"MV3":0.5230477820670685,"CH1":0.6768411006083596}