{"MV1":0.9557942942439825,"MV3":0.01815825102667734,"CH1":0.6853867935390789}