{"MV1":0.7051670652887736,"MV3":0.8339970332813161,"CH1":0.5652300462650537}