{"MV1":0.14855351093778402,"MV3":0.4736182748239044,"CH1":0.4194446180491055}