{"MV1":0.17509026232093772,"MV3":0.6814277311316383,"CH1":0.13707105522504004}