{"MV1":0.19396829839526908,"MV3":0.6003730216574588,"CH1":0.4527597880358466}