{"MV1":0.9819187162181167,"MV3":0.7059067148231183,"CH1":0.5065083739913744}