{"MV1":0.24534386613887105,"MV3":0.3767835092397913,"CH1":0.2967743095286982}