{"MV1":0.8034390970149048,"MV3":0.05767208531885937,"CH1":0.18243526389411324}