{"MV1":0.32399585954351773,"MV3":0.18921614998813985,"CH1":0.7223468467360087}