{"MV1":0.2784858196977754,"MV3":0.45202954391326344,"CH1":0.5958047988066473}