{"MV1":0.634206926932324,"MV3":0.37844273270265316,"CH1":0.6418988370691071}