{"MV1":0.5227033519232538,"MV3":0.19452391154842585,"CH1":0.30136686517195166}