{"MV1":0.364902719918065,"MV3":0.08461902893745532,"CH1":0.2680357923591167}