{"MV1":0.9220833858785318,"MV3":0.1340518315785576,"CH1":0.07870107609801902}