{"MV1":0.474876153234574,"MV3":0.17666462398392613,"CH1":0.8978599788608667}