{"MV1":0.5202212770916723,"MV3":0.982177480071646,"CH1":0.5353254712212114}