{"MV1":0.6766083265062192,"MV3":0.6815261162948648,"CH1":0.8447697609961811}