{"MV1":0.056393325564996766,"MV3":0.9358954978140662,"CH1":0.8182962278741236}