{"MV1":0.5988068285452083,"MV3":0.02258366045978888,"CH1":0.9649346501558534}