{"MV1":0.25149675816352124,"MV3":0.3832520263728436,"CH1":0.5489304252426791}