{"MV1":0.6478709589885666,"MV3":0.4833640416209931,"CH1":0.9859745252443052}