{"MV1":0.9850232159060346,"MV3":0.06666312322044854,"CH1":0.7678456737482816}