{"MV1":0.23903069664945187,"MV3":0.6223476095368526,"CH1":0.43679016306026874}