{"MV1":0.0022687759685146025,"MV3":0.7104187952765068,"CH1":0.8260691227947515}