{"MV1":0.9423420889308861,"MV3":0.80784224443274,"CH1":0.2261409135431396}