{"MV1":0.32884306056600854,"MV3":0.4827182720248715,"CH1":0.8087415036340966}