{"MV1":0.4231643495423566,"MV3":0.04192466924067828,"CH1":0.20416394314035136}