{"MV1":0.5801337284176091,"MV3":0.9426888994157546,"CH1":0.7796230078628936}