{"MV1":0.74284807035302,"MV3":0.7826703948999196,"CH1":0.7794154734408067}