{"MV1":0.3331350164741472,"MV3":0.2186277321366179,"CH1":0.4402190783485668}