{"MV1":0.8481434709846234,"MV3":0.9481485010675181,"CH1":0.9674212913936451}