{"MV1":0.6394611820356898,"MV3":0.4524426161623418,"CH1":0.11661275421102268}