{"MV1":0.9966011143130273,"MV3":0.7618968502085384,"CH1":0.9050800100827953}