{"MV1":0.8797008613530041,"MV3":0.461176312071495,"CH1":0.950750133396611}