{"MV1":0.4479722854842343,"MV3":0.5538630154386507,"CH1":0.8030938804517787}