{"MV1":0.19929891170456093,"MV3":0.3421489671243185,"CH1":0.8156639966634986}