{"MV1":0.6013061926909643,"MV3":0.47630804285509654,"CH1":0.10177336439398932}