{"MV1":0.8250154603746328,"MV3":0.37889874409687296,"CH1":0.542482069458055}