{"MV1":0.254199318434311,"MV3":0.367229770612147,"CH1":0.014988973340853473}