{"MV1":0.43169141651367693,"MV3":0.27424076687596244,"CH1":0.08861486892508663}