{"MV1":0.033575636152795796,"MV3":0.5838979792721027,"CH1":0.7122633411504596}