{"MV1":0.6024388876625355,"MV3":0.3582275968782783,"CH1":0.227183454208438}