{"MV1":0.5473867973316762,"MV3":0.02221896404036594,"CH1":0.6711576180409802}