{"MV1":0.3187867585220465,"MV3":0.1505930845316753,"CH1":0.1937856777214816}