{"MV1":0.004881477330353268,"MV3":0.41820127114467986,"CH1":0.16427134907892338}