{"MV1":0.4662507486595526,"MV3":0.9452538797061508,"CH1":0.21122724566893414}