{"MV1":0.9730714006881136,"MV3":0.6214630043400722,"CH1":0.3681007282801292}