{"MV1":0.012715764970197552,"MV3":0.4071060906330949,"CH1":0.9247110935427727}