{"MV1":0.8614533040429478,"MV3":0.04146305617217061,"CH1":0.047053661567668326}