{"MV1":0.606043383748982,"MV3":0.5880814129590284,"CH1":0.1745849137022587}