{"MV1":0.7725700987803994,"MV3":0.17949547010013767,"CH1":0.010388961693371557}