{"MV1":0.9316580928356251,"MV3":0.6697869634902001,"CH1":0.18516844972115531}