{"MV1":0.9958698299240327,"MV3":0.699507113862015,"CH1":0.1378417221829309}