{"MV1":0.2185306143918827,"MV3":0.20902879724420598,"CH1":0.9621570967579474}