{"MV1":0.39084646996203987,"MV3":0.5042980939867817,"CH1":0.48740260339283015}