{"MV1":0.46289969435303846,"MV3":0.22080591996275312,"CH1":0.5458422382001795}