{"MV1":0.18213550143692792,"MV3":0.7433070655021063,"CH1":0.7073752962099313}