{"MV1":0.2955271425223126,"MV3":0.2790670541638497,"CH1":0.7774562271934242}