{"MV1":0.0168409007061443,"MV3":0.5489113629607051,"CH1":0.029277335882973765}