{"MV1":0.8478468723133173,"MV3":0.1123252835991766,"CH1":0.3791227383578558}