{"MV1":0.4227424052763805,"MV3":0.7000616909451589,"CH1":0.38346406621240126}