{"MV1":0.5026526158655569,"MV3":0.44734506438694654,"CH1":0.7296553864213771}