{"MV1":0.38979594358517056,"MV3":0.8924765022520289,"CH1":0.8695556833565179}