{"MV1":0.9271680545404254,"MV3":0.16636354328890068,"CH1":0.48664232440795563}