{"MV1":0.4250773010011907,"MV3":0.4512468921618511,"CH1":0.49425195921323417}