{"MV1":0.4483110990151784,"MV3":0.7811878143887835,"CH1":0.1384387101410951}