{"MV1":0.1374157762920113,"MV3":0.9990239785665799,"CH1":0.40839121136853496}