{"MV1":0.5583499786228144,"MV3":0.21770836223747547,"CH1":0.23082791191435847}