{"MV1":0.7940266556020413,"MV3":0.7543546402156076,"CH1":0.23321595039115928}