{"MV1":0.40516771969096144,"MV3":0.9706654581703428,"CH1":0.5107813101578703}