{"MV1":0.34328681273415973,"MV3":0.6404718302180994,"CH1":0.13947563909059735}