{"MV1":0.36981534251211323,"MV3":0.024329773843665636,"CH1":0.5995996044561592}