{"MV1":0.8064108716476677,"MV3":0.9515782305786346,"CH1":0.41215099521424103}