{"MV1":0.4552339328108628,"MV3":0.568377356273958,"CH1":0.22158065115544945}