{"MV1":0.9256330264512339,"MV3":0.8987623021912358,"CH1":0.7996132382662282}