{"MV1":0.8569409964184147,"MV3":0.2905020288395196,"CH1":0.15648238569168205}