{"MV1":0.2686828663851879,"MV3":0.6447289285564621,"CH1":0.9704026320839979}