{"MV1":0.9884867778651806,"MV3":0.6539100383034436,"CH1":0.010954760530221819}