{"MV1":0.49233426072519915,"MV3":0.6298495031067833,"CH1":0.334218741738043}