{"MV1":0.987140131190302,"MV3":0.7764650710969091,"CH1":0.6917256259430268}