{"MV1":0.437684837657192,"MV3":0.3303019868010144,"CH1":0.6203764128692596}