{"MV1":0.6858509363971711,"MV3":0.23901471324981016,"CH1":0.4247324738968661}