{"MV1":0.9468490567288947,"MV3":0.7683662477096331,"CH1":0.5689029220367547}