{"MV1":0.3217033509102014,"MV3":0.6361328132001401,"CH1":0.8537281911290129}