{"MV1":0.7579517194717902,"MV3":0.7440677023723767,"CH1":0.4528394465887061}