{"MV1":0.5131534831784111,"MV3":0.35010869244658027,"CH1":0.4504321181626396}