{"MV1":0.25358790615504434,"MV3":0.8605012680387676,"CH1":0.913052930453619}