{"MV1":0.15216470900507217,"MV3":0.6021801910268125,"CH1":0.1517051347624272}