{"MV1":0.10882836123149742,"MV3":0.6700403904430461,"CH1":0.6467507256804965}