{"MV1":0.7093234823020398,"MV3":0.20540957096250545,"CH1":0.7822635711419604}