{"MV1":0.06241452395182234,"MV3":0.9805063217804151,"CH1":0.3849061933968605}