{"MV1":0.014999938156015968,"MV3":0.539406166046482,"CH1":0.42829045896309403}