{"MV1":0.002915920592620802,"MV3":0.6682512975777867,"CH1":0.793858239952148}