{"MV1":0.5095353175127695,"MV3":0.06758813274789277,"CH1":0.9450623688252144}