{"MV1":0.8363161967473944,"MV3":0.6902338174126611,"CH1":0.9614287924152909}