{"MV1":0.2986221513707106,"MV3":0.08853919816034528,"CH1":0.20118337723141677}