{"MV1":0.49827467923050817,"MV3":0.18066076208909287,"CH1":0.07429742191814981}