{"MV1":0.01139495023390924,"MV3":0.7684428964897425,"CH1":0.00012197562899096681}