{"MV1":0.2924635857064162,"MV3":0.5389169099038972,"CH1":0.3025079160019206}