{"MV1":0.37143967696032265,"MV3":0.25810639785582556,"CH1":0.6166750595819298}