{"MV1":0.7045663639090156,"MV3":0.509250898126908,"CH1":0.6076840749729915}