{"MV1":0.03184323583226589,"MV3":0.12587418201696132,"CH1":0.27090801640127604}