{"MV1":0.7333114795797699,"MV3":0.14834554748807172,"CH1":0.11501179515527726}