{"MV1":0.8023839536062186,"MV3":0.04981280985033465,"CH1":0.8238387030429173}