{"MV1":0.9780192091307727,"MV3":0.6806728174222008,"CH1":0.16315632225898513}