{"MV1":0.09487365230879019,"MV3":0.1333165620173128,"CH1":0.8621163119525564}