{"MV1":0.9896231329301337,"MV3":0.10859346049289731,"CH1":0.16279531928962176}