{"MV1":0.6450684981296233,"MV3":0.8279042582587706,"CH1":0.8057852654185714}