{"MV1":0.026186949180512786,"MV3":0.8262174274087051,"CH1":0.8324192867031778}