{"MV1":0.17360683218162143,"MV3":0.1360805529687571,"CH1":0.5822170844515417}