{"MV1":0.5079178176632946,"MV3":0.9459746396072022,"CH1":0.6635923484921533}