{"MV1":0.07966508857787347,"MV3":0.9995273596559475,"CH1":0.4795712947440971}