{"MV1":0.19811022822142954,"MV3":0.17852949968263576,"CH1":0.6397395038058334}