{"MV1":0.8964752452077465,"MV3":0.30030087269283945,"CH1":0.10207350379528646}