{"MV1":0.2394809043570696,"MV3":0.16926319708447846,"CH1":0.7455150353736039}