{"MV1":0.22275239356048138,"MV3":0.10424501177105516,"CH1":0.9609032741331752}