{"MV1":0.812144349555111,"MV3":0.576799737009003,"CH1":0.9062163996449917}