{"MV1":0.5872098583554383,"MV3":0.40122944369459956,"CH1":0.6916202420698676}