{"MV1":0.21672617946069261,"MV3":0.9639869270340228,"CH1":0.4797957530081418}