{"MV1":0.2997713484791197,"MV3":0.04894712463828965,"CH1":0.0650130641124449}