{"MV1":0.8795911400953387,"MV3":0.7897072124693855,"CH1":0.3971326136008173}