{"MV1":0.7853401768460128,"MV3":0.6596375951045388,"CH1":0.9546736328638008}