{"MV1":0.40871058364491286,"MV3":0.9580225055395731,"CH1":0.48925811245514794}