{"MV1":0.909414414702622,"MV3":0.1744336860071234,"CH1":0.6882772256911371}