{"MV1":0.5420689311018673,"MV3":0.9178205063420023,"CH1":0.05767153249265666}