{"MV1":0.6100409679230797,"MV3":0.7069977891659817,"CH1":0.14045220503362643}