{"MV1":0.125833370365101,"MV3":0.34248414699619834,"CH1":0.4042140362886937}