{"MV1":0.32224530764942627,"MV3":0.18566907480719974,"CH1":0.5158677765331328}