{"MV1":0.540010030531482,"MV3":0.16528367859130488,"CH1":0.8087824737640202}