{"MV1":0.9270201327505303,"MV3":0.9649151287531499,"CH1":0.4187740139699919}