{"MV1":0.01032119563349243,"MV3":0.06601838692810535,"CH1":0.15117169398464936}