{"MV1":0.38029388325436597,"MV3":0.746089568790492,"CH1":0.16658507042305049}