{"MV1":0.6529745556175834,"MV3":0.18399680762713955,"CH1":0.42780039492641986}