{"MV1":0.17218359102821446,"MV3":0.07642017610363916,"CH1":0.8571402255497252}