{"MV1":0.7799258377248708,"MV3":0.6572226354576813,"CH1":0.8271950839281815}