{"MV1":0.5587780011817117,"MV3":0.45115929960662593,"CH1":0.10848813531189572}