{"MV1":0.3720780175533588,"MV3":0.607803688751376,"CH1":0.8736311948374034}