{"MV1":0.8560952558574836,"MV3":0.1322800706584656,"CH1":0.2190138719484268}