{"MV1":0.5513776587750041,"MV3":0.9858923673745728,"CH1":0.3955509847981429}