{"MV1":0.18134274238852155,"MV3":0.900959899129973,"CH1":0.15129204852521727}