{"MV1":0.8482553919199459,"MV3":0.37050143171740035,"CH1":0.51287255158922}