{"MV1":0.3155004804147373,"MV3":0.34902724871817103,"CH1":0.8223374722181174}