{"MV1":0.6371523749099648,"MV3":0.9098436201003148,"CH1":0.9396084302905067}