{"MV1":0.21424491426552938,"MV3":0.03454678575719927,"CH1":0.07733674893335474}