{"MV1":0.9394761088879158,"MV3":0.6212860974937539,"CH1":0.01302608900292046}