{"MV1":0.5287851503663907,"MV3":0.2316447122444324,"CH1":0.3740273164248873}