{"MV1":0.22936851949362913,"MV3":0.7726069760592993,"CH1":0.48411005256800965}