{"MV1":0.5226250307255277,"MV3":0.21322618124821247,"CH1":0.7242063384740945}