{"MV1":0.22389996304905668,"MV3":0.4803359623430531,"CH1":0.15303765076494336}