{"MV1":0.23449610055779968,"MV3":0.4265922866502905,"CH1":0.3311782016948416}