{"MV1":0.5812551004408512,"MV3":0.28992205324474607,"CH1":0.7657199684618304}