{"MV1":0.15669725088831776,"MV3":0.01986774818205983,"CH1":0.5898999737361245}