{"MV1":0.19628569852167932,"MV3":0.26200261702085037,"CH1":0.2574489569114685}