{"MV1":0.9000036937885703,"MV3":0.896118522354307,"CH1":0.9311650626279788}