{"MV1":0.7459905814718071,"MV3":0.3582648662061495,"CH1":0.10487934079909178}