{"MV1":0.19996719508023975,"MV3":0.1468210115575106,"CH1":0.4160307928561542}