{"MV1":0.5319727796255792,"MV3":0.724595765883402,"CH1":0.5472901139720239}