{"MV1":0.815106503562206,"MV3":0.8109512094592762,"CH1":0.189729592160084}