{"MV1":0.9022791173532362,"MV3":0.10534609417878638,"CH1":0.23890712382518164}