{"MV1":0.19426311101120608,"MV3":0.02118072634810375,"CH1":0.24427219868746297}