{"MV1":0.06132789421436646,"MV3":0.7141082662753196,"CH1":0.8545955479211201}