{"MV1":0.7986392871400952,"MV3":0.5656880586989039,"CH1":0.5339936967283293}