{"MV1":0.2898994559600442,"MV3":0.569542738874491,"CH1":0.16617299394084983}