{"MV1":0.9784253589262759,"MV3":0.941486817308034,"CH1":0.8221855813163722}