{"MV1":0.6843324859391932,"MV3":0.9071259834305379,"CH1":0.15090759617062244}