{"MV1":0.6925830506898082,"MV3":0.10733517695273687,"CH1":0.4920858808856715}