{"MV1":0.03636547270186474,"MV3":0.3318335211592107,"CH1":0.9729042701410988}