{"MV1":0.5148215883452143,"MV3":0.699739735932722,"CH1":0.6856906596453342}