{"MV1":0.1336674522258382,"MV3":0.7107824039285955,"CH1":0.49686277652175515}