{"MV1":0.35160426746990636,"MV3":0.4957691277642391,"CH1":0.4766777079135889}