{"MV1":0.3188214124460005,"MV3":0.497111642527423,"CH1":0.8447244404886693}