{"MV1":0.21788820178518065,"MV3":0.25809711931662105,"CH1":0.8443996950570888}