{"MV1":0.914530693629981,"MV3":0.9022029555479437,"CH1":0.1811377257330572}