{"MV1":0.09918583284870741,"MV3":0.5332912861052403,"CH1":0.3477604322395216}