{"MV1":0.07933992755005836,"MV3":0.8621416304938554,"CH1":0.6831203031083324}