{"MV1":0.3181853378502295,"MV3":0.7714715604527123,"CH1":0.9048258167403048}