{"MV1":0.9630408653938156,"MV3":0.30697173339534345,"CH1":0.629402352060533}