{"MV1":0.31524107973339177,"MV3":0.15655282647083724,"CH1":0.8926924982794237}