{"MV1":0.6102193759274156,"MV3":0.7523717354599831,"CH1":0.39998932153280486}