{"MV1":0.18261586726335433,"MV3":0.6412397046804901,"CH1":0.16261941853129303}