{"MV1":0.9560750526957669,"MV3":0.8868643952010348,"CH1":0.4819146917841449}