{"MV1":0.008499539507261678,"MV3":0.5771422265206942,"CH1":0.13138307689730755}