{"MV1":0.1192929018424489,"MV3":0.31965917241906294,"CH1":0.046022546041116}