{"MV1":0.5503212718700425,"MV3":0.2837525587643972,"CH1":0.7465089761613316}