{"MV1":0.2937515118272266,"MV3":0.1670988427795953,"CH1":0.38981105536580885}