{"MV1":0.18756214436119423,"MV3":0.14539905486108096,"CH1":0.037905798673453006}