{"MV1":0.3143857010830412,"MV3":0.539689972425739,"CH1":0.990950481898632}