{"MV1":0.18413557911751266,"MV3":0.21950840475002564,"CH1":0.7618442270167733}