{"MV1":0.5228925541593961,"MV3":0.16167248044906712,"CH1":0.15048816989874636}