{"MV1":0.30042112306898827,"MV3":0.7882208442150621,"CH1":0.07980041808023697}