{"MV1":0.32894906915673383,"MV3":0.9523784981150114,"CH1":0.16000436312664057}