{"MV1":0.20955828346160432,"MV3":0.7313074436962088,"CH1":0.12485991197725499}