{"MV1":0.6948866542818651,"MV3":0.058052482838638286,"CH1":0.1791431041399444}