{"MV1":0.8108454491567513,"MV3":0.4887495089844395,"CH1":0.10589312758067537}