{"MV1":0.40439862409114935,"MV3":0.15784694435183133,"CH1":0.20186148429606032}