{"MV1":0.14382498330677784,"MV3":0.4615494618900169,"CH1":0.9801237225709244}