{"MV1":0.1462396171751933,"MV3":0.27569299354453325,"CH1":0.96482129739939}