{"MV1":0.49980689902990505,"MV3":0.6913531574311435,"CH1":0.9755914802589095}