{"MV1":0.5125345368748031,"MV3":0.19767062048095285,"CH1":0.946681231778866}