{"MV1":0.9290012663860875,"MV3":0.3137212654740589,"CH1":0.9572814213245247}