{"MV1":0.5893961669596781,"MV3":0.5445458655973299,"CH1":0.503427453398939}