{"MV1":0.23082353290389757,"MV3":0.9451285965921611,"CH1":0.8357296825894636}