{"MV1":0.32584778168318274,"MV3":0.7528834267490798,"CH1":0.029947943568242485}