{"MV1":0.8443079171479688,"MV3":0.5418190557567543,"CH1":0.9671801834766346}