{"MV1":0.7192212158097009,"MV3":0.590814261984658,"CH1":0.28489489543043767}