{"MV1":0.5506604402630307,"MV3":0.02422558061820579,"CH1":0.6528925304749581}