{"MV1":0.25717728606111334,"MV3":0.24847893635490326,"CH1":0.16637750543589902}