{"MV1":0.1636516141486426,"MV3":0.49815757721444953,"CH1":0.7182873345197179}