{"MV1":0.24994214427457273,"MV3":0.5825505684062464,"CH1":0.8018085230187072}