{"MV1":0.7867658453027585,"MV3":0.9108754441007855,"CH1":0.6883713669382666}