{"MV1":0.5544577162528019,"MV3":0.9847361031642279,"CH1":0.02648988346115777}