{"MV1":0.5409407182333361,"MV3":0.05866563799950819,"CH1":0.1683499648797262}