{"MV1":0.8489559731973757,"MV3":0.4514036135509144,"CH1":0.20180301938606993}