{"MV1":0.5111383762781287,"MV3":0.7800660668748237,"CH1":0.06873743658778741}