{"MV1":0.19655266250984038,"MV3":0.666962421592078,"CH1":0.6659426088459851}