{"MV1":0.90882954557176,"MV3":0.12127349289159428,"CH1":0.488068491071593}