{"MV1":0.662398178410347,"MV3":0.2859424646121813,"CH1":0.529951228436655}