{"MV1":0.3306204636227107,"MV3":0.9308998996634993,"CH1":0.4925386896466133}