{"MV1":0.7011140116604786,"MV3":0.013791627314467259,"CH1":0.10383440000622979}