{"MV1":0.6166112827573946,"MV3":0.6279602749496073,"CH1":0.6282458730962337}