{"MV1":0.14072427627361983,"MV3":0.4199953384969686,"CH1":0.38307149044958166}