{"MV1":0.9443482835501921,"MV3":0.22399916919656937,"CH1":0.08115252800294004}