{"MV1":0.7688539573476075,"MV3":0.699387853028819,"CH1":0.255170942843008}