{"MV1":0.36994916271641143,"MV3":0.3995392622905646,"CH1":0.7915078326069277}