{"MV1":0.0502567734575734,"MV3":0.8509800024789737,"CH1":0.322682631752529}