{"MV1":0.7507584899662423,"MV3":0.29560175305453473,"CH1":0.7946111744979495}