{"MV1":0.13300364633952377,"MV3":0.12220275055521901,"CH1":0.014099957435159904}