{"MV1":0.7925274005831598,"MV3":0.9210323281896249,"CH1":0.6493296390726632}