{"MV1":0.41718877712789415,"MV3":0.01006133383526886,"CH1":0.32715876633128094}