{"MV1":0.24291756243791396,"MV3":0.6673688515189087,"CH1":0.017115694867685494}