{"MV1":0.9194583045468505,"MV3":0.3267906229580181,"CH1":0.6067781368152627}