{"MV1":0.6106925515645983,"MV3":0.01699754449116242,"CH1":0.4283855736885258}