{"MV1":0.21000557426878086,"MV3":0.37675613898964777,"CH1":0.6511518164291592}