{"MV1":0.8785825402731253,"MV3":0.20195431631191885,"CH1":0.4532979258110822}