{"MV1":0.5946829834913171,"MV3":0.07330174828547609,"CH1":0.6715181013948025}