{"MV1":0.03618839486838221,"MV3":0.7224321928635206,"CH1":0.1265681328347258}