{"MV1":0.23146291221869253,"MV3":0.47378162373990107,"CH1":0.671058832282082}