{"MV1":0.8161720021657807,"MV3":0.171254070847204,"CH1":0.3751361984692325}