{"MV1":0.5652911088600572,"MV3":0.5912685288121461,"CH1":0.1419117903282937}