{"MV1":0.5174519437019235,"MV3":0.5256771559737254,"CH1":0.16857925602804436}