{"MV1":0.4268932226745902,"MV3":0.5988435734388271,"CH1":0.7165595856651005}