{"MV1":0.938019917494949,"MV3":0.21750861693864743,"CH1":0.4912546203502177}