{"MV1":0.28615918110158567,"MV3":0.779616776053356,"CH1":0.8656897153181066}