{"MV1":0.21881768542195845,"MV3":0.7784804549168969,"CH1":0.20216586385264224}