{"MV1":0.8569504437866202,"MV3":0.0002468826461600182,"CH1":0.34639448255738325}