{"MV1":0.036488054911398504,"MV3":0.9832656866197848,"CH1":0.6938248698351829}