{"MV1":0.9172288628705673,"MV3":0.915478901451476,"CH1":0.724359375366126}