{"MV1":0.2873529760406094,"MV3":0.4215236104673571,"CH1":0.5958527330384892}