{"MV1":0.41485645871613885,"MV3":0.31957613823549336,"CH1":0.5261685452469854}