{"MV1":0.28040353867957746,"MV3":0.16938711743669155,"CH1":0.3259717561794808}