{"MV1":0.7602372307015854,"MV3":0.10681191895070596,"CH1":0.8781071537348186}