{"MV1":0.0672651210679932,"MV3":0.9207196100960958,"CH1":0.4706944343145997}