{"MV1":0.5936889843940778,"MV3":0.6715576197822831,"CH1":0.22721124313031926}