{"MV1":0.45709170985959235,"MV3":0.9647164441335649,"CH1":0.30632870895544995}