{"MV1":0.9198494682740748,"MV3":0.7356492489295046,"CH1":0.9609149330044715}