{"MV1":0.7146248217243676,"MV3":0.5316582901273508,"CH1":0.6161214740436076}