{"MV1":0.283083518321506,"MV3":0.4850940969896612,"CH1":0.16041192283642636}