{"MV1":0.009376003662198484,"MV3":0.25377440582901567,"CH1":0.7209380464289982}