{"MV1":0.11866428663366668,"MV3":0.5081644922088419,"CH1":0.47227351441389365}