{"MV1":0.49656072074590896,"MV3":0.5643452438775591,"CH1":0.031034445086136397}