{"MV1":0.31463260917716984,"MV3":0.7373205610808719,"CH1":0.30767731993835556}