{"MV1":0.7924336117208743,"MV3":0.21254611277103475,"CH1":0.26059945690233155}