{"MV1":0.600380037412552,"MV3":0.859470031564557,"CH1":0.3959613130463907}