{"MV1":0.5922895022642678,"MV3":0.6946527893694345,"CH1":0.5368186142502058}