{"MV1":0.07837867990765046,"MV3":0.5778495717570922,"CH1":0.08547807923992301}