{"MV1":0.2100991672859247,"MV3":0.7492195347880848,"CH1":0.20741085159496764}