{"MV1":0.5858700424326049,"MV3":0.3630369722918724,"CH1":0.8783609264961191}