{"MV1":0.8725022133593623,"MV3":0.3312452033938015,"CH1":0.8314750667520744}