{"MV1":0.8786006772736573,"MV3":0.575866487848212,"CH1":0.15406281208026884}