{"MV1":0.5557112324395235,"MV3":0.769128282693579,"CH1":0.5444878917249525}