{"MV1":0.6905148815540648,"MV3":0.9118406017707497,"CH1":0.4610394940045778}