{"MV1":0.9714596180803742,"MV3":0.2055653913194796,"CH1":0.5345736535490657}