{"MV1":0.23327491207486128,"MV3":0.1520223813226389,"CH1":0.7187302499403405}