{"MV1":0.3232206513930186,"MV3":0.8514131101819702,"CH1":0.3296654666130149}