{"MV1":0.8887812098576795,"MV3":0.2390528823623802,"CH1":0.5475346155095621}