{"MV1":0.5542595481716807,"MV3":0.37846820499146194,"CH1":0.8893295697054401}