{"MV1":0.19964956931332867,"MV3":0.6646223661358518,"CH1":0.7134000325132163}