{"MV1":0.5937380252029018,"MV3":0.31883868363356327,"CH1":0.4320611337830821}