{"MV1":0.6679905672212417,"MV3":0.6716675483735386,"CH1":0.07759378916953108}