{"MV1":0.7715820541846458,"MV3":0.9201690394893876,"CH1":0.32461301201054193}