{"MV1":0.3093416435205878,"MV3":0.48644922086941733,"CH1":0.12179052379179911}