{"MV1":0.057653045313128426,"MV3":0.1162077063340089,"CH1":0.6877502523014926}