{"MV1":0.6549948806571387,"MV3":0.9292565350875496,"CH1":0.18513731498240982}