{"MV1":0.9492311557241154,"MV3":0.017720346327617986,"CH1":0.7305912381616725}