{"MV1":0.8592051245642603,"MV3":0.1413521917346443,"CH1":0.49482786024041925}