{"MV1":0.38612609722877256,"MV3":0.6026904930399857,"CH1":0.43420647088496844}