{"MV1":0.8291732193534274,"MV3":0.758732444638782,"CH1":0.9110995500667728}