{"MV1":0.7743352520196549,"MV3":0.39135157239246177,"CH1":0.8331772096704567}