{"MV1":0.006812715901069466,"MV3":0.1149738466073622,"CH1":0.8346285055011229}