{"MV1":0.35093812055953577,"MV3":0.6522280498698568,"CH1":0.060239892671042905}