{"MV1":0.04838999510395403,"MV3":0.06232108910923084,"CH1":0.5653543646884382}