{"MV1":0.06479825062884237,"MV3":0.3689513036572819,"CH1":0.8478153957349671}