{"MV1":0.3088099083829363,"MV3":0.3952074006819243,"CH1":0.669810785862109}