{"MV1":0.3548595649152264,"MV3":0.3321756479316089,"CH1":0.09584457781063616}