{"MV1":0.6003675573032567,"MV3":0.4384631597611851,"CH1":0.022790798330838635}