{"MV1":0.5068292164557561,"MV3":0.9753026500727363,"CH1":0.18562173565756523}