{"MV1":0.20827610132436658,"MV3":0.7775796127803686,"CH1":0.586158671114571}