{"MV1":0.8320512890232263,"MV3":0.7641590984497603,"CH1":0.9692487437458901}