{"MV1":0.9338839894705407,"MV3":0.8845251362715179,"CH1":0.8467538906216905}