{"MV1":0.5702116528864148,"MV3":0.6772879119203965,"CH1":0.9905489742135801}