{"MV1":0.29251619641809445,"MV3":0.608871402628791,"CH1":0.41824044462568366}