{"MV1":0.5315832894766851,"MV3":0.5298047047080432,"CH1":0.787456153061985}