{"MV1":0.4000166330661292,"MV3":0.6773154854783553,"CH1":0.9654480835640232}