{"MV1":0.5486399574663443,"MV3":0.026461999250509516,"CH1":0.9401995239742481}