{"MV1":0.7563862671685118,"MV3":0.24274400664981854,"CH1":0.03958698842943664}