{"MV1":0.8418327136314768,"MV3":0.7560460325797074,"CH1":0.269434127608152}