{"MV1":0.36116023350657556,"MV3":0.09210414287754431,"CH1":0.15087150339566913}