{"MV1":0.857467195304155,"MV3":0.9845430582616148,"CH1":0.7426190784250937}