{"MV1":0.930713995240454,"MV3":0.5211862283971067,"CH1":0.5742510340338427}