{"MV1":0.5638427409247035,"MV3":0.9124682750305212,"CH1":0.8743115944478782}