{"MV1":0.1309496112711248,"MV3":0.3875617537872763,"CH1":0.19290153129365317}