{"MV1":0.09629564554678582,"MV3":0.4803779878426978,"CH1":0.49435253098822585}