{"MV1":0.8871816365568677,"MV3":0.2590921220775759,"CH1":0.7843812319018456}