{"MV1":0.7473264345189518,"MV3":0.7729379363126117,"CH1":0.0993942019877303}