{"MV1":0.7385288723928701,"MV3":0.8277135778449234,"CH1":0.24743680713840144}