{"MV1":0.6587893227299452,"MV3":0.9698762083956236,"CH1":0.07674436188425204}