{"MV1":0.3955733304446959,"MV3":0.15088200204311053,"CH1":0.3576663387811966}