{"MV1":0.9677723199404383,"MV3":0.7653147009238402,"CH1":0.7173509946856665}