{"MV1":0.8291580123756697,"MV3":0.28462758319859494,"CH1":0.5711707700802456}