{"MV1":0.6176044464895151,"MV3":0.7856884348912061,"CH1":0.5441644584693945}