{"MV1":0.02682223204709344,"MV3":0.19582714602685491,"CH1":0.6831481179323844}