{"MV1":0.9727008797712106,"MV3":0.66635781837892,"CH1":0.6122884966057679}