{"MV1":0.5812998077682408,"MV3":0.01914222725259629,"CH1":0.5201991317137362}