{"MV1":0.3333703664233204,"MV3":0.3024822449819776,"CH1":0.6176950918025932}