{"MV1":0.06819738233073469,"MV3":0.17064417836434076,"CH1":0.5821309820295937}