{"MV1":0.9467635280942778,"MV3":0.05046935152886478,"CH1":0.6840278270126411}