{"MV1":0.7796850192512732,"MV3":0.8239936335360014,"CH1":0.26852357825694095}