{"MV1":0.9816761124563006,"MV3":0.5438244734306167,"CH1":0.746014209649943}