{"MV1":0.5102502195404811,"MV3":0.6880687255155359,"CH1":0.8968909846095844}