{"MV1":0.38380482175575714,"MV3":0.32027767279851393,"CH1":0.6971583650556887}