{"MV1":0.06508729754447828,"MV3":0.48925771811967245,"CH1":0.45773169577881945}