{"MV1":0.9989098885784015,"MV3":0.21849837441819742,"CH1":0.7993603490673539}