{"MV1":0.06176129633077765,"MV3":0.2918087981140669,"CH1":0.3246424524546412}