{"MV1":0.6195215184404771,"MV3":0.7071443300301196,"CH1":0.8709880612750717}