{"MV1":0.724860133804569,"MV3":0.7187567391428495,"CH1":0.15712479365802356}