{"MV1":0.5120069444425343,"MV3":0.8476989143633901,"CH1":0.8567830975006244}