{"MV1":0.573916666855582,"MV3":0.35091003985343616,"CH1":0.6271593398546872}