{"MV1":0.5557060582713284,"MV3":0.6657020330600151,"CH1":0.5587967596438185}