{"MV1":0.6664062432855207,"MV3":0.760376564896064,"CH1":0.8647615525029747}