{"MV1":0.798874052196004,"MV3":0.7167290065945469,"CH1":0.07533735105210504}