{"MV1":0.3555398755485304,"MV3":0.9583027409074313,"CH1":0.04144299504999216}