{"MV1":0.972096649972414,"MV3":0.6990867226036369,"CH1":0.12133050796992473}