{"MV1":0.9294556359756379,"MV3":0.981821828667296,"CH1":0.39049978288902787}