{"MV1":0.8133504307823505,"MV3":0.5515659059727831,"CH1":0.09768075159451495}