{"MV1":0.6982473622081872,"MV3":0.7445168500795989,"CH1":0.19193458179756917}