{"MV1":0.8191426739020562,"MV3":0.46526732310618313,"CH1":0.5814410979956968}