{"MV1":0.3185397551029784,"MV3":0.3839946057420912,"CH1":0.30964147168839884}