{"MV1":0.9619474015649149,"MV3":0.8666149717119943,"CH1":0.6219408560825415}