{"MV1":0.3963790885164781,"MV3":0.404142477610806,"CH1":0.17618325228146847}