{"MV1":0.7359561325055022,"MV3":0.18814558078122834,"CH1":0.21752819695870806}