{"MV1":0.19080933131893696,"MV3":0.03083046604333073,"CH1":0.4998795165198793}