{"MV1":0.6967314285669756,"MV3":0.43884176709438383,"CH1":0.5662557175216063}