{"MV1":0.7783301894368313,"MV3":0.6389100681155746,"CH1":0.26837741299576745}