{"MV1":0.14929210950156058,"MV3":0.020028919179678528,"CH1":0.7097376513836049}