{"MV1":0.984493298939806,"MV3":0.1681388584779433,"CH1":0.6384029432293091}