{"MV1":0.6002960426349516,"MV3":0.8514280671657304,"CH1":0.8096328184028174}