{"MV1":0.36218136520060296,"MV3":0.6785727850990302,"CH1":0.8546354713765952}