{"MV1":0.5676135564875443,"MV3":0.9393602071123143,"CH1":0.25130531694440883}