{"MV1":0.6501013408485298,"MV3":0.29852960572873855,"CH1":0.9255857174312981}