{"MV1":0.8436005012092382,"MV3":0.8090918028938509,"CH1":0.5174023376755824}