{"MV1":0.6804096719262466,"MV3":0.1006931651558618,"CH1":0.061520626461162964}