{"MV1":0.6284075385482586,"MV3":0.07472943230211004,"CH1":0.11352623033623732}