{"MV1":0.05261921490627153,"MV3":0.1883766868483241,"CH1":0.7008446812408105}