{"MV1":0.621553390316679,"MV3":0.28780135598232415,"CH1":0.30053923749261713}