{"MV1":0.7575069879606849,"MV3":0.6662452459135385,"CH1":0.663221379707367}