{"MV1":0.8952290175020244,"MV3":0.41827298095637744,"CH1":0.456894289632379}