{"MV1":0.10326205833656477,"MV3":0.4563139239937014,"CH1":0.6071476244893687}