{"MV1":0.6615260236072484,"MV3":0.6446737101913952,"CH1":0.3227547761658939}