{"MV1":0.5749314113502386,"MV3":0.5727675640336578,"CH1":0.9639985222755352}