{"MV1":0.0959226676035928,"MV3":0.3345779419323993,"CH1":0.8688839740806266}