{"MV1":0.6846648295931048,"MV3":0.5684647744319735,"CH1":0.7722229773996369}