{"MV1":0.42388718807045234,"MV3":0.0003010615859364574,"CH1":0.9877689876331273}