{"MV1":0.7898197427982896,"MV3":0.5242887510684036,"CH1":0.6596259218794965}