{"MV1":0.3627026209298615,"MV3":0.4076235375832973,"CH1":0.19673565558984074}