{"MV1":0.8246954874509455,"MV3":0.5065554781473843,"CH1":0.9873781429809205}