{"MV1":0.06541505285998528,"MV3":0.6515452855497933,"CH1":0.729207595042116}