{"MV1":0.8014681166639499,"MV3":0.8084019615163963,"CH1":0.4320818632262784}