{"MV1":0.06259823866779712,"MV3":0.9791921198888048,"CH1":0.23246787847812478}