{"MV1":0.7742408301118028,"MV3":0.2652785391541107,"CH1":0.904945144126524}