{"MV1":0.510054693512475,"MV3":0.8037628255144695,"CH1":0.3465130731524916}