{"MV1":0.4333153037296926,"MV3":0.12740636896691016,"CH1":0.059600344178575404}