{"MV1":0.18631990689252864,"MV3":0.6499980186307985,"CH1":0.8194117805089355}