{"MV1":0.5357728761789655,"MV3":0.957988634731487,"CH1":0.12214179224978616}