{"MV1":0.673334586782347,"MV3":0.700982617042217,"CH1":0.3840421403474986}