{"MV1":0.5658906823470562,"MV3":0.31531473175211444,"CH1":0.7893157788323509}