{"MV1":0.6212307898651532,"MV3":0.5148301494722298,"CH1":0.005970639716795234}