{"MV1":0.3852953545322766,"MV3":0.9401512077170369,"CH1":0.5082883520034541}