{"MV1":0.599482162598357,"MV3":0.26982064760642355,"CH1":0.3448637411239932}