{"MV1":0.6180266203556233,"MV3":0.6071444534536945,"CH1":0.34676649021973815}