{"MV1":0.8103846897632155,"MV3":0.9363948915697075,"CH1":0.5741090982552192}