{"MV1":0.768025711485979,"MV3":0.9309813539380815,"CH1":0.5438466904668869}