{"MV1":0.6459417510499375,"MV3":0.40063710384952467,"CH1":0.3579121088418552}