{"MV1":0.27815205735284476,"MV3":0.9891229186890101,"CH1":0.004667839650691841}