{"MV1":0.342300551518557,"MV3":0.3050891759715738,"CH1":0.3747603424318646}