{"MV1":0.9100965706692055,"MV3":0.6048297930446581,"CH1":0.9551949543136977}