{"MV1":0.8406464104220267,"MV3":0.072055956524119,"CH1":0.010450207319937954}