{"MV1":0.6126580219891342,"MV3":0.12300193843093066,"CH1":0.749609613241586}