{"MV1":0.7952036506879006,"MV3":0.046021944367027,"CH1":0.5065255856529772}