{"MV1":0.30736977020243883,"MV3":0.569048049813681,"CH1":0.8150154036654889}