{"MV1":0.09693199541963604,"MV3":0.34148312688614924,"CH1":0.14100192681267265}