{"MV1":0.13374133090656626,"MV3":0.4971119829994669,"CH1":0.9356667966254086}