{"MV1":0.016730365906189704,"MV3":0.22297074479040346,"CH1":0.4628551613963373}