{"MV1":0.04581824311845184,"MV3":0.9301410459824854,"CH1":0.8410664434731403}