{"MV1":0.22778056466129526,"MV3":0.5910524043822674,"CH1":0.49437505063077425}