{"MV1":0.9869854048470817,"MV3":0.3255497264218741,"CH1":0.40016248329994664}