{"MV1":0.6876104786686782,"MV3":0.7823758173435188,"CH1":0.2902594177024146}