{"MV1":0.5163542190898239,"MV3":0.5126453137834224,"CH1":0.46294932968303104}