{"MV1":0.6716960503543704,"MV3":0.022865850939903787,"CH1":0.1349247933762333}