{"MV1":0.7498376037735276,"MV3":0.2183070398842697,"CH1":0.2865508327058558}