{"MV1":0.85668569601294,"MV3":0.20428641895954547,"CH1":0.23222468304892108}