{"MV1":0.41427062387750346,"MV3":0.6475928747746096,"CH1":0.11473658678676935}