{"MV1":0.5559758729325952,"MV3":0.5047771132297084,"CH1":0.872724325070024}