{"MV1":0.636650365279253,"MV3":0.1829101482532639,"CH1":0.22870407028220474}