{"MV1":0.07633784281299894,"MV3":0.5104855056723082,"CH1":0.686415806675912}