{"MV1":0.524792406477987,"MV3":0.27183333707453405,"CH1":0.7993195589656046}