{"MV1":0.8914540747498778,"MV3":0.9420562585293805,"CH1":0.2602091500096957}