{"MV1":0.7693846319791925,"MV3":0.2694418351756024,"CH1":0.809768788861026}