{"MV1":0.663827994335124,"MV3":0.22240522166806098,"CH1":0.6334281073226995}