{"MV1":0.7154993587305348,"MV3":0.32898076522951747,"CH1":0.8301726458645775}