{"MV1":0.9263661742848323,"MV3":0.7455654383229811,"CH1":0.17605866829862915}