{"MV1":0.7089120817624973,"MV3":0.10897565233115436,"CH1":0.40111656176115784}