{"MV1":0.608765494734071,"MV3":0.043532675434420076,"CH1":0.8060304716986344}