{"MV1":0.30617295725092386,"MV3":0.5589639786737732,"CH1":0.7078457483764755}