{"MV1":0.6739589728522821,"MV3":0.6172794488203586,"CH1":0.3811212433109974}