{"MV1":0.6916653851419008,"MV3":0.8540350627825605,"CH1":0.9945266143402787}