{"MV1":0.1599929220060915,"MV3":0.35984738496744273,"CH1":0.925468581282546}