{"MV1":0.17748734035264369,"MV3":0.013043532919230438,"CH1":0.5239380299001823}