{"MV1":0.008812586004094403,"MV3":0.4163504368579066,"CH1":0.3019568733737539}