{"MV1":0.7828670244954404,"MV3":0.7210994688246305,"CH1":0.2691113913656853}