{"MV1":0.1261563672966356,"MV3":0.9394945730741147,"CH1":0.22695991795582415}