{"MV1":0.17493299871198875,"MV3":0.2528394178420681,"CH1":0.9595608235128041}