{"MV1":0.22304993703994613,"MV3":0.35954796533703015,"CH1":0.7015617829682157}