{"MV1":0.4402234726403076,"MV3":0.024334458632886524,"CH1":0.619733644141823}