{"MV1":0.5781621729967523,"MV3":0.0354343600165391,"CH1":0.0707419751308056}