{"MV1":0.3300363882597629,"MV3":0.47163087132336146,"CH1":0.4359813634916906}