{"MV1":0.8548171243360992,"MV3":0.670852435194299,"CH1":0.4378260457397678}