{"MV1":0.7109068116972074,"MV3":0.4048895894331459,"CH1":0.5059814397735889}