{"MV1":0.6923489266687234,"MV3":0.5908162752074826,"CH1":0.6651620633541254}