{"MV1":0.09344735412841065,"MV3":0.8091531033432509,"CH1":0.14987028023519977}