{"MV1":0.3325760611594537,"MV3":0.6117867053407017,"CH1":0.003051842038598651}