{"MV1":0.021008520546321408,"MV3":0.820054055140752,"CH1":0.666182703167499}