{"MV1":0.8175607877395221,"MV3":0.7915899365710305,"CH1":0.3087643208626203}