{"MV1":0.5385277783193256,"MV3":0.3563270857171551,"CH1":0.9466530040245672}