{"MV1":0.7952446888715069,"MV3":0.7722610081032426,"CH1":0.21270261289557546}