{"MV1":0.7523590590162924,"MV3":0.294440125161301,"CH1":0.05145794236285772}