{"MV1":0.16364679661249892,"MV3":0.6911840609350892,"CH1":0.6242619471859024}