{"MV1":0.7399311752938643,"MV3":0.2916466735431015,"CH1":0.7026347218547165}