{"MV1":0.47103837942189075,"MV3":0.81980325997757,"CH1":0.8104601431370352}