{"MV1":0.8136725191553821,"MV3":0.951936140267777,"CH1":0.9957935165297207}