{"MV1":0.5703019761112488,"MV3":0.06572637760400157,"CH1":0.7440300422940981}