{"MV1":0.7543662915249829,"MV3":0.16388152014635815,"CH1":0.43258028373939605}