{"MV1":0.9745710913007358,"MV3":0.8152904167590438,"CH1":0.3300255368907189}