{"MV1":0.0876432056938321,"MV3":0.07182356750320984,"CH1":0.44260089554244186}