{"MV1":0.30567755042649514,"MV3":0.9753202583377182,"CH1":0.14060173043570745}