{"MV1":0.10062986582581479,"MV3":0.8615129240104316,"CH1":0.11999479553376102}