{"MV1":0.14091359147534843,"MV3":0.4092676000911013,"CH1":0.1742051631199928}