{"MV1":0.8924911050816341,"MV3":0.17424272844462507,"CH1":0.054756228487007896}