{"MV1":0.40012609334497096,"MV3":0.5778004644130404,"CH1":0.16853301305794466}