{"MV1":0.000818032828072357,"MV3":0.8810365823215639,"CH1":0.07926717555664264}