{"MV1":0.7344440315764351,"MV3":0.6694093946227331,"CH1":0.8517965216350186}