{"MV1":0.753120802075141,"MV3":0.5598270287295577,"CH1":0.2501722815500511}