{"MV1":0.25541622960732935,"MV3":0.5134984993597322,"CH1":0.8474698326393438}