{"MV1":0.17824464896702386,"MV3":0.3327934853736755,"CH1":0.5969779950123296}