{"MV1":0.8460465545833878,"MV3":0.3087839372016562,"CH1":0.5597813092972743}