{"MV1":0.30373562930632425,"MV3":0.3771175486061038,"CH1":0.43777026795293805}