{"MV1":0.5530913731117894,"MV3":0.5228039765161874,"CH1":0.11078947190743971}