{"MV1":0.8555630098003248,"MV3":0.05861240106182142,"CH1":0.5031971752076674}