{"MV1":0.7825178415611119,"MV3":0.18276633690280664,"CH1":0.11099522310200904}