{"MV1":0.44912668667939726,"MV3":0.9988426050697904,"CH1":0.032959122218278125}