{"MV1":0.8104982503928011,"MV3":0.5846492313197214,"CH1":0.819530939935168}