{"MV1":0.6394044904585806,"MV3":0.10210441584881214,"CH1":0.2826739621848855}