{"MV1":0.5655106292411789,"MV3":0.3409877512632934,"CH1":0.1962084517615429}