{"MV1":0.19559467086858462,"MV3":0.2811487138805142,"CH1":0.6614129533438249}