{"MV1":0.7469431636471273,"MV3":0.9031751446856673,"CH1":0.7819486194303984}