{"MV1":0.11138147391706554,"MV3":0.04694797921039018,"CH1":0.9088942413764443}