{"MV1":0.7411971475443152,"MV3":0.08041447684397884,"CH1":0.15882162814124812}