{"MV1":0.961527261845418,"MV3":0.3194107733027822,"CH1":0.9973049837368937}