{"MV1":0.8445881237188126,"MV3":0.805091742268327,"CH1":0.6787996531513925}