{"MV1":0.1529410922347958,"MV3":0.6999665567798842,"CH1":0.8779782083417004}