{"MV1":0.5077704226842769,"MV3":0.6402377802854302,"CH1":0.2164412957784453}