{"MV1":0.4557106709930725,"MV3":0.5217213938148058,"CH1":0.5549461398316489}