{"MV1":0.052926755134092174,"MV3":0.4590338288857623,"CH1":0.3647720515179209}