{"MV1":0.020227089869983117,"MV3":0.9405108274071794,"CH1":0.40202478190460755}