{"MV1":0.27023006109246905,"MV3":0.3404323623218629,"CH1":0.2573767765628625}