{"MV1":0.10482456855598132,"MV3":0.5314169684491076,"CH1":0.7522211866633806}