{"MV1":0.6523216793916341,"MV3":0.6664853152648306,"CH1":0.5721527114093816}