{"MV1":0.9382203618712032,"MV3":0.7990414609585268,"CH1":0.7926397256112753}