{"MV1":0.9396202219598098,"MV3":0.46038307839425696,"CH1":0.134862197865109}