{"MV1":0.9377998264883916,"MV3":0.12102567435024081,"CH1":0.2532834105330607}