{"MV1":0.5274535538775564,"MV3":0.41263023684665145,"CH1":0.9059053234096043}