{"MV1":0.6389931807668853,"MV3":0.9256237319535169,"CH1":0.23233147220437111}