{"MV1":0.6359772662468376,"MV3":0.49976091689736835,"CH1":0.3492069666706191}