{"MV1":0.7110875116077038,"MV3":0.9334198023198045,"CH1":0.6998693374166749}