{"MV1":0.7428742291770436,"MV3":0.8085579993124075,"CH1":0.7286400961272087}