{"MV1":0.08930641868106348,"MV3":0.4971234457567899,"CH1":0.9952695830094921}