{"MV1":0.6566892420190571,"MV3":0.25513541694732766,"CH1":0.012445424725784582}