{"MV1":0.5943217558477879,"MV3":0.4908406514190653,"CH1":0.29909774796706257}