{"MV1":0.00929232687071091,"MV3":0.7371483257625259,"CH1":0.6983088586378253}