{"MV1":0.9259025665509008,"MV3":0.5848989850511861,"CH1":0.3674720711681473}