{"MV1":0.13839748830962206,"MV3":0.044082858022736926,"CH1":0.46010830472096675}