{"MV1":0.8743220598233115,"MV3":0.5871165721734584,"CH1":0.3951406923330093}