{"MV1":0.14859759464820266,"MV3":0.7148709350826888,"CH1":0.35210090403911254}