{"MV1":0.7074954391870125,"MV3":0.2779662502705307,"CH1":0.9200376456137369}