{"MV1":0.7245175147599683,"MV3":0.8842769804092474,"CH1":0.2754322736740006}