{"MV1":0.565179263563301,"MV3":0.35722562771013755,"CH1":0.10150280655356902}