{"MV1":0.04532589964549272,"MV3":0.10050631676765376,"CH1":0.5056069594809254}