{"MV1":0.7083511278888421,"MV3":0.5664866298388549,"CH1":0.926368891678203}