{"MV1":0.5725782988527953,"MV3":0.3935275533981091,"CH1":0.3273712169003027}