{"MV1":0.5137029825088183,"MV3":0.6646160378541159,"CH1":0.4402323572501522}