{"MV1":0.6531291777306806,"MV3":0.29167989314453147,"CH1":0.7843173353908208}