{"MV1":0.420531928653751,"MV3":0.10884961823923334,"CH1":0.9867154820542109}