{"MV1":0.3909719904673067,"MV3":0.7682563873859023,"CH1":0.2889186629178988}