{"MV1":0.5112450393332479,"MV3":0.029519508476443024,"CH1":0.4058990675199704}