{"MV1":0.3842902250579371,"MV3":0.5341654908172738,"CH1":0.07504110427530497}