{"MV1":0.08870294719597926,"MV3":0.8329654602705601,"CH1":0.863064459586944}