{"MV1":0.5039175148392827,"MV3":0.8312618781285824,"CH1":0.19398231229724305}