{"MV1":0.06772882221413512,"MV3":0.30838582091841715,"CH1":0.7492063034000418}