{"MV1":0.2715081386463625,"MV3":0.8014651351185287,"CH1":0.043709528124901476}