{"MV1":0.9429652962920844,"MV3":0.10560883438891633,"CH1":0.4494298927852818}