{"MV1":0.6462969016914917,"MV3":0.3843506694640825,"CH1":0.8558800388165116}