{"MV1":0.6527212109179443,"MV3":0.6408960525902664,"CH1":0.11677852809524047}