{"MV1":0.42605329503998923,"MV3":0.2952788215086505,"CH1":0.40102207054227934}