{"MV1":0.1008918871363913,"MV3":0.5402386755364228,"CH1":0.5616640199884626}