{"MV1":0.2436204358684264,"MV3":0.9246321058789647,"CH1":0.4287703332639502}