{"MV1":0.4880309035104562,"MV3":0.04154670039151975,"CH1":0.7703788744138848}