{"MV1":0.8326782059856779,"MV3":0.8683337533264984,"CH1":0.2136027146968431}