{"MV1":0.6414717715992133,"MV3":0.22304092455248037,"CH1":0.13097612138706916}