{"MV1":0.05730365696855344,"MV3":0.07169167476875926,"CH1":0.07631405374568989}