{"MV1":0.5124975201440859,"MV3":0.22289105626323413,"CH1":0.5889167987289875}