{"MV1":0.3533864961791372,"MV3":0.24816959175015918,"CH1":0.4751773517689044}