{"MV1":0.6578572979640469,"MV3":0.8595109065509883,"CH1":0.4272201083002696}