{"MV1":0.7450153567702648,"MV3":0.790915871905563,"CH1":0.8760729481479198}