{"MV1":0.8372200306247349,"MV3":0.9211631670800067,"CH1":0.5007320219769799}