{"MV1":0.8957053246729401,"MV3":0.2121362760183132,"CH1":0.0868242392014612}