{"MV1":0.2297695842513403,"MV3":0.7983248586513148,"CH1":0.7171028958716331}