{"MV1":0.20921331403053145,"MV3":0.8954211529534389,"CH1":0.285954114787058}