{"MV1":0.3489134111402782,"MV3":0.5526529792576756,"CH1":0.156756269991158}