{"MV1":0.6451334200310517,"MV3":0.4288787953503491,"CH1":0.31728162683858785}