{"MV1":0.7076794028283047,"MV3":0.08540201864294172,"CH1":0.5340893163015882}