{"MV1":0.1610476281923613,"MV3":0.5542891948408885,"CH1":0.7741504969525135}