{"MV1":0.698152490636676,"MV3":0.7527646480237034,"CH1":0.4212840547294603}