{"MV1":0.34831122235476786,"MV3":0.44396688470755674,"CH1":0.4941421813446629}