{"MV1":0.6594002593978154,"MV3":0.8303419127528834,"CH1":0.7431451468250296}