{"MV1":0.2563626284258893,"MV3":0.886665978186001,"CH1":0.227974553178529}