{"MV1":0.712672203406441,"MV3":0.9248722196232207,"CH1":0.032968449818537415}