{"MV1":0.4696516185135907,"MV3":0.5270192403085299,"CH1":0.975198239688182}