{"MV1":0.33372176357514816,"MV3":0.3289610619845563,"CH1":0.7048288759834433}