{"MV1":0.3866314311431879,"MV3":0.18425360638121902,"CH1":0.6016580145075076}