{"MV1":0.9513292123890433,"MV3":0.11377876391148922,"CH1":0.7339006356481026}