{"MV1":0.5577946372626544,"MV3":0.45373346942637083,"CH1":0.29385650073957537}