{"MV1":0.7338188942157081,"MV3":0.9840769287394411,"CH1":0.5237830821916286}