{"MV1":0.8547190990497212,"MV3":0.5582043142023834,"CH1":0.7036864191726052}