{"MV1":0.14668551992354883,"MV3":0.2824334821166846,"CH1":0.103388532480572}