{"MV1":0.984365381358971,"MV3":0.31331707432504885,"CH1":0.30858595315750503}