{"MV1":0.9902116527813403,"MV3":0.14282705203180335,"CH1":0.4214089661069428}