{"MV1":0.6353237652142546,"MV3":0.10668411272691192,"CH1":0.28151837859455875}