{"MV1":0.48148154223753725,"MV3":0.017022170437263284,"CH1":0.30453963190633226}