{"MV1":0.8086538935866446,"MV3":0.9432249937638254,"CH1":0.6804783767231761}