{"MV1":0.9672891895684664,"MV3":0.16137870126672993,"CH1":0.9340158980475416}