{"MV1":0.7901037610939078,"MV3":0.09097533634700006,"CH1":0.04171776911921965}