{"MV1":0.5899775221706435,"MV3":0.07364335663148136,"CH1":0.22185100934529856}