{"MV1":0.8558286008041269,"MV3":0.010138577219724887,"CH1":0.7610222105529301}