{"MV1":0.3496441818170679,"MV3":0.5414742802642968,"CH1":0.12030108630304437}