{"MV1":0.3485881821426906,"MV3":0.3873580310911934,"CH1":0.35940508723513953}