{"MV1":0.7687663570511098,"MV3":0.24061308251298397,"CH1":0.6109344950198646}