{"MV1":0.49222793465569825,"MV3":0.6605167674271509,"CH1":0.38190683145383697}