{"MV1":0.5208304720212505,"MV3":0.6404946031676058,"CH1":0.7952708808900053}