{"MV1":0.39193321456275465,"MV3":0.7261958057261942,"CH1":0.6126270562471401}