{"MV1":0.5298741545531896,"MV3":0.9163084107057702,"CH1":0.030540414333708688}