{"MV1":0.3852335026529208,"MV3":0.6758846343812649,"CH1":0.3609600329387672}