{"MV1":0.9829359975419403,"MV3":0.11968335736502089,"CH1":0.03905035059873052}