{"MV1":0.6590011546511573,"MV3":0.06389780923028865,"CH1":0.7813980440750806}