{"MV1":0.9608569461522025,"MV3":0.2807641595823994,"CH1":0.345414772877351}