{"MV1":0.7663624892423322,"MV3":0.43301507426277197,"CH1":0.4388743145433821}