{"MV1":0.05551817301818296,"MV3":0.13136180553085397,"CH1":0.35310925483502}