{"MV1":0.6046264335483852,"MV3":0.7229094950593956,"CH1":0.526313585133984}