{"MV1":0.3437057469224921,"MV3":0.1145196578391331,"CH1":0.7436692016911981}