{"MV1":0.7399189397938309,"MV3":0.19182553451067974,"CH1":0.8383189269667388}