{"MV1":0.3664358965812472,"MV3":0.7171367282218736,"CH1":0.9568909683630209}