{"MV1":0.8506297317297216,"MV3":0.8087535338877054,"CH1":0.6540856471266394}