{"MV1":0.22345149267672537,"MV3":0.3715007507087763,"CH1":0.05869148420711323}