{"MV1":0.7614671867907375,"MV3":0.5279493092218305,"CH1":0.5071466919745062}