{"MV1":0.7270266478970283,"MV3":0.4193166613154796,"CH1":0.9299618871425861}