{"MV1":0.4997038255631986,"MV3":0.07251056653453092,"CH1":0.09176841092484944}