{"MV1":0.08769431752814671,"MV3":0.7403528536789551,"CH1":0.7157214362118279}