{"MV1":0.46376035509433944,"MV3":0.8322201349478091,"CH1":0.12175921992197303}