{"MV1":0.9148241677462171,"MV3":0.8391097939330587,"CH1":0.4865467847165784}