{"MV1":0.7301522899699402,"MV3":0.1473079125328357,"CH1":0.08682546216392273}