{"MV1":0.7123973310557657,"MV3":0.9659555657458891,"CH1":0.9856454146628364}