{"MV1":0.724237655263957,"MV3":0.8133239257083232,"CH1":0.1951811266833755}