{"MV1":0.5202295051703344,"MV3":0.5950168273618054,"CH1":0.40887645541166406}