{"MV1":0.1612697579290886,"MV3":0.2926859220177964,"CH1":0.7644772107997047}