{"MV1":0.05921544447953786,"MV3":0.4058096481812734,"CH1":0.6007838390595481}