{"MV1":0.6004713465882325,"MV3":0.260685586790965,"CH1":0.6773564855573279}