{"MV1":0.9901592617269682,"MV3":0.7886968794757945,"CH1":0.133326736067515}