{"MV1":0.3472526944334897,"MV3":0.6331499516320047,"CH1":0.7964985656853656}