{"MV1":0.7164837800753079,"MV3":0.37364525462816545,"CH1":0.04672037628991588}