{"MV1":0.8938108425093944,"MV3":0.8475005193880716,"CH1":0.7407717310435228}