{"MV1":0.6044092793472531,"MV3":0.3297299067388294,"CH1":0.7917803320002454}