{"MV1":0.4388674236578082,"MV3":0.3589768248000249,"CH1":0.8852712565763575}