{"MV1":0.8755107501954386,"MV3":0.7598125368460175,"CH1":0.886123080301865}