{"MV1":0.8197725728745955,"MV3":0.5288429216496255,"CH1":0.3189016081503633}