{"MV1":0.1837303905358162,"MV3":0.990634689215444,"CH1":0.2960896614125591}