{"MV1":0.08458591958549655,"MV3":0.5347848281703408,"CH1":0.6811855363190915}