{"MV1":0.9013602636721199,"MV3":0.8569095517676152,"CH1":0.841089562552642}