{"MV1":0.3580101347028294,"MV3":0.7638108784637573,"CH1":0.8848649859973732}