{"MV1":0.48919583596316507,"MV3":0.8487199482802091,"CH1":0.6341040357878661}