{"MV1":0.25136208939063587,"MV3":0.786065785489959,"CH1":0.22807372914681312}