{"MV1":0.1255287274212311,"MV3":0.14777204726645343,"CH1":0.9195197820609191}