{"MV1":0.3241902437245232,"MV3":0.5651754095287391,"CH1":0.8030215369846735}