{"MV1":0.015251219539711203,"MV3":0.3766366941802971,"CH1":0.8194967421873028}