{"MV1":0.8111594364164582,"MV3":0.9543980596321121,"CH1":0.47598864598887447}