{"MV1":0.3760075374133943,"MV3":0.8134802368823821,"CH1":0.17971617072027102}