{"MV1":0.6278504627463579,"MV3":0.4238040571233165,"CH1":0.4301665354835136}