{"MV1":0.5048873162952333,"MV3":0.8883862764410145,"CH1":0.4552412065094539}