{"MV1":0.01483533872269338,"MV3":0.3209836872158114,"CH1":0.49245250653146555}