{"MV1":0.9446863371995972,"MV3":0.4868446480922982,"CH1":0.3042327944799509}