{"MV1":0.9702553328800774,"MV3":0.2573898688218298,"CH1":0.41757601455561144}