{"MV1":0.9432082078413015,"MV3":0.1569039865041707,"CH1":0.8791861168951772}