{"MV1":0.21950728226100058,"MV3":0.6786852485409983,"CH1":0.38034072476032965}