{"MV1":0.15805228637892554,"MV3":0.32878713328515996,"CH1":0.5787885342671694}