{"MV1":0.08568620077351718,"MV3":0.23939369189795923,"CH1":0.21811041128340625}