{"MV1":0.1682779506615154,"MV3":0.21336142387836865,"CH1":0.6889233341055953}