{"MV1":0.23403132347288935,"MV3":0.16047313183443057,"CH1":0.7034626017582519}