{"MV1":0.5871452796803548,"MV3":0.5313090447861598,"CH1":0.6805492968076572}