{"MV1":0.05476803736661695,"MV3":0.5264282599852872,"CH1":0.9198555313700248}