{"MV1":0.47780184486862953,"MV3":0.7065704459750721,"CH1":0.7742328026299282}