{"MV1":0.8814305925527832,"MV3":0.20927234440438924,"CH1":0.21168403791272594}