{"MV1":0.26016725755532255,"MV3":0.2902668872467252,"CH1":0.9008639359014916}