{"MV1":0.923636194044612,"MV3":0.10502688381301761,"CH1":0.8443332703066098}