{"MV1":0.05871757267479705,"MV3":0.9884285082872317,"CH1":0.0474455489385609}