{"MV1":0.9260526578267436,"MV3":0.7917018625809246,"CH1":0.7915327955492573}