{"MV1":0.5005185777999241,"MV3":0.6815811764926044,"CH1":0.4303491262569845}