{"MV1":0.7295154786582827,"MV3":0.9822656832086264,"CH1":0.725750338203892}