{"MV1":0.4559354637470461,"MV3":0.39203366507312887,"CH1":0.3877150910642915}