{"MV1":0.045387348325200305,"MV3":0.34852228497228843,"CH1":0.251526704970353}