{"MV1":0.9446464847875855,"MV3":0.863135035225594,"CH1":0.836884633667734}