{"MV1":0.020300160461835026,"MV3":0.7351366766894708,"CH1":0.9814049500078923}