{"MV1":0.13300623927802746,"MV3":0.09700753081080116,"CH1":0.47930933714484036}