{"MV1":0.4730841543687939,"MV3":0.3750007233603265,"CH1":0.6959671764364184}