{"MV1":0.08386257887480197,"MV3":0.511009614212905,"CH1":0.34317952414111197}