{"MV1":0.30839583053286346,"MV3":0.26989207964465534,"CH1":0.11166866525718244}