{"MV1":0.518134878727479,"MV3":0.11225201355682035,"CH1":0.9424271729292859}