{"MV1":0.2446112116420074,"MV3":0.2347057321559073,"CH1":0.23312922999463137}