{"MV1":0.25812354151337613,"MV3":0.45151536807982384,"CH1":0.4239914548978927}