{"MV1":0.44186653709373214,"MV3":0.15323837557764564,"CH1":0.4965759116403965}