{"MV1":0.00912794827982133,"MV3":0.3139980138061149,"CH1":0.4048662370587661}