{"MV1":0.9471660363480837,"MV3":0.5520038076955103,"CH1":0.7821319566470066}