{"MV1":0.5885764332266477,"MV3":0.6068382318727931,"CH1":0.5512936847805393}