{"MV1":0.2775052976796317,"MV3":0.2805723020182749,"CH1":0.4351385774297646}