{"MV1":0.6637379374052155,"MV3":0.43459504813334415,"CH1":0.08496417629885666}