{"MV1":0.6268982448240373,"MV3":0.8191111243535006,"CH1":0.18227242159432888}