{"MV1":0.455493417869574,"MV3":0.059236286896214296,"CH1":0.7368585204610429}