{"MV1":0.9305634802870679,"MV3":0.3258990781569804,"CH1":0.6700736440606676}