{"MV1":0.2215105878216308,"MV3":0.8171527828048541,"CH1":0.050462001694616676}