{"MV1":0.7897548925917739,"MV3":0.46572314225881817,"CH1":0.02852850602363033}