{"MV1":0.46775527183736487,"MV3":0.49469240612273235,"CH1":0.7913110943181919}