{"MV1":0.22550300966843828,"MV3":0.17236050950451243,"CH1":0.6536749118895517}