{"MV1":0.36214835980830185,"MV3":0.6613933044447444,"CH1":0.9420271254120712}