{"MV1":0.8913328079847554,"MV3":0.5263029070692931,"CH1":0.32438333422474364}