{"MV1":0.198348371917083,"MV3":0.837305783523116,"CH1":0.5689990343243538}