{"MV1":0.3656541903399435,"MV3":0.543040265106965,"CH1":0.9789558504319974}