{"MV1":0.3538883899782952,"MV3":0.7248188692824336,"CH1":0.5821745714076135}