{"MV1":0.7974741063801499,"MV3":0.36856685306539383,"CH1":0.8025121564968458}