{"MV1":0.8865521119217082,"MV3":0.8065238673490776,"CH1":0.32925401968946955}