{"MV1":0.3884555170562287,"MV3":0.536291605345992,"CH1":0.1062495112950621}