{"MV1":0.6377946531620481,"MV3":0.07242219527831295,"CH1":0.4235917195113069}