{"MV1":0.7026664335886802,"MV3":0.8123158617522376,"CH1":0.9670775579515781}