{"MV1":0.12822624793348247,"MV3":0.5933166030742731,"CH1":0.8872592041490783}