{"MV1":0.063824812433532,"MV3":0.9205990169912378,"CH1":0.3374081266919293}