{"MV1":0.7259250507166324,"MV3":0.7578516758992936,"CH1":0.9387352284456804}