{"MV1":0.05186845855279998,"MV3":0.27380947267791556,"CH1":0.4314302385237292}