{"MV1":0.8015285716977307,"MV3":0.6567217835489343,"CH1":0.08980049250764333}