{"MV1":0.5566668738918888,"MV3":0.02662984485639197,"CH1":0.7255762830649266}