{"MV1":0.15641255487556194,"MV3":0.4675750614017181,"CH1":0.24234469345156173}