{"MV1":0.9538364704894625,"MV3":0.6897089011253295,"CH1":0.7305140603532315}