{"MV1":0.4355215320761928,"MV3":0.748037076441566,"CH1":0.6282429356937008}