{"MV1":0.11129553669968195,"MV3":0.57649293307471,"CH1":0.7412686503510646}