{"MV1":0.856995053854696,"MV3":0.8743729918432158,"CH1":0.6700912151416885}