{"MV1":0.35175497580210957,"MV3":0.0796487127876182,"CH1":0.7228869452372013}