{"MV1":0.2963190157507385,"MV3":0.7477018383259856,"CH1":0.8258090354541364}