{"MV1":0.2583346202580875,"MV3":0.03315929394755912,"CH1":0.8512347666735904}