{"MV1":0.7911708571146554,"MV3":0.16952835615437234,"CH1":0.30401117186748217}