{"MV1":0.1516747709918599,"MV3":0.11044177845749681,"CH1":0.9376657592865644}