{"MV1":0.2178957676374632,"MV3":0.2589966468329239,"CH1":0.1304954431393327}