{"MV1":0.639766455840448,"MV3":0.796890683330178,"CH1":0.07141393310856525}