{"MV1":0.909935858962003,"MV3":0.7545682901476088,"CH1":0.28057067683567505}