{"MV1":0.7677038628178584,"MV3":0.3401974448035405,"CH1":0.01638622718297722}