{"MV1":0.060681895522721074,"MV3":0.7845610572933618,"CH1":0.6983531211024523}