{"MV1":0.241595052986613,"MV3":0.344786953455147,"CH1":0.5845039691395698}