{"MV1":0.07462639163200735,"MV3":0.010154132986925246,"CH1":0.23631491205264543}