{"MV1":0.690196486269937,"MV3":0.4461668540576271,"CH1":0.7562352191690169}