{"MV1":0.7994094498129377,"MV3":0.4400321281419578,"CH1":0.4500125953575983}