{"MV1":0.16578563145581526,"MV3":0.931689833589008,"CH1":0.7404306928400918}