{"MV1":0.7145420776765483,"MV3":0.6133768961122277,"CH1":0.6099916987164137}