{"MV1":0.30164848320340243,"MV3":0.18854672408450524,"CH1":0.3212361456156917}