{"MV1":0.18406554222771965,"MV3":0.40864794069350807,"CH1":0.8567830326089065}