{"MV1":0.5743712292195775,"MV3":0.21571523616824329,"CH1":0.817365564299722}