{"MV1":0.5683217844822643,"MV3":0.052991261512536636,"CH1":0.7143316108996869}