{"MV1":0.9065189325957548,"MV3":0.7528430785830358,"CH1":0.7235356744714107}