{"MV1":0.017773145143515245,"MV3":0.67425804958292,"CH1":0.6767902002206307}