{"MV1":0.6567924354563497,"MV3":0.3319458023347296,"CH1":0.014407145634544705}