{"MV1":0.20603633615359873,"MV3":0.9826153186095381,"CH1":0.04094157653666297}