{"MV1":0.1461888212099689,"MV3":0.8033935852239885,"CH1":0.3404027592018032}