{"MV1":0.6296711721650046,"MV3":0.6647354458641079,"CH1":0.7223246311812482}