{"MV1":0.12740228718158264,"MV3":0.5759424996797914,"CH1":0.13310243205807926}