{"MV1":0.37735210187117973,"MV3":0.04486528829373515,"CH1":0.7023922650451981}