{"MV1":0.37102791079586284,"MV3":0.1311328131832532,"CH1":0.51792585767825}