{"MV1":0.33713320431692606,"MV3":0.9712215715843902,"CH1":0.8423130117814948}