{"MV1":0.8730578130709037,"MV3":0.9512683307876775,"CH1":0.8099351641109351}