{"MV1":0.15722943433809633,"MV3":0.7953280970010129,"CH1":0.6489754425143537}