{"MV1":0.43131246733781015,"MV3":0.3617468781667512,"CH1":0.13115955177552607}