{"MV1":0.8795641198483599,"MV3":0.5492939903376715,"CH1":0.6513946725624621}