{"MV1":0.3934750578090537,"MV3":0.5604896856536274,"CH1":0.7234870969091262}