{"MV1":0.3330320420150632,"MV3":0.7078901080235045,"CH1":0.22269631735941486}