{"MV1":0.867755918682048,"MV3":0.7468269715128133,"CH1":0.3349931944949014}