{"MV1":0.23024165439939182,"MV3":0.6621027893952893,"CH1":0.21763161619301574}