{"MV1":0.4098708155956847,"MV3":0.4907334329453015,"CH1":0.26323920095896935}