{"MV1":0.14496529475137487,"MV3":0.5241264899560444,"CH1":0.15159669507875506}