{"MV1":0.7592275757246181,"MV3":0.748329506399906,"CH1":0.36565414770466986}