{"MV1":0.7885160933035339,"MV3":0.49356624953566963,"CH1":0.6971744176811431}