{"MV1":0.1914984868055285,"MV3":0.04522160221517024,"CH1":0.44325956224340013}