{"MV1":0.1107783205437749,"MV3":0.8521171246800237,"CH1":0.6233508448424674}