{"MV1":0.48044933226120423,"MV3":0.05162387293051851,"CH1":0.05017603405024984}