{"MV1":0.09591313610162389,"MV3":0.24860379795896315,"CH1":0.21050236901180286}