{"MV1":0.18762286119125027,"MV3":0.695963685143642,"CH1":0.47473590475642646}