{"MV1":0.8081133259992882,"MV3":0.82920342866526,"CH1":0.30195549505349184}