{"MV1":0.22840198718925642,"MV3":0.25376573921945433,"CH1":0.1695544764519763}