{"MV1":0.24461971629127477,"MV3":0.2974193140601825,"CH1":0.42708060972645234}