{"MV1":0.916554720474505,"MV3":0.4075159158008651,"CH1":0.019959532015426884}