{"MV1":0.48466802490167005,"MV3":0.5728119577406612,"CH1":0.4361744602726927}