{"MV1":0.4214861648306769,"MV3":0.007646598532097815,"CH1":0.1552137619873526}