{"MV1":0.9908723903029256,"MV3":0.90981022378419,"CH1":0.45553352429077687}