{"MV1":0.6436800327028402,"MV3":0.5858852695050129,"CH1":0.7895872322046529}