{"MV1":0.641157433896672,"MV3":0.9429000828061752,"CH1":0.01792278561833982}