{"MV1":0.008753545546486552,"MV3":0.16475462463240065,"CH1":0.9673653538514961}