{"MV1":0.5551740659647829,"MV3":0.6681614944816415,"CH1":0.18326385077195373}