{"MV1":0.846206904283853,"MV3":0.7840007920528002,"CH1":0.33225857719775875}