{"MV1":0.7302722793557441,"MV3":0.7841957384937115,"CH1":0.8602699726946271}