{"MV1":0.8512579742122995,"MV3":0.6165846460240633,"CH1":0.04421152380905691}