{"MV1":0.647822464400551,"MV3":0.08348378859632755,"CH1":0.9410999960692465}