{"MV1":0.4031772636158718,"MV3":0.10327325581932256,"CH1":0.38694178188071027}