{"MV1":0.6859980028283441,"MV3":0.06473427602102078,"CH1":0.23027201356871507}