{"MV1":0.09134685925652197,"MV3":0.4968528726467236,"CH1":0.9664315740426862}