{"MV1":0.7786183456517439,"MV3":0.7912030243888817,"CH1":0.8242912857513611}