{"MV1":0.2529179202803101,"MV3":0.9850176306211427,"CH1":0.9039199773981245}