{"MV1":0.10845310823638121,"MV3":0.7923712685785959,"CH1":0.15089602204571284}