{"MV1":0.8079383569971113,"MV3":0.8817207615624708,"CH1":0.35869866147253904}