{"MV1":0.36634650786984657,"MV3":0.2884071747775445,"CH1":0.2335062278569917}