{"MV1":0.37241730560371655,"MV3":0.19109995683664793,"CH1":0.0689610122822869}