{"MV1":0.9361106449513003,"MV3":0.6000010429098241,"CH1":0.39126213031149215}