{"MV1":0.7009976231387262,"MV3":0.5286083232792687,"CH1":0.7192944538372515}