{"MV1":0.04038470978292574,"MV3":0.6357216182798938,"CH1":0.07993003165072732}