{"MV1":0.663214834093825,"MV3":0.5360354208513746,"CH1":0.566409996871708}