{"MV1":0.7495919873561867,"MV3":0.604474813604081,"CH1":0.4783825644276982}