{"MV1":0.6646586369182055,"MV3":0.585901122222225,"CH1":0.5437589452362593}