{"MV1":0.8749542597993781,"MV3":0.9713919891902492,"CH1":0.09366686526843682}