{"MV1":0.8546917855166302,"MV3":0.670036660636128,"CH1":0.0638541022793494}