{"MV1":0.8915966709530639,"MV3":0.12081896717247542,"CH1":0.1636139485049839}