{"MV1":0.04661651921572485,"MV3":0.23198715619102794,"CH1":0.9499355627136932}