{"MV1":0.562394231931128,"MV3":0.32067425994579535,"CH1":0.4642792514642067}