{"MV1":0.5988384876560028,"MV3":0.13033618494293997,"CH1":0.6071778511337127}