{"MV1":0.6657091791528549,"MV3":0.1247306808245704,"CH1":0.21869247382808765}