{"MV1":0.27994548667568564,"MV3":0.5905149725259764,"CH1":0.3681351120007079}