{"MV1":0.17319751624689883,"MV3":0.25145696842778176,"CH1":0.9682851609247273}