{"MV1":0.7249454252021057,"MV3":0.43140635520974635,"CH1":0.16033709059061663}