{"MV1":0.01715910156936573,"MV3":0.31391660833903734,"CH1":0.5376585870666011}