{"MV1":0.38513702148353934,"MV3":0.8436332801073724,"CH1":0.17341409932773222}