{"MV1":0.8103020686243562,"MV3":0.43415488137076796,"CH1":0.2803181177610852}