{"MV1":0.05825482144518468,"MV3":0.8639393185116957,"CH1":0.2376853698575203}