{"MV1":0.8969531096298345,"MV3":0.8082550830409164,"CH1":0.5184879421203027}