{"MV1":0.14997941889294686,"MV3":0.5344603263469706,"CH1":0.729789625701839}