{"MV1":0.9888388459489933,"MV3":0.14473102525220016,"CH1":0.28154675110572047}