{"MV1":0.5116710006958505,"MV3":0.11960779882754369,"CH1":0.9668563310619577}