{"MV1":0.9927125200285455,"MV3":0.7176508792983658,"CH1":0.09195886134286801}