{"MV1":0.15442006603960856,"MV3":0.027866809451564056,"CH1":0.47958761343797274}