{"MV1":0.22507553033844385,"MV3":0.3891706347279553,"CH1":0.08375558841308273}