{"MV1":0.6189876677071141,"MV3":0.530737742452831,"CH1":0.6010866815083742}