{"MV1":0.28915266282049734,"MV3":0.8276730931532139,"CH1":0.9047519869146877}