{"MV1":0.2508785386614174,"MV3":0.5070516370452269,"CH1":0.18269843520842266}