{"MV1":0.7749824960032121,"MV3":0.15712595693559805,"CH1":0.7961996940003331}