{"MV1":0.48174910265123894,"MV3":0.7068917954227855,"CH1":0.8974685117307791}