{"MV1":0.04419869007638788,"MV3":0.8014985520923046,"CH1":0.007819579889675965}