{"MV1":0.34709977890132115,"MV3":0.2857291906184284,"CH1":0.5484368423097796}