{"MV1":0.6649950786624648,"MV3":0.6358480068970597,"CH1":0.11384434161181267}