{"MV1":0.22627572144976082,"MV3":0.6802966115361442,"CH1":0.6789049218134502}