{"MV1":0.8568612922013205,"MV3":0.3920682320863307,"CH1":0.37345682156803495}