{"MV1":0.2201570459908201,"MV3":0.347090429473806,"CH1":0.3553622779023593}