{"MV1":0.4705251087755068,"MV3":0.5279482314331344,"CH1":0.7750572384303658}