{"MV1":0.7033295195549154,"MV3":0.7943280384917635,"CH1":0.6937166605753536}