{"MV1":0.22587430074322168,"MV3":0.1312699550269445,"CH1":0.07902991469519294}