{"MV1":0.8953739207099515,"MV3":0.0066352908986642145,"CH1":0.20006364765634166}