{"MV1":0.47764975061112647,"MV3":0.2817340470760944,"CH1":0.054546220236725396}