{"MV1":0.41016268145888146,"MV3":0.8497796418933471,"CH1":0.919217005089662}