{"MV1":0.18319502416274103,"MV3":0.985036628450201,"CH1":0.6862694535119597}