{"MV1":0.6793207342840715,"MV3":0.7111333127900004,"CH1":0.14386244810437054}