{"MV1":0.9370839855992337,"MV3":0.12226569309089907,"CH1":0.7338716854137048}