{"MV1":0.0125723841125569,"MV3":0.816672562820057,"CH1":0.33935808986461447}