{"MV1":0.5551029438966437,"MV3":0.769404313090473,"CH1":0.42344075970556516}