{"MV1":0.9764353147251975,"MV3":0.987217829342307,"CH1":0.7618272752416292}