{"MV1":0.27599149784553345,"MV3":0.15649126760236942,"CH1":0.3112738415785823}