{"MV1":0.9522506051575952,"MV3":0.8240232132008892,"CH1":0.9738119556102229}