{"MV1":0.30794999448966465,"MV3":0.7316538297723902,"CH1":0.4370838242306415}