{"MV1":0.18594618877565794,"MV3":0.3258081334543048,"CH1":0.6218935831026937}