{"MV1":0.17179938536261152,"MV3":0.4674039147253328,"CH1":0.04291397653361262}