{"MV1":0.03349179607548847,"MV3":0.14021865001987832,"CH1":0.5990134812716763}