{"MV1":0.5695692858062418,"MV3":0.4537616027423359,"CH1":0.7195435864942867}