{"MV1":0.05603611429135735,"MV3":0.31467441005974817,"CH1":0.4539475801399355}