{"MV1":0.6592183964124122,"MV3":0.40574674752678497,"CH1":0.6448788167019647}