{"MV1":0.05182148580525525,"MV3":0.5050864501107538,"CH1":0.3238950538948422}