{"MV1":0.6703282987392978,"MV3":0.40388650116048885,"CH1":0.6317137080986212}