{"MV1":0.7485287700709611,"MV3":0.2877552688301642,"CH1":0.6914556834618492}