{"MV1":0.665109949790974,"MV3":0.5253417096098038,"CH1":0.33037811709794296}