{"MV1":0.019887136941148742,"MV3":0.58569988699162,"CH1":0.5530767252200579}