{"MV1":0.6514035836629898,"MV3":0.26520883034104115,"CH1":0.9357737067942923}