{"MV1":0.7871031912844889,"MV3":0.2312363101475522,"CH1":0.3715855458344439}