{"MV1":0.523136618995181,"MV3":0.4236033309810312,"CH1":0.9194331968275843}