{"MV1":0.10711643975216778,"MV3":0.9961154241863821,"CH1":0.27651610090500134}