{"MV1":0.5554737616682527,"MV3":0.37147787893334394,"CH1":0.5862219459370674}