{"MV1":0.25720522089479037,"MV3":0.8328267276542567,"CH1":0.6556550421582588}