{"MV1":0.6273401460541109,"MV3":0.11693858601561236,"CH1":0.34711271041954106}