{"MV1":0.12868757154808141,"MV3":0.7195459387202457,"CH1":0.22412297764550093}