{"MV1":0.05845667210034011,"MV3":0.04729135234181836,"CH1":0.011781590123085994}