{"MV1":0.45138593698961327,"MV3":0.9354582456740661,"CH1":0.4754322213934534}