{"MV1":0.2834769898588366,"MV3":0.09942479263066517,"CH1":0.09918239325100409}