{"MV1":0.7566071168348365,"MV3":0.2883296795913094,"CH1":0.9157830005879251}