{"MV1":0.3652978858705851,"MV3":0.5087327194701383,"CH1":0.01878434945410401}