{"MV1":0.5747689172195968,"MV3":0.7952415076177239,"CH1":0.865791082454289}