{"MV1":0.3150240866504891,"MV3":0.8105940506733762,"CH1":0.22016465188734013}