{"MV1":0.2772564808854031,"MV3":0.41409090292918227,"CH1":0.41288781608000324}