{"MV1":0.801423009235029,"MV3":0.7854368066072365,"CH1":0.43750744933997443}