{"MV1":0.9343144786154144,"MV3":0.21171127616870022,"CH1":0.09159208814386866}