{"MV1":0.16596672028863746,"MV3":0.2040222074975181,"CH1":0.18216863144399909}