{"MV1":0.8714088647574951,"MV3":0.4125601153516054,"CH1":0.7441091711785991}