{"MV1":0.6963226241337048,"MV3":0.992354836707536,"CH1":0.6199962275260927}