{"MV1":0.8004347931224596,"MV3":0.9036223147360561,"CH1":0.9471075228542966}