{"MV1":0.2581966747349307,"MV3":0.8610538882557415,"CH1":0.3435789145837652}