{"MV1":0.5049163844056701,"MV3":0.1869881381746289,"CH1":0.14396159254531793}