{"MV1":0.990727926727244,"MV3":0.6811565965295502,"CH1":0.2968142739189368}