{"MV1":0.0868085541680389,"MV3":0.9800731179642239,"CH1":0.48609154353897455}