{"MV1":0.6080080287310222,"MV3":0.7374978640528332,"CH1":0.09703677499114571}