{"MV1":0.38265685868295485,"MV3":0.5736322156698175,"CH1":0.3151371670815004}