{"MV1":0.36370162830957276,"MV3":0.4935170138729812,"CH1":0.03521840283443778}