{"MV1":0.2518324492963161,"MV3":0.3449683038301872,"CH1":0.319974903309713}