{"MV1":0.09715403937808498,"MV3":0.7983757450427943,"CH1":0.7047027889967299}