{"MV1":0.10754543853250165,"MV3":0.41997905661625967,"CH1":0.5487044353186479}