{"MV1":0.3071492428229886,"MV3":0.0796685030815788,"CH1":0.3706846779425551}