{"MV1":0.11836292089593614,"MV3":0.920612667120042,"CH1":0.25638645471763755}