{"MV1":0.731287722958903,"MV3":0.007629162355708985,"CH1":0.2190528919619723}