{"MV1":0.7542287866155812,"MV3":0.17901890828566247,"CH1":0.5520943773231319}