{"MV1":0.6211360551439785,"MV3":0.8349556888727306,"CH1":0.8639833112608845}