{"MV1":0.45393761337803396,"MV3":0.5586772793596891,"CH1":0.16355760755690807}