{"MV1":0.18903006313791337,"MV3":0.6345530468760825,"CH1":0.7736869981125852}