{"MV1":0.36036123957783006,"MV3":0.9371152591565954,"CH1":0.41413708543768124}