{"MV1":0.05763413539838724,"MV3":0.16533881690471652,"CH1":0.01010931350972799}