{"MV1":0.9406856974967829,"MV3":0.8022861328457049,"CH1":0.4558394961809691}