{"MV1":0.0005532699525228058,"MV3":0.2785261853794483,"CH1":0.09553703459851837}