{"MV1":0.11650876655923592,"MV3":0.2741491119591679,"CH1":0.899033634861942}