{"MV1":0.850410827001767,"MV3":0.4084391052251324,"CH1":0.6250066923980094}