{"MV1":0.2994557638549582,"MV3":0.14854858636546087,"CH1":0.7719801443444952}