{"MV1":0.9287832930522422,"MV3":0.3517792562981372,"CH1":0.5602400750711864}