{"MV1":0.14664371131019305,"MV3":0.7672302300243187,"CH1":0.7141205046537893}