{"MV1":0.647527562431065,"MV3":0.8379065294587622,"CH1":0.3417560150645468}