{"MV1":0.8230720851065086,"MV3":0.8686566983249379,"CH1":0.5833592940535661}