{"MV1":0.6848098257649614,"MV3":0.3900672594907666,"CH1":0.7849370883246637}