{"MV1":0.002696027861532113,"MV3":0.9886927708081901,"CH1":0.20220758638285752}