{"MV1":0.7166036618843229,"MV3":0.6789532334151189,"CH1":0.0004481472079336246}