{"MV1":0.5582047428580013,"MV3":0.3608363615411333,"CH1":0.030928324751300362}