{"MV1":0.23218938195840588,"MV3":0.8568284231957111,"CH1":0.25488374562021376}