{"MV1":0.43012341189870873,"MV3":0.1667296813097353,"CH1":0.08250930785833743}