{"MV1":0.038715706511911696,"MV3":0.38266192878104244,"CH1":0.34107614833105226}