{"MV1":0.21756830179977849,"MV3":0.4660203736842603,"CH1":0.43075300969803165}