{"MV1":0.3995115773560186,"MV3":0.2739502350240842,"CH1":0.9298743310981695}