{"MV1":0.5919501453406092,"MV3":0.48528557418369456,"CH1":0.08349297484581175}