{"MV1":0.5193305236852431,"MV3":0.3379268180375121,"CH1":0.8461735767783463}