{"MV1":0.1291033367868667,"MV3":0.30040298181028624,"CH1":0.8763673567009304}