{"MV1":0.910463203602326,"MV3":0.6994081192840266,"CH1":0.762628178603853}