{"MV1":0.07336659066053886,"MV3":0.8932921413417929,"CH1":0.6288396705015331}