{"MV1":0.3859450885478818,"MV3":0.17763015192842813,"CH1":0.16657750127698656}