{"MV1":0.4836985858186157,"MV3":0.7942162815525303,"CH1":0.8287452746890127}