{"MV1":0.6313023597114404,"MV3":0.1732957659180997,"CH1":0.19289257770171708}