{"MV1":0.23617243111343278,"MV3":0.7173333803356347,"CH1":0.031016556920724248}