{"MV1":0.25357135571993317,"MV3":0.5056949927208859,"CH1":0.7813077102683649}