{"MV1":0.6847029466711845,"MV3":0.031341231512680756,"CH1":0.4205430149050152}