{"MV1":0.0995732259088159,"MV3":0.8000774740688279,"CH1":0.9725848573119709}