{"MV1":0.41982429375729224,"MV3":0.255568001761296,"CH1":0.13901469509432895}