{"MV1":0.7754532586700029,"MV3":0.6685606611447944,"CH1":0.5924943657083077}