{"MV1":0.04180183657325798,"MV3":0.3800725017536958,"CH1":0.38118584794496324}