{"MV1":0.9934245502428998,"MV3":0.4807379715358431,"CH1":0.9429688191328627}