{"MV1":0.46874088013577186,"MV3":0.046595613663613866,"CH1":0.22945303927453897}