{"MV1":0.8404545116061345,"MV3":0.7260563330185947,"CH1":0.2618392385425973}