{"MV1":0.2812048478026312,"MV3":0.7632732166717022,"CH1":0.5581939872742756}