{"MV1":0.4693464267617945,"MV3":0.9290986233951212,"CH1":0.43852474289052135}