{"MV1":0.6595207611296686,"MV3":0.11319571389272876,"CH1":0.11994862312277177}