{"MV1":0.016712269510808953,"MV3":0.7713750585009316,"CH1":0.16282876879346841}