{"MV1":0.8473513248200706,"MV3":0.16094022500324756,"CH1":0.8996306432596393}