{"MV1":0.16428392727869023,"MV3":0.8876719516672271,"CH1":0.1914890508425937}