{"MV1":0.916831784697796,"MV3":0.2652063299497964,"CH1":0.5664866501896635}