{"MV1":0.038180805010558205,"MV3":0.8663740595221047,"CH1":0.7986512612458438}