{"MV1":0.08732310762957829,"MV3":0.06336613867517904,"CH1":0.184812417526532}