{"MV1":0.9406059355064104,"MV3":0.879055408966182,"CH1":0.6790641181079532}