{"MV1":0.42273740365429435,"MV3":0.26237605715530277,"CH1":0.7074077944138603}