{"MV1":0.7914265935218905,"MV3":0.6374366484727345,"CH1":0.3385188509752529}