{"MV1":0.4615163481460246,"MV3":0.4175310765299587,"CH1":0.07228436896864388}