{"MV1":0.0639231957032994,"MV3":0.20368113369259444,"CH1":0.6071618601423543}