{"MV1":0.9092824743599076,"MV3":0.12172781404595256,"CH1":0.387656119866867}