{"MV1":0.6382995135299219,"MV3":0.1813158521249909,"CH1":0.06931402785910612}