{"MV1":0.2608615652347116,"MV3":0.49855710666606445,"CH1":0.6198344786996225}