{"MV1":0.12142280736458888,"MV3":0.0524736851278339,"CH1":0.5921182180894987}