{"MV1":0.8978523946506723,"MV3":0.7131412370718692,"CH1":0.5398501595022525}