{"MV1":0.7368942271315705,"MV3":0.9920476676033109,"CH1":0.20079982777794492}