{"MV1":0.736616712114841,"MV3":0.8616953316762174,"CH1":0.8509500766045303}