{"MV1":0.8874988314646461,"MV3":0.6259592311316797,"CH1":0.11448200523962726}