{"MV1":0.2981141294793248,"MV3":0.45434433178150724,"CH1":0.8265136893188595}