{"MV1":0.11966714398689493,"MV3":0.9621300152891067,"CH1":0.8339938395903455}