{"MV1":0.26140334948433896,"MV3":0.100573089644311,"CH1":0.7410589358103417}