{"MV1":0.14887346635219478,"MV3":0.3353046829814338,"CH1":0.9952574809806867}