{"MV1":0.1913276832341474,"MV3":0.9732689535280438,"CH1":0.4798797892128034}