{"MV1":0.8221812903845257,"MV3":0.7900631146786274,"CH1":0.44675488691936427}