{"MV1":0.9524554612994237,"MV3":0.23596828760959332,"CH1":0.9074766147393923}