{"MV1":0.672552193735558,"MV3":0.5879889416470658,"CH1":0.5818526244712251}