{"MV1":0.40584239669562505,"MV3":0.9322655260649422,"CH1":0.5911545201992129}