{"MV1":0.5320607009459806,"MV3":0.22653433951568192,"CH1":0.416935880881683}