{"MV1":0.20504015394612085,"MV3":0.3951254598544688,"CH1":0.15523145915242242}