{"MV1":0.46717181538046537,"MV3":0.26568589029661316,"CH1":0.5111548908867614}