{"MV1":0.37334606912060964,"MV3":0.13286584569681636,"CH1":0.3130662424947106}