{"MV1":0.04637110809541345,"MV3":0.17826207100040514,"CH1":0.2094182461636961}