{"MV1":0.7238395502012581,"MV3":0.8339681275860145,"CH1":0.8599034220790622}