{"MV1":0.6302447510842276,"MV3":0.9339161673715457,"CH1":0.1798792197082263}