{"MV1":0.4206843172611413,"MV3":0.475081173686946,"CH1":0.7552968306673438}