{"MV1":0.8971066841674991,"MV3":0.22756080473835727,"CH1":0.5507079080388062}