{"MV1":0.15673834277338894,"MV3":0.12645498861098714,"CH1":0.7673348119446052}