{"MV1":0.28580214606953647,"MV3":0.6193160972985404,"CH1":0.6120439635871412}