{"MV1":0.038572401556548286,"MV3":0.6938685697889194,"CH1":0.0004608755113030272}