{"MV1":0.06198345561861074,"MV3":0.5760620776453761,"CH1":0.6933405275685063}