{"MV1":0.759577925573684,"MV3":0.8425172604276376,"CH1":0.9218551937828637}