{"MV1":0.898178802621542,"MV3":0.2675749973948971,"CH1":0.430021787831679}