{"MV1":0.3466158727144901,"MV3":0.07369289646849886,"CH1":0.3501248884744437}