{"MV1":0.3804241941101181,"MV3":0.3784531523250305,"CH1":0.6832385194720632}