{"MV1":0.6668400755840072,"MV3":0.6681521872622234,"CH1":0.11179179180475729}