{"MV1":0.8613052686734856,"MV3":0.6708755226851452,"CH1":0.7778164147857273}