{"MV1":0.46041968501265795,"MV3":0.3138577578808899,"CH1":0.6356751996545188}