{"MV1":0.14948059731931973,"MV3":0.6068570196857551,"CH1":0.9116950450869553}