{"MV1":0.16369488361780649,"MV3":0.2901191388047246,"CH1":0.5074550980084706}