{"MV1":0.6757768968293504,"MV3":0.9770377814119645,"CH1":0.3155138759845536}