{"MV1":0.926638517466884,"MV3":0.2391376373195958,"CH1":0.9284924424721325}