{"MV1":0.14287790918324184,"MV3":0.8080316067138036,"CH1":0.4169278126843917}