{"MV1":0.656459831602693,"MV3":0.8556731948328943,"CH1":0.33167830103213203}