{"MV1":0.4762112950232379,"MV3":0.3287077124524921,"CH1":0.1348891138092202}