{"MV1":0.8030808679424631,"MV3":0.7022684554283362,"CH1":0.18119716441007916}