{"MV1":0.2046615969281167,"MV3":0.8094354827144064,"CH1":0.6497479941149178}