{"MV1":0.9549794610509594,"MV3":0.288211780202841,"CH1":0.5546180072018289}