{"MV1":0.761444220060146,"MV3":0.594558834844058,"CH1":0.16286896125549177}