{"MV1":0.20327935267059716,"MV3":0.5877167214603299,"CH1":0.6060702526177986}