{"MV1":0.8751264128819398,"MV3":0.1532828677157443,"CH1":0.2725705298541917}