{"MV1":0.3897838006381651,"MV3":0.9906176646038524,"CH1":0.29272313222395085}