{"MV1":0.975473780787552,"MV3":0.33556682066369214,"CH1":0.6140907607637949}