{"MV1":0.6319594551524383,"MV3":0.2230909880619545,"CH1":0.3029051184336763}