{"MV1":0.2424085494541668,"MV3":0.09288793074707691,"CH1":0.044198570068807674}