{"MV1":0.4132018126278101,"MV3":0.3938434256323555,"CH1":0.11212146355181873}