{"MV1":0.001892605250282453,"MV3":0.6781358526303511,"CH1":0.8638402852326919}