{"MV1":0.4336476516617509,"MV3":0.14398927245385928,"CH1":0.6987884700880798}