{"MV1":0.12114685279722703,"MV3":0.26928764336538313,"CH1":0.8670109539258577}