{"MV1":0.6596689147277336,"MV3":0.9988037733992748,"CH1":0.06116133660604195}