{"MV1":0.23810121060833678,"MV3":0.48866942687506576,"CH1":0.5172452532689534}