{"MV1":0.4970008111423643,"MV3":0.4419322757455292,"CH1":0.5940560066357446}