{"MV1":0.42917657428686007,"MV3":0.08714248309710826,"CH1":0.0907916266946519}