{"MV1":0.6796375707900859,"MV3":0.41233090508967407,"CH1":0.8084869337466951}