{"MV1":0.7741068841984994,"MV3":0.09693363565138058,"CH1":0.4409964914135237}