{"MV1":0.48305315136285687,"MV3":0.011503444007474495,"CH1":0.4555732687422236}