{"MV1":0.8600794196463745,"MV3":0.1407317220795571,"CH1":0.6667399293785093}