{"MV1":0.14521515702172327,"MV3":0.5938325023444783,"CH1":0.8353848265858825}