{"MV1":0.1624371376950684,"MV3":0.6264148841649922,"CH1":0.225982783910596}