{"MV1":0.6720831688370653,"MV3":0.3875473111496812,"CH1":0.4412111562623513}