{"MV1":0.6280069478918494,"MV3":0.3332738221375745,"CH1":0.3299096874352351}