{"MV1":0.9129114687144779,"MV3":0.48057647016025806,"CH1":0.014031359601207716}