{"MV1":0.6924791903050899,"MV3":0.6488024202401786,"CH1":0.8156622349330098}