{"MV1":0.6270831422197284,"MV3":0.9723624646198739,"CH1":0.04602199192637324}