{"MV1":0.6270828101191535,"MV3":0.24585119626565,"CH1":0.5612294476186052}