{"MV1":0.8279738742343355,"MV3":0.061876403866575225,"CH1":0.08708451293377995}