{"MV1":0.208477749096463,"MV3":0.14207685109380697,"CH1":0.2791743563519056}