{"MV1":0.7731778930737383,"MV3":0.6014066676943,"CH1":0.7848518308451584}