{"MV1":0.9739287324806474,"MV3":0.1130705074155961,"CH1":0.4972336030423353}