{"MV1":0.8192261984539582,"MV3":0.3497491498857116,"CH1":0.4022907052920288}