{"MV1":0.3671865946419175,"MV3":0.953346503694131,"CH1":0.10175846521992471}