{"MV1":0.13391895321160585,"MV3":0.0003832211960819176,"CH1":0.29743353238080483}