{"MV1":0.4375327089522236,"MV3":0.5778995374318825,"CH1":0.10067201025491634}