{"MV1":0.1126248835179634,"MV3":0.08878349434888888,"CH1":0.7605530561424341}