{"MV1":0.5837826856340657,"MV3":0.7900264844970438,"CH1":0.07600701778120678}