{"MV1":0.9387262089720086,"MV3":0.7582836540373248,"CH1":0.25038633746106953}