{"MV1":0.23454202282865844,"MV3":0.0724343516514877,"CH1":0.328528282652946}