{"MV1":0.5330316923279501,"MV3":0.2345776603279549,"CH1":0.7774072885420249}