{"MV1":0.017078064736107512,"MV3":0.2765489390018636,"CH1":0.032948336830411096}