{"MV1":0.7147992710629605,"MV3":0.4638952023401606,"CH1":0.15725929089011026}