{"MV1":0.04828731796650887,"MV3":0.7251783462101926,"CH1":0.41687224291330083}