{"MV1":0.3672631295865231,"MV3":0.14950079711907183,"CH1":0.38816278749701427}