{"MV1":0.13897749048353725,"MV3":0.2256531878259559,"CH1":0.05558261121365815}