{"MV1":0.490381273908443,"MV3":0.6396983921757471,"CH1":0.721486737030457}