{"MV1":0.8520002554804663,"MV3":0.6652762464481989,"CH1":0.13932527433463493}