{"MV1":0.625515738590131,"MV3":0.7277496786971673,"CH1":0.14921513815005605}