{"MV1":0.2325175467780819,"MV3":0.9008180611902773,"CH1":0.5374082731610103}