{"MV1":0.24043277274009112,"MV3":0.12033519053049102,"CH1":0.5846084026192747}