{"MV1":0.0737261962442467,"MV3":0.5326543434787809,"CH1":0.5937644292985433}