{"MV1":0.33345110661106014,"MV3":0.030371728653566854,"CH1":0.1776221475434656}