{"MV1":0.6224537016240634,"MV3":0.7936129376279457,"CH1":0.3322905271143052}