{"MV1":0.4773509678346717,"MV3":0.44773161941936024,"CH1":0.9634490400407674}