{"MV1":0.2603678661386414,"MV3":0.1574771351811466,"CH1":0.024998936293437746}