{"MV1":0.33029806926652683,"MV3":0.026173319912279447,"CH1":0.514960522644941}