{"MV1":0.8275094561780139,"MV3":0.1630803607372221,"CH1":0.5410704274759671}