{"MV1":0.5468037351972274,"MV3":0.2938105328094821,"CH1":0.14836544969930332}