{"MV1":0.18716124518547628,"MV3":0.5046368329330969,"CH1":0.7205192880480893}