{"MV1":0.054064407664822234,"MV3":0.9581724560385436,"CH1":0.9143776449565868}