{"MV1":0.6219376592740965,"MV3":0.32045216164213053,"CH1":0.2783667943587407}