{"MV1":0.2373468599591242,"MV3":0.7624435867856698,"CH1":0.9404974912718762}