{"MV1":0.10348986877346178,"MV3":0.4444390067749958,"CH1":0.860310043340807}