{"MV1":0.6141771167732695,"MV3":0.7669687520213812,"CH1":0.11559859516813908}