{"MV1":0.0032967438524872383,"MV3":0.5347313015818399,"CH1":0.4101809543625795}