{"MV1":0.3627645508797145,"MV3":0.8046482682852066,"CH1":0.6240463326767064}