{"MV1":0.06309242805965987,"MV3":0.2706696575406823,"CH1":0.3126308062165071}