{"MV1":0.5830516075311591,"MV3":0.33995716526922826,"CH1":0.5807340959274178}