{"MV1":0.8546291523910505,"MV3":0.15297068095215438,"CH1":0.05655770850270614}