{"MV1":0.2844409327595122,"MV3":0.6010947323405081,"CH1":0.19979502369392932}