{"MV1":0.461202024813009,"MV3":0.11640245006931804,"CH1":0.5044746973108197}