{"MV1":0.46321374994175835,"MV3":0.7964539634909666,"CH1":0.921536369328281}