{"MV1":0.1302961672280828,"MV3":0.49357981919411276,"CH1":0.374939752049289}