{"MV1":0.7764312800515247,"MV3":0.8479513125505472,"CH1":0.5384565989011928}