{"MV1":0.5770035433615024,"MV3":0.6576959261744574,"CH1":0.1195078257537242}