{"MV1":0.18758467553127045,"MV3":0.5847270800463868,"CH1":0.008876084111816729}