{"MV1":0.49055040086291013,"MV3":0.5551171964238726,"CH1":0.264154899629535}