{"MV1":0.12583145133214269,"MV3":0.3596078662538016,"CH1":0.3549011756933682}