{"MV1":0.6876125245710181,"MV3":0.5393848182715678,"CH1":0.1442995478378617}