{"MV1":0.49337256792335527,"MV3":0.3668705805615081,"CH1":0.4445009936626998}