{"MV1":0.6026895339843167,"MV3":0.4711939508879318,"CH1":0.208402843425867}