{"MV1":0.702761204722094,"MV3":0.5035504598578949,"CH1":0.2796148734907441}