{"MV1":0.11743462821237893,"MV3":0.8381738652152655,"CH1":0.9343565429938784}