{"MV1":0.11163493326695328,"MV3":0.7357686389794127,"CH1":0.04527368266175191}