{"MV1":0.8139379228271106,"MV3":0.4978513809697691,"CH1":0.7076975320169588}