{"MV1":0.1258721823029577,"MV3":0.6775906334358318,"CH1":0.4316151862870966}