{"MV1":0.7702296619832963,"MV3":0.6513954608386228,"CH1":0.5863547984955985}