{"MV1":0.884661141486607,"MV3":0.9007286433766041,"CH1":0.7422446572973949}