{"MV1":0.033660463539629704,"MV3":0.9776943467004637,"CH1":0.05858961969789511}