{"MV1":0.9376893384045836,"MV3":0.6756969698646469,"CH1":0.19120717012910704}