{"MV1":0.9903195167776592,"MV3":0.11458030044229972,"CH1":0.9520279477038606}