{"MV1":0.6169006050251655,"MV3":0.9321457487675542,"CH1":0.34912972387458585}