{"MV1":0.2423765163345969,"MV3":0.9765310039111661,"CH1":0.5544115403268007}