{"MV1":0.3295185531909983,"MV3":0.5055627241583646,"CH1":0.017078923945514468}