{"MV1":0.06333826947734567,"MV3":0.8456065152106731,"CH1":0.2609546696203239}