{"MV1":0.37878283205085617,"MV3":0.5232418592107986,"CH1":0.6592548572244535}