{"MV1":0.9210029725209333,"MV3":0.9053673747966434,"CH1":0.6859000714133385}