{"MV1":0.1394132816514787,"MV3":0.8702661228071267,"CH1":0.5413872107110341}