{"MV1":0.37290736701640603,"MV3":0.5796053325073147,"CH1":0.9466494510298561}