{"MV1":0.878868393795167,"MV3":0.5087849847193359,"CH1":0.18372704265897088}