{"MV1":0.4821739257863793,"MV3":0.8967909242361822,"CH1":0.7596893242033084}