{"MV1":0.44943717282800355,"MV3":0.1971266149477222,"CH1":0.06288604723532554}