{"MV1":0.1742788772770405,"MV3":0.5158019589944549,"CH1":0.0345973215176244}