{"MV1":0.8068535399216625,"MV3":0.7251344666388232,"CH1":0.4690829265155576}