{"MV1":0.3610029562217042,"MV3":0.11411099941217584,"CH1":0.3799498526239362}