{"MV1":0.8042134871834955,"MV3":0.4767470277042093,"CH1":0.6345860334138627}