{"MV1":0.4205526210546182,"MV3":0.2832016125962986,"CH1":0.38050306305602954}