{"MV1":0.636109837471412,"MV3":0.9098488935361895,"CH1":0.6594100283704429}