{"MV1":0.18634253478393392,"MV3":0.4381837858501211,"CH1":0.4072923179197815}