{"MV1":0.7712523362323876,"MV3":0.9082681211368117,"CH1":0.565887518063651}