{"MV1":0.8945275982829933,"MV3":0.012986044768237615,"CH1":0.7892877694508387}