{"MV1":0.2908475957546872,"MV3":0.23289821033630953,"CH1":0.07799951135536642}