{"MV1":0.11267470999425044,"MV3":0.6646096476488559,"CH1":0.12690121874572535}