{"MV1":0.6307426583611756,"MV3":0.7653035372991275,"CH1":0.09315987045782304}