{"MV1":0.7216465743067236,"MV3":0.047495080277966784,"CH1":0.48753112905688645}