{"MV1":0.22915041910480405,"MV3":0.2689884990138578,"CH1":0.8326080901013629}