{"MV1":0.9644706408306039,"MV3":0.1303865158409796,"CH1":0.49251575716491713}