{"MV1":0.7436936098125686,"MV3":0.9483511313933998,"CH1":0.1871512575060622}