{"MV1":0.43919585825588336,"MV3":0.17406285898970186,"CH1":0.4638380442811004}