{"MV1":0.4275871917603591,"MV3":0.9720528500992397,"CH1":0.8192854762438669}