{"MV1":0.5580440668515448,"MV3":0.5845815270859238,"CH1":0.5894478101831833}