{"MV1":0.8472029887588624,"MV3":0.12169289364120794,"CH1":0.16488835563937332}