{"MV1":0.8435267239267845,"MV3":0.6459736007990037,"CH1":0.8928793238104015}