{"MV1":0.3492606186298943,"MV3":0.6553959539135329,"CH1":0.9895201983707815}