{"MV1":0.05961872917571376,"MV3":0.2954263417500915,"CH1":0.2477219540218476}