{"MV1":0.28461639843001296,"MV3":0.10725697343871521,"CH1":0.46340594698359006}