{"MV1":0.07952926790309855,"MV3":0.358759401943903,"CH1":0.27291362772553174}