{"MV1":0.43421856691663774,"MV3":0.2309397211172488,"CH1":0.23219430298090926}