{"MV1":0.40164397203652646,"MV3":0.4373658577052679,"CH1":0.8751951544638434}