{"MV1":0.7729034901900751,"MV3":0.1504740201640794,"CH1":0.8616715424941978}