{"MV1":0.34003103612864216,"MV3":0.365681931230426,"CH1":0.5801438945293335}