{"MV1":0.3534760217118851,"MV3":0.7542631972909577,"CH1":0.16377289964774944}