{"MV1":0.586125739588483,"MV3":0.15294301833397472,"CH1":0.1462191639659154}