{"MV1":0.3810200613107688,"MV3":0.9387249220468903,"CH1":0.6147968433476108}