{"MV1":0.7312722190209071,"MV3":0.5415734078361977,"CH1":0.13689509534508593}