{"MV1":0.8018038825857574,"MV3":0.4731859472251446,"CH1":0.6641340559287262}