{"MV1":0.6597914589594207,"MV3":0.7883042586710545,"CH1":0.25579745577160085}