{"MV1":0.32285527619994436,"MV3":0.397285700126941,"CH1":0.06122990269188544}