{"MV1":0.9018116637868895,"MV3":0.6241289218660723,"CH1":0.7355983527362582}