{"MV1":0.6319682378331785,"MV3":0.6161996501144267,"CH1":0.05357700514481356}