{"MV1":0.2539826547749141,"MV3":0.024035681951468213,"CH1":0.6467573249658068}