{"MV1":0.617172186071635,"MV3":0.6128231115876016,"CH1":0.5650220278173336}