{"MV1":0.684759684305316,"MV3":0.4934873808450022,"CH1":0.6448238152183231}