{"MV1":0.158331791029393,"MV3":0.9979923274116043,"CH1":0.035592542490339274}