{"MV1":0.8153367626498063,"MV3":0.3477561683835123,"CH1":0.05174360041244175}