{"MV1":0.5039728914957107,"MV3":0.38277372126077414,"CH1":0.5964088568036019}