{"MV1":0.7846856966286919,"MV3":0.9475248996166574,"CH1":0.22436107885697332}