{"MV1":0.94450595879127,"MV3":0.2748145405501209,"CH1":0.6151848861305569}