{"MV1":0.765707856581469,"MV3":0.31399389825047286,"CH1":0.32681667942627746}