{"MV1":0.3018665002708899,"MV3":0.419990963885995,"CH1":0.8029906879113816}