{"MV1":0.8935510234500259,"MV3":0.1542928598287604,"CH1":0.486287527545161}