{"MV1":0.43637355250437837,"MV3":0.49394236221155385,"CH1":0.43432638490372955}