{"MV1":0.1031582735649591,"MV3":0.13505543927732433,"CH1":0.7587222217224315}