{"MV1":0.2773362662488438,"MV3":0.634212059765287,"CH1":0.9345305565758476}