{"MV1":0.48758080871116527,"MV3":0.04047505160986087,"CH1":0.4733841415133885}