{"MV1":0.6882214524614776,"MV3":0.6550651368505319,"CH1":0.02516838227970508}