{"MV1":0.2593652929451147,"MV3":0.471801496803545,"CH1":0.3288626465394431}