{"MV1":0.8575355290065517,"MV3":0.23427211139395931,"CH1":0.4540016737945637}