{"MV1":0.0390295551807569,"MV3":0.04425048230075457,"CH1":0.3820336444466249}