{"MV1":0.8606760099825157,"MV3":0.849201744784562,"CH1":0.4477293019934315}