{"MV1":0.42299370951693904,"MV3":0.768241477634208,"CH1":0.7350072790092025}