{"MV1":0.647656764775647,"MV3":0.12404966055911015,"CH1":0.9654373186464049}