{"MV1":0.030378655825059164,"MV3":0.20594677019898022,"CH1":0.5114647605211429}