{"MV1":0.23305698066505154,"MV3":0.7324554546435766,"CH1":0.651715788728796}