{"MV1":0.7138730369616252,"MV3":0.25474792530675616,"CH1":0.6390459121254564}