{"MV1":0.22688388898364165,"MV3":0.4594651566665481,"CH1":0.6388644555124974}