{"MV1":0.9946655960124254,"MV3":0.49760028045856697,"CH1":0.21638474302357524}