{"MV1":0.2585225194686134,"MV3":0.9965947647170283,"CH1":0.18903245741950436}