{"MV1":0.4691351276578162,"MV3":0.38193476219272116,"CH1":0.774800014724995}