{"MV1":0.063833321716665,"MV3":0.20608425193801183,"CH1":0.1751007711173601}