{"MV1":0.4282463093781568,"MV3":0.316420290607225,"CH1":0.8338487343073302}