{"MV1":0.3248246810389728,"MV3":0.25046755576571933,"CH1":0.25787075831422257}