{"MV1":0.22495706754404554,"MV3":0.07194885954645214,"CH1":0.9275056925440953}