{"MV1":0.44880589483924804,"MV3":0.10756039765326209,"CH1":0.8692883114571316}