{"MV1":0.5250501403664886,"MV3":0.6049806755427066,"CH1":0.23252043955960766}