{"MV1":0.17944677441828694,"MV3":0.4872901987520073,"CH1":0.6042011422220885}