{"MV1":0.6418350811348184,"MV3":0.4876509971459303,"CH1":0.71450587631256}