{"MV1":0.10159578853490514,"MV3":0.575796274751258,"CH1":0.0030166329800367375}