{"MV1":0.1492485787423634,"MV3":0.47027688535768253,"CH1":0.8350923374929963}