{"MV1":0.894139787180467,"MV3":0.24050716110190595,"CH1":0.11239488197907976}