{"MV1":0.6543444051155682,"MV3":0.7222166030233378,"CH1":0.6335648478456694}