{"MV1":0.48589228794461947,"MV3":0.509631065966491,"CH1":0.8891545938465281}