{"MV1":0.2691574513233955,"MV3":0.12540246767075358,"CH1":0.9364025326685472}