{"MV1":0.8445399434295259,"MV3":0.9991394400880363,"CH1":0.5543970353722179}