{"MV1":0.2805910437325535,"MV3":0.07738278162458745,"CH1":0.3223809385574713}