{"MV1":0.11125417941724758,"MV3":0.6527085019750577,"CH1":0.9877733703741368}