{"MV1":0.0948058858259293,"MV3":0.4057031616359631,"CH1":0.7141807978798745}