{"MV1":0.8632912326963614,"MV3":0.9239922010654273,"CH1":0.4596535033051974}