{"MV1":0.08703552894574396,"MV3":0.12193181010145315,"CH1":0.5161966935332869}