{"MV1":0.530713776879912,"MV3":0.3569066594722663,"CH1":0.6402802206527832}