{"MV1":0.6741344920765003,"MV3":0.19858789787957531,"CH1":0.734316758850075}