{"MV1":0.2614715773130748,"MV3":0.8776556853894384,"CH1":0.042724309466173116}