{"MV1":0.3977860370765536,"MV3":0.18242059162514657,"CH1":0.11784456692965328}