{"MV1":0.24731360242446543,"MV3":0.5658370187547288,"CH1":0.8332053016950268}