{"MV1":0.6431733520314302,"MV3":0.8329059382415351,"CH1":0.48989436674822806}