{"MV1":0.9608316536358766,"MV3":0.3993340608339969,"CH1":0.5059209145684964}