{"MV1":0.9617211105099803,"MV3":0.6476725050433759,"CH1":0.9567407297762047}