{"MV1":0.7662839081249988,"MV3":0.2427341468651676,"CH1":0.749706670728172}