{"MV1":0.6141725708059529,"MV3":0.1797660994346445,"CH1":0.9829082656953724}