{"MV1":0.39665280458408103,"MV3":0.523360357117185,"CH1":0.24927222538808447}