{"MV1":0.43208678766712993,"MV3":0.07142912675788937,"CH1":0.5471889743925995}