{"MV1":0.1744303183676057,"MV3":0.5475722891724276,"CH1":0.7784776250839113}