{"MV1":0.2301010101523595,"MV3":0.21023273331521752,"CH1":0.3270762904328075}