{"MV1":0.42967291078361713,"MV3":0.8495337428605328,"CH1":0.08208272141239925}