{"MV1":0.8755329080455924,"MV3":0.19854746617435304,"CH1":0.0706978324412143}