{"MV1":0.25024420887888466,"MV3":0.27230209315591725,"CH1":0.8149113853360506}