{"MV1":0.06768281960308675,"MV3":0.29997015644115455,"CH1":0.5427970493940021}