{"MV1":0.19078765741481118,"MV3":0.6219833249899439,"CH1":0.4215051765716499}