{"MV1":0.017472648300279392,"MV3":0.061245974338768994,"CH1":0.7277670240605376}