{"MV1":0.9024727853774861,"MV3":0.1378424829201852,"CH1":0.8461162856807696}