{"MV1":0.48860926719215614,"MV3":0.1304243508216737,"CH1":0.2993752123110516}