{"MV1":0.00010893017664659332,"MV3":0.4962388677635958,"CH1":0.8434501754283961}