{"MV1":0.7020768943514737,"MV3":0.07948870858681512,"CH1":0.27060599748007996}