{"MV1":0.6415803213240416,"MV3":0.7728981279293415,"CH1":0.4518877342274792}