{"MV1":0.8974583651466744,"MV3":0.30725195613791834,"CH1":0.697801718732355}