{"MV1":0.6471363814429197,"MV3":0.4787564471704109,"CH1":0.061715901254569605}