{"MV1":0.033172629273088616,"MV3":0.8561927247823681,"CH1":0.09165836015439255}