{"MV1":0.4108432831404457,"MV3":0.20590332406401668,"CH1":0.8581909580754794}