{"MV1":0.6304258427600199,"MV3":0.33176864819841434,"CH1":0.25276387533201694}