{"MV1":0.4105668732638613,"MV3":0.33882603995358795,"CH1":0.37518839400506776}