{"MV1":0.8676136942048027,"MV3":0.8835060607914872,"CH1":0.49890788365684025}