{"MV1":0.8735837700905775,"MV3":0.14001526578621093,"CH1":0.9424859153548776}