{"MV1":0.25276169358595035,"MV3":0.054710750699886845,"CH1":0.48154247415181684}