{"MV1":0.2910504647216773,"MV3":0.9627843650860866,"CH1":0.68579748797669}