{"MV1":0.8195740264533072,"MV3":0.42220515918067425,"CH1":0.6644578498085287}