{"MV1":0.09188708696650738,"MV3":0.3991453109713162,"CH1":0.6260641378758993}