{"MV1":0.9637197327637639,"MV3":0.21694472955628918,"CH1":0.9342773226099407}