{"MV1":0.41457021772691427,"MV3":0.4407283787110028,"CH1":0.7365782668267189}