{"MV1":0.845850254004417,"MV3":0.49471273808446725,"CH1":0.9351480503145104}