{"MV1":0.25818788001832427,"MV3":0.24381750099310107,"CH1":0.2924586821870656}