{"MV1":0.0006118220205656444,"MV3":0.5273797445395986,"CH1":0.4255312319882695}