{"MV1":0.9288635700836777,"MV3":0.36124936159343923,"CH1":0.23179733365219035}