{"MV1":0.8067046841924825,"MV3":0.17208843377068472,"CH1":0.8616748313096633}