{"MV1":0.3413722710992534,"MV3":0.7199730565091371,"CH1":0.06567745028090244}