{"MV1":0.005776394282689834,"MV3":0.2582088292347592,"CH1":0.8183955410403194}