{"MV1":0.3892028903141478,"MV3":0.07730270292320063,"CH1":0.6402626188352062}