{"MV1":0.6580676293238307,"MV3":0.1366785400959789,"CH1":0.3870171674495725}