{"MV1":0.5917295673672132,"MV3":0.535129252096942,"CH1":0.6433833143889915}