{"MV1":0.7328887317480259,"MV3":0.9274168644265511,"CH1":0.24804893201276412}