{"MV1":0.6034594032263652,"MV3":0.9172385613448316,"CH1":0.43762643948314806}