{"MV1":0.4645657879243613,"MV3":0.7514484227683329,"CH1":0.9166732597646338}