{"MV1":0.5122169920467502,"MV3":0.7501180370395981,"CH1":0.4415887978247245}