{"MV1":0.37158080870501065,"MV3":0.0062574202679298585,"CH1":0.22873481316688205}