{"MV1":0.7847138565036645,"MV3":0.36133067283143583,"CH1":0.6849186716502835}