{"MV1":0.578297114848532,"MV3":0.6220301522019072,"CH1":0.9180459428384048}