{"MV1":0.8646088325582969,"MV3":0.19920129364317252,"CH1":0.021580137969067104}