{"MV1":0.5523207424794635,"MV3":0.6290006011512134,"CH1":0.3863695698610158}