{"MV1":0.22194160327719903,"MV3":0.41670440061107084,"CH1":0.43601023983973997}