{"MV1":0.0941916938234636,"MV3":0.28588516232545047,"CH1":0.4215925988871807}