{"MV1":0.18041339656240218,"MV3":0.859296640932953,"CH1":0.8626203043665903}