{"MV1":0.025595093384731427,"MV3":0.6728314924873549,"CH1":0.43057726951597586}