{"MV1":0.05138869864761886,"MV3":0.6175027287118972,"CH1":0.8760597418406475}