{"MV1":0.6704674658620065,"MV3":0.16973045402908016,"CH1":0.6902607069904944}