{"MV1":0.913650026900483,"MV3":0.49540442315869604,"CH1":0.8604800644825318}