{"MV1":0.550527271818133,"MV3":0.05073001467884086,"CH1":0.10635444734385968}