{"MV1":0.9595033051465724,"MV3":0.5716612072538114,"CH1":0.9844444577134198}