{"MV1":0.4694397733225232,"MV3":0.8087443980227939,"CH1":0.5370946606660562}