{"MV1":0.930102001589559,"MV3":0.05516536190405774,"CH1":0.8724306385940385}