{"MV1":0.9331333946501309,"MV3":0.7292355364681351,"CH1":0.9298554883464537}