{"MV1":0.3328472380458233,"MV3":0.34980601144794843,"CH1":0.9042772076976013}