{"MV1":0.6457648460304167,"MV3":0.2439476233262976,"CH1":0.7551895496133381}