{"MV1":0.4894915909741836,"MV3":0.31720745970121256,"CH1":0.08811078063696975}