{"MV1":0.170030326853172,"MV3":0.3054469924713409,"CH1":0.6834675354952422}