{"MV1":0.31371180215254135,"MV3":0.3203773293545187,"CH1":0.6048654271670306}