{"MV1":0.8296428196535496,"MV3":0.17030269163575573,"CH1":0.5738182278596119}