{"MV1":0.49700354748885567,"MV3":0.16432850729373072,"CH1":0.7921854482075453}