{"MV1":0.5592352354327386,"MV3":0.20020142924965256,"CH1":0.7438884287114564}