{"MV1":0.3123886686713252,"MV3":0.5501028242743803,"CH1":0.4281129547521365}