{"MV1":0.23256873162353475,"MV3":0.9071042522359269,"CH1":0.42692332587054993}