{"MV1":0.5128516134964246,"MV3":0.5996715307450037,"CH1":0.971926115568584}