{"MV1":0.004556454902578944,"MV3":0.575163861403354,"CH1":0.4121236123590726}