{"MV1":0.2674418452743853,"MV3":0.2697363400861901,"CH1":0.8060832024800921}