{"MV1":0.8667989489212089,"MV3":0.0011316803737159153,"CH1":0.6377522885164967}