{"MV1":0.16337078211491007,"MV3":0.3951123396306312,"CH1":0.4968061077874927}