{"MV1":0.6012422130784184,"MV3":0.08257043712893453,"CH1":0.5899067773863672}