{"MV1":0.23123549196323168,"MV3":0.13108246831619397,"CH1":0.8624726479017522}