{"MV1":0.9452589693866597,"MV3":0.34864509476359573,"CH1":0.6143582570809693}