{"MV1":0.10548207008053334,"MV3":0.9090488781415542,"CH1":0.9055182741282607}