{"MV1":0.4028709634801545,"MV3":0.7822319845354136,"CH1":0.7829208801621307}