{"MV1":0.9670864278960215,"MV3":0.4825308079482632,"CH1":0.9862424631895016}