{"MV1":0.4837074739651215,"MV3":0.1059091590956609,"CH1":0.8370863162449567}