{"MV1":0.5286887747946146,"MV3":0.22530767914754168,"CH1":0.8459306008346587}