{"MV1":0.5542147188279921,"MV3":0.8594917138509022,"CH1":0.0713450596548677}