{"MV1":0.042685027196883274,"MV3":0.5566471616141734,"CH1":0.4914187406193745}