{"MV1":0.7940655308937955,"MV3":0.8588502039373359,"CH1":0.09419909279268834}