{"MV1":0.770640641698463,"MV3":0.2642649464165827,"CH1":0.6177494693175127}