{"MV1":0.01857553576215054,"MV3":0.47365238133210386,"CH1":0.9474914749537844}