{"MV1":0.12681910208553937,"MV3":0.11207927510166948,"CH1":0.41033916041621776}