{"MV1":0.35882204680301066,"MV3":0.910824689153165,"CH1":0.8239761638673825}