{"MV1":0.4090268176710141,"MV3":0.5677985612759014,"CH1":0.30323818830352345}