{"MV1":0.37933939380025716,"MV3":0.38765592609679955,"CH1":0.738930362393065}