{"MV1":0.7998922792777676,"MV3":0.25415425374135614,"CH1":0.34854536142531356}