{"MV1":0.6832850212508695,"MV3":0.624769974314066,"CH1":0.1501252555114706}