{"MV1":0.9597877355288295,"MV3":0.7554991560599206,"CH1":0.6474968136255976}