{"MV1":0.6898223463093109,"MV3":0.9872443393383893,"CH1":0.38833088988481557}