{"MV1":0.06922055054138743,"MV3":0.13069355433364205,"CH1":0.02725808225441062}