{"MV1":0.2640123296169544,"MV3":0.6958215070610391,"CH1":0.5995031873486398}