{"MV1":0.6930527758887831,"MV3":0.9234666912510595,"CH1":0.13238001349552775}