{"MV1":0.43593153464795964,"MV3":0.9282222941078033,"CH1":0.4426180615736104}