{"MV1":0.060449645647724815,"MV3":0.0658550854442912,"CH1":0.6626511691931272}