{"MV1":0.025935968331253556,"MV3":0.8487156863560791,"CH1":0.46834853779972685}