{"MV1":0.9304721316255581,"MV3":0.16091511802870695,"CH1":0.9704354925940385}