{"MV1":0.6646072466980195,"MV3":0.41207842033059994,"CH1":0.930863847197841}