{"MV1":0.10055105268189712,"MV3":0.43522447134172015,"CH1":0.27343800295518705}