{"MV1":0.30278173463529434,"MV3":0.862298828160603,"CH1":0.8150308269882812}