{"MV1":0.3933844059458721,"MV3":0.8036846032992362,"CH1":0.258821056991004}