{"MV1":0.6265060435228775,"MV3":0.5288179537263544,"CH1":0.3842308220938695}