{"MV1":0.488397032522106,"MV3":0.7975519512115571,"CH1":0.2222635779633908}