{"MV1":0.4142607125475617,"MV3":0.626004251645798,"CH1":0.683498569330701}