{"MV1":0.9517968414035675,"MV3":0.7879832658991371,"CH1":0.2613770789868478}