{"MV1":0.9179997707536183,"MV3":0.011274868453433506,"CH1":0.16894611585735198}