{"MV1":0.5198836945841759,"MV3":0.3818691745969799,"CH1":0.013772175655687446}