{"MV1":0.8508209725639002,"MV3":0.9928285320046938,"CH1":0.9183690415391804}