{"MV1":0.632241769832058,"MV3":0.9545266418170718,"CH1":0.9730354559093806}