{"MV1":0.6592843925022279,"MV3":0.9308020552276235,"CH1":0.5799931809042667}