{"MV1":0.13077802937524685,"MV3":0.148266485721806,"CH1":0.842333090218022}