{"MV1":0.5728990772625961,"MV3":0.31462742615143957,"CH1":0.45347656968102}