{"MV1":0.007786481641048115,"MV3":0.1659407260933753,"CH1":0.20761961657288797}