{"MV1":0.07331912429858456,"MV3":0.9935857332394717,"CH1":0.4332221540418537}