{"MV1":0.0820356716978965,"MV3":0.8696873886504627,"CH1":0.6754833420757426}