{"MV1":0.26262775499166024,"MV3":0.6143734243150665,"CH1":0.5244224249832936}