{"MV1":0.28490345733438227,"MV3":0.7205559904834916,"CH1":0.8243125170367289}