{"MV1":0.6923182336735877,"MV3":0.4524262899288548,"CH1":0.14473879840295667}