{"MV1":0.8514952640818132,"MV3":0.9152541973523823,"CH1":0.6066645200859782}