{"MV1":0.26361371094993413,"MV3":0.6297779255072231,"CH1":0.011719572346326146}