{"MV1":0.6965077574721363,"MV3":0.6733901382428941,"CH1":0.992141588841864}