{"MV1":0.3487387903901191,"MV3":0.9040511953343419,"CH1":0.8985525561176322}