{"MV1":0.39573113419083994,"MV3":0.13348668889708104,"CH1":0.9134125003570198}