{"MV1":0.7637225123952821,"MV3":0.44684695143746334,"CH1":0.288395007712121}