{"MV1":0.15400879513556587,"MV3":0.8301496198932771,"CH1":0.44921698401432886}