{"MV1":0.1922802187804269,"MV3":0.9692577506894542,"CH1":0.2252059097776674}