{"MV1":0.022563334383371547,"MV3":0.4946354782659792,"CH1":0.4733967725303809}