{"MV1":0.6634062654387745,"MV3":0.43780430430004624,"CH1":0.22369044586147113}