{"MV1":0.0401857931233095,"MV3":0.8112699078182564,"CH1":0.9061444001785637}