{"MV1":0.7051464834365198,"MV3":0.3850594413421735,"CH1":0.673884890088601}