{"MV1":0.34041878856484376,"MV3":0.4499691068152284,"CH1":0.07949215708663859}