{"MV1":0.8482041363197517,"MV3":0.3687401543989376,"CH1":0.9924363011868022}