{"MV1":0.9664519565017373,"MV3":0.373368148953084,"CH1":0.22615015619418366}