{"MV1":0.250848097342838,"MV3":0.7950617570830734,"CH1":0.9226653605707171}