{"MV1":0.4038457207059115,"MV3":0.4628779961081464,"CH1":0.3283899888135572}