{"MV1":0.6123270300588545,"MV3":0.6314352681160095,"CH1":0.24162597415909515}