{"MV1":0.39407131149553865,"MV3":0.31085413259789985,"CH1":0.9615243060468811}