{"MV1":0.669300089417129,"MV3":0.038278426502197926,"CH1":0.2532928415039004}