{"MV1":0.6225186222763887,"MV3":0.014501022286820708,"CH1":0.959138334215825}