{"MV1":0.34197321061281305,"MV3":0.8523733349853525,"CH1":0.007980952425781007}