{"MV1":0.8311150060021153,"MV3":0.8767727703419632,"CH1":0.31596966862455034}