{"MV1":0.8956628933320911,"MV3":0.27864412287870965,"CH1":0.10919331771299401}