{"MV1":0.8680626167426511,"MV3":0.0042119156328794816,"CH1":0.13876338383668652}