{"MV1":0.2987204161437269,"MV3":0.316900300949858,"CH1":0.8478240159125306}