{"MV1":0.5107239311070744,"MV3":0.8933987506619757,"CH1":0.0963485731760203}