{"MV1":0.09535038242131044,"MV3":0.6099568914688611,"CH1":0.8234089994361063}