{"MV1":0.12564590248863672,"MV3":0.851940935028149,"CH1":0.5322158838054415}