{"MV1":0.7073741767268982,"MV3":0.1761960863724733,"CH1":0.2967284566388083}