{"MV1":0.5575516423429475,"MV3":0.18741612005777086,"CH1":0.10406507670265541}