{"MV1":0.1107283229814705,"MV3":0.5257663561584106,"CH1":0.7210123691748631}