{"MV1":0.1677767429672784,"MV3":0.27496248342548457,"CH1":0.10341881829227995}