{"MV1":0.6294460163082293,"MV3":0.1885356998417116,"CH1":0.520323296643593}