{"MV1":0.266122221777362,"MV3":0.2593907770615883,"CH1":0.4284146599605603}