{"MV1":0.3868563213406878,"MV3":0.9491848112958304,"CH1":0.2775915300229794}