{"MV1":0.6514024172073095,"MV3":0.7454434277134223,"CH1":0.3101065412246943}