{"MV1":0.9776213250643746,"MV3":0.24852941510363258,"CH1":0.9271475462967868}