{"MV1":0.7425736672065063,"MV3":0.5873784647095034,"CH1":0.1581381939906359}