{"MV1":0.584863083813067,"MV3":0.811218053869431,"CH1":0.6775238350195898}