{"MV1":0.6583392235984424,"MV3":0.8762734240261013,"CH1":0.6987953020082295}