{"MV1":0.6562479775443179,"MV3":0.7810556741414522,"CH1":0.446353930546197}