{"MV1":0.1880342412120446,"MV3":0.556276696182395,"CH1":0.7587829732103073}