{"MV1":0.5793254892786155,"MV3":0.9814787163007588,"CH1":0.8896175363269962}