{"MV1":0.27448796790874763,"MV3":0.5438534399660687,"CH1":0.7328607100008533}