{"MV1":0.8972707593515913,"MV3":0.03208503156741527,"CH1":0.5736350192314223}