{"MV1":0.33906018969758767,"MV3":0.308703668762651,"CH1":0.12290580540090656}