{"MV1":0.06660718815996924,"MV3":0.6408628202034267,"CH1":0.4407056920988798}