{"MV1":0.6356729246422318,"MV3":0.7738964972373542,"CH1":0.8738200166727942}