{"MV1":0.852783857911137,"MV3":0.37909927458049375,"CH1":0.06697996235851522}