{"MV1":0.3866672907589067,"MV3":0.0228553454477618,"CH1":0.7846636703600687}