{"MV1":0.6545490107300315,"MV3":0.2912996272410755,"CH1":0.07191472652765352}