{"MV1":0.5202196095723239,"MV3":0.905386532831788,"CH1":0.9361851979422405}