{"MV1":0.8656644867868429,"MV3":0.2804818596477102,"CH1":0.33137514615226715}