{"MV1":0.48238080428627705,"MV3":0.054696695881919166,"CH1":0.8267373223713357}