{"MV1":0.444615099867142,"MV3":0.054152914611761305,"CH1":0.7771138395501006}