{"MV1":0.747619943732228,"MV3":0.2996490512468525,"CH1":0.98969057969}