{"MV1":0.44222279388648944,"MV3":0.6974873592130719,"CH1":0.5954136683098086}