{"MV1":0.013491609848122366,"MV3":0.22306616620594177,"CH1":0.08953656617605144}