{"MV1":0.193103348564319,"MV3":0.9159673615603936,"CH1":0.1328598883327995}