{"MV1":0.728530607040809,"MV3":0.8399788534460244,"CH1":0.6288945532143898}