{"MV1":0.3624260546911431,"MV3":0.9995637776316457,"CH1":0.5673706647930042}