{"MV1":0.8646886769958619,"MV3":0.3707748962301346,"CH1":0.313013532855527}