{"MV1":0.9164314098635004,"MV3":0.33049723847998114,"CH1":0.006054229018810919}