{"MV1":0.2248231884416626,"MV3":0.8378623800592174,"CH1":0.5717322250308314}