{"MV1":0.9913340696264533,"MV3":0.47554032067152674,"CH1":0.8261007063293389}