{"MV1":0.46239399728022,"MV3":0.7501784235768094,"CH1":0.6855805095501677}