{"MV1":0.8303051698139977,"MV3":0.21336284655736848,"CH1":0.5992348103152768}