{"MV1":0.8339723627770905,"MV3":0.11708060040676671,"CH1":0.3568414109258442}