{"MV1":0.8357444488809277,"MV3":0.7001003197855827,"CH1":0.3880075267875023}