{"MV1":0.20994302507170526,"MV3":0.47423421368649465,"CH1":0.12717998828978538}