{"MV1":0.5227044759137479,"MV3":0.14266237009420313,"CH1":0.322088330494238}