{"MV1":0.7325711790763832,"MV3":0.7765511520821079,"CH1":0.4486027355409212}