{"MV1":0.35826535651102087,"MV3":0.02392067468236503,"CH1":0.1654129171241494}