{"MV1":0.04825932119172871,"MV3":0.7352852307726384,"CH1":0.5597128265945972}