{"MV1":0.42106688230122014,"MV3":0.8052770775432141,"CH1":0.0852181106581994}