{"MV1":0.1964423086732704,"MV3":0.4963238980826621,"CH1":0.7584125364116188}