{"MV1":0.9453231355969193,"MV3":0.07924021989742835,"CH1":0.5778057683367197}