{"MV1":0.9907865005569945,"MV3":0.2839416947912399,"CH1":0.2082397507522069}