{"MV1":0.8194519756909359,"MV3":0.7487523843994792,"CH1":0.8223800398382761}