{"MV1":0.12612809972237793,"MV3":0.20051899274078222,"CH1":0.26628583232064984}