{"MV1":0.9741948627039599,"MV3":0.6883331751713845,"CH1":0.7521881744949992}