{"MV1":0.719426929431471,"MV3":0.7682718992110413,"CH1":0.4798560424176632}