{"MV1":0.38764118013320403,"MV3":0.7671496394041348,"CH1":0.48265215795708993}