{"MV1":0.9496266733849131,"MV3":0.2475025111498419,"CH1":0.09798043601533613}