{"MV1":0.45310607424292115,"MV3":0.7095058773691855,"CH1":0.36984696741082923}