{"MV1":0.9013388745801691,"MV3":0.9027806607833779,"CH1":0.2848798931784947}