{"MV1":0.5679289287797974,"MV3":0.29670717177389627,"CH1":0.23914688788176686}