{"MV1":0.5821736359042006,"MV3":0.7910843539814566,"CH1":0.8806914560990123}