{"MV1":0.628782364798878,"MV3":0.8807138223782663,"CH1":0.693283077643088}