{"MV1":0.626681126450514,"MV3":0.4156867939622344,"CH1":0.5067365262198428}