{"MV1":0.09103901692621597,"MV3":0.6639603378086449,"CH1":0.08292691457963108}