{"MV1":0.23780171763899727,"MV3":0.933035829306036,"CH1":0.7788764349884442}