{"MV1":0.21074788220140217,"MV3":0.3734007715704011,"CH1":0.42993663135850435}