{"MV1":0.9689048514975354,"MV3":0.05844190969028573,"CH1":0.2456119724753325}