{"MV1":0.2657610900770887,"MV3":0.5978867506339625,"CH1":0.27162776223947427}