{"MV1":0.6711872998357786,"MV3":0.40139361801701345,"CH1":0.019252913545612094}