{"MV1":0.7708853818935066,"MV3":0.3365835295610119,"CH1":0.5231868490827691}