{"MV1":0.41645780386668896,"MV3":0.21487397598451852,"CH1":0.30063630141912534}