{"MV1":0.5255801548325361,"MV3":0.07155301637254974,"CH1":0.21416849831220475}