{"MV1":0.5945376372239036,"MV3":0.19971693403421387,"CH1":0.5968039803379731}