{"MV1":0.6751648012693597,"MV3":0.21882578798482533,"CH1":0.18374085895426084}