{"MV1":0.8199221715200053,"MV3":0.3248674594021279,"CH1":0.7612134140881205}