{"MV1":0.4456425568411351,"MV3":0.7759625313375605,"CH1":0.998110561448018}