{"MV1":0.3853953279901061,"MV3":0.0932487106815032,"CH1":0.5090577560486621}