{"MV1":0.2114993967540787,"MV3":0.11752729775530002,"CH1":0.6369243889742225}