{"MV1":0.6629763957391602,"MV3":0.4345627145553045,"CH1":0.061446444973235814}