{"MV1":0.8982651111055756,"MV3":0.3196049819531728,"CH1":0.3952679209255874}