{"MV1":0.035827230496562446,"MV3":0.4113074345149169,"CH1":0.3206705579603023}