{"MV1":0.11981991841017559,"MV3":0.26322969984898925,"CH1":0.686272734696323}