{"MV1":0.13110612009520572,"MV3":0.9397231696516708,"CH1":0.7940724274518458}