{"MV1":0.26660038075624815,"MV3":0.46950671966172286,"CH1":0.29092906571302535}