{"MV1":0.12105026327970914,"MV3":0.386163482610107,"CH1":0.5214826304441702}