{"MV1":0.8743797839165435,"MV3":0.7434523547075429,"CH1":0.7856241707923594}