{"MV1":0.8022493252150469,"MV3":0.7641219990927178,"CH1":0.6647328780525276}