{"MV1":0.010372933514416482,"MV3":0.9995726117631127,"CH1":0.6865098586331548}