{"MV1":0.2230767954209859,"MV3":0.804290746333186,"CH1":0.18108087719060328}