{"MV1":0.7947296866659084,"MV3":0.7603163127873539,"CH1":0.42856165139269686}