{"MV1":0.6310095679232804,"MV3":0.07592214179136081,"CH1":0.17618112542051811}