{"MV1":0.7123742434001108,"MV3":0.10224743175047446,"CH1":0.49221707299695605}