{"MV1":0.735844677653934,"MV3":0.6780122107629037,"CH1":0.9355555935952148}