{"MV1":0.41190426415378223,"MV3":0.0268693230615501,"CH1":0.9356871009300879}