{"MV1":0.39637543936693564,"MV3":0.6526323248730571,"CH1":0.5709300772951157}