{"MV1":0.8256777621786154,"MV3":0.29518833399966293,"CH1":0.5914109751010492}