{"MV1":0.00675325775298774,"MV3":0.7246238410814555,"CH1":0.9987868455961014}