{"MV1":0.11558749320343609,"MV3":0.43037808182278137,"CH1":0.6466490068422848}