{"MV1":0.9788133176325621,"MV3":0.1355364976115444,"CH1":0.6419011203511994}