{"MV1":0.021363894422496865,"MV3":0.7908904273782171,"CH1":0.5087862735545807}