{"MV1":0.41431354914470875,"MV3":0.9692113534255851,"CH1":0.9325324444082209}