{"MV1":0.25607510789521015,"MV3":0.05045546499154874,"CH1":0.36968849118155933}