{"MV1":0.008702743581012529,"MV3":0.07712932937723682,"CH1":0.367190004311016}