{"MV1":0.8528375655493029,"MV3":0.46139110921439286,"CH1":0.46379739475940207}