{"MV1":0.9513686130708711,"MV3":0.20153990501047447,"CH1":0.8494799189455078}