{"MV1":0.5858296637464162,"MV3":0.8330570683607693,"CH1":0.5449773826251559}