{"MV1":0.32114856880052756,"MV3":0.4533041097803082,"CH1":0.20039591656369937}