{"MV1":0.8972178327389443,"MV3":0.13532964833386119,"CH1":0.3279419465964456}