{"MV1":0.0001564920857233254,"MV3":0.8408499258545015,"CH1":0.11736273548914233}