{"MV1":0.06701603466234962,"MV3":0.727289453526428,"CH1":0.44149443894304097}