{"MV1":0.6655035349036029,"MV3":0.9602885474321803,"CH1":0.4305474483671736}