{"MV1":0.07972941454188565,"MV3":0.699703031137818,"CH1":0.9561105755862636}