{"MV1":0.4692912058361881,"MV3":0.9610716262941358,"CH1":0.020196192467639262}