{"MV1":0.09084721880467794,"MV3":0.35651563531308783,"CH1":0.25486402812695186}