{"MV1":0.47670998346220383,"MV3":0.5205851131868154,"CH1":0.13280601826587257}