{"MV1":0.664104534822771,"MV3":0.4922419702887162,"CH1":0.9387796039403441}