{"MV1":0.8545846948010218,"MV3":0.6420887116402266,"CH1":0.7733720502512443}