{"MV1":0.18752055598731665,"MV3":0.03860302304990615,"CH1":0.5937927634161377}