{"MV1":0.25206390092966535,"MV3":0.47085808168032495,"CH1":0.7762063545370711}