{"MV1":0.5182035635925283,"MV3":0.4903604812923047,"CH1":0.5071489858922927}