{"MV1":0.1848048869434734,"MV3":0.4341291703076008,"CH1":0.9866650281371154}