{"MV1":0.9392750917708935,"MV3":0.3330363091705837,"CH1":0.9474529247333667}