{"MV1":0.28775416756503114,"MV3":0.967447154966083,"CH1":0.7719646075077091}