{"MV1":0.2865967045233311,"MV3":0.9733965279659049,"CH1":0.7722899162126209}