{"MV1":0.0043697851835801105,"MV3":0.965342755336878,"CH1":0.3784792037054445}