{"MV1":0.29716845231208466,"MV3":0.7334692836431493,"CH1":0.6187643693208738}