{"MV1":0.7792194643320791,"MV3":0.67797434715985,"CH1":0.11724771729807304}