{"MV1":0.021603657407450183,"MV3":0.900398946962598,"CH1":0.2512569681040564}