{"MV1":0.5697062850469465,"MV3":0.8297221989763303,"CH1":0.7939708142204626}