{"MV1":0.16593366380205643,"MV3":0.5714134565535179,"CH1":0.324884001629241}