{"MV1":0.6922636821886311,"MV3":0.4951758365703218,"CH1":0.9097062454322683}