{"MV1":0.34371602786468614,"MV3":0.6644140483415298,"CH1":0.6792914056470228}