{"MV1":0.25113443347578723,"MV3":0.7382087906245391,"CH1":0.1079823312863738}