{"MV1":0.03546784440835349,"MV3":0.6990410078210267,"CH1":0.9376596898459636}