{"MV1":0.34123483134471744,"MV3":0.2452900244190035,"CH1":0.8934135981587769}