{"MV1":0.14202368186294467,"MV3":0.07045414662780403,"CH1":0.09280405404801528}