{"MV1":0.03263667173582929,"MV3":0.5969791908902302,"CH1":0.14643567552288306}