{"MV1":0.15523735174582032,"MV3":0.5883029737432538,"CH1":0.5302143859521916}