{"MV1":0.9155663104447426,"MV3":0.9266069974486693,"CH1":0.839969378578889}