{"MV1":0.36124382457923965,"MV3":0.21308583338752451,"CH1":0.07811289562859725}