{"MV1":0.9620041499011259,"MV3":0.05814022846806455,"CH1":0.4753893675543769}