{"MV1":0.33627212402139595,"MV3":0.5617555071806983,"CH1":0.2077837129152511}