{"MV1":0.6210396083272589,"MV3":0.14785658731558693,"CH1":0.6445492971154138}