{"MV1":0.960551771452825,"MV3":0.5637331659447337,"CH1":0.04860107547095327}