{"MV1":0.2142624594324699,"MV3":0.4499501546796749,"CH1":0.07036659069978701}