{"MV1":0.24957357931733148,"MV3":0.04411736374137165,"CH1":0.3016014553754871}