{"MV1":0.287440670553356,"MV3":0.28159742483671846,"CH1":0.5844441679868722}