{"MV1":0.2541666814111294,"MV3":0.8404171216348044,"CH1":0.7964995811117898}