{"MV1":0.45239918032549775,"MV3":0.24143540763640925,"CH1":0.21094072674265663}