{"MV1":0.47403139140345074,"MV3":0.47741230065250484,"CH1":0.45862456258107676}