{"MV1":0.5503039917149414,"MV3":0.2729364142350831,"CH1":0.11086490645146496}