{"MV1":0.4866322140654984,"MV3":0.4597106733386679,"CH1":0.9183263068255846}