{"MV1":0.47432579428655797,"MV3":0.5341215842025943,"CH1":0.7409626155393304}