{"MV1":0.7303258326772069,"MV3":0.8697323938061587,"CH1":0.583726213626388}