{"MV1":0.8265633207452773,"MV3":0.2554489833096698,"CH1":0.7797932041425993}