{"MV1":0.0920900796023042,"MV3":0.3381423719852751,"CH1":0.46097925236223847}