{"MV1":0.5879340024916812,"MV3":0.13517623969388992,"CH1":0.06643192439408485}