{"MV1":0.7220463750610817,"MV3":0.761952118254277,"CH1":0.8185141921528648}