{"MV1":0.614382808670419,"MV3":0.49001998738847785,"CH1":0.7966365757261653}