{"MV1":0.8929134498054391,"MV3":0.3316729763247731,"CH1":0.9421683544774161}