{"MV1":0.19011045879656863,"MV3":0.9654843053800499,"CH1":0.4095596889373444}