{"MV1":0.7910204113661133,"MV3":0.18493736681132422,"CH1":0.5639825670344103}