{"MV1":0.970364105127071,"MV3":0.5635025741876297,"CH1":0.02165898599819094}