{"MV1":0.9612235983764225,"MV3":0.9570198384287766,"CH1":0.23183961028470934}