{"MV1":0.06597233935169089,"MV3":0.6670558683242144,"CH1":0.5390947200940575}