{"MV1":0.46756568507828833,"MV3":0.5504739496002273,"CH1":0.3307092421124851}