{"MV1":0.35322631126307014,"MV3":0.9811659898711423,"CH1":0.08181896651112541}