{"MV1":0.22248794622366497,"MV3":0.46605564591431214,"CH1":0.08794872144846244}