{"MV1":0.11593736788140507,"MV3":0.24800835515489106,"CH1":0.7124390692337224}