{"MV1":0.23826607280989143,"MV3":0.8720400162817046,"CH1":0.3129833619816713}