{"MV1":0.25822275600457323,"MV3":0.41713590714220505,"CH1":0.7095994194521859}