{"MV1":0.07556930246669613,"MV3":0.5866483161419014,"CH1":0.32583673989782125}