{"MV1":0.5373287846681876,"MV3":0.42394036024938375,"CH1":0.3061881791027684}