{"MV1":0.3082078446781008,"MV3":0.5348164880280506,"CH1":0.4079111973704892}