{"MV1":0.6425034731020649,"MV3":0.6808854268320704,"CH1":0.9807420174524039}