{"MV1":0.007691004280537039,"MV3":0.7676142892942203,"CH1":0.3514033719498939}