{"MV1":0.6668767608201689,"MV3":0.9682639928835208,"CH1":0.9933879723731186}