{"MV1":0.39623593181916994,"MV3":0.9659450507177294,"CH1":0.37184591701199343}