{"MV1":0.41959317833497145,"MV3":0.6824521633341296,"CH1":0.32047331787583977}