{"MV1":0.6720743856765039,"MV3":0.3144691186579609,"CH1":0.42985063450983274}