{"MV1":0.4850366095936176,"MV3":0.9723172502529205,"CH1":0.9106673496525338}