{"MV1":0.1818306093278772,"MV3":0.08086330952915699,"CH1":0.7500345571274644}