{"MV1":0.5731672853711534,"MV3":0.3220942494629825,"CH1":0.722017322975674}