{"MV1":0.9559098170873574,"MV3":0.31024988971207046,"CH1":0.6307683982212704}