{"MV1":0.6949175942960658,"MV3":0.032092583983003964,"CH1":0.6670220005536519}