{"MV1":0.9089841703570709,"MV3":0.9135807263744242,"CH1":0.9811404424469474}