{"MV1":0.3302228493317956,"MV3":0.9288005491861278,"CH1":0.7491424005719032}