{"MV1":0.5172135869245674,"MV3":0.8420724697551151,"CH1":0.23566261187038517}