{"MV1":0.6269746909980736,"MV3":0.5267858517608229,"CH1":0.582285360200449}