{"MV1":0.6185644881844063,"MV3":0.1383442955633235,"CH1":0.11011627317267292}