{"MV1":0.5235788285755331,"MV3":0.6132232366512833,"CH1":0.37139252260299693}