{"MV1":0.5202328784284711,"MV3":0.5905588307771229,"CH1":0.6363851206351467}