{"MV1":0.7436588291276928,"MV3":0.8689444995444988,"CH1":0.8461942758746428}