{"MV1":0.2500863522978778,"MV3":0.9169600490767603,"CH1":0.7080817399411649}