{"MV1":0.9851858004632307,"MV3":0.3556146129170785,"CH1":0.09185403083639165}