{"MV1":0.2999182956261135,"MV3":0.4100768622879728,"CH1":0.9065538106357969}