{"MV1":0.9598256194306677,"MV3":0.087769066201137,"CH1":0.37155516813779854}