{"MV1":0.5526197554523004,"MV3":0.7185721538077864,"CH1":0.6593412496839638}