{"MV1":0.23976893100961705,"MV3":0.4727170978167212,"CH1":0.6989045442017768}