{"MV1":0.34949617676612044,"MV3":0.6933358502792109,"CH1":0.4919013551096575}