{"MV1":0.8383317203166376,"MV3":0.8712030388145575,"CH1":0.671231290843712}