{"MV1":0.27499565157862826,"MV3":0.2696303174206689,"CH1":0.6613167692679841}