{"MV1":0.8807575135675451,"MV3":0.9727461370676421,"CH1":0.7254050704498367}