{"MV1":0.6100364776555369,"MV3":0.6612802969272004,"CH1":0.6143198794233372}