{"MV1":0.5460937084119756,"MV3":0.39824918651648655,"CH1":0.9956901079924266}