{"MV1":0.4138181970543374,"MV3":0.3630791682854212,"CH1":0.17106946773438148}