{"MV1":0.28414686401814726,"MV3":0.8475681157988739,"CH1":0.34309859527618636}