{"MV1":0.7721718415480235,"MV3":0.6098975734882366,"CH1":0.2621705600730456}