{"MV1":0.1653866918394239,"MV3":0.2248178354547704,"CH1":0.221767793601234}