{"MV1":0.9017193652449311,"MV3":0.44900418351227567,"CH1":0.9940136264466041}