{"MV1":0.8473613419019417,"MV3":0.9779347447441981,"CH1":0.4530625366199762}