{"MV1":0.003913147407670459,"MV3":0.9052372384231646,"CH1":0.3652335241557396}