{"MV1":0.6165485422854973,"MV3":0.118294691909549,"CH1":0.6411531360599528}