{"MV1":0.15683164417207585,"MV3":0.6934389639594799,"CH1":0.7162392375128535}