{"MV1":0.44148734317795046,"MV3":0.055949344960267156,"CH1":0.02260989096994781}