{"MV1":0.23178774032714455,"MV3":0.9664989436254884,"CH1":0.49178264222615575}