{"MV1":0.11781759675083381,"MV3":0.27370615940244947,"CH1":0.19053186358071483}