{"MV1":0.10553479460171133,"MV3":0.923618671235359,"CH1":0.5999621494404297}