{"MV1":0.2531066118209827,"MV3":0.6230708239572713,"CH1":0.8406861827362205}