{"MV1":0.8797675619634726,"MV3":0.5770017300719742,"CH1":0.4792719193833137}