{"MV1":0.5779645897904828,"MV3":0.9407044073092542,"CH1":0.0982954434747706}