{"MV1":0.7785872763779697,"MV3":0.43780428908125846,"CH1":0.5802215488128417}