{"MV1":0.0903687376271961,"MV3":0.22002081838173093,"CH1":0.9245921179386565}