{"MV1":0.28852636335232784,"MV3":0.3284086592001034,"CH1":0.686059657192225}