{"MV1":0.9668509319616214,"MV3":0.3792830348343268,"CH1":0.6124361576966091}