{"MV1":0.19166338307333952,"MV3":0.35975712669750604,"CH1":0.3300888274875935}