{"MV1":0.535493131151259,"MV3":0.2939502894232786,"CH1":0.6269979574508725}