{"MV1":0.4514835372696837,"MV3":0.7287804640334075,"CH1":0.10764644966774994}