{"MV1":0.10233450858035775,"MV3":0.06075683297013379,"CH1":0.015742914973513433}