{"MV1":0.5435681004322493,"MV3":0.9398278813784671,"CH1":0.7061490267901291}