{"MV1":0.5038897847735492,"MV3":0.1456348579558998,"CH1":0.6117304654794642}