{"MV1":0.9541057558349821,"MV3":0.25656804412091483,"CH1":0.21270123200236535}