{"MV1":0.05153187510336632,"MV3":0.9651389825480289,"CH1":0.1340668726153723}