{"MV1":0.7498560338795737,"MV3":0.1109860270661347,"CH1":0.21337401879935824}