{"MV1":0.06342655103983774,"MV3":0.7007398428403134,"CH1":0.34230246914703344}