{"MV1":0.539785957309339,"MV3":0.7028715458156888,"CH1":0.5831298668320778}