{"MV1":0.013668476121592832,"MV3":0.8923945471198294,"CH1":0.15622017786528652}