{"MV1":0.39320149242113167,"MV3":0.5665017609304717,"CH1":0.09023525504803254}