{"MV1":0.12280651120261654,"MV3":0.17339517983075214,"CH1":0.09548666897356661}