{"MV1":0.2824112607160948,"MV3":0.0594150741830245,"CH1":0.8758359010937475}