{"MV1":0.8759911112321821,"MV3":0.25934689793469623,"CH1":0.2752503952766121}