{"MV1":0.47167332697120234,"MV3":0.49467292688379205,"CH1":0.37751092592252156}