{"MV1":0.11567064015040429,"MV3":0.012954786461360723,"CH1":0.011889395619120946}