{"MV1":0.15754450335474712,"MV3":0.19983969517523215,"CH1":0.2677654599490392}