{"MV1":0.7566456526716268,"MV3":0.12398329541230602,"CH1":0.5358053906306126}