{"MV1":0.47413547078331286,"MV3":0.5495115306330904,"CH1":0.0795021799335931}