{"MV1":0.3853274009581007,"MV3":0.47005087960544767,"CH1":0.5249208637498054}