{"MV1":0.16957034944044447,"MV3":0.9560864119151222,"CH1":0.11359583578015586}