{"MV1":0.2187735728639747,"MV3":0.1313581741722848,"CH1":0.6698142767608124}