{"MV1":0.4099979119910868,"MV3":0.21576826814481276,"CH1":0.44204269179222977}