{"MV1":0.31955951650756664,"MV3":0.1466796967980072,"CH1":0.8048440333369054}