{"MV1":0.18180994766711034,"MV3":0.47213920132004317,"CH1":0.11854316025435663}