{"MV1":0.22270674067042406,"MV3":0.672826399912174,"CH1":0.28425465623111745}