{"MV1":0.18137295701102085,"MV3":0.7594611661802108,"CH1":0.050530811484896354}