{"MV1":0.26941532913927335,"MV3":0.5803697908526539,"CH1":0.08020500065884006}