{"MV1":0.029829139479507272,"MV3":0.5633475009827908,"CH1":0.1952550228837343}