{"MV1":0.5286199733633818,"MV3":0.1826251102256129,"CH1":0.5865406922164312}