{"MV1":0.9848151258003628,"MV3":0.18015607583720827,"CH1":0.2666037466390617}