{"MV1":0.35839857817610565,"MV3":0.31128356425891623,"CH1":0.9960226807901406}