{"MV1":0.8037287616240186,"MV3":0.9172177457734193,"CH1":0.07501920396668604}