{"MV1":0.3651438562000916,"MV3":0.023424140539798688,"CH1":0.24413792220088915}