{"MV1":0.5427758946875909,"MV3":0.3937553567922042,"CH1":0.7068716412889088}