{"MV1":0.2186940668264581,"MV3":0.3797695801846942,"CH1":0.43262038478949605}