{"MV1":0.7616816238011853,"MV3":0.4593731535857183,"CH1":0.2053319239543595}