{"MV1":0.18807046596504884,"MV3":0.5931422718622155,"CH1":0.4183522710698193}