{"MV1":0.25161013891842543,"MV3":0.09435644418980138,"CH1":0.42448257121713917}