{"MV1":0.4152581205859208,"MV3":0.1832109154975584,"CH1":0.4302508118248206}