{"MV1":0.8083709548855558,"MV3":0.7788413511978702,"CH1":0.40659012410863027}