{"MV1":0.11933892805173063,"MV3":0.7032929592401723,"CH1":0.8765879413736902}