{"MV1":0.1829363738160379,"MV3":0.8573912961117943,"CH1":0.5376534547597038}