{"MV1":0.9014097907507456,"MV3":0.5840604508117817,"CH1":0.1491468559147472}