{"MV1":0.18328191966591434,"MV3":0.17346978429506843,"CH1":0.2857636378448031}