{"MV1":0.5209397378058231,"MV3":0.42937690791382843,"CH1":0.24162604831104506}