{"MV1":0.8522929360399417,"MV3":0.6744774333772041,"CH1":0.4362187224469626}