{"MV1":0.43653449626857754,"MV3":0.5117438641933693,"CH1":0.7391081473902485}