{"MV1":0.6520583899840235,"MV3":0.03268563934575719,"CH1":0.4747907199312049}