{"MV1":0.5553262764856683,"MV3":0.27599553618719996,"CH1":0.8215014375274049}