{"MV1":0.5374797181084121,"MV3":0.7789508470853533,"CH1":0.9185479071276665}