{"MV1":0.5976527057665227,"MV3":0.3351760627873641,"CH1":0.7505057575325357}