{"MV1":0.16142125827058174,"MV3":0.7897380654813274,"CH1":0.09157736269055583}