{"MV1":0.3956115068492484,"MV3":0.935900534244258,"CH1":0.0471937490625014}