{"MV1":0.29648973848405036,"MV3":0.36510211439328544,"CH1":0.7147226019324859}