{"MV1":0.10264992278008955,"MV3":0.3697975852091927,"CH1":0.1921482607534628}