{"MV1":0.4612037739951669,"MV3":0.9168951892592951,"CH1":0.2113988916105064}