{"MV1":0.1455453256275423,"MV3":0.6912963093811629,"CH1":0.05500161403217496}