{"MV1":0.35171347823898125,"MV3":0.3264884062141935,"CH1":0.7227693517802948}