{"MV1":0.45935167862076975,"MV3":0.24077625566423755,"CH1":0.7051089758335581}