{"MV1":0.4567846945918185,"MV3":0.708725716027108,"CH1":0.671286863343444}