{"MV1":0.8559175968708727,"MV3":0.8335117703037275,"CH1":0.22241628938747682}