{"MV1":0.20095804455341093,"MV3":0.410902242500503,"CH1":0.6718825158248939}