{"MV1":0.8246500836318796,"MV3":0.6480593931648908,"CH1":0.4447356702782337}