{"MV1":0.29874771407039147,"MV3":0.6891841138015093,"CH1":0.8686363162694773}