{"MV1":0.8489646749348397,"MV3":0.11645388874106843,"CH1":0.9674591902007496}