{"MV1":0.4936426191612755,"MV3":0.032531543422802844,"CH1":0.1774421645437837}