{"MV1":0.14057639768021934,"MV3":0.5194594035727165,"CH1":0.614688429632696}