{"MV1":0.9495430035029824,"MV3":0.6057852321022816,"CH1":0.5831214357212794}