{"MV1":0.2975245828279244,"MV3":0.3932418605947777,"CH1":0.07929051991287617}