{"MV1":0.12536836835857468,"MV3":0.1824244587587518,"CH1":0.5635388573639515}