{"MV1":0.5339200016217472,"MV3":0.44945636654868304,"CH1":0.09483921119687455}