{"MV1":0.4240268163473312,"MV3":0.8125418421921198,"CH1":0.9609054448553231}