{"MV1":0.7425068917094949,"MV3":0.48268125965199415,"CH1":0.1508069038561245}