{"MV1":0.825973022278551,"MV3":0.15109911678983268,"CH1":0.3028084169716284}