{"MV1":0.0022961918587128816,"MV3":0.4903241634804326,"CH1":0.4063563952558309}