{"MV1":0.29749078151597075,"MV3":0.5493875198372686,"CH1":0.47674034086099415}