{"MV1":0.9691266096748665,"MV3":0.02530774464039609,"CH1":0.4968504754838112}