{"MV1":0.5208517957324229,"MV3":0.06480528042996025,"CH1":0.15184528144487364}