{"MV1":0.7588414932277764,"MV3":0.08263907161750816,"CH1":0.9678581019691215}