{"MV1":0.7179484484806694,"MV3":0.7542535532646787,"CH1":0.7925856581061977}