{"MV1":0.5539409456069019,"MV3":0.6541786267906275,"CH1":0.8156454153334316}