{"MV1":0.6587445487802333,"MV3":0.9248702858421044,"CH1":0.39595212693955173}