{"MV1":0.5198566172253778,"MV3":0.81550679473951,"CH1":0.5283358942376613}