{"MV1":0.4911523750768043,"MV3":0.19944958723067274,"CH1":0.9732210245246208}