{"MV1":0.17955248647693478,"MV3":0.45969606514694283,"CH1":0.7107751745623905}