{"MV1":0.25919257124859163,"MV3":0.935642368131206,"CH1":0.26740356163230594}