{"MV1":0.21301884202964205,"MV3":0.5818860836500052,"CH1":0.5408876295881175}