{"MV1":0.4815535977547035,"MV3":0.6830530399143064,"CH1":0.8963030849879209}