{"MV1":0.42582899076224257,"MV3":0.10673056758374488,"CH1":0.5714967171529878}