{"MV1":0.6820750436377332,"MV3":0.6063508383218834,"CH1":0.09635034506912321}