{"MV1":0.037704928904153,"MV3":0.6734223027914203,"CH1":0.040160741138750455}