{"MV1":0.7637964908491824,"MV3":0.8224887622044718,"CH1":0.5956215344112432}