{"MV1":0.5594135962999659,"MV3":0.809569840635827,"CH1":0.11333782407107362}