{"MV1":0.04074233859606591,"MV3":0.43372179936805244,"CH1":0.6641352365085564}