{"MV1":0.8259893405124789,"MV3":0.2738360430333987,"CH1":0.8725326781067232}