{"MV1":0.41431655426401715,"MV3":0.7712339615242598,"CH1":0.4868188872052468}