{"MV1":0.0225848093587806,"MV3":0.8184497369065621,"CH1":0.5725174194209306}