{"MV1":0.24586956494479162,"MV3":0.07125268125926665,"CH1":0.7314088442478313}