{"MV1":0.7204088668092008,"MV3":0.7673432199043895,"CH1":0.6925533517005523}