{"MV1":0.7663968162788951,"MV3":0.4611768840599184,"CH1":0.9154533835594728}