{"MV1":0.8743174538457761,"MV3":0.32127492613591613,"CH1":0.6783995197997639}