{"MV1":0.8124463283311322,"MV3":0.27771241429617566,"CH1":0.3370000747902899}