{"MV1":0.15624484207059308,"MV3":0.055758138886592756,"CH1":0.9444231487579055}