{"MV1":0.7704108133566945,"MV3":0.038060474993993454,"CH1":0.1710884195303306}