{"MV1":0.29103538088623804,"MV3":0.32143483838469533,"CH1":0.6067774205225511}