{"MV1":0.821260672397973,"MV3":0.42675611396687474,"CH1":0.6717043607726111}