{"MV1":0.7804875044718734,"MV3":0.7358485253209787,"CH1":0.2638769741680087}