{"MV1":0.8252626026159298,"MV3":0.05615597681162332,"CH1":0.2613712313097557}