{"MV1":0.727156411781255,"MV3":0.6279250188214827,"CH1":0.27598224991068643}