{"MV1":0.1289694390324725,"MV3":0.07254197479793911,"CH1":0.4011354096605303}