{"MV1":0.3225415685043769,"MV3":0.06793696702287944,"CH1":0.08278608697553724}