{"MV1":0.8947065575477902,"MV3":0.9884913593496333,"CH1":0.048926494708197765}