{"MV1":0.3520818160566239,"MV3":0.3742542604337813,"CH1":0.1929777367593929}