{"MV1":0.9801013577820273,"MV3":0.8804257902726442,"CH1":0.1202452526176011}