{"MV1":0.21019868639379857,"MV3":0.2663140469959111,"CH1":0.48044752151110814}