{"MV1":0.4166116169738454,"MV3":0.7597268812859319,"CH1":0.8365484156747875}