{"MV1":0.7209160938865323,"MV3":0.17610782077310838,"CH1":0.041910755709803516}