{"MV1":0.6009309720561836,"MV3":0.03981757230239669,"CH1":0.8855318868408592}