{"MV1":0.2194753364170956,"MV3":0.5900127583569234,"CH1":0.4701785885627153}