{"MV1":0.025331294253303716,"MV3":0.6750797180324045,"CH1":0.25419905882310256}