{"MV1":0.7023120007495366,"MV3":0.3752296774405933,"CH1":0.5273888648525537}