{"MV1":0.7428655369804066,"MV3":0.15097154914245103,"CH1":0.04004140881013096}