{"MV1":0.4511418745594653,"MV3":0.9663988201224188,"CH1":0.09045743718505872}