{"MV1":0.15797272493062553,"MV3":0.8315554760299887,"CH1":0.6622025936513993}