{"MV1":0.8239471605413927,"MV3":0.09516009012537785,"CH1":0.6771245990254573}