{"MV1":0.43585230403403163,"MV3":0.5347372363824963,"CH1":0.5970471726501875}