{"MV1":0.3894306359173503,"MV3":0.8343855816592823,"CH1":0.2555090391496342}