{"MV1":0.7641285621160209,"MV3":0.7600985760015928,"CH1":0.006385794741158302}