{"MV1":0.9534770898693906,"MV3":0.21472201003396196,"CH1":0.3499907427145057}