{"MV1":0.4418706529696198,"MV3":0.5404422775041047,"CH1":0.3771173139767058}