{"MV1":0.7920741149927909,"MV3":0.9678939288728083,"CH1":0.3690298735494868}