{"MV1":0.10403993411160617,"MV3":0.501388399279579,"CH1":0.4910567898684576}