{"MV1":0.1121620898720892,"MV3":0.8999148543998857,"CH1":0.03175484310832666}