{"MV1":0.5591691584340563,"MV3":0.7297608398720483,"CH1":0.1562660753022186}