{"MV1":0.017781046765671382,"MV3":0.8818770707804411,"CH1":0.6744877272381615}