{"MV1":0.03307393001559167,"MV3":0.6202323203585254,"CH1":0.8604851094858328}