{"MV1":0.17350328631062828,"MV3":0.8495165166753705,"CH1":0.5566805083277855}