{"MV1":0.07751439466370269,"MV3":0.6854069630557591,"CH1":0.7540556873161468}