{"MV1":0.17676248803337025,"MV3":0.38514871903061154,"CH1":0.9869705405567236}