{"MV1":0.1008029823114639,"MV3":0.4412754718374837,"CH1":0.5313383474263449}