{"MV1":0.024156251922853422,"MV3":0.7691306092417507,"CH1":0.8125454120822118}