{"MV1":0.3379133404885828,"MV3":0.8853301915484069,"CH1":0.3944490855916274}