{"MV1":0.0016079801683245298,"MV3":0.8460301199042711,"CH1":0.8567304361985796}