{"MV1":0.23135932438253248,"MV3":0.29311253183665587,"CH1":0.9392014990284747}