{"MV1":0.6829729211747877,"MV3":0.08041387140169887,"CH1":0.005998872999881333}