{"MV1":0.5406105258644195,"MV3":0.5678821577647037,"CH1":0.2960953135389106}