{"MV1":0.8509617371430969,"MV3":0.9942883869983705,"CH1":0.42506247001064756}