{"MV1":0.9456560814053951,"MV3":0.3404047541601297,"CH1":0.26818232858128666}