{"MV1":0.800138883165636,"MV3":0.2535314552524319,"CH1":0.07465915894260589}