{"MV1":0.8494536623020813,"MV3":0.3460372915890517,"CH1":0.6220680227100781}