{"MV1":0.8632457106620285,"MV3":0.6359974015112966,"CH1":0.2010108319948407}