{"MV1":0.1263942016262869,"MV3":0.9333666903544977,"CH1":0.9771127047563761}