{"MV1":0.8953900147317333,"MV3":0.1607465953626377,"CH1":0.5723829893066176}