{"MV1":0.0866836742692243,"MV3":0.696391958074484,"CH1":0.13695764572999003}