{"MV1":0.5471549602486729,"MV3":0.0337344240031785,"CH1":0.9980478698778006}