{"MV1":0.21458224339061815,"MV3":0.6989121391197992,"CH1":0.8403879988042796}