{"MV1":0.41850425719412276,"MV3":0.17800617668898766,"CH1":0.6364355738960771}