{"MV1":0.33925491204927105,"MV3":0.6542729288841748,"CH1":0.950283495106303}