{"MV1":0.6717309091903313,"MV3":0.7615092692027388,"CH1":0.4705757998307467}