{"MV1":0.43748627332623735,"MV3":0.22926269652791065,"CH1":0.5077244058442442}