{"MV1":0.9218839711403434,"MV3":0.5846978645978042,"CH1":0.871414081307048}