{"MV1":0.5759048928018272,"MV3":0.015215039539320352,"CH1":0.8213492879385471}