{"MV1":0.48778652437116354,"MV3":0.24096038881305304,"CH1":0.06577394004461312}