{"MV1":0.6912057474937421,"MV3":0.5049005106885959,"CH1":0.24908762672573748}