{"MV1":0.9189404908993616,"MV3":0.28608771429566393,"CH1":0.1704884855788127}