{"MV1":0.8942042099939548,"MV3":0.5869815853638134,"CH1":0.2945711209972116}