{"MV1":0.25999833181982457,"MV3":0.26866323047381446,"CH1":0.09230126618872936}