{"MV1":0.021053982331346366,"MV3":0.06818523805755494,"CH1":0.9694218554474577}