{"MV1":0.311961493319704,"MV3":0.368353058815846,"CH1":0.10810169968170824}