{"MV1":0.6206614269114181,"MV3":0.7653130573376589,"CH1":0.5712753584395113}