{"MV1":0.9171065144721436,"MV3":0.35003537702075516,"CH1":0.18695200488496788}