{"MV1":0.7086921163775879,"MV3":0.47497155449050543,"CH1":0.6327611086958332}