{"MV1":0.8529624681669936,"MV3":0.15744134555260614,"CH1":0.18821982795871606}