{"MV1":0.6971195143500867,"MV3":0.9641715501787009,"CH1":0.5687777333535903}