{"MV1":0.1196194373718179,"MV3":0.2677004904249185,"CH1":0.8636717767933877}