{"MV1":0.4932065524378867,"MV3":0.42186182419010354,"CH1":0.30853348619976306}