{"MV1":0.048253304041435574,"MV3":0.3201046102077888,"CH1":0.3765780857363725}