{"MV1":0.2332333908704458,"MV3":0.7761489222143494,"CH1":0.8820082763256667}