{"MV1":0.7153164460689633,"MV3":0.5143997734057946,"CH1":0.8593352735516532}