{"MV1":0.07213096186184065,"MV3":0.31804013752413074,"CH1":0.7912544412607156}