{"MV1":0.629012242408071,"MV3":0.5560802178356704,"CH1":0.8136302673137314}