{"MV1":0.8664007287647738,"MV3":0.4246194714142041,"CH1":0.9500929335439517}