{"MV1":0.8118010047671975,"MV3":0.10966093005601785,"CH1":0.9561305682859241}