{"MV1":0.5961446023391012,"MV3":0.3824387412504834,"CH1":0.8806983187592787}