{"MV1":0.724544127362576,"MV3":0.2585364306441238,"CH1":0.44213655391380446}