{"MV1":0.4638948486882707,"MV3":0.9327557990524293,"CH1":0.1460999696887909}