{"MV1":0.5506789472088957,"MV3":0.9007926149231879,"CH1":0.9265424448425119}