{"MV1":0.5030989397886856,"MV3":0.5718050911924064,"CH1":0.621025777536254}