{"MV1":0.6192836801618496,"MV3":0.3364241716655332,"CH1":0.4135258551001396}