{"MV1":0.2447514812002476,"MV3":0.17761724520391142,"CH1":0.47179388709326364}