{"MV1":0.24596964739051042,"MV3":0.578930164520521,"CH1":0.38198154156606734}