{"MV1":0.09216893496548773,"MV3":0.5273419512769896,"CH1":0.6018362915087957}