{"MV1":0.7542259770568279,"MV3":0.0729826463977038,"CH1":0.2759538751882693}