{"MV1":0.6140648814031555,"MV3":0.6754886861912371,"CH1":0.5453207885802615}