{"MV1":0.6493963966057771,"MV3":0.25373005017796135,"CH1":0.6590258945567007}