{"MV1":0.32979520282737074,"MV3":0.8575565701391791,"CH1":0.2541425335763343}