{"MV1":0.8253480678506157,"MV3":0.6330612121007657,"CH1":0.9703538220581058}