{"MV1":0.7330815101961765,"MV3":0.46586435336271437,"CH1":0.5792193749867642}