{"MV1":0.5264086701587706,"MV3":0.990644084225484,"CH1":0.911259356332455}