{"MV1":0.4909691090893449,"MV3":0.6760775542908811,"CH1":0.7564994145223464}