{"MV1":0.8908827883467838,"MV3":0.5113475034433617,"CH1":0.8827572139971706}