{"MV1":0.3774090204405748,"MV3":0.7244706213535302,"CH1":0.7640226733886768}