{"MV1":0.15069713196284962,"MV3":0.08749736637569883,"CH1":0.8730788165386909}