{"MV1":0.5926265321388082,"MV3":0.41465109599557826,"CH1":0.5711629855032355}