{"MV1":0.014089806289024454,"MV3":0.9056513951754092,"CH1":0.1556224572694388}