{"MV1":0.7199459744298257,"MV3":0.4453329066819969,"CH1":0.1053500802805819}