{"MV1":0.0732846457201689,"MV3":0.18891476214058334,"CH1":0.07585075991661916}