{"MV1":0.5436680387748316,"MV3":0.27896230902298,"CH1":0.49777019807099576}