{"MV1":0.4476486442519204,"MV3":0.9373837025715108,"CH1":0.553834278504337}