{"MV1":0.1256995648474345,"MV3":0.9913671836983,"CH1":0.05679603492476493}