{"MV1":0.05704494812086092,"MV3":0.20346238015222762,"CH1":0.15707514449846505}