{"MV1":0.801469128741527,"MV3":0.5283343200812987,"CH1":0.48947380125312445}