{"MV1":0.9513121533344062,"MV3":0.6073050732641553,"CH1":0.42795328685988876}