{"MV1":0.41313000024421165,"MV3":0.7898062342454358,"CH1":0.5905931505241795}