{"MV1":0.4617066806761624,"MV3":0.8023264139127582,"CH1":0.18260302385840266}