{"MV1":0.30654934587982485,"MV3":0.8486096131990803,"CH1":0.035726924722555675}