{"MV1":0.07100078869704374,"MV3":0.6754055086453598,"CH1":0.03160164278038913}