{"MV1":0.055729315173141836,"MV3":0.38696548482439275,"CH1":0.2324839189944954}