{"MV1":0.6040702164294222,"MV3":0.5279441906954107,"CH1":0.4279306216920514}