{"MV1":0.08332003028485002,"MV3":0.9815037373888083,"CH1":0.7408133862789527}