{"MV1":0.648183140172363,"MV3":0.25567843477059926,"CH1":0.5565819093355011}