{"MV1":0.17604486049174983,"MV3":0.8798471819908334,"CH1":0.9389337682733777}