{"MV1":0.25062555837252964,"MV3":0.17386100058974563,"CH1":0.2504375940453214}