{"MV1":0.4824477229223807,"MV3":0.9966289570182313,"CH1":0.9649623522525375}