{"MV1":0.20089609183936707,"MV3":0.337409596750192,"CH1":0.5548822491659746}