{"MV1":0.8880540524353445,"MV3":0.9578542762545763,"CH1":0.6924673408714985}