{"MV1":0.05469566581359009,"MV3":0.09977334797056747,"CH1":0.16739426784482614}