{"MV1":0.1663410031193704,"MV3":0.13617777640867013,"CH1":0.8833390083687518}