{"MV1":0.8590640997190722,"MV3":0.22470178882521852,"CH1":0.4780766846368597}