{"MV1":0.1494845464633061,"MV3":0.44656555008476095,"CH1":0.5299897808431256}