{"MV1":0.16625631716242673,"MV3":0.5160300003345264,"CH1":0.7724589238035096}