{"MV1":0.2907554444314163,"MV3":0.8437625813832632,"CH1":0.4870050890396662}