{"MV1":0.1043463456278153,"MV3":0.5743405045988726,"CH1":0.5810586786599314}