{"MV1":0.6441717722527798,"MV3":0.41474606602453,"CH1":0.628818013153334}