{"MV1":0.44448363354288434,"MV3":0.7859036686037973,"CH1":0.10273277608661768}