{"MV1":0.8844373130436249,"MV3":0.7305472629546171,"CH1":0.7205258929716891}