{"MV1":0.9630257113357895,"MV3":0.003430081445982669,"CH1":0.3686407231709725}