{"MV1":0.4625958040665369,"MV3":0.8613823235615911,"CH1":0.008774500953852793}