{"MV1":0.8129332678719103,"MV3":0.6912873623649544,"CH1":0.8993488350865829}