{"MV1":0.8649917318601094,"MV3":0.4663204245379178,"CH1":0.06615015445676387}