{"MV1":0.7608102815978612,"MV3":0.11338074391364972,"CH1":0.5093504333924253}