{"MV1":0.6616365997687388,"MV3":0.7392766757427568,"CH1":0.5876122474096337}