{"MV1":0.1287689749548705,"MV3":0.9618598199265421,"CH1":0.6360491526656926}