{"MV1":0.13733476234979847,"MV3":0.6238393283307989,"CH1":0.11806600027182146}