{"MV1":0.15308325464997985,"MV3":0.45133011685030844,"CH1":0.6035885149428246}