{"MV1":0.7674849897312527,"MV3":0.4715338708068939,"CH1":0.7443691926558641}