{"MV1":0.2943983628309833,"MV3":0.6078411684952254,"CH1":0.14248375888355114}