{"MV1":0.7494305768955711,"MV3":0.4164634214019103,"CH1":0.13881935089140474}