{"MV1":0.2965097438144998,"MV3":0.1196792161622402,"CH1":0.9573825188731959}