{"MV1":0.7950392386512657,"MV3":0.16164076133985994,"CH1":0.2351734987654328}