{"MV1":0.9750817481122861,"MV3":0.24129965383656526,"CH1":0.466101911592113}