{"MV1":0.4157924032056056,"MV3":0.6671324530058396,"CH1":0.20427568930803586}