{"MV1":0.0790792019646468,"MV3":0.379263626877007,"CH1":0.30687199866533343}