{"MV1":0.7433194440129551,"MV3":0.868846326984704,"CH1":0.4996890185956948}