{"MV1":0.137664482475645,"MV3":0.6335165324535551,"CH1":0.7345609355475573}