{"MV1":0.2989306664295238,"MV3":0.08749505913090272,"CH1":0.10763182670087812}