{"MV1":0.06591987249290276,"MV3":0.7575174516481915,"CH1":0.4019338076834532}