{"MV1":0.028283974609782603,"MV3":0.35042873517487716,"CH1":0.8539315105392469}