{"MV1":0.4651567186214216,"MV3":0.9497478772242206,"CH1":0.7023033432771769}