{"MV1":0.5153471650598768,"MV3":0.47043814806757045,"CH1":0.3811283226276071}