{"MV1":0.10695410188577537,"MV3":0.8875262574093278,"CH1":0.37109805249487393}