{"MV1":0.6316850264834454,"MV3":0.4793510097286914,"CH1":0.40238812180720973}