{"MV1":0.5072388356714074,"MV3":0.5050888604516371,"CH1":0.10634482713745208}