{"MV1":0.9631871693005294,"MV3":0.7205497994769936,"CH1":0.48393974136887674}