{"MV1":0.24385443526497097,"MV3":0.10783836162883076,"CH1":0.9850831494106439}