{"MV1":0.8328383183452772,"MV3":0.6589820291637418,"CH1":0.043318726476717195}