{"MV1":0.3351848218635748,"MV3":0.26980494281491396,"CH1":0.25003045132598745}