{"MV1":0.014512202272178532,"MV3":0.1436507004658577,"CH1":0.29130817253464236}