{"MV1":0.9253960671608097,"MV3":0.2685110738140515,"CH1":0.2576975355839375}