{"MV1":0.11656548667256073,"MV3":0.3054455862152652,"CH1":0.8759302318599791}