{"MV1":0.896473838860308,"MV3":0.18858289579771503,"CH1":0.17348016214232165}