{"MV1":0.9206771705670127,"MV3":0.2934572007126093,"CH1":0.9197946094301015}