{"MV1":0.5725057782252169,"MV3":0.5352851657322133,"CH1":0.7462061364027266}