{"MV1":0.23020494969992844,"MV3":0.7399012928424362,"CH1":0.5349468233883088}