{"MV1":0.0880907037410893,"MV3":0.8462551487239882,"CH1":0.793869017913028}