{"MV1":0.293121395185056,"MV3":0.7160852024330608,"CH1":0.5124556985370403}