{"MV1":0.961945066397774,"MV3":0.0891408868818625,"CH1":0.9040738947057411}