{"MV1":0.905853591887002,"MV3":0.7865824829856585,"CH1":0.3150577346921224}