{"MV1":0.7575618748538488,"MV3":0.529331246835547,"CH1":0.9192301840683702}