{"MV1":0.9551065715336006,"MV3":0.47792960709091925,"CH1":0.8665963561544668}