{"MV1":0.7312518934816842,"MV3":0.02904468300488361,"CH1":0.30645479150392596}