{"MV1":0.7148749989303954,"MV3":0.6734220277880936,"CH1":0.37712623856019833}