{"MV1":0.5973882745791901,"MV3":0.6840012063357039,"CH1":0.8791487173189572}