{"MV1":0.23881966834215917,"MV3":0.7323256270142755,"CH1":0.6441227155686429}