{"MV1":0.9053079469194655,"MV3":0.19545268057400744,"CH1":0.038471550205430916}