{"MV1":0.3911204788611269,"MV3":0.8332564791853755,"CH1":0.4396929372490377}