{"MV1":0.7335360480803453,"MV3":0.39461340692595215,"CH1":0.2672064557724563}