{"MV1":0.6244006773203454,"MV3":0.8738544713062828,"CH1":0.1791206396232532}