{"MV1":0.5221005465723209,"MV3":0.42452430028752264,"CH1":0.9890815125043397}