{"MV1":0.40748048787837277,"MV3":0.6499814028325751,"CH1":0.8170988121004376}