{"MV1":0.7547065665771723,"MV3":0.49299826227161503,"CH1":0.5281429169988595}