{"MV1":0.6829929578927764,"MV3":0.7468586635278347,"CH1":0.9297381468742465}