{"MV1":0.5627698408827372,"MV3":0.9954679380006257,"CH1":0.1433155367818686}