{"MV1":0.8986333373594899,"MV3":0.18039764980580208,"CH1":0.39997675859081006}