{"MV1":0.5453385152002668,"MV3":0.32232533057318113,"CH1":0.8355677728531501}