{"MV1":0.8724155304227532,"MV3":0.07077587976574273,"CH1":0.13908099023086418}