{"MV1":0.27461985684628676,"MV3":0.7363549090730366,"CH1":0.04529034991250103}