{"MV1":0.5043414522008758,"MV3":0.18064304057496428,"CH1":0.6306887614720138}