{"MV1":0.38533472133281066,"MV3":0.2912755570322516,"CH1":0.6143876595088739}