{"MV1":0.07208269124726419,"MV3":0.19630607917953125,"CH1":0.9422229699265535}