{"MV1":0.7333675445758775,"MV3":0.24261278081440674,"CH1":0.43574218592273983}