{"MV1":0.975989554844122,"MV3":0.846268568723362,"CH1":0.2764911055763911}