{"MV1":0.4077100762481972,"MV3":0.21995603790980633,"CH1":0.29570477099808745}