{"MV1":0.4557405395593598,"MV3":0.39902399881946404,"CH1":0.4974541704063893}