{"MV1":0.9545020433201572,"MV3":0.01199389463662448,"CH1":0.5856000433304193}