{"MV1":0.11244425569029093,"MV3":0.8873182113109298,"CH1":0.20462323055519815}