{"MV1":0.8846901500676801,"MV3":0.4940415122982975,"CH1":0.6442203072627917}