{"MV1":0.050341886144899095,"MV3":0.36446154054025803,"CH1":0.11911700629380739}