{"MV1":0.2061908227007977,"MV3":0.7906329065752624,"CH1":0.45529609314749064}