{"MV1":0.7238332528567163,"MV3":0.998658784829278,"CH1":0.529975352194479}