{"MV1":0.23751156062434708,"MV3":0.33935235558011656,"CH1":0.14919247639105038}