{"MV1":0.3017729109965155,"MV3":0.7516735218520585,"CH1":0.9431478957883459}