{"MV1":0.6882003789962237,"MV3":0.06645628811746795,"CH1":0.2545182379016131}