{"MV1":0.5822747665843558,"MV3":0.6714792657248326,"CH1":0.7768243340527665}