{"MV1":0.02804349622236002,"MV3":0.5104369863671692,"CH1":0.6289788950819495}