{"MV1":0.9161996691562174,"MV3":0.3463690887488766,"CH1":0.9712147172812772}