{"MV1":0.7694338318522141,"MV3":0.7521728252126703,"CH1":0.7627657362084851}