{"MV1":0.755545345802418,"MV3":0.8437867430384274,"CH1":0.8718665187663676}