{"MV1":0.06353777882393286,"MV3":0.6094149203030897,"CH1":0.7342080421017125}