{"MV1":0.22520038443181611,"MV3":0.9503325623740242,"CH1":0.8813070875975768}