{"MV1":0.47894748272249643,"MV3":0.7824676573624362,"CH1":0.4771822891280375}