{"MV1":0.8283829886756726,"MV3":0.5284788642494579,"CH1":0.6250652532130265}