{"MV1":0.5974878208698879,"MV3":0.18328443430320362,"CH1":0.9280179981159672}