{"MV1":0.3669184222023829,"MV3":0.25293657687503135,"CH1":0.591767411659213}