{"MV1":0.9065382356348137,"MV3":0.35310692278837297,"CH1":0.417245071126891}