{"MV1":0.20589944385179815,"MV3":0.10259390177126904,"CH1":0.3321028969492712}