{"MV1":0.9007385161073831,"MV3":0.47143993490543246,"CH1":0.9786458201448704}