{"MV1":0.5773416890253686,"MV3":0.8594162038216834,"CH1":0.5892147362873746}