{"MV1":0.877743924965533,"MV3":0.5914130089805667,"CH1":0.5581806188959512}