{"MV1":0.4704034814511239,"MV3":0.016136315743182972,"CH1":0.1353782514094759}