{"MV1":0.6891559445767618,"MV3":0.29738267827271403,"CH1":0.3562294802870114}