{"MV1":0.5723748606716227,"MV3":0.5839233435368892,"CH1":0.12499947583425286}