{"MV1":0.26942867977565876,"MV3":0.15607538816677646,"CH1":0.6894475154434175}