{"MV1":0.1330518915902017,"MV3":0.17793296123308522,"CH1":0.404223543747498}