{"MV1":0.28897549121290655,"MV3":0.038682550417218686,"CH1":0.47453279723133135}