{"MV1":0.8707893235812069,"MV3":0.9675542220231107,"CH1":0.255277258971372}