{"MV1":0.5683455364898377,"MV3":0.9907075572662627,"CH1":0.24255653455127935}