{"MV1":0.8463465162230271,"MV3":0.33644016616149497,"CH1":0.23953642569452915}