{"MV1":0.02043028468034036,"MV3":0.1745138544400341,"CH1":0.8024989245330155}