{"MV1":0.0119646134837198,"MV3":0.9096244582868835,"CH1":0.5264969693519148}