{"MV1":0.8387541127154582,"MV3":0.5636830309292788,"CH1":0.14379531715054883}