{"MV1":0.8356530906422605,"MV3":0.7036704366274513,"CH1":0.4025781513052047}