{"MV1":0.9405755805838253,"MV3":0.6362357245754602,"CH1":0.8167547346643961}