{"MV1":0.6843952587082727,"MV3":0.4352969036276202,"CH1":0.09332818838143486}