{"MV1":0.3036510514224521,"MV3":0.06506814401315231,"CH1":0.9147228334001837}