{"MV1":0.5708251065664752,"MV3":0.8261067165397129,"CH1":0.7971687169910697}