{"MV1":0.017263410225594966,"MV3":0.4077728735197107,"CH1":0.33984596953600943}