{"MV1":0.26395978416870247,"MV3":0.06987673320565113,"CH1":0.26365645711587904}