{"MV1":0.9383818645010087,"MV3":0.7282340628860033,"CH1":0.5824565981774221}