{"MV1":0.7275843141873907,"MV3":0.37966312259450474,"CH1":0.26698777937032636}