{"MV1":0.2525104544475446,"MV3":0.6938527187281538,"CH1":0.8431062526137555}