{"MV1":0.9446256841244302,"MV3":0.6257143232697109,"CH1":0.15288089669565885}