{"MV1":0.6058694977030734,"MV3":0.8816238841116526,"CH1":0.6484567923570129}