{"MV1":0.8473134167582949,"MV3":0.8092672187753795,"CH1":0.4056495260023627}