{"MV1":0.8837495745122018,"MV3":0.26089928967428444,"CH1":0.8901536593810102}