{"MV1":0.9573699841462447,"MV3":0.0857668962156668,"CH1":0.7021417659170942}