{"MV1":0.8743932267067434,"MV3":0.4455442060878618,"CH1":0.34357961528192826}