{"MV1":0.8662455023744914,"MV3":0.6913807415526955,"CH1":0.7824373491877541}