{"MV1":0.7599456343719039,"MV3":0.6104603971290204,"CH1":0.6084325139485358}