{"MV1":0.6217993774942948,"MV3":0.3152053107891911,"CH1":0.10098191136245405}