{"MV1":0.8505991576267944,"MV3":0.35793605932000916,"CH1":0.16410669758099683}