{"MV1":0.9968414002476313,"MV3":0.4885636402940646,"CH1":0.49611760780337677}