{"MV1":0.9244126645168214,"MV3":0.6537161210925965,"CH1":0.6667126973096337}