{"MV1":0.9849386693537426,"MV3":0.18975112004249184,"CH1":0.4625857917788282}