{"MV1":0.629110721785382,"MV3":0.42047664759251,"CH1":0.15182802632213588}