{"MV1":0.04246343939060904,"MV3":0.5958014706625455,"CH1":0.32094097763905993}