{"MV1":0.6387641889284783,"MV3":0.9649313373511585,"CH1":0.926716638796508}