{"MV1":0.18943523431607168,"MV3":0.477049254671567,"CH1":0.047691557413771846}