{"MV1":0.15311385704117952,"MV3":0.32990540406942437,"CH1":0.1907830442012879}