{"MV1":0.44887569134846494,"MV3":0.780187784955218,"CH1":0.2216623742456395}