{"MV1":0.7159585936752098,"MV3":0.18857297118173144,"CH1":0.08256889731738126}