{"MV1":0.8427231299771042,"MV3":0.7641391006318518,"CH1":0.6337630277212415}