{"MV1":0.3962808540249875,"MV3":0.15949437292120028,"CH1":0.6978655661340436}