{"MV1":0.36934081195875546,"MV3":0.45029523508939173,"CH1":0.8539256131233586}