{"MV1":0.3553223736679785,"MV3":0.38099671677211855,"CH1":0.7468537150107423}