{"MV1":0.0812430710693518,"MV3":0.8357913466752184,"CH1":0.5478080295412994}