{"MV1":0.16799788791500403,"MV3":0.0887077202668497,"CH1":0.11848953878057111}