{"MV1":0.44656915791174534,"MV3":0.1673452487241811,"CH1":0.6556422819927009}