{"MV1":0.649627134852972,"MV3":0.8249091647938401,"CH1":0.7026499393146108}