{"MV1":0.4017691926011233,"MV3":0.6648322614071305,"CH1":0.39883262044459755}