{"MV1":0.8600452760960524,"MV3":0.49059029763769235,"CH1":0.13115852993483323}