{"MV1":0.98538562761475,"MV3":0.2391563761451455,"CH1":0.8872107104371604}