{"MV1":0.1048329135680035,"MV3":0.04087435706564757,"CH1":0.8214486705899343}