{"MV1":0.2648108427336029,"MV3":0.8420386933804543,"CH1":0.6945384039708573}