{"MV1":0.3384541230489101,"MV3":0.02200398231111833,"CH1":0.3402351096682251}