{"MV1":0.9815444429128325,"MV3":0.026013812688006288,"CH1":0.24901354801616826}