{"MV1":0.062727657149793,"MV3":0.05772219516977928,"CH1":0.44603393787393275}