{"MV1":0.12004499646568656,"MV3":0.7553319778310242,"CH1":0.3160563511693536}