{"MV1":0.3852674958930903,"MV3":0.7934077361209837,"CH1":0.4479991295980794}