{"MV1":0.6149700600708349,"MV3":0.03166250298543449,"CH1":0.8628182005653572}