{"MV1":0.6209932157489638,"MV3":0.7219082385691097,"CH1":0.9598184378344354}