{"MV1":0.9016018571824463,"MV3":0.2766606440336219,"CH1":0.29518370140649497}