{"MV1":0.9964307323842128,"MV3":0.3034809291523646,"CH1":0.5371697921597882}