{"MV1":0.4200533452712798,"MV3":0.8636024848620357,"CH1":0.5291272650761364}