{"MV1":0.34981222681353163,"MV3":0.40511804766367243,"CH1":0.1591826898003672}