{"MV1":0.6273954046230111,"MV3":0.4529853325515447,"CH1":0.9417922644430554}