{"MV1":0.7409348252371927,"MV3":0.5026222612951879,"CH1":0.555506589580785}