{"MV1":0.3434981995370946,"MV3":0.602508988844716,"CH1":0.4943107904395143}