{"MV1":0.2716818912622455,"MV3":0.6910320320300158,"CH1":0.5628999763674836}