{"MV1":0.7236506308377612,"MV3":0.04248829379562047,"CH1":0.2607125391083762}