{"MV1":0.2828037497154079,"MV3":0.09604066666654909,"CH1":0.08637798630238391}