{"MV1":0.31791567075786964,"MV3":0.2881784711629022,"CH1":0.6925655878452585}