{"MV1":0.5801635191235058,"MV3":0.493624617554679,"CH1":0.9042447765517924}