{"MV1":0.2964346219090931,"MV3":0.8149893384032392,"CH1":0.19088339808756694}