{"MV1":0.09434359834387707,"MV3":0.709936635347106,"CH1":0.6020051609971548}