{"MV1":0.23890816817140959,"MV3":0.5597224895548167,"CH1":0.0546808348762855}