{"MV1":0.5539928164150374,"MV3":0.1588618530840663,"CH1":0.19381240648703635}