{"MV1":0.8417484316286684,"MV3":0.19299467381372915,"CH1":0.38850535032064215}