{"MV1":0.8876912680543491,"MV3":0.33441049822911284,"CH1":0.9391005463698301}