{"MV1":0.3662024017151111,"MV3":0.030505966610818946,"CH1":0.5034362212773956}