{"MV1":0.34533600873062953,"MV3":0.08528085844711109,"CH1":0.4470711741253097}