{"MV1":0.3571091239552858,"MV3":0.47936222926946503,"CH1":0.9474336109264883}