{"MV1":0.8068218367730607,"MV3":0.4810010977091832,"CH1":0.5023262179004582}