{"MV1":0.05901786106690288,"MV3":0.13022519587715153,"CH1":0.787535765514149}