{"MV1":0.9405544340927,"MV3":0.8005269618506469,"CH1":0.6565958940729901}