{"MV1":0.7399453320918981,"MV3":0.7388688651223935,"CH1":0.9478683645224988}