{"MV1":0.9801470292284904,"MV3":0.8798726998660216,"CH1":0.7589483217265736}