{"MV1":0.328567860204387,"MV3":0.5976329292393493,"CH1":0.8398570637622761}