{"MV1":0.9050990070697416,"MV3":0.7395244630193804,"CH1":0.27738604007338363}