{"MV1":0.27446420273670646,"MV3":0.7181083521564159,"CH1":0.47173527314863783}