{"MV1":0.6930612408593863,"MV3":0.6263624558071231,"CH1":0.9591252675169545}