{"MV1":0.565756405789949,"MV3":0.058155889147769035,"CH1":0.482021704566587}