{"MV1":0.9636967272257887,"MV3":0.6786048943166275,"CH1":0.39661399645859063}