{"MV1":0.1682388202856524,"MV3":0.575883192984181,"CH1":0.543720101214673}