{"MV1":0.1530152773153356,"MV3":0.7735180894897139,"CH1":0.6464523128970826}