{"MV1":0.12713884521163943,"MV3":0.5216169924238678,"CH1":0.6488834175348386}