{"MV1":0.4098479549699502,"MV3":0.4671167512248685,"CH1":0.6720740567851605}