{"MV1":0.014333445902269593,"MV3":0.2669905229644254,"CH1":0.061100483370073455}