{"MV1":0.673591079522147,"MV3":0.9845943330541174,"CH1":0.6417633747732981}