{"MV1":0.08177265761617558,"MV3":0.8680709166128071,"CH1":0.29425097935781974}