{"MV1":0.6665306524689658,"MV3":0.5736132130272265,"CH1":0.9797227966012502}