{"MV1":0.34148838836073914,"MV3":0.8851972973062304,"CH1":0.1647118926547364}