{"MV1":0.8782970610183015,"MV3":0.3159646093116375,"CH1":0.031294497572955216}