{"MV1":0.9546405178749773,"MV3":0.051940694720260305,"CH1":0.7507857023983511}