{"MV1":0.7769464909493832,"MV3":0.29963999970318556,"CH1":0.17857400275876667}