{"MV1":0.47858477586197234,"MV3":0.4609167157426347,"CH1":0.16112364457674555}