{"MV1":0.5134806479921178,"MV3":0.7215469563782094,"CH1":0.90839759511265}