{"MV1":0.5720919747571649,"MV3":0.6958894774438082,"CH1":0.36596308458479865}