{"MV1":0.541165157511948,"MV3":0.6483953052233888,"CH1":0.8838131875288741}