{"MV1":0.3566346793377051,"MV3":0.5083584806923427,"CH1":0.5489331586667794}