{"MV1":0.4254181346577296,"MV3":0.8743141452541559,"CH1":0.6752038674673494}