{"MV1":0.5419193925846879,"MV3":0.180159831271965,"CH1":0.11726161593608886}