{"MV1":0.1875286086767889,"MV3":0.4754339661339322,"CH1":0.7564390160554865}