{"MV1":0.6062098540829081,"MV3":0.05058224304747583,"CH1":0.7073320372883761}