{"MV1":0.7069212870753652,"MV3":0.6176675303993477,"CH1":0.5450164692358433}