{"MV1":0.7874643053800291,"MV3":0.12646057411037537,"CH1":0.6195092404562598}