{"MV1":0.5448788853423633,"MV3":0.48271970115630325,"CH1":0.4083100949752062}