{"MV1":0.09133186523911363,"MV3":0.9380930973510525,"CH1":0.6659350122881703}