{"MV1":0.38899412523318266,"MV3":0.36314908008065816,"CH1":0.05502361617775342}