{"MV1":0.4565639754919889,"MV3":0.5906854794216543,"CH1":0.7777838317695587}