{"MV1":0.7078782045009867,"MV3":0.6326263627654952,"CH1":0.08845498775757299}