{"MV1":0.9233109387704264,"MV3":0.35192522869322707,"CH1":0.7710238588392038}