{"MV1":0.0543287004651436,"MV3":0.4320552204829885,"CH1":0.6312377171323718}