{"MV1":0.8596257445792793,"MV3":0.3311552124834829,"CH1":0.26271749095433317}