{"MV1":0.5237915557511197,"MV3":0.6250943383710894,"CH1":0.8352300966222127}