{"MV1":0.2905857396054494,"MV3":0.7364905025469548,"CH1":0.733162318258067}