{"MV1":0.7233327774719313,"MV3":0.9566266296502929,"CH1":0.726880248151739}