{"MV1":0.06504054454733532,"MV3":0.8635380422229347,"CH1":0.12870402823991722}