{"MV1":0.6175219529315547,"MV3":0.10254108321489275,"CH1":0.8350505722745107}