{"MV1":0.7483730680776882,"MV3":0.7099773492930002,"CH1":0.016330404124090037}