{"MV1":0.38929748398775876,"MV3":0.5619798267885266,"CH1":0.2052193874351178}