{"MV1":0.9645085062878962,"MV3":0.17467287052413838,"CH1":0.29135548330975525}