{"MV1":0.04271236987171956,"MV3":0.20557369265224013,"CH1":0.279032637321865}