{"MV1":0.34429264407659943,"MV3":0.14939796544923167,"CH1":0.29757646778785474}