{"MV1":0.4098300718099249,"MV3":0.7633227546215516,"CH1":0.6373304659569481}