{"MV1":0.10408524720198242,"MV3":0.7858768646086747,"CH1":0.018337360068611197}