{"MV1":0.5376793211041511,"MV3":0.26378293608684533,"CH1":0.4853622194439914}