{"MV1":0.5212637357344757,"MV3":0.7849715252847359,"CH1":0.159275629432592}