{"MV1":0.08501653690399691,"MV3":0.5912076133132275,"CH1":0.07026967147063867}