{"MV1":0.3319038552135616,"MV3":0.556957354344309,"CH1":0.954629438779738}