{"MV1":0.13312584609794365,"MV3":0.5985577546971538,"CH1":0.06621555752064001}