{"MV1":0.11269185983645413,"MV3":0.4808566952092954,"CH1":0.6531223233174425}