{"MV1":0.10016324202453775,"MV3":0.4884495547837011,"CH1":0.5955695172983974}