{"MV1":0.1850586109616673,"MV3":0.6637588341594141,"CH1":0.7801701464032221}