{"MV1":0.6894715411715509,"MV3":0.8344059746096526,"CH1":0.5970922397269435}