{"MV1":0.5332489868541836,"MV3":0.9590347029851989,"CH1":0.2627888020638389}