{"MV1":0.5125326387305718,"MV3":0.5646637989784409,"CH1":0.5563589137105904}