{"MV1":0.6264190133182884,"MV3":0.839073387071224,"CH1":0.006512362749252709}