{"MV1":0.19250270399585234,"MV3":0.3924853471301668,"CH1":0.8561416868555939}