{"MV1":0.8161584668727639,"MV3":0.7442065493488823,"CH1":0.21914882150421433}