{"MV1":0.27991517901960394,"MV3":0.5140489043279906,"CH1":0.008147798962511166}