{"MV1":0.10895314169489112,"MV3":0.8138203394561385,"CH1":0.3874031016388402}