{"MV1":0.5219176720485554,"MV3":0.31004790861879283,"CH1":0.09267369497787303}