{"MV1":0.7247927396260856,"MV3":0.11942185988347176,"CH1":0.9954764019812274}