{"MV1":0.925366567958714,"MV3":0.2675139061602848,"CH1":0.7245264843774586}