{"MV1":0.41464264387857785,"MV3":0.4109128625632329,"CH1":0.7173278759048041}