{"MV1":0.7593203736053658,"MV3":0.016209163376483593,"CH1":0.3562096402480278}