{"MV1":0.2895665387973487,"MV3":0.6941251697151175,"CH1":0.7966910836861585}