{"MV1":0.7644900233791263,"MV3":0.6148136193085744,"CH1":0.5720161948640321}