{"MV1":0.5461935108895313,"MV3":0.6435486136147384,"CH1":0.820799699455407}