{"MV1":0.30287722111498383,"MV3":0.3689057428164767,"CH1":0.8593146357987037}