{"MV1":0.8866596602095762,"MV3":0.4246715040263962,"CH1":0.5970382578000544}