{"MV1":0.16752314981032035,"MV3":0.3409844500422097,"CH1":0.4390673697715848}