{"MV1":0.39898344576949885,"MV3":0.3986640973547628,"CH1":0.5219070451250523}