{"MV1":0.14638648361094786,"MV3":0.4698388317059169,"CH1":0.008846792620635258}