{"MV1":0.042245031287113655,"MV3":0.5476287976455555,"CH1":0.21587126640522047}