{"MV1":0.21862641107908165,"MV3":0.21968052749667244,"CH1":0.3084633468814907}