{"MV1":0.8756707640665988,"MV3":0.3754527126218469,"CH1":0.5303063083849556}