{"MV1":0.6083401436729924,"MV3":0.9632061094791549,"CH1":0.9638114862040233}