{"MV1":0.9361792751336717,"MV3":0.0011899527660274023,"CH1":0.895322875093834}