{"MV1":0.35514909710454756,"MV3":0.02867184476499607,"CH1":0.5301030860057907}