{"MV1":0.3067615616337598,"MV3":0.9034850149114455,"CH1":0.5179499430888651}