{"MV1":0.6088285794260504,"MV3":0.6655714167136174,"CH1":0.3726342299552654}