{"MV1":0.4655393223378729,"MV3":0.5976457374623395,"CH1":0.24305421248580106}