{"MV1":0.6572657672311317,"MV3":0.13384822775865723,"CH1":0.5420067135714133}