{"MV1":0.10857049876672653,"MV3":0.9706797599712986,"CH1":0.45644280684559}