{"MV1":0.016089785287861313,"MV3":0.9069664542189936,"CH1":0.30777192549364074}