{"MV1":0.78159060076447,"MV3":0.7840724233185705,"CH1":0.47963958179866717}