{"MV1":0.8228392252961496,"MV3":0.07234467223013152,"CH1":0.004964610831659666}