{"MV1":0.17613188945132907,"MV3":0.955731914712461,"CH1":0.012470967163327518}