{"MV1":0.1881635272414529,"MV3":0.9801481623084048,"CH1":0.9220939436530408}