{"MV1":0.8879304347703431,"MV3":0.4532789880558382,"CH1":0.573774024505098}