{"MV1":0.18648927587774045,"MV3":0.3758377731205371,"CH1":0.6100002448579149}