{"MV1":0.3937422949162416,"MV3":0.666701671540287,"CH1":0.2954183405096239}