{"MV1":0.8919203439351079,"MV3":0.6228438804782095,"CH1":0.33091206201766366}