{"MV1":0.11120819518295932,"MV3":0.10902014596806553,"CH1":0.4571239598662772}