{"MV1":0.6236419902086174,"MV3":0.03139368907891815,"CH1":0.3495437974536546}