{"MV1":0.694235669787714,"MV3":0.4473225719997346,"CH1":0.5984175931608761}