{"MV1":0.24033906852582732,"MV3":0.755527307172825,"CH1":0.07433693953777809}