{"MV1":0.05263441683736714,"MV3":0.8234104211195068,"CH1":0.7730161364850042}