{"MV1":0.31633761021857176,"MV3":0.89520713054379,"CH1":0.43523928075820295}