{"MV1":0.8965461721068883,"MV3":0.03970824850844834,"CH1":0.9238468130305778}