{"MV1":0.8278931743404014,"MV3":0.3259647257823013,"CH1":0.09212367023821533}