{"MV1":0.44744695957923697,"MV3":0.17026607078279887,"CH1":0.5895247189288416}