{"MV1":0.9511953421504805,"MV3":0.020685797676497142,"CH1":0.3227063759099188}