{"MV1":0.6947723100316475,"MV3":0.7093944694201019,"CH1":0.9890729846862248}