{"MV1":0.21905137646483708,"MV3":0.7216273604786467,"CH1":0.31755554489259896}