{"MV1":0.5501568849969364,"MV3":0.4521117061699851,"CH1":0.9856478626785348}