{"MV1":0.7386620335213051,"MV3":0.8126330857794287,"CH1":0.47709834708116927}