{"MV1":0.8475775612016486,"MV3":0.8651242049538396,"CH1":0.3708899617937961}