{"MV1":0.8053851076042082,"MV3":0.7470086830072787,"CH1":0.35113630427357934}