{"MV1":0.2805277686716039,"MV3":0.25403028918592496,"CH1":0.32453774723166295}