{"MV1":0.2392961101732406,"MV3":0.38400013098827124,"CH1":0.43604926428004465}