{"MV1":0.8927347646959939,"MV3":0.3701300236258874,"CH1":0.025899960291221547}