{"MV1":0.4955560298628202,"MV3":0.20650365224710354,"CH1":0.6522499737881702}