{"MV1":0.09131285895966268,"MV3":0.7810963926484792,"CH1":0.026180130868242224}