{"MV1":0.8127313545182527,"MV3":0.06591945693938928,"CH1":0.02498139079072681}