{"MV1":0.3167841322603755,"MV3":0.05999593101216261,"CH1":0.30226497031506316}