{"MV1":0.4903617831067638,"MV3":0.9464846118347164,"CH1":0.9527561959045598}