{"MV1":0.774229631208143,"MV3":0.3023682927485698,"CH1":0.5374517814763597}