{"MV1":0.9944420462369171,"MV3":0.7310255678824633,"CH1":0.9096081209913301}