{"MV1":0.0896314088538015,"MV3":0.9819274151668467,"CH1":0.41046934242735444}