{"MV1":0.3700215446980172,"MV3":0.5862127805274716,"CH1":0.5074601616689746}