{"MV1":0.4772242359723686,"MV3":0.7755074186096604,"CH1":0.8922804476914322}