{"MV1":0.4171663866075437,"MV3":0.22581031563727938,"CH1":0.3836749515494279}