{"MV1":0.0444211370567511,"MV3":0.1083742543218742,"CH1":0.008297506642919394}