{"MV1":0.31986104456820663,"MV3":0.8353817887444925,"CH1":0.7250519576313763}