{"MV1":0.10831041571527922,"MV3":0.6253112621327367,"CH1":0.2745974260982851}