{"MV1":0.42411340817334675,"MV3":0.43870547902602464,"CH1":0.016578004624394183}