{"MV1":0.9438004396977716,"MV3":0.1957956139592324,"CH1":0.4633727225718789}