{"MV1":0.15330794832501793,"MV3":0.10423327152484685,"CH1":0.8995692694130767}