{"MV1":0.5745335126871318,"MV3":0.7247475017722397,"CH1":0.9874464171172999}