{"MV1":0.5852409453631029,"MV3":0.7275107199665072,"CH1":0.5495918993970249}