{"MV1":0.28165286875901896,"MV3":0.4831011306190689,"CH1":0.37525979318043023}