{"MV1":0.15178691424371749,"MV3":0.9882585340508744,"CH1":0.5694864716632747}