{"MV1":0.013312086543802004,"MV3":0.4689707890116539,"CH1":0.42500329459720576}