{"MV1":0.13581259256709088,"MV3":0.1449215022842476,"CH1":0.776648116267794}