{"MV1":0.7612995783084284,"MV3":0.8186496566158902,"CH1":0.901348850480507}