{"MV1":0.9852623854947821,"MV3":0.6945301324815065,"CH1":0.26221187248602496}