{"MV1":0.2438172187422718,"MV3":0.6949839415349468,"CH1":0.5779408185525424}