{"MV1":0.3573186519296181,"MV3":0.06222080425295684,"CH1":0.09180581593167547}