{"MV1":0.04031778384984319,"MV3":0.7027158988704819,"CH1":0.06156576463508323}