{"MV1":0.0845371555660599,"MV3":0.7235857639623268,"CH1":0.9830702798823417}