{"MV1":0.4576763728804851,"MV3":0.6492784929442216,"CH1":0.7806231530025942}