{"MV1":0.6879560980512254,"MV3":0.642836212906774,"CH1":0.1949430751286476}