{"MV1":0.38070649869444595,"MV3":0.857532387597415,"CH1":0.8449108311434309}