{"MV1":0.3689967350477509,"MV3":0.009090769725703884,"CH1":0.9412393980366606}