{"MV1":0.6981848752748244,"MV3":0.4335619747644135,"CH1":0.9615361291537204}