{"MV1":0.6165096088654778,"MV3":0.7053323823168633,"CH1":0.46551314516300857}