{"MV1":0.6200843934998721,"MV3":0.757049642102844,"CH1":0.6307393378427792}