{"MV1":0.37960689885700405,"MV3":0.6013782144247545,"CH1":0.10238273325843927}