{"MV1":0.1659194974098116,"MV3":0.5515055826399122,"CH1":0.04692190509693439}