{"MV1":0.3949770768186067,"MV3":0.9770036320233141,"CH1":0.5527002711567092}