{"MV1":0.06432602784267882,"MV3":0.3672222849160939,"CH1":0.8420670478472078}