{"MV1":0.17890133183852874,"MV3":0.23311168801817117,"CH1":0.023809686749448056}