{"MV1":0.48057555862503,"MV3":0.3157061578192155,"CH1":0.08529160085678689}