{"MV1":0.6868825279059949,"MV3":0.8403988282426561,"CH1":0.964197757506345}