{"MV1":0.8798574398701933,"MV3":0.9818656418540234,"CH1":0.20839794710246584}