{"MV1":0.8268908595356564,"MV3":0.4786419286899686,"CH1":0.30099752609298447}