{"MV1":0.3035301645416335,"MV3":0.39745530599445844,"CH1":0.5416088895703355}