{"MV1":0.8790544530891503,"MV3":0.15655027909773467,"CH1":0.6752163070131312}