{"MV1":0.1326397417933659,"MV3":0.3995552178254438,"CH1":0.9347754966257907}