{"MV1":0.5381082277690141,"MV3":0.5640252049092346,"CH1":0.18156617973864064}