{"MV1":0.5251034322626853,"MV3":0.3593038371122146,"CH1":0.9779190233848923}