{"MV1":0.011876463737967469,"MV3":0.9512070958182026,"CH1":0.1410592047190925}