{"MV1":0.23391702243825263,"MV3":0.7946299857683913,"CH1":0.1485630713400814}