{"MV1":0.614631630813134,"MV3":0.22542081244197398,"CH1":0.36025741597274563}