{"MV1":0.3753866282868513,"MV3":0.17803774659531002,"CH1":0.08675704645417948}