{"MV1":0.8158161466133345,"MV3":0.2712763149135695,"CH1":0.7829257823679819}