{"MV1":0.5873864574940141,"MV3":0.8814279327783349,"CH1":0.8436963303539918}