{"MV1":0.35979818780963535,"MV3":0.26755254880856505,"CH1":0.915238453236996}