{"MV1":0.580311153857122,"MV3":0.5338287673520719,"CH1":0.36315167009977267}