{"MV1":0.2375699471463738,"MV3":0.6951746141379143,"CH1":0.3375693797539563}