{"MV1":0.7469597136325755,"MV3":0.12205658387330398,"CH1":0.8796921692425218}