{"MV1":0.887186644850751,"MV3":0.7148279030616814,"CH1":0.08688791237713056}