{"MV1":0.48503638819464323,"MV3":0.3772892746078925,"CH1":0.8611259762235249}