{"MV1":0.7532785619289701,"MV3":0.015175475274924577,"CH1":0.5822576595836081}