{"MV1":0.8009792363863042,"MV3":0.34849104495313465,"CH1":0.6031958034823511}