{"MV1":0.7943109797978128,"MV3":0.7722596888235677,"CH1":0.47101205334446683}