{"MV1":0.7455793697741419,"MV3":0.5260867261238505,"CH1":0.7884904083849661}