{"MV1":0.2155634317031896,"MV3":0.3856314740736505,"CH1":0.5161682139765321}