{"MV1":0.29516383411139047,"MV3":0.5001252333624453,"CH1":0.3557894496219449}