{"MV1":0.3797915399690789,"MV3":0.8753389542718243,"CH1":0.499522049425711}