{"MV1":0.7245352705799625,"MV3":0.879732948582385,"CH1":0.136305564188267}