{"MV1":0.15188601242801014,"MV3":0.8490855496229446,"CH1":0.45705005840894264}