{"MV1":0.5044020208108455,"MV3":0.48196348704354275,"CH1":0.08410076364528629}