{"MV1":0.9160135362251001,"MV3":0.8202485818602752,"CH1":0.5879783891029063}