{"MV1":0.4169401122115922,"MV3":0.02601435571144073,"CH1":0.7095289722960529}