{"MV1":0.2527014241317239,"MV3":0.09747588873798385,"CH1":0.14040119650862504}