{"MV1":0.1267566948055081,"MV3":0.8495304379825719,"CH1":0.8629752094007744}