{"MV1":0.35987993813618413,"MV3":0.22125468787172886,"CH1":0.037193000435214785}