{"MV1":0.6951200348853284,"MV3":0.6336797554380753,"CH1":0.6937217639838026}