{"MV1":0.4539901372815117,"MV3":0.29448805556931135,"CH1":0.028979676949695943}