{"MV1":0.6938848422358223,"MV3":0.4478252517297169,"CH1":0.1628909423219197}