{"MV1":0.45806169600997393,"MV3":0.9324816331343845,"CH1":0.13474372356637976}