{"MV1":0.0006313748646211703,"MV3":0.6734883008274322,"CH1":0.8248921428455316}