{"MV1":0.9782927411730685,"MV3":0.21417878979145277,"CH1":0.5079269232618266}