{"MV1":0.21608037689959148,"MV3":0.3425706369326592,"CH1":0.25345224304366776}