{"MV1":0.31039517959294793,"MV3":0.7487382329140561,"CH1":0.742047793036497}