{"MV1":0.6201706758081884,"MV3":0.9187333097518029,"CH1":0.968364234747419}