{"MV1":0.7162149835798031,"MV3":0.5711583082283368,"CH1":0.6526333038395328}