{"MV1":0.26360465161502467,"MV3":0.7922802770310056,"CH1":0.8900488781376933}