{"MV1":0.9081161970917545,"MV3":0.8910235476965809,"CH1":0.23481851015756683}