{"MV1":0.17747741064524392,"MV3":0.8228088245913847,"CH1":0.3777434007760513}