{"MV1":0.6683047167196662,"MV3":0.26440285808316877,"CH1":0.3181288078552794}