{"MV1":0.8503641779441532,"MV3":0.6799116934858164,"CH1":0.19210787361855208}