{"MV1":0.6585293262063823,"MV3":0.403605306678804,"CH1":0.9939440328259472}