{"MV1":0.4036334456692765,"MV3":0.8085467880167801,"CH1":0.44145303994881446}