{"MV1":0.5845200146404691,"MV3":0.4742265887916911,"CH1":0.18960629361742676}