{"MV1":0.38488161241553187,"MV3":0.5539660459567078,"CH1":0.4953024972721468}