{"MV1":0.900320235910301,"MV3":0.6856019140377576,"CH1":0.6554322190879149}