{"MV1":0.11801809349088876,"MV3":0.11146389942761681,"CH1":0.7115646328378039}