{"MV1":0.9260037180564727,"MV3":0.2801166996118203,"CH1":0.6527161440314078}