{"MV1":0.2900884161024615,"MV3":0.6295643785528388,"CH1":0.13469218211483913}