{"MV1":0.9887056786989622,"MV3":0.36985501322480974,"CH1":0.6644568589672866}