{"MV1":0.9025306563411604,"MV3":0.21651967617982404,"CH1":0.004573487491946193}