{"MV1":0.17462500199406972,"MV3":0.0348129604197468,"CH1":0.048387695439958134}