{"MV1":0.962965845211615,"MV3":0.26279815475800883,"CH1":0.8793150102600802}