{"MV1":0.9464900366992806,"MV3":0.5269972397083794,"CH1":0.27449762088322416}