{"MV1":0.8565778918278115,"MV3":0.0013618308436971205,"CH1":0.4502497608528673}