{"MV1":0.6048482598737701,"MV3":0.22016758212427812,"CH1":0.29301916734318867}