{"MV1":0.5807719466862564,"MV3":0.3245028036753004,"CH1":0.4174784982215587}