{"MV1":0.13462443988806516,"MV3":0.23714622591050338,"CH1":0.01727447522801806}