{"MV1":0.5621879930403552,"MV3":0.22063126419864965,"CH1":0.2067639348434609}