{"MV1":0.8205215627240391,"MV3":0.7478539352591909,"CH1":0.26337522143908676}