{"MV1":0.5449959374932902,"MV3":0.23345915486840207,"CH1":0.8134937518570646}