{"MV1":0.23646508484225204,"MV3":0.25192249795926924,"CH1":0.6781658725457697}