{"MV1":0.15250449752980277,"MV3":0.0907545968220459,"CH1":0.012086185916722947}