{"MV1":0.5360446350469578,"MV3":0.9473357889642813,"CH1":0.2756357242398164}