{"MV1":0.934453270968168,"MV3":0.8107795359817309,"CH1":0.9704539153551592}