{"MV1":0.7611266088983262,"MV3":0.18498659613926238,"CH1":0.12545034843127523}