{"MV1":0.5560309023702332,"MV3":0.8380031305005794,"CH1":0.34483827077166485}