{"MV1":0.3545259071480641,"MV3":0.08177914371115347,"CH1":0.23028151433838928}