{"MV1":0.8441602990111161,"MV3":0.158848123146748,"CH1":0.8861280815115142}