{"MV1":0.8381713255121938,"MV3":0.5531611634925729,"CH1":0.9646196902148424}