{"MV1":0.2860451492247821,"MV3":0.37640201873179413,"CH1":0.005122496691837064}