{"MV1":0.691855915398311,"MV3":0.9839443401183025,"CH1":0.6430122122094768}