{"MV1":0.7240708143614933,"MV3":0.2585102316322563,"CH1":0.5053079488473647}