{"MV1":0.1538285587724988,"MV3":0.4815185289762448,"CH1":0.28347268272538795}