{"MV1":0.357290051640617,"MV3":0.28566229235390894,"CH1":0.0021317265700405708}