{"MV1":0.23870725984729801,"MV3":0.6550633151989529,"CH1":0.10495176744540935}