{"MV1":0.9154536316774765,"MV3":0.6604435594981523,"CH1":0.552610333799894}