{"MV1":0.11079571306248392,"MV3":0.05491843308140132,"CH1":0.0020492052588114706}