{"MV1":0.6987560208468604,"MV3":0.895030362633765,"CH1":0.17811678740462544}