{"MV1":0.4148307489514983,"MV3":0.13167971692555913,"CH1":0.48941048768575424}