{"MV1":0.3197245218253548,"MV3":0.5740867996338112,"CH1":0.13598608426596248}