{"MV1":0.6023030511759674,"MV3":0.321644153200784,"CH1":0.9933721801519407}