{"MV1":0.14441845948351062,"MV3":0.729264930764211,"CH1":0.4765729890750444}