{"MV1":0.8116274166791299,"MV3":0.9018158216638131,"CH1":0.255169272953537}