{"MV1":0.7142390626183832,"MV3":0.49350679150608523,"CH1":0.7512218594515226}