{"MV1":0.35324119899129236,"MV3":0.5453599567985414,"CH1":0.34543110870230287}