{"MV1":0.6159675636632531,"MV3":0.03478515679268246,"CH1":0.82746099151637}