{"MV1":0.414747826338168,"MV3":0.6189056171573738,"CH1":0.7681133087950952}