{"MV1":0.21724867010046756,"MV3":0.7822040748226926,"CH1":0.4804024326032159}