{"MV1":0.6432452078222691,"MV3":0.11502854330273671,"CH1":0.9254014157148674}