{"MV1":0.8224793064051218,"MV3":0.9128635574722159,"CH1":0.8587956996537198}