{"MV1":0.7363976147618128,"MV3":0.9228240474900594,"CH1":0.8498342878427497}