{"MV1":0.2980341311198218,"MV3":0.43154618061050987,"CH1":0.589775234187723}