{"MV1":0.9004001460223242,"MV3":0.9176835285953815,"CH1":0.030071304923828812}