{"MV1":0.43699909686441585,"MV3":0.7565714094069137,"CH1":0.9744082774395959}