{"MV1":0.9738634464425332,"MV3":0.7556763246183983,"CH1":0.17848051569672096}