{"MV1":0.9713648436232475,"MV3":0.06103677925221951,"CH1":0.4167481536784715}