{"MV1":0.7138786173893297,"MV3":0.9911678847853483,"CH1":0.18365266173507755}