{"MV1":0.14728477448202315,"MV3":0.8157156653589589,"CH1":0.17350223004332954}