{"MV1":0.03102904880662316,"MV3":0.0016995153198162694,"CH1":0.4452344648002027}