{"MV1":0.32359911352816684,"MV3":0.5445388922682245,"CH1":0.42423097914128227}