{"MV1":0.5079928826380076,"MV3":0.5254817818892977,"CH1":0.9606989186685592}