{"MV1":0.384457907242846,"MV3":0.2721025959721205,"CH1":0.7062362521098207}