{"MV1":0.1929085152849902,"MV3":0.3646400129974139,"CH1":0.12656699826670803}