{"MV1":0.4834914352352391,"MV3":0.042185046205618915,"CH1":0.48722988024372105}