{"MV1":0.25250257420810096,"MV3":0.7681586014108922,"CH1":0.3861512882906596}