{"MV1":0.06459523408731604,"MV3":0.15030553289769932,"CH1":0.6386663976997637}