{"MV1":0.41120282411430786,"MV3":0.863479877139449,"CH1":0.5302274519195441}