{"MV1":0.08159169651887965,"MV3":0.07557052128287656,"CH1":0.59445319525473}