{"MV1":0.6539382035629913,"MV3":0.4263779662926438,"CH1":0.04053905030138638}