{"MV1":0.9856663554228261,"MV3":0.7379279109298377,"CH1":0.28803953921083125}