{"MV1":0.24548348590795044,"MV3":0.08969727810766781,"CH1":0.6158769746741376}