{"MV1":0.9322652735024505,"MV3":0.6642344148165914,"CH1":0.93789478085942}