{"MV1":0.8284572192053629,"MV3":0.8208374774659416,"CH1":0.9107758166009415}