{"MV1":0.37158041383745866,"MV3":0.985397469364276,"CH1":0.03897321665165154}