{"MV1":0.3555676647243212,"MV3":0.9485089747890517,"CH1":0.45906483345800764}