{"MV1":0.11366765988232608,"MV3":0.23316377671752475,"CH1":0.031415326912933805}