{"MV1":0.799882003463885,"MV3":0.9089145106806258,"CH1":0.1624617705536343}