{"MV1":0.7869673442773559,"MV3":0.21246024998376845,"CH1":0.9844540726490469}