{"MV1":0.31503779254915343,"MV3":0.5700033053086229,"CH1":0.4303088291500159}