{"MV1":0.41536865025846126,"MV3":0.9613944750161787,"CH1":0.540121854763798}