{"MV1":0.6259615403828555,"MV3":0.7044243925905848,"CH1":0.23791620151110116}