{"MV1":0.1539296907152924,"MV3":0.7242046302459254,"CH1":0.09652420987921284}