{"MV1":0.3654957927628657,"MV3":0.676439711885388,"CH1":0.5918563826385717}