{"MV1":0.5016884406742895,"MV3":0.6826382947576327,"CH1":0.043276757037152724}