{"MV1":0.4921355541593071,"MV3":0.42363523191187,"CH1":0.2489910190564767}