{"MV1":0.050832486512599084,"MV3":0.7475239963422988,"CH1":0.8793134179425421}