{"MV1":0.9354038198176969,"MV3":0.7588863220031374,"CH1":0.8919051459142449}