{"MV1":0.2578917331302012,"MV3":0.165650273911225,"CH1":0.600697366965045}