{"MV1":0.04040837202182557,"MV3":0.3766608657951046,"CH1":0.7926034773774652}