{"MV1":0.7575112655411139,"MV3":0.09535468353100895,"CH1":0.9022708430048302}