{"MV1":0.3261169185096756,"MV3":0.9534667441106108,"CH1":0.6422224483262771}