{"MV1":0.8264409954544869,"MV3":0.8328888948992768,"CH1":0.6576536685303943}