{"MV1":0.49427637486624,"MV3":0.781662620477299,"CH1":0.5616435277390018}