{"MV1":0.2510727364469948,"MV3":0.5336309372482192,"CH1":0.40053311383797563}