{"MV1":0.793212445582661,"MV3":0.5704229296424695,"CH1":0.6128184847700799}