{"MV1":0.7529849646279118,"MV3":0.7303466480742273,"CH1":0.2386285179784492}