{"MV1":0.8428616319431971,"MV3":0.28747998430007715,"CH1":0.007658039589504284}