{"MV1":0.14852056635519428,"MV3":0.33966840807020104,"CH1":0.6443082476909369}