{"MV1":0.6359227839167103,"MV3":0.9375581420590055,"CH1":0.6449389299933501}