{"MV1":0.11260246013426367,"MV3":0.6720369447433466,"CH1":0.9438403192715757}