{"MV1":0.8554130680288945,"MV3":0.7947835172818625,"CH1":0.2741028472335124}