{"MV1":0.5993318936624883,"MV3":0.6620813877347077,"CH1":0.11687320689783998}