{"MV1":0.19614236791228523,"MV3":0.40716539241109073,"CH1":0.8827964508729759}