{"MV1":0.5951823806211608,"MV3":0.0022980808954754517,"CH1":0.8454528630261465}