{"MV1":0.042176717829409904,"MV3":0.2100024160018632,"CH1":0.8948216653817418}