{"MV1":0.46901461187219484,"MV3":0.10703993255742117,"CH1":0.25515349522687125}