{"MV1":0.19972273219463088,"MV3":0.22155825534184004,"CH1":0.9734780530340105}