{"MV1":0.5668087725829224,"MV3":0.23680655689959285,"CH1":0.6267090961641459}