{"MV1":0.21688826825936658,"MV3":0.7007821799723923,"CH1":0.5284003681368141}