{"MV1":0.31946823411923597,"MV3":0.6453285723375953,"CH1":0.21477693448817814}