{"MV1":0.872614490054427,"MV3":0.12158168593821328,"CH1":0.31174646810702467}