{"MV1":0.1095241194010862,"MV3":0.534552649426104,"CH1":0.08227200631804643}