{"MV1":0.20982072790345796,"MV3":0.1607662421774363,"CH1":0.8465667793433225}