{"MV1":0.044349397016268055,"MV3":0.2632387690100819,"CH1":0.3326318684770522}