{"MV1":0.1223191080289402,"MV3":0.3027263767905277,"CH1":0.7311819528974766}