{"MV1":0.21209355291042153,"MV3":0.6721686783542261,"CH1":0.03520151599284571}