{"MV1":0.26642650144590707,"MV3":0.24775318833888027,"CH1":0.22885123901883275}