{"MV1":0.21967166665235804,"MV3":0.3505511241793653,"CH1":0.6771689487273489}