{"MV1":0.06836447370438403,"MV3":0.6491311382567686,"CH1":0.43148204792079403}