{"MV1":0.6588852081984194,"MV3":0.9802923227259984,"CH1":0.7355549937854859}