{"MV1":0.43189083415805773,"MV3":0.17449470595377015,"CH1":0.42491313261235475}