{"MV1":0.4786420858639442,"MV3":0.8598411609078015,"CH1":0.24833995873824122}