{"MV1":0.11377501193930017,"MV3":0.2121717525582386,"CH1":0.6138139377317858}