{"MV1":0.9745230149434617,"MV3":0.7488720030212999,"CH1":0.7968085062231034}