{"MV1":0.9560349942424958,"MV3":0.04056745058083522,"CH1":0.19542747697024376}