{"MV1":0.0546998680854105,"MV3":0.9690099948787821,"CH1":0.1387888031637703}