{"MV1":0.07998337262117938,"MV3":0.5219169895939882,"CH1":0.3231972689410817}