{"MV1":0.6983313114930186,"MV3":0.31665073954624223,"CH1":0.6239934002254541}