{"MV1":0.6143776016243819,"MV3":0.23610717889304222,"CH1":0.37028124416120367}