{"MV1":0.6991821736876928,"MV3":0.7287237859938217,"CH1":0.35759513404680854}