{"MV1":0.9089547462296681,"MV3":0.19720025734664193,"CH1":0.5573615176727488}