{"MV1":0.4009991644411438,"MV3":0.35832159666106467,"CH1":0.8669776329191363}