{"MV1":0.9468377998889569,"MV3":0.17926815450629152,"CH1":0.6014000403316521}