{"MV1":0.12487313997806204,"MV3":0.6963252562954237,"CH1":0.6267398238395911}