{"MV1":0.3548346462100307,"MV3":0.5212590531292979,"CH1":0.7221677328335093}