{"MV1":0.45045511118933246,"MV3":0.4481110143140322,"CH1":0.9878351557019358}