{"MV1":0.7081457892491457,"MV3":0.47030262805156875,"CH1":0.8192102890653447}