{"MV1":0.7704809431655959,"MV3":0.9061433781178583,"CH1":0.6227155668994894}