{"MV1":0.8875942674356119,"MV3":0.0035973905776589543,"CH1":0.9244992252406443}