{"MV1":0.9128270446098534,"MV3":0.9016400482997128,"CH1":0.9874499745047525}