{"MV1":0.07806037958556633,"MV3":0.8390159218590532,"CH1":0.9033195795644942}