{"MV1":0.7019846654314713,"MV3":0.9521421967648412,"CH1":0.6140847512782333}