{"MV1":0.39623269727730315,"MV3":0.38128406525445846,"CH1":0.8353072808865324}