{"MV1":0.5499368400585452,"MV3":0.4009377113413628,"CH1":0.615872040945658}