{"MV1":0.8619659603761265,"MV3":0.7768946731955467,"CH1":0.7789179263332057}