{"MV1":0.3929791739247548,"MV3":0.21137725408724495,"CH1":0.9815560989086913}