{"MV1":0.02521150232247993,"MV3":0.2199807171416892,"CH1":0.18427313802769485}