{"MV1":0.6407284637947006,"MV3":0.8564387140033949,"CH1":0.5454954365648748}