{"MV1":0.20379258263769484,"MV3":0.6422230205120193,"CH1":0.6033949963874438}