{"MV1":0.12684647782431402,"MV3":0.5215123829191385,"CH1":0.48705769709375935}