{"MV1":0.8986774945752688,"MV3":0.5414410233354936,"CH1":0.045189168047436}