{"MV1":0.5110823623849383,"MV3":0.36793568071410365,"CH1":0.3415081682045502}