{"MV1":0.6821693483166844,"MV3":0.7433212504197777,"CH1":0.15802689197508724}