{"MV1":0.7321539532920494,"MV3":0.9544858274563321,"CH1":0.23722644803805226}