{"MV1":0.4527192127015216,"MV3":0.004765850669477878,"CH1":0.5669523678588508}