{"MV1":0.44700256307316144,"MV3":0.8355726508197686,"CH1":0.7267634607823955}