{"MV1":0.9314548775746914,"MV3":0.1454533366266424,"CH1":0.0831475463212249}