{"MV1":0.9870427679596496,"MV3":0.6874106310583228,"CH1":0.8446730050931046}