{"MV1":0.777544531679414,"MV3":0.9876493696244673,"CH1":0.06451055168482889}