{"MV1":0.5627777575736517,"MV3":0.7402844616401872,"CH1":0.6517596850750961}