{"MV1":0.6113465857984596,"MV3":0.19407842278448717,"CH1":0.7167542541990028}