{"MV1":0.3548276837721872,"MV3":0.6843645877179754,"CH1":0.15864313060087443}