{"MV1":0.2953910829077181,"MV3":0.8628158467207356,"CH1":0.9911197557143435}