{"MV1":0.6202198346989689,"MV3":0.16614196279693028,"CH1":0.8165018273905562}