{"MV1":0.7560376064702538,"MV3":0.06581953249758132,"CH1":0.533851731891716}