{"MV1":0.45454953136111875,"MV3":0.598518418346141,"CH1":0.23022718838960265}