{"MV1":0.9411445399410614,"MV3":0.36434120462487063,"CH1":0.9977348719673743}