{"MV1":0.5016189879277201,"MV3":0.24014417717279635,"CH1":0.24814400713153073}