{"MV1":0.8671997322050906,"MV3":0.270968223180477,"CH1":0.9383332492133084}