{"MV1":0.19776626280874499,"MV3":0.0729275790375401,"CH1":0.12001065635761654}