{"MV1":0.2915386133775618,"MV3":0.4272502383179412,"CH1":0.5033818435663348}