{"MV1":0.3770666675550305,"MV3":0.4196432165936007,"CH1":0.31697419441405195}