{"MV1":0.4754638312918248,"MV3":0.07421630792422351,"CH1":0.3742013144808285}