{"MV1":0.20878729985659183,"MV3":0.1875352549031466,"CH1":0.321923258426976}