{"MV1":0.6685727975920861,"MV3":0.009385458717893758,"CH1":0.523579335325281}