{"MV1":0.3495976055469293,"MV3":0.4768493181492224,"CH1":0.49136884238812295}