{"MV1":0.5118691093175465,"MV3":0.15557963311526457,"CH1":0.40582883931654534}