{"MV1":0.724007866551941,"MV3":0.8903301110049375,"CH1":0.2551153400722066}