{"MV1":0.9392610803210725,"MV3":0.49171788546582107,"CH1":0.9707410464806755}