{"MV1":0.0459697970022831,"MV3":0.9897827100337387,"CH1":0.8957310168366147}