{"MV1":0.1840959579984951,"MV3":0.9371055637594444,"CH1":0.23927731124752416}