{"MV1":0.15445345669643362,"MV3":0.9337554556002521,"CH1":0.6001436760480339}