{"MV1":0.27477569548555736,"MV3":0.9841109426278215,"CH1":0.6473467619312474}