{"MV1":0.5702796163265038,"MV3":0.41674484136228784,"CH1":0.33056099755983714}