{"MV1":0.10109802258637102,"MV3":0.4160315600286022,"CH1":0.20579443309991963}