{"MV1":0.1387353856139546,"MV3":0.6794091503451892,"CH1":0.5633635226498175}