{"MV1":0.11077549638164064,"MV3":0.9877304743966819,"CH1":0.33021816973509177}