{"MV1":0.694488485182091,"MV3":0.7966717671246243,"CH1":0.5955837997557549}