{"MV1":0.4333944088538534,"MV3":0.34682579718895445,"CH1":0.7160711370967812}