{"MV1":0.6191552645483793,"MV3":0.7856452242627027,"CH1":0.16596004961077393}