{"MV1":0.5786099473481526,"MV3":0.09645260919709131,"CH1":0.04541022102884307}