{"MV1":0.05513601781545985,"MV3":0.3449419215144771,"CH1":0.42626114060880005}