{"MV1":0.25008281034341284,"MV3":0.8655609675243146,"CH1":0.18634976310070994}