{"MV1":0.840343080283142,"MV3":0.0037674127954403502,"CH1":0.18648594303495092}