{"MV1":0.28673750374225637,"MV3":0.8570412703101441,"CH1":0.4880678090946169}