{"MV1":0.6681984618362611,"MV3":0.8583344978061105,"CH1":0.7162842231051623}