{"MV1":0.570359513604396,"MV3":0.7877563246908453,"CH1":0.05955577904792386}