{"MV1":0.40774399499947533,"MV3":0.7259999081687565,"CH1":0.1903459785145406}