{"MV1":0.42885454600702466,"MV3":0.39956617445853504,"CH1":0.08369944097793003}