{"MV1":0.5767529024506485,"MV3":0.7774246828822305,"CH1":0.6931330604419553}