{"MV1":0.029720492947483912,"MV3":0.1826198291954496,"CH1":0.7036792994152579}