{"MV1":0.8570086502020768,"MV3":0.6778956556613441,"CH1":0.2964944877455692}