{"MV1":0.691295986345586,"MV3":0.0313911663421822,"CH1":0.3752675196588233}