{"MV1":0.20694165828528155,"MV3":0.22676528722330003,"CH1":0.14514419178845273}