{"MV1":0.3692742971596933,"MV3":0.44521409687966784,"CH1":0.3830282384128777}