{"MV1":0.40968087411197573,"MV3":0.6973923213110693,"CH1":0.33882275834492126}