{"MV1":0.057792919342290916,"MV3":0.2983356529097676,"CH1":0.22510698094939086}