{"MV1":0.5225419377624841,"MV3":0.1978237954290909,"CH1":0.2673585907121713}