{"MV1":0.3615542500100325,"MV3":0.002731090120493329,"CH1":0.8432233090015129}