{"MV1":0.7652511021298932,"MV3":0.2678563770393013,"CH1":0.12169851312323177}