{"MV1":0.875279961487903,"MV3":0.2857169064219983,"CH1":0.7117559646097729}