{"MV1":0.440466450487937,"MV3":0.8587102961919951,"CH1":0.2976569631168061}