{"MV1":0.8537536822485214,"MV3":0.35710132070539913,"CH1":0.3175288729470501}