{"MV1":0.2779041792320628,"MV3":0.5979212568273696,"CH1":0.007161377642010747}