{"MV1":0.7959439732734942,"MV3":0.7371592869408891,"CH1":0.01673178497132266}