{"MV1":0.49563328253130123,"MV3":0.29689784302452116,"CH1":0.7063643635068605}