{"MV1":0.1759440418743149,"MV3":0.349295725183569,"CH1":0.5683142125181536}