{"MV1":0.5682442074979845,"MV3":0.3869968423314839,"CH1":0.15987704934182378}