{"MV1":0.7528980292425397,"MV3":0.06667509562667062,"CH1":0.39308450940518946}