{"MV1":0.24727416555300452,"MV3":0.06924960399572178,"CH1":0.27831793892947243}