{"MV1":0.327848580472307,"MV3":0.7456713217942889,"CH1":0.08095785475806361}