{"MV1":0.08403161861696684,"MV3":0.04495515533778993,"CH1":0.20220092250400112}