{"MV1":0.367866339259567,"MV3":0.17394122255062205,"CH1":0.33487192869535576}