{"MV1":0.145634817519404,"MV3":0.7321942226627495,"CH1":0.09199797813911958}