{"MV1":0.05901689689056944,"MV3":0.8372437003153869,"CH1":0.7401231152061978}