{"MV1":0.3405198850475768,"MV3":0.7730436379772107,"CH1":0.362943411810274}