{"MV1":0.2531562810436253,"MV3":0.7370300857283945,"CH1":0.9537664432644033}