{"MV1":0.2748930240619504,"MV3":0.957674870358276,"CH1":0.6742846187256214}