{"MV1":0.9917461618840714,"MV3":0.13639873286395343,"CH1":0.1676926793407013}