{"MV1":0.4667806050472252,"MV3":0.4157210365959102,"CH1":0.33272814049156685}