{"MV1":0.08817120999181571,"MV3":0.5365241939896671,"CH1":0.8179074162665202}