{"MV1":0.9512449447550905,"MV3":0.2876983541948508,"CH1":0.42528785437592465}