{"MV1":0.7884984007988238,"MV3":0.7771113342569044,"CH1":0.6123655772557223}