{"MV1":0.8876645492378848,"MV3":0.5496803334555775,"CH1":0.6813063317666195}