{"MV1":0.5256597433106591,"MV3":0.6113704733048405,"CH1":0.21174283424466467}