{"MV1":0.5194030396912959,"MV3":0.9815415737315308,"CH1":0.7971194982214735}