{"MV1":0.4111557942725872,"MV3":0.7221130879824774,"CH1":0.9871072602762404}