{"MV1":0.23789953894921256,"MV3":0.1364727503547546,"CH1":0.9320382892564261}