{"MV1":0.5291114768563607,"MV3":0.3415738343181173,"CH1":0.23135792671978073}