{"MV1":0.31945208038921036,"MV3":0.4723359848369748,"CH1":0.2524519671915013}