{"MV1":0.08326599389666711,"MV3":0.3778838994119065,"CH1":0.7734360502527563}