{"MV1":0.011812984780269598,"MV3":0.6703189097087879,"CH1":0.7448391475306676}