{"MV1":0.5225455195358295,"MV3":0.2072576366528146,"CH1":0.48227240173052854}