{"MV1":0.009185474364917123,"MV3":0.06821235123344449,"CH1":0.9314476083868201}