{"MV1":0.4667424378775443,"MV3":0.6925595723425653,"CH1":0.2556942706900609}