{"MV1":0.36404048609887296,"MV3":0.28527112172134206,"CH1":0.17844690097375926}