{"MV1":0.6726070323145349,"MV3":0.4017323078892835,"CH1":0.48494928156431505}