{"MV1":0.33154296896019386,"MV3":0.9516917817336649,"CH1":0.4330494436890556}