{"MV1":0.8002769230469071,"MV3":0.6233520504537686,"CH1":0.19918501979694636}