{"MV1":0.3117603644618525,"MV3":0.4980576457307586,"CH1":0.17820302546052802}