{"MV1":0.3670929860495513,"MV3":0.973550640857911,"CH1":0.2738552798579986}