{"MV1":0.08853381114529757,"MV3":0.9802721418795982,"CH1":0.6545781589081701}