{"MV1":0.026569938891481626,"MV3":0.6408504320355177,"CH1":0.7750916113498176}