{"MV1":0.1782335321830818,"MV3":0.1623410965853861,"CH1":0.7433622439843011}