{"MV1":0.5175779360641468,"MV3":0.09099921960616097,"CH1":0.07517696613791325}