{"MV1":0.3890050950507856,"MV3":0.12324757158321353,"CH1":0.3801354248627763}