{"MV1":0.8590322913698645,"MV3":0.5687722164266856,"CH1":0.7889792313887022}