{"MV1":0.13768492016026956,"MV3":0.49739601088782825,"CH1":0.8891037573000666}