{"MV1":0.9054881274025637,"MV3":0.34336352309652485,"CH1":0.24006404670386083}