{"MV1":0.6389719907638565,"MV3":0.4662538952241492,"CH1":0.2808302297503965}