{"MV1":0.2269670872621209,"MV3":0.5488493844232726,"CH1":0.7235006092480677}