{"MV1":0.2988718985537482,"MV3":0.3075739458603681,"CH1":0.04222050997273463}