{"MV1":0.5093672428701168,"MV3":0.1810741059554659,"CH1":0.9215473144367412}