{"MV1":0.026559261601794892,"MV3":0.18119129831594427,"CH1":0.6513380075441721}