{"MV1":0.12381387431697677,"MV3":0.5336336249433643,"CH1":0.9345615256092916}