{"MV1":0.16496403901882695,"MV3":0.6216954334208677,"CH1":0.9117886506344545}