{"MV1":0.696569396601174,"MV3":0.8753740631359863,"CH1":0.14092923471095142}