{"MV1":0.16269845590654775,"MV3":0.43562298593537585,"CH1":0.9383701801046513}