{"MV1":0.11400790621672141,"MV3":0.22773773116872276,"CH1":0.36793891196504624}