{"MV1":0.14670897395440663,"MV3":0.029441365177632628,"CH1":0.3313962360838112}