{"MV1":0.8696945393094266,"MV3":0.4406252757750909,"CH1":0.79168050826722}