{"MV1":0.9046036285614124,"MV3":0.9233354499972907,"CH1":0.8594719186575046}