{"MV1":0.5255584348385522,"MV3":0.42911588593393224,"CH1":0.8125664248999563}