{"MV1":0.5498301548822006,"MV3":0.4907447460573401,"CH1":0.4933939638894631}