{"MV1":0.8633286391134563,"MV3":0.7844694467700484,"CH1":0.1250678454724381}