{"MV1":0.9772055452787568,"MV3":0.4799836629953881,"CH1":0.052642422730736826}