{"MV1":0.7835247788453468,"MV3":0.701006739464866,"CH1":0.6511660042374694}