{"MV1":0.5025193247765009,"MV3":0.25286667888609937,"CH1":0.6628520466719202}