{"MV1":0.6334752207976259,"MV3":0.10899472700722168,"CH1":0.03946007911875726}