{"MV1":0.8037356531145962,"MV3":0.29949432088566974,"CH1":0.8188476551633797}