{"MV1":0.30186603880609597,"MV3":0.08317761752320751,"CH1":0.2805598774605228}