{"MV1":0.5124575821756675,"MV3":0.7092854219253767,"CH1":0.2242905843181925}