{"MV1":0.7284054961043318,"MV3":0.44972432357087755,"CH1":0.6448955598432755}