{"MV1":0.22300821995544617,"MV3":0.6421004091192912,"CH1":0.4109137584429896}