{"MV1":0.8383301431402563,"MV3":0.8679174970989669,"CH1":0.638554750250889}