{"MV1":0.3534807680679223,"MV3":0.30782459853982813,"CH1":0.16103885224127257}