{"MV1":0.3460389753621831,"MV3":0.8840562096488433,"CH1":0.1966934530781912}