{"MV1":0.04077147690023275,"MV3":0.5588800923953828,"CH1":0.3174983093870063}