{"MV1":0.9123265833910622,"MV3":0.05447777663575426,"CH1":0.19892589125032467}