{"MV1":0.1951984739057846,"MV3":0.5309655135416294,"CH1":0.6181813683643989}