{"MV1":0.9263512829027449,"MV3":0.8415081047809572,"CH1":0.691307238617374}