{"MV1":0.7572765144013809,"MV3":0.14389557684964782,"CH1":0.9961573170918919}