{"MV1":0.41505269333082173,"MV3":0.11374478758642981,"CH1":0.5807143717692642}