{"MV1":0.41976636781932997,"MV3":0.3302515026990339,"CH1":0.9685446661503829}