{"MV1":0.4343273292919757,"MV3":0.04930782421789037,"CH1":0.3171384782426482}