{"MV1":0.24690524314230278,"MV3":0.9902392874298506,"CH1":0.9282955227000292}