{"MV1":0.7551135895166383,"MV3":0.287980441539781,"CH1":0.482958887952047}