{"MV1":0.2798504149783937,"MV3":0.036617613378699176,"CH1":0.42879488739965743}