{"MV1":0.4070746034990431,"MV3":0.529507576167957,"CH1":0.8457175278986877}