{"MV1":0.8012646607925841,"MV3":0.312321990257306,"CH1":0.4250669733423893}