{"MV1":0.6113859103185887,"MV3":0.3955972667732808,"CH1":0.2838507639702056}