{"MV1":0.8393386816685756,"MV3":0.6976700099405044,"CH1":0.36848000831666883}