{"MV1":0.8614134831665466,"MV3":0.6173371810662734,"CH1":0.7880073241092079}