{"MV1":0.23479272183588507,"MV3":0.5904235438234569,"CH1":0.8306817039404758}