{"MV1":0.8387560046947492,"MV3":0.48680189376824257,"CH1":0.7809227601009429}