{"MV1":0.2879567319203552,"MV3":0.5664555077687503,"CH1":0.20584407709818597}