{"MV1":0.6954566405264236,"MV3":0.8756859180070593,"CH1":0.6803199933566749}