{"MV1":0.09992026884889627,"MV3":0.8587199683685598,"CH1":0.015490551896701232}