{"MV1":0.7634900290890466,"MV3":0.2174977034785478,"CH1":0.9064481667857548}