{"MV1":0.5099297030978612,"MV3":0.591661965590738,"CH1":0.0032600208679700593}