{"MV1":0.3823173792947274,"MV3":0.3212377628698554,"CH1":0.46911436934495687}