{"MV1":0.8751462406145435,"MV3":0.31413046405232126,"CH1":0.16985974971309503}