{"MV1":0.7347579741339623,"MV3":0.4484203437155603,"CH1":0.09603673787097144}