{"MV1":0.9904432107882465,"MV3":0.22408194697749484,"CH1":0.978389783320535}