{"MV1":0.08144000515297789,"MV3":0.2595104710819943,"CH1":0.1954538545811204}