{"MV1":0.8766094731558068,"MV3":0.28848681123580755,"CH1":0.005108124865613184}