{"MV1":0.8080350896099553,"MV3":0.09751883351621227,"CH1":0.411369226199394}