{"MV1":0.5949019229885674,"MV3":0.30475264276319536,"CH1":0.6192572422034208}