{"MV1":0.07515152106670142,"MV3":0.8958477258081622,"CH1":0.2807382788742011}