{"MV1":0.5425090566813057,"MV3":0.3315840392072993,"CH1":0.7129740535737549}