{"MV1":0.6328238673881517,"MV3":0.3133952851178392,"CH1":0.9238678204137843}