{"MV1":0.7717729198317471,"MV3":0.4737220231346354,"CH1":0.9082930391463957}