{"MV1":0.7517434526182957,"MV3":0.28219678849313423,"CH1":0.15743511642753016}