{"MV1":0.2230604650598672,"MV3":0.5069028072016727,"CH1":0.007566144997959379}