{"MV1":0.6005941944827111,"MV3":0.1942335285672636,"CH1":0.8781866871711157}