{"MV1":0.3811266848730721,"MV3":0.8107521961017735,"CH1":0.3590533525401114}