{"MV1":0.43799393068563486,"MV3":0.70189831519721,"CH1":0.9396802900062453}