{"MV1":0.9449459441488267,"MV3":0.6971106719905774,"CH1":0.55115965682608}