{"MV1":0.8408413956069645,"MV3":0.5914211456473492,"CH1":0.28352037143940023}