{"MV1":0.2319414769064163,"MV3":0.9306151480253977,"CH1":0.9216986038860114}