{"MV1":0.3003659518894759,"MV3":0.997607783487655,"CH1":0.3386382543879074}