{"MV1":0.4255868109993497,"MV3":0.5864974438242234,"CH1":0.9238651173409697}