{"MV1":0.5557263237180139,"MV3":0.527663245143984,"CH1":0.5696797656962772}