{"MV1":0.7231335783758251,"MV3":0.3151944485462167,"CH1":0.9329794508469675}