{"MV1":0.2109132992148255,"MV3":0.40777316978788536,"CH1":0.12432098943440328}