{"MV1":0.014668164929454108,"MV3":0.7498864153300251,"CH1":0.4719939840578269}