{"MV1":0.2657107813113938,"MV3":0.3732782158535721,"CH1":0.1432618624933637}