{"MV1":0.3986262102231317,"MV3":0.8446675698868338,"CH1":0.34074790520924425}