{"MV1":0.7649556989100733,"MV3":0.16143448747858924,"CH1":0.44042827913190596}