{"MV1":0.8033416074508144,"MV3":0.04977924636555853,"CH1":0.42846341113372555}