{"MV1":0.7874824167511297,"MV3":0.11050431510970171,"CH1":0.11470699870660417}