{"MV1":0.6203701712382322,"MV3":0.9381624239401735,"CH1":0.21976268655223452}