{"MV1":0.846391934075922,"MV3":0.5397123635631353,"CH1":0.6061006407449101}