{"MV1":0.879640584329129,"MV3":0.4312119112992966,"CH1":0.7795328168476607}