{"MV1":0.10195916938349281,"MV3":0.7629750250460671,"CH1":0.8685476043649285}