{"MV1":0.4949001563689791,"MV3":0.7707573394563894,"CH1":0.3555133033070764}