{"MV1":0.2352570708595726,"MV3":0.3140519201185953,"CH1":0.22226012533909856}