{"MV1":0.7838569495682333,"MV3":0.43407066746693324,"CH1":0.9888033178834874}