{"MV1":0.6464538086571149,"MV3":0.4281574054425824,"CH1":0.3187015804908303}