{"MV1":0.701962150896565,"MV3":0.6755396635988791,"CH1":0.9154085554378272}