{"MV1":0.8907763427910975,"MV3":0.4199349756597961,"CH1":0.7053155793015274}