{"MV1":0.6453396594034182,"MV3":0.17426560401475877,"CH1":0.294057921779018}