{"MV1":0.6461475228727708,"MV3":0.5708243481031487,"CH1":0.04445474196473875}