{"MV1":0.7381029650162494,"MV3":0.2852449610689035,"CH1":0.23049867259998902}