{"MV1":0.7283487462163012,"MV3":0.2788871247564746,"CH1":0.5820807852277562}