{"MV1":0.025223757641344657,"MV3":0.45589091423960737,"CH1":0.9971626410029285}