{"MV1":0.2771331349348506,"MV3":0.03404561089623992,"CH1":0.6931849709008786}