{"MV1":0.7425451312447203,"MV3":0.3912197084184258,"CH1":0.4047422654594953}