{"MV1":0.9658387186760581,"MV3":0.14506186426750411,"CH1":0.6866859456419082}