{"MV1":0.5437320812783724,"MV3":0.05431225834489106,"CH1":0.11208518580638427}