{"MV1":0.5096401195230305,"MV3":0.13928889963876168,"CH1":0.9890853096055329}