{"MV1":0.5261683850955954,"MV3":0.8504335416553407,"CH1":0.39388582491569124}