{"MV1":0.8023671519318188,"MV3":0.8012667175171074,"CH1":0.9329995142690253}