{"MV1":0.7100157935105876,"MV3":0.9484273547839839,"CH1":0.1797149663311366}