{"MV1":0.71631595763262,"MV3":0.23178753846129485,"CH1":0.5230564972470962}