{"MV1":0.2215219383954864,"MV3":0.09383942688544156,"CH1":0.22065927042583589}