{"MV1":0.49447096513263866,"MV3":0.9605811594452593,"CH1":0.8220953084997463}