{"MV1":0.1554113481686734,"MV3":0.17118812307818276,"CH1":0.2841693020382895}