{"MV1":0.6211100980532426,"MV3":0.48658381681188834,"CH1":0.812221951760914}