{"MV1":0.898405458596817,"MV3":0.16462264783950287,"CH1":0.03843042283938558}