{"MV1":0.26774177710011404,"MV3":0.8812026431237061,"CH1":0.7113160581373137}