{"MV1":0.46156280540751393,"MV3":0.23619578003020925,"CH1":0.5600192517130117}