{"MV1":0.41247614279627676,"MV3":0.5040408929589671,"CH1":0.2208978461207851}