{"MV1":0.4138192392360406,"MV3":0.02753700523098368,"CH1":0.39649169984714694}