{"MV1":0.05182288146389025,"MV3":0.02854301712301921,"CH1":0.7060997691519099}