{"MV1":0.9710628326857248,"MV3":0.40999744035834396,"CH1":0.5722893935500373}