{"MV1":0.3811807335250871,"MV3":0.13496955088789886,"CH1":0.4508545676236648}