{"MV1":0.9109303749256666,"MV3":0.2937879469459388,"CH1":0.7249225115950725}