{"MV1":0.418123583756317,"MV3":0.8813525129151513,"CH1":0.8362038542164455}