{"MV1":0.9286258318742755,"MV3":0.8553665370589548,"CH1":0.9386709524159017}