{"MV1":0.7846685983453529,"MV3":0.01243450704372695,"CH1":0.9023505130771559}