{"MV1":0.2569319255360706,"MV3":0.08198012513139341,"CH1":0.266022849905738}