{"MV1":0.08803031711252574,"MV3":0.47821873905686496,"CH1":0.9617705032786403}