{"MV1":0.4394282252631879,"MV3":0.05900398725907641,"CH1":0.48802016125861003}