{"MV1":0.7997054686034535,"MV3":0.676733940127502,"CH1":0.9543580963446537}