{"MV1":0.062305057261500596,"MV3":0.3198104462118835,"CH1":0.8458958881659933}