{"MV1":0.42401157788610166,"MV3":0.43447518885588643,"CH1":0.3883181616906958}