{"MV1":0.15266781769041393,"MV3":0.8119108495090912,"CH1":0.10409401893742254}