{"MV1":0.8538002777752127,"MV3":0.6525976410834149,"CH1":0.06927224322932157}