{"MV1":0.07572753162975376,"MV3":0.8673862060528558,"CH1":0.7774659789526754}