{"MV1":0.014875247841663275,"MV3":0.33931334535275515,"CH1":0.7052399248352818}