{"MV1":0.6947861320271238,"MV3":0.9433686317521195,"CH1":0.7433958354998025}