{"MV1":0.5602945338477492,"MV3":0.29928289878336156,"CH1":0.38606431073085834}