{"MV1":0.5334378250173947,"MV3":0.516088977014635,"CH1":0.459314929124653}