{"MV1":0.20170404436516465,"MV3":0.24284167739329132,"CH1":0.43820871411060636}