{"MV1":0.07095095575844834,"MV3":0.2674646269473683,"CH1":0.9176301224090301}