{"MV1":0.12486925556559858,"MV3":0.9100630219316459,"CH1":0.5215159873155464}