{"MV1":0.32470154810778595,"MV3":0.4981955512439994,"CH1":0.4451717635871444}