{"MV1":0.3427674664747026,"MV3":0.04717529525664954,"CH1":0.5971989167289985}