{"MV1":0.5372186772605216,"MV3":0.2697405954607802,"CH1":0.4065464202659552}