{"MV1":0.9470811734893014,"MV3":0.65756552172362,"CH1":0.8698926130484147}