{"MV1":0.7142645135203962,"MV3":0.5761989165729667,"CH1":0.05714224810683444}