{"MV1":0.018667073238163856,"MV3":0.28922549935992725,"CH1":0.45178007874925363}