{"MV1":0.24570546887381994,"MV3":0.18506500210786558,"CH1":0.6663085188311868}