{"MV1":0.9856410293893233,"MV3":0.5472899222417471,"CH1":0.7182784141090114}