{"MV1":0.4560204587205835,"MV3":0.15024118929805097,"CH1":0.9657213221789733}