{"MV1":0.27252879115032924,"MV3":0.5060434265873421,"CH1":0.42283627938289137}