{"MV1":0.7557657356648503,"MV3":0.9680818304056774,"CH1":0.1927356805817091}