{"MV1":0.2495109524807192,"MV3":0.6981049240099725,"CH1":0.026788160925931837}