{"MV1":0.2850623417834792,"MV3":0.3758742698441413,"CH1":0.8149180642850739}