{"MV1":0.5195838414686664,"MV3":0.6181522734856698,"CH1":0.92338404796116}