{"MV1":0.33407656628938165,"MV3":0.771540310800351,"CH1":0.08372939934632517}