{"MV1":0.36342346196558273,"MV3":0.258050397871449,"CH1":0.30053358057431456}