{"MV1":0.25474690945043577,"MV3":0.42040936948280494,"CH1":0.7831961369113539}