{"MV1":0.8745154096454255,"MV3":0.13741265867084462,"CH1":0.9056143294448372}