{"MV1":0.4927550530312741,"MV3":0.47784732874893854,"CH1":0.9293855456158623}