{"MV1":0.8466827780292485,"MV3":0.6378248322836076,"CH1":0.2629762209830302}