{"MV1":0.10034589292373242,"MV3":0.5843828272432653,"CH1":0.6006506240602603}