{"MV1":0.1561684482713589,"MV3":0.9946768688262552,"CH1":0.3709221273402671}