{"MV1":0.5631546611857243,"MV3":0.5681977965972603,"CH1":0.9317861027221898}