{"MV1":0.28754315446711487,"MV3":0.86300683419186,"CH1":0.48046796154000526}