{"MV1":0.11156093883387785,"MV3":0.032266581292897945,"CH1":0.10240505360427099}