{"MV1":0.1579833834154053,"MV3":0.2086917402484627,"CH1":0.8426802018331591}