{"MV1":0.5979495913980433,"MV3":0.10986114094565991,"CH1":0.5377907287106736}