{"MV1":0.7382905769836011,"MV3":0.25014459506700015,"CH1":0.017522355091880826}