{"MV1":0.9049413126622264,"MV3":0.898818301211665,"CH1":0.8619881234077909}