{"MV1":0.04151094157679047,"MV3":0.006840276900940578,"CH1":0.7395526893655826}