{"MV1":0.708326501831334,"MV3":0.7851338673476674,"CH1":0.7077017921293595}