{"MV1":0.8845768793272795,"MV3":0.44108086503844157,"CH1":0.9273172935588908}