{"MV1":0.9635541884492997,"MV3":0.10208569617706387,"CH1":0.1575315657725731}