{"MV1":0.45163995353870934,"MV3":0.45800924719470404,"CH1":0.1789149539398618}