{"MV1":0.5492896853128822,"MV3":0.9556846454843518,"CH1":0.6342000528616394}