{"MV1":0.6779257690179928,"MV3":0.7315076403502063,"CH1":0.4784424159263362}