{"MV1":0.7685034773644108,"MV3":0.0052784014192761575,"CH1":0.42171735747123107}