{"MV1":0.7804337036289171,"MV3":0.38144308034169094,"CH1":0.719283918600836}