{"MV1":0.38381964887462416,"MV3":0.4012224369402596,"CH1":0.968786317518671}