{"MV1":0.8737127814387101,"MV3":0.8729562449349063,"CH1":0.26176164639568666}