{"MV1":0.29103151257336735,"MV3":0.4804465693881176,"CH1":0.6233477505201808}