{"MV1":0.9665674520753333,"MV3":0.9995536145581498,"CH1":0.11355141063784069}