{"MV1":0.33838611979599054,"MV3":0.3216787870375787,"CH1":0.06617858493303985}