{"MV1":0.31151133105154527,"MV3":0.6285658415082495,"CH1":0.864996962372978}