{"MV1":0.3869118016664477,"MV3":0.5001992133455206,"CH1":0.208907361917412}