{"MV1":0.4404824660024882,"MV3":0.12505501921887452,"CH1":0.789470933324912}