{"MV1":0.12318870697660733,"MV3":0.780567272733473,"CH1":0.5201253143480311}