{"MV1":0.43456898272183164,"MV3":0.686882250368495,"CH1":0.6936657060653897}