{"MV1":0.8956569574979515,"MV3":0.6027104522633376,"CH1":0.6200801644527951}