{"MV1":0.6829114605096899,"MV3":0.18886893643744795,"CH1":0.24446691017899447}