{"MV1":0.007037107467598891,"MV3":0.386925960954846,"CH1":0.9861014483553537}