{"MV1":0.30066561202297004,"MV3":0.4280564139149491,"CH1":0.848036735238533}