{"MV1":0.37369397446416697,"MV3":0.5323335513943461,"CH1":0.21828075727066565}