{"MV1":0.041735118955655515,"MV3":0.2637285569776131,"CH1":0.6658545162637418}