{"MV1":0.2893974402538716,"MV3":0.6089867822193087,"CH1":0.43310379105803376}