{"MV1":0.4830698758001942,"MV3":0.4249412246066532,"CH1":0.6053806012569111}