{"MV1":0.8846175720708055,"MV3":0.45632261135612784,"CH1":0.32406033008874346}