{"MV1":0.701771462657925,"MV3":0.8206872679828893,"CH1":0.47280651263723006}