{"MV1":0.9064927583546407,"MV3":0.27158514932756217,"CH1":0.9589732999182414}