{"MV1":0.6372399901242327,"MV3":0.6453699690940423,"CH1":0.0160162450137753}