{"MV1":0.9196627710813943,"MV3":0.17562630250066302,"CH1":0.5366032999646737}