{"MV1":0.7735478160661053,"MV3":0.3090282543183479,"CH1":0.0672734210846625}