{"MV1":0.1918410438018382,"MV3":0.5108877913066207,"CH1":0.1047175103919612}