{"MV1":0.870564155027395,"MV3":0.36391332929625064,"CH1":0.7186990014457787}