{"MV1":0.059799206086113,"MV3":0.7158077337269729,"CH1":0.8703837814615848}