{"MV1":0.013630422199440995,"MV3":0.9555312606774681,"CH1":0.927539482085021}