{"MV1":0.3407141607501668,"MV3":0.7118158051726132,"CH1":0.29309020047311307}