{"MV1":0.6385256747812809,"MV3":0.022088908427041698,"CH1":0.8479042888029308}