{"MV1":0.27967162041089133,"MV3":0.9800015436656473,"CH1":0.7379957926719823}