{"MV1":0.17453946659546082,"MV3":0.30974433461884676,"CH1":0.663336100497691}