{"MV1":0.0695731436242153,"MV3":0.028402187313697147,"CH1":0.2313491639400127}