{"MV1":0.8134558681674878,"MV3":0.5700120072825469,"CH1":0.23790986080282073}