{"MV1":0.3038777868229615,"MV3":0.3750191653047453,"CH1":0.5570566953539261}