{"MV1":0.700495921720903,"MV3":0.18100637450011114,"CH1":0.21127817385089076}