{"MV1":0.22196510074410036,"MV3":0.24021328086684968,"CH1":0.3715284788716102}