{"MV1":0.06660406905872773,"MV3":0.5905367568266767,"CH1":0.16123337721177156}