{"MV1":0.681833693409166,"MV3":0.34031545672516095,"CH1":0.919115581822626}