{"MV1":0.36643230653427894,"MV3":0.90014234277297,"CH1":0.6911951350050215}