{"MV1":0.0896979836812114,"MV3":0.9642748882111623,"CH1":0.43295889349437466}