{"MV1":0.3223238130152194,"MV3":0.8837762534540021,"CH1":0.8115947339818312}