{"MV1":0.7337368925670875,"MV3":0.10005573374727872,"CH1":0.67720173907535}