{"MV1":0.5899705735939462,"MV3":0.9333477861984382,"CH1":0.1010903295915857}