{"MV1":0.28415411509696686,"MV3":0.3608218839224817,"CH1":0.8869594519522966}