{"MV1":0.11432628086533914,"MV3":0.515511885388661,"CH1":0.8726305874305365}