{"MV1":0.8890009759839036,"MV3":0.5543252824188195,"CH1":0.2848763967443009}