{"MV1":0.1759932642958627,"MV3":0.4577556457464882,"CH1":0.450836461108305}