{"MV1":0.18941914938349158,"MV3":0.015037849300307382,"CH1":0.050597909197003355}