{"MV1":0.4490014242624919,"MV3":0.7074533013300557,"CH1":0.37575089151691776}