{"MV1":0.1620895788641854,"MV3":0.7922630092916039,"CH1":0.5108518945248719}