{"MV1":0.14822069187666365,"MV3":0.10623927669555899,"CH1":0.8192107946387371}