{"MV1":0.3330424036817281,"MV3":0.6955172409921065,"CH1":0.174740884419192}