{"MV1":0.8381109573920195,"MV3":0.37760049953673325,"CH1":0.21293477917836945}