{"MV1":0.7847822281614075,"MV3":0.2536713191423121,"CH1":0.5612419054985467}