{"MV1":0.6186990955103632,"MV3":0.9096953045500279,"CH1":0.2843305167739133}