{"MV1":0.520869807921433,"MV3":0.1277863946917095,"CH1":0.6538248846841709}