{"MV1":0.4491573248170815,"MV3":0.673146681366344,"CH1":0.9628785112693893}