{"MV1":0.4682760223699767,"MV3":0.9021480855616412,"CH1":0.9349491753075256}