{"MV1":0.3442323828018813,"MV3":0.5926776908064537,"CH1":0.5563435964698896}