{"MV1":0.516333484317201,"MV3":0.2737175591618688,"CH1":0.9547068425994403}