{"MV1":0.69808537239054,"MV3":0.01971892157233468,"CH1":0.2679236535504218}