{"MV1":0.47790211673602356,"MV3":0.2526969258946341,"CH1":0.518272933495865}