{"MV1":0.5278449113605412,"MV3":0.312091934873585,"CH1":0.3380626101278388}