{"MV1":0.2768061126100245,"MV3":0.029546669848414364,"CH1":0.0039908721982219175}