{"MV1":0.8868085838134894,"MV3":0.7456835190185742,"CH1":0.514575017747015}