{"MV1":0.6652837299496579,"MV3":0.6283231486317989,"CH1":0.6133029952060972}