{"MV1":0.6872099589882147,"MV3":0.616141414325443,"CH1":0.32596240617751404}