{"MV1":0.5662398314368922,"MV3":0.09686418946143716,"CH1":0.8979040135661338}