{"MV1":0.33402106113888275,"MV3":0.9728581157142224,"CH1":0.5369326915922938}