{"MV1":0.4967755488980866,"MV3":0.4951790964929892,"CH1":0.6874383003064203}