{"MV1":0.42471029276253724,"MV3":0.46175671430485,"CH1":0.3616816161729314}