{"MV1":0.6837990899592609,"MV3":0.9852619400323047,"CH1":0.5144069083717662}