{"MV1":0.1629619716606201,"MV3":0.5312969830010699,"CH1":0.2302958622300575}