{"MV1":0.7237204294068752,"MV3":0.0765443631178766,"CH1":0.061285647123716536}