{"MV1":0.8215397194924585,"MV3":0.05821646013033266,"CH1":0.07620660717616223}