{"MV1":0.6054454185278797,"MV3":0.17669395185081616,"CH1":0.7156795996613278}