{"MV1":0.28941804963818407,"MV3":0.6937859218013226,"CH1":0.7933573866227178}