{"MV1":0.9090171238022369,"MV3":0.7495574908465399,"CH1":0.9174146045527577}