{"MV1":0.2865908207990453,"MV3":0.6023797364723741,"CH1":0.43341240092806366}