{"MV1":0.7681391718004787,"MV3":0.6866635314367102,"CH1":0.2826117188421964}