{"MV1":0.48168632993287874,"MV3":0.47609872926397545,"CH1":0.31777540805142845}