{"MV1":0.6711578207409754,"MV3":0.5439296421898362,"CH1":0.6320634887765126}