{"MV1":0.9252841082250464,"MV3":0.3258700562256921,"CH1":0.7882379166442081}