{"MV1":0.48182585021275537,"MV3":0.2935527507268425,"CH1":0.7567944216294192}