{"MV1":0.2597522723767105,"MV3":0.6972292582721223,"CH1":0.9417851160661194}