{"MV1":0.23530326193653617,"MV3":0.9831790650029522,"CH1":0.6073428855569617}