{"MV1":0.14190130623872133,"MV3":0.037456073260499934,"CH1":0.14553479225985766}