{"MV1":0.08770452979557786,"MV3":0.48430349408568885,"CH1":0.29968012503862174}