{"MV1":0.4495637949875535,"MV3":0.3913270040033129,"CH1":0.5246053838502439}