{"MV1":0.8716491296065606,"MV3":0.31980561434098975,"CH1":0.7232208411288483}