{"MV1":0.8122972304242998,"MV3":0.7602793433228958,"CH1":0.4075223749652197}