{"MV1":0.6003514255081975,"MV3":0.817238802774096,"CH1":0.8328892902815279}