{"MV1":0.7969846989067966,"MV3":0.09114486434380153,"CH1":0.598238580710522}