{"MV1":0.4768249168278208,"MV3":0.9900434173299527,"CH1":0.5074391476434865}