{"MV1":0.22391297667229748,"MV3":0.08536551056399311,"CH1":0.940730530928838}