{"MV1":0.6922412909152555,"MV3":0.13179689280291373,"CH1":0.35529522327446006}