{"MV1":0.2905155196927507,"MV3":0.40234622127202624,"CH1":0.10783435881500258}