{"MV1":0.5823268559936698,"MV3":0.46902094162889896,"CH1":0.3659263765798172}