{"MV1":0.7485416540576215,"MV3":0.40368809471457145,"CH1":0.7460820970139618}