{"MV1":0.187267701753289,"MV3":0.6321059078707904,"CH1":0.5875369145225792}