{"MV1":0.5627827285983521,"MV3":0.48740373835811535,"CH1":0.6159373645821662}