{"MV1":0.07485499592333544,"MV3":0.20302091548632717,"CH1":0.9786795026875983}