{"MV1":0.8073974011586006,"MV3":0.615595313009607,"CH1":0.6518214837587457}