{"MV1":0.20378598572687412,"MV3":0.8677314275413571,"CH1":0.08106325368513001}