{"MV1":0.12145829141575404,"MV3":0.8292169290273412,"CH1":0.16131907216579788}