{"MV1":0.45392010995631915,"MV3":0.9240395022336181,"CH1":0.7411763275296117}