{"MV1":0.6474413747052885,"MV3":0.23517800237187458,"CH1":0.8721877613006938}