{"MV1":0.33936999191936623,"MV3":0.6532435611400912,"CH1":0.20374481099589692}