{"MV1":0.04908229370983119,"MV3":0.13718475475471237,"CH1":0.3293519784219271}