{"MV1":0.3276988476592084,"MV3":0.7221824458875878,"CH1":0.9153539778886717}