{"MV1":0.05132791327797448,"MV3":0.15593077205645955,"CH1":0.03619524036311306}