{"MV1":0.24476186278392342,"MV3":0.15309435097778845,"CH1":0.9188081998855048}