{"MV1":0.32578914788660795,"MV3":0.8373499209641052,"CH1":0.9036119558674015}