{"MV1":0.02577221606853386,"MV3":0.3064657193157585,"CH1":0.0771185131657417}