{"MV1":0.20022665469087308,"MV3":0.9760576030675756,"CH1":0.59177086053603}