{"MV1":0.13505249422369447,"MV3":0.20486514845471004,"CH1":0.8555355922658846}