{"MV1":0.3046284183545458,"MV3":0.9470431094672295,"CH1":0.6210303426947281}