{"MV1":0.73587318324336,"MV3":0.9655639072471529,"CH1":0.1670102185734038}