{"MV1":0.9390637624641311,"MV3":0.604960449051195,"CH1":0.8971801327239064}