{"MV1":0.22237948306092803,"MV3":0.7621744798370665,"CH1":0.5061442268298919}