{"MV1":0.7148682413082369,"MV3":0.2774525208478048,"CH1":0.338420718395532}