{"MV1":0.29588257999398637,"MV3":0.17029235528230535,"CH1":0.4454905681324085}