{"MV1":0.332326900874642,"MV3":0.38913346869251797,"CH1":0.91803664662299}