{"MV1":0.17117506998260168,"MV3":0.25406767877736325,"CH1":0.055018576801067476}