{"MV1":0.09368334496292674,"MV3":0.40455517894042525,"CH1":0.16772613983405815}