{"MV1":0.004043640225450562,"MV3":0.7321543045042023,"CH1":0.35808818756607375}