{"MV1":0.17183700428896298,"MV3":0.3751983065865361,"CH1":0.3976808854852487}