{"MV1":0.02448094167486281,"MV3":0.28671482347422284,"CH1":0.03069123219319514}