{"MV1":0.05920688649592143,"MV3":0.8827063876377118,"CH1":0.8845004778993153}