{"MV1":0.4313508350364458,"MV3":0.4424128429013161,"CH1":0.06218760521815547}