{"MV1":0.5044302312254276,"MV3":0.9155805817577949,"CH1":0.25479635785601995}