{"MV1":0.33889489106291704,"MV3":0.9876634312119668,"CH1":0.05670181961027854}