{"MV1":0.7612816798166986,"MV3":0.4043901003546443,"CH1":0.7535344911110727}