{"MV1":0.08323807616588919,"MV3":0.3509730052085289,"CH1":0.41656023657051666}