{"MV1":0.8782517049678693,"MV3":0.152416078204051,"CH1":0.7783385910403062}