{"MV1":0.019299957350124908,"MV3":0.8567180729420688,"CH1":0.029906372855907914}