{"MV1":0.7665523963942757,"MV3":0.4765858924217842,"CH1":0.9768852062935102}