{"MV1":0.1586435324390103,"MV3":0.7896442634824896,"CH1":0.5578027684694137}