{"MV1":0.39250610330185387,"MV3":0.26672898708875914,"CH1":0.06920695124728127}