{"MV1":0.9828192251132313,"MV3":0.7676574917563581,"CH1":0.46090758122674014}