{"MV1":0.7268970361905357,"MV3":0.05662550561040025,"CH1":0.28842340512326814}