{"MV1":0.7950198089860688,"MV3":0.05624141301732799,"CH1":0.8341984037380976}