{"MV1":0.3495011029654226,"MV3":0.686850369842674,"CH1":0.49565751725311913}