{"MV1":0.6871330498002697,"MV3":0.11783967797234274,"CH1":0.3921966895344752}