{"MV1":0.8948887457794642,"MV3":0.09755910234393095,"CH1":0.3762244341472395}