{"MV1":0.4975522803483937,"MV3":0.39636308047086644,"CH1":0.06804078933416735}