{"MV1":0.3742122927152668,"MV3":0.4475579241600537,"CH1":0.8283973622903547}