{"MV1":0.44941538331728403,"MV3":0.4444595432678393,"CH1":0.5877245416287857}