{"MV1":0.5907044327800768,"MV3":0.41807404586883656,"CH1":0.4522310322485399}