{"MV1":0.8129429957574449,"MV3":0.8893563323985179,"CH1":0.2803667662997992}