{"MV1":0.8062196540652824,"MV3":0.774253668928999,"CH1":0.48560842288790007}