{"MV1":0.8206942792549256,"MV3":0.26802203322289675,"CH1":0.9855546145988331}