{"MV1":0.7452924712653161,"MV3":0.7490099411829878,"CH1":0.2574064318445406}