{"MV1":0.9589731474920409,"MV3":0.6938639362308309,"CH1":0.21125259288116627}