{"MV1":0.4692017644411677,"MV3":0.4498128656550612,"CH1":0.11442683988275104}