{"MV1":0.29344361281098674,"MV3":0.7119119036537795,"CH1":0.5313268316247699}