{"MV1":0.38634036716196907,"MV3":0.8833436436170231,"CH1":0.7422875589116041}