{"MV1":0.07316745950508963,"MV3":0.07119786154392194,"CH1":0.5628856419260541}