{"MV1":0.44002544173963576,"MV3":0.9307027143732911,"CH1":0.7424961837493195}