{"MV1":0.24694835932341364,"MV3":0.911682566118713,"CH1":0.9102862689450057}