{"MV1":0.24995285776609533,"MV3":0.757974647242805,"CH1":0.17380232691134934}