{"MV1":0.7591508232929769,"MV3":0.7409377537349119,"CH1":0.014510583394280907}