{"MV1":0.8754780350412864,"MV3":0.8938986609015751,"CH1":0.7672645232748168}