{"MV1":0.5268651102409356,"MV3":0.8044502507287219,"CH1":0.18722270596490587}