{"MV1":0.01407037387341159,"MV3":0.6877544286462864,"CH1":0.5963202946151025}