{"MV1":0.36857948871505697,"MV3":0.11199319501432303,"CH1":0.1506901609141137}