{"MV1":0.0997415682935342,"MV3":0.43657098569030717,"CH1":0.4992321985651603}