{"MV1":0.62070153960509,"MV3":0.4832279907203241,"CH1":0.7362079398734921}