{"MV1":0.8600240299193137,"MV3":0.08700943645157222,"CH1":0.9850151584025704}