{"MV1":0.31549270034943444,"MV3":0.01928437115009407,"CH1":0.6629395151251125}