{"MV1":0.7209320936571217,"MV3":0.5338451640033265,"CH1":0.9693575458640755}