{"MV1":0.8185195977425073,"MV3":0.5263990665574231,"CH1":0.3874677508056754}