{"MV1":0.4736278184715045,"MV3":0.30500262390236477,"CH1":0.6703955162426258}