{"MV1":0.12924674453565432,"MV3":0.04804270580852943,"CH1":0.9353570100720354}