{"MV1":0.5424039521204821,"MV3":0.5017083341141492,"CH1":0.7373318364356609}