{"MV1":0.07246772317224426,"MV3":0.6151445359306357,"CH1":0.4292125446096249}