{"MV1":0.6716526130030501,"MV3":0.624856880479627,"CH1":0.5288253643357209}