{"MV1":0.9404609885554015,"MV3":0.9917892689491479,"CH1":0.4968801749994315}