{"MV1":0.987586622934832,"MV3":0.3612121441797611,"CH1":0.9906689298129348}