{"MV1":0.9434088729899269,"MV3":0.750928507068254,"CH1":0.3022362067798894}