{"MV1":0.3376659491901137,"MV3":0.4213548856280477,"CH1":0.31672156212841784}