{"MV1":0.4474647535984755,"MV3":0.09959392066386474,"CH1":0.27513479022442955}