{"MV1":0.5939660608283246,"MV3":0.47358394971546414,"CH1":0.747309857495843}