{"MV1":0.6069267654974648,"MV3":0.540397224241345,"CH1":0.0512196998157981}