{"MV1":0.6936646701999726,"MV3":0.5959353256170663,"CH1":0.2818827926478574}