{"MV1":0.48721487229696614,"MV3":0.349939376768305,"CH1":0.30893869842337895}