{"MV1":0.40722574398793054,"MV3":0.049233266753520244,"CH1":0.8006064319021402}