{"MV1":0.6177378382151117,"MV3":0.27945606771745124,"CH1":0.8289945213299449}