{"MV1":0.920903678542902,"MV3":0.9806994967185215,"CH1":0.4736468486917006}