{"MV1":0.5121802703206355,"MV3":0.690975515308592,"CH1":0.06147598304130075}