{"MV1":0.8336910469094729,"MV3":0.3161584782005522,"CH1":0.041228757625677126}