{"MV1":0.5660641161073812,"MV3":0.39731387021299813,"CH1":0.9425290670331916}