{"MV1":0.06920020628806756,"MV3":0.8695358096875103,"CH1":0.24449962381267476}