{"MV1":0.04275556419904769,"MV3":0.18810701279141484,"CH1":0.24845127237019382}