{"MV1":0.9743673327821561,"MV3":0.5493066074496047,"CH1":0.753749867895392}