{"MV1":0.13838965968413086,"MV3":0.9714503206305838,"CH1":0.04825714400049286}