{"MV1":0.8124745181564694,"MV3":0.6743765438939798,"CH1":0.9426082341846356}