{"MV1":0.2602740334971704,"MV3":0.20962507863726065,"CH1":0.17690763933542364}