{"MV1":0.058301479260824185,"MV3":0.21098541067557341,"CH1":0.7803617109821499}