{"MV1":0.7262079602714194,"MV3":0.42391216676879184,"CH1":0.793837100547602}