{"MV1":0.3643119596133524,"MV3":0.13765172944583337,"CH1":0.35722616467962764}