{"MV1":0.014775228377199245,"MV3":0.09325316093993707,"CH1":0.05411889166134132}