{"MV1":0.9228929869989515,"MV3":0.3031209802009238,"CH1":0.5971780180736933}