{"MV1":0.15489744911990944,"MV3":0.5754936915391546,"CH1":0.6609812023218378}