{"MV1":0.6857601325637108,"MV3":0.2642684851926762,"CH1":0.6028043734361878}