{"MV1":0.8519599018804833,"MV3":0.5667527633578314,"CH1":0.8987381281864488}