{"MV1":0.6390719407683432,"MV3":0.39787997941229336,"CH1":0.8176050131854913}