{"MV1":0.5486187055451341,"MV3":0.5446269568146535,"CH1":0.4936689936212738}