{"MV1":0.8310603947584042,"MV3":0.371581671895714,"CH1":0.5083672425343068}