{"MV1":0.13845716751036852,"MV3":0.5029364070064142,"CH1":0.587537321529655}