{"MV1":0.41152505616691615,"MV3":0.539651028378888,"CH1":0.38722253669034457}