{"MV1":0.07500860439583767,"MV3":0.30371293591402326,"CH1":0.46685357275311923}