{"MV1":0.0576515558205577,"MV3":0.6759420400002845,"CH1":0.8752242182647495}