{"MV1":0.008903029545259789,"MV3":0.3823141356748119,"CH1":0.6186884807189736}