{"MV1":0.4472774151274388,"MV3":0.7024523426259764,"CH1":0.3607770224639809}