{"MV1":0.7246068815596077,"MV3":0.4405389147725184,"CH1":0.8397525072099494}