{"MV1":0.06342522259091454,"MV3":0.4969347074738193,"CH1":0.8467460266583867}