{"MV1":0.983769648146517,"MV3":0.30622369598107657,"CH1":0.5832613996871738}