{"MV1":0.5092257544927682,"MV3":0.7005844188734446,"CH1":0.5658897183244744}