{"MV1":0.7797158185704052,"MV3":0.28464033004741596,"CH1":0.06258000398212127}