{"MV1":0.4586518942985368,"MV3":0.4047616251053855,"CH1":0.9845686677288635}