{"MV1":0.686485304536647,"MV3":0.04356971224607731,"CH1":0.938125038776756}