{"MV1":0.9401470132689305,"MV3":0.01580170596110142,"CH1":0.4250034645755467}