{"MV1":0.7797857760180181,"MV3":0.25928717537431856,"CH1":0.3454651841949725}