{"MV1":0.23567254462860043,"MV3":0.9734588087863839,"CH1":0.6719699583312901}