{"MV1":0.390028262760299,"MV3":0.7377480576050847,"CH1":0.462270814880854}