{"MV1":0.42462286917035996,"MV3":0.9228352982873109,"CH1":0.3301832939153072}