{"MV1":0.8829714834211915,"MV3":0.6537272397417404,"CH1":0.8260467320538646}