{"MV1":0.8610034346589398,"MV3":0.06624656102843174,"CH1":0.42738378247355935}