{"MV1":0.7975359694390293,"MV3":0.873891176676786,"CH1":0.6945255816253222}