{"MV1":0.13425174959615271,"MV3":0.12219129582696531,"CH1":0.24740123702238281}