{"MV1":0.07384046225030672,"MV3":0.29421921622482006,"CH1":0.6669152484012861}