{"MV1":0.15415588501510014,"MV3":0.6805520621588054,"CH1":0.519295477134275}