{"MV1":0.9031071049092279,"MV3":0.4386477483053898,"CH1":0.17366764144119173}