{"MV1":0.8072763347674072,"MV3":0.35295774767464894,"CH1":0.2634521583471927}