{"MV1":0.45723875227537714,"MV3":0.19335721706845443,"CH1":0.7306343499174625}