{"MV1":0.08021598659267049,"MV3":0.19278001911636689,"CH1":0.4575695278282037}