{"MV1":0.6438448067797602,"MV3":0.07966041671444479,"CH1":0.24488457901753446}