{"MV1":0.0528582943273761,"MV3":0.25373231536714447,"CH1":0.2891530485271897}