{"MV1":0.706963553753066,"MV3":0.6293743732874735,"CH1":0.8863215161975508}