{"MV1":0.01403891459903095,"MV3":0.09575743321843155,"CH1":0.7484354206180496}