{"MV1":0.7563614410899901,"MV3":0.7960907581098213,"CH1":0.8963457066090376}