{"MV1":0.9464397721912544,"MV3":0.6658256206793032,"CH1":0.5786206541621531}