{"MV1":0.4693933975544994,"MV3":0.9272264301613675,"CH1":0.5497503749914396}