{"MV1":0.42136461189201424,"MV3":0.8972826170162151,"CH1":0.8566878632167318}