{"MV1":0.29168919920465497,"MV3":0.8291530238578089,"CH1":0.05438320729446966}