{"MV1":0.11149631368615776,"MV3":0.38286981454387303,"CH1":0.14795024916977573}