{"MV1":0.23111328952669563,"MV3":0.3828940469056079,"CH1":0.4658148949803751}