{"MV1":0.0007752662790575515,"MV3":0.665823729567579,"CH1":0.6137548541924713}