{"MV1":0.744744086511574,"MV3":0.030680280831486106,"CH1":0.34381909458456283}