{"MV1":0.41327192428315396,"MV3":0.45577090744410276,"CH1":0.5860774360181609}