{"MV1":0.02066895270984881,"MV3":0.8826734964137877,"CH1":0.6556254772593029}