{"MV1":0.7215476686766416,"MV3":0.696891647597892,"CH1":0.18041205534964844}