{"MV1":0.20776742866982223,"MV3":0.3226209296607623,"CH1":0.4029139161562141}