{"MV1":0.5603315186211307,"MV3":0.6174934411770494,"CH1":0.20152727034693496}