{"MV1":0.747840253226469,"MV3":0.23622032561879913,"CH1":0.4982811462439146}