{"MV1":0.6671877256853671,"MV3":0.9060129453905772,"CH1":0.5534859700983666}