{"MV1":0.6156607257091328,"MV3":0.858456670444709,"CH1":0.17529204393708964}