{"MV1":0.4728621396886774,"MV3":0.23443430101539198,"CH1":0.8833705719602187}