{"MV1":0.5552865078395641,"MV3":0.45758380056379133,"CH1":0.9913815104639259}