{"MV1":0.9886032590119175,"MV3":0.0314192958945716,"CH1":0.9003645009060268}