{"MV1":0.5352979446365245,"MV3":0.07012638687327055,"CH1":0.1680040226326287}