{"MV1":0.6625683923643341,"MV3":0.5384443810634915,"CH1":0.7091133720397668}