{"MV1":0.49871843890879375,"MV3":0.3936248041210041,"CH1":0.6540278168383123}