{"MV1":0.9782451767995091,"MV3":0.15857220985392317,"CH1":0.7187054921832234}