{"MV1":0.5703844582079659,"MV3":0.644808165897431,"CH1":0.43980624659752543}