{"MV1":0.4533982197583777,"MV3":0.22189793189080298,"CH1":0.4128470519282069}