{"MV1":0.29349448599953487,"MV3":0.10252507974834757,"CH1":0.2929599821597477}