{"MV1":0.4586240489100083,"MV3":0.2623390732190122,"CH1":0.28670851964799693}