{"MV1":0.4832746672252701,"MV3":0.03572333690588403,"CH1":0.658379065048333}