{"MV1":0.9271116750489893,"MV3":0.2750658766108022,"CH1":0.197708842664165}