{"MV1":0.5783301849269497,"MV3":0.054899300140684115,"CH1":0.47634864334168003}