{"MV1":0.8598446829471507,"MV3":0.7966035925714596,"CH1":0.9470926873025292}