{"MV1":0.9931427060369242,"MV3":0.07092849662320388,"CH1":0.4699872890414596}