{"MV1":0.3792824803751712,"MV3":0.00693091617127628,"CH1":0.8635395142381563}