{"MV1":0.4493036533033491,"MV3":0.39667833730450897,"CH1":0.3531959725274859}