{"MV1":0.5574979212897356,"MV3":0.844944054207536,"CH1":0.07273303496683903}