{"MV1":0.9369063786810455,"MV3":0.49021056795247253,"CH1":0.5432697577140385}