{"MV1":0.5309905210764286,"MV3":0.9114499978826593,"CH1":0.5009721426175126}