{"MV1":0.7902063430700134,"MV3":0.43719188275041077,"CH1":0.7017136366039329}