{"MV1":0.6963272966101515,"MV3":0.45777186599979236,"CH1":0.5222009082492264}