{"MV1":0.847321522340399,"MV3":0.32725947566796987,"CH1":0.20809018899904297}