{"MV1":0.6055485667093792,"MV3":0.6201206940000566,"CH1":0.07989075171495519}