{"MV1":0.8438809077630024,"MV3":0.6437864101603931,"CH1":0.6459042121045658}