{"MV1":0.3180828914370226,"MV3":0.8227338409874918,"CH1":0.9455031153502218}