{"MV1":0.12282402295522354,"MV3":0.6771053889092138,"CH1":0.09537157764914772}