{"MV1":0.7327172278822632,"MV3":0.9331270234855702,"CH1":0.5079044000882944}