{"MV1":0.539038355319701,"MV3":0.9037851214358636,"CH1":0.8815501207402444}