{"MV1":0.7088145569930033,"MV3":0.4964397541178447,"CH1":0.8171580172425302}