{"MV1":0.8308867412993877,"MV3":0.025203314082891892,"CH1":0.0693774666311805}