{"MV1":0.8377814262331977,"MV3":0.6666363883673179,"CH1":0.4420326678491683}