{"MV1":0.08778475737350488,"MV3":0.7116528916540643,"CH1":0.8591773075220879}