{"MV1":0.09322584244493559,"MV3":0.9802309060197396,"CH1":0.994585594094714}