{"MV1":0.3751782953757292,"MV3":0.8292970000098485,"CH1":0.23082542815109752}