{"MV1":0.24896120403796373,"MV3":0.32290284827148075,"CH1":0.3709810712065311}