{"MV1":0.13681856959836836,"MV3":0.08097359250336311,"CH1":0.4816649536362373}