{"MV1":0.4322035751633484,"MV3":0.12413032660963708,"CH1":0.42066095496649225}