{"MV1":0.7332794136757603,"MV3":0.5952722564674613,"CH1":0.8230309391005136}