{"MV1":0.29251243199340327,"MV3":0.12564189157058947,"CH1":0.6116102927459042}