{"MV1":0.03052401229636381,"MV3":0.9006649187201032,"CH1":0.8795884181350321}