{"MV1":0.7969864828166,"MV3":0.9188533258653342,"CH1":0.5468210616362648}