{"MV1":0.757464501837273,"MV3":0.21816406854986725,"CH1":0.04250945237526249}