{"MV1":0.41120616051281955,"MV3":0.8797876906356564,"CH1":0.40382757223433874}