{"MV1":0.40548869071653315,"MV3":0.22647546093117388,"CH1":0.6411186553425577}