{"MV1":0.9978661078414047,"MV3":0.7840311777729528,"CH1":0.6003925380258797}