{"MV1":0.0925840256132251,"MV3":0.9524440241797338,"CH1":0.5313813414688607}