{"MV1":0.2751867707436886,"MV3":0.34986867094228413,"CH1":0.6713777673783607}