{"MV1":0.19162344704816303,"MV3":0.8531448086583663,"CH1":0.17502775383515734}