{"MV1":0.6882316809594652,"MV3":0.9973491769798032,"CH1":0.5684311728996383}