{"MV1":0.7777121422283717,"MV3":0.6212535578219492,"CH1":0.5566011218733322}