{"MV1":0.3157227047524508,"MV3":0.6475544598222761,"CH1":0.7149797821019281}