{"MV1":0.8148395093282041,"MV3":0.7669281069051422,"CH1":0.14791523780966032}