{"MV1":0.6165713264830108,"MV3":0.6510977697896194,"CH1":0.7370330240328544}