{"MV1":0.7566307924928235,"MV3":0.5070979370416385,"CH1":0.7073178247290763}