{"MV1":0.5848719584785419,"MV3":0.23939236959933985,"CH1":0.7708924276736325}