{"MV1":0.46230762413399207,"MV3":0.37899771913882163,"CH1":0.12776243961260736}