{"MV1":0.926610955526699,"MV3":0.908907354588219,"CH1":0.2665213879784938}