{"MV1":0.23376304999072106,"MV3":0.21635752269730224,"CH1":0.8950640410251078}