{"MV1":0.2520584748437007,"MV3":0.03509874282567038,"CH1":0.15439315204464077}