{"MV1":0.17134523518604383,"MV3":0.6931487690299146,"CH1":0.19246166198559778}