{"MV1":0.4594785870296333,"MV3":0.17953666113523858,"CH1":0.34978597131395917}