{"MV1":0.7292347542096602,"MV3":0.9384830400640225,"CH1":0.8399440943095661}