{"MV1":0.21323536331157356,"MV3":0.9456150561562209,"CH1":0.056394190874075045}