{"MV1":0.2948712591091459,"MV3":0.7783701304807494,"CH1":0.23589947652722865}