{"MV1":0.5288676698733425,"MV3":0.8375360525560869,"CH1":0.1796609168358394}