{"MV1":0.5343892076146868,"MV3":0.9910371386383626,"CH1":0.8146905937457333}