{"MV1":0.4205154957555176,"MV3":0.20051508619161995,"CH1":0.16190551218700344}