{"MV1":0.9235867780477485,"MV3":0.5796561534325309,"CH1":0.8233579070051704}