{"MV1":0.49978873751608555,"MV3":0.025548204715822864,"CH1":0.831260242917943}