{"MV1":0.6893424560680266,"MV3":0.8067088685346766,"CH1":0.8296925493800966}