{"MV1":0.9498614485686215,"MV3":0.9443471695470483,"CH1":0.6152665090366848}