{"MV1":0.8676459671817858,"MV3":0.023824426868271686,"CH1":0.7879692029583324}