{"MV1":0.722254927795192,"MV3":0.6694234276420771,"CH1":0.11808872070956089}