{"MV1":0.9929746880825107,"MV3":0.03120230671887614,"CH1":0.5103746438086327}