{"MV1":0.10598862457971359,"MV3":0.898992259028582,"CH1":0.789226195006303}