{"MV1":0.7509477732066374,"MV3":0.17591083576746036,"CH1":0.4812648567377511}