{"MV1":0.9830028682462708,"MV3":0.19402666406098434,"CH1":0.4459691518326454}