{"MV1":0.693585440415985,"MV3":0.7331783390995249,"CH1":0.9046838836211996}