{"MV1":0.9656561754968395,"MV3":0.7228487199871116,"CH1":0.605157505911812}