{"MV1":0.7730351620794264,"MV3":0.8300603657788693,"CH1":0.4508792339874763}