{"MV1":0.004683464716373709,"MV3":0.09291165863551198,"CH1":0.37065028244675546}