{"MV1":0.006865409909802889,"MV3":0.4102796334006781,"CH1":0.5716623271382635}