{"MV1":0.8442995798534259,"MV3":0.8165748302153378,"CH1":0.3740603340241516}