{"MV1":0.08835878826338339,"MV3":0.1300287855371669,"CH1":0.007565029625299591}