{"MV1":0.5294952636427837,"MV3":0.8810840856415955,"CH1":0.35851745570206295}