{"MV1":0.15304622911451804,"MV3":0.6185088170793808,"CH1":0.9120243810815155}