{"MV1":0.7284597089341565,"MV3":0.44190200034668015,"CH1":0.9118909423776786}