{"MV1":0.8759319136526554,"MV3":0.4877644887721885,"CH1":0.36668056641093916}