{"MV1":0.34517524718412207,"MV3":0.21389617173545794,"CH1":0.14875480161707244}