{"MV1":0.9387338981691186,"MV3":0.9758306387943263,"CH1":0.012021402021629157}