{"MV1":0.29461863085112283,"MV3":0.38748340153175154,"CH1":0.359718548127681}