{"MV1":0.9634605775853108,"MV3":0.9299724506328598,"CH1":0.8735652829470494}