{"MV1":0.49440149357242824,"MV3":0.8995036619502454,"CH1":0.5325966517134159}