{"MV1":0.5161330035218061,"MV3":0.0892952320923247,"CH1":0.8369535429155439}