{"MV1":0.5306423595893976,"MV3":0.5900235580043747,"CH1":0.06599983697015743}