{"MV1":0.44082516086924983,"MV3":0.9149044936272318,"CH1":0.382014505596151}