{"MV1":0.16619735630181132,"MV3":0.8158470856834006,"CH1":0.16998198802391562}