{"MV1":0.2721329898371767,"MV3":0.685917847722562,"CH1":0.5370683271891028}