{"MV1":0.6278924823147821,"MV3":0.1226818671185832,"CH1":0.3228486647273885}