{"MV1":0.04513332053984853,"MV3":0.044474413607986985,"CH1":0.9259141945893102}