{"MV1":0.5032175674904299,"MV3":0.12416860019603981,"CH1":0.45312315751249155}