{"MV1":0.9065928516141848,"MV3":0.730384444741074,"CH1":0.2747964789903511}