{"MV1":0.2842005083880832,"MV3":0.47979822924510473,"CH1":0.4524546105932259}