{"MV1":0.19149740625083267,"MV3":0.12142894127534132,"CH1":0.6979247861575526}