{"MV1":0.413624873839071,"MV3":0.37244168963265645,"CH1":0.8394793281553341}