{"MV1":0.1426935089809258,"MV3":0.1723552972564516,"CH1":0.3345211768558686}