{"MV1":0.2838486274729358,"MV3":0.7927781325841579,"CH1":0.08448381016883544}