{"MV1":0.15387659067957904,"MV3":0.6483817511495696,"CH1":0.19294509932674042}