{"MV1":0.1946244443055276,"MV3":0.031018949367350945,"CH1":0.4361493491153632}