{"MV1":0.9129325127697823,"MV3":0.8804037456485082,"CH1":0.25045248209544135}