{"MV1":0.4407370582826826,"MV3":0.1365340130904964,"CH1":0.529261276170955}