{"MV1":0.32834764825974605,"MV3":0.3369096696822632,"CH1":0.9706482074348424}