{"MV1":0.04584871323520412,"MV3":0.2157280927310672,"CH1":0.671508901638369}