{"MV1":0.9771302188639909,"MV3":0.9300862816180555,"CH1":0.189215628283673}