{"MV1":0.21988070364066692,"MV3":0.27770465729933513,"CH1":0.04049203839359006}