{"MV1":0.9418956067983484,"MV3":0.3490130443153808,"CH1":0.01697505149487122}