{"MV1":0.21312538897043132,"MV3":0.7505748122151508,"CH1":0.18416374123759383}