{"MV1":0.03496116073037836,"MV3":0.9581191567297259,"CH1":0.9839566610984127}