{"MV1":0.7263370410015607,"MV3":0.13879961822906106,"CH1":0.8805838979833219}