{"MV1":0.3398653773976864,"MV3":0.4575986566803637,"CH1":0.34098827697949396}