{"MV1":0.2799756450317512,"MV3":0.23960740763744282,"CH1":0.13078910522117315}