{"MV1":0.9339731743634092,"MV3":0.7982555883769182,"CH1":0.6605763652799163}