{"MV1":0.8794671335805548,"MV3":0.5907463283739346,"CH1":0.5151567338680817}