{"MV1":0.032342630956481155,"MV3":0.39603639961885895,"CH1":0.3664120029795972}