{"MV1":0.4869707585128771,"MV3":0.5700885839916734,"CH1":0.8604001075258262}