{"MV1":0.41545929700666906,"MV3":0.5470825800804471,"CH1":0.9664387770977886}