{"MV1":0.6606247282864053,"MV3":0.22258284912143456,"CH1":0.9306150574909143}