{"MV1":0.636861038991464,"MV3":0.3007754319672643,"CH1":0.201983544339583}