{"MV1":0.9701215922961319,"MV3":0.4622605743064293,"CH1":0.4794326566165533}