{"MV1":0.42324302025429106,"MV3":0.2225349740306618,"CH1":0.29883230890029533}