{"MV1":0.7113617178440959,"MV3":0.5420687361561265,"CH1":0.6907970503065273}