{"MV1":0.8298406088616117,"MV3":0.6341529119206873,"CH1":0.8362894208933361}