{"MV1":0.2558260036437766,"MV3":0.536836317238848,"CH1":0.19243705559149837}