{"MV1":0.7928561072746243,"MV3":0.43125132437344904,"CH1":0.8067532348172729}