{"MV1":0.7691599916208933,"MV3":0.6109048876429847,"CH1":0.9741674006116925}