{"MV1":0.3739940392085277,"MV3":0.9954354026490331,"CH1":0.9963230403089004}