{"MV1":0.4336803319691399,"MV3":0.584442498469152,"CH1":0.9315186031852187}