{"MV1":0.4560346469382851,"MV3":0.5168236875087158,"CH1":0.34780482685106207}