{"MV1":0.1519258591458459,"MV3":0.23247247417802797,"CH1":0.07880394643474786}