{"MV1":0.6903102109039665,"MV3":0.3672255621665166,"CH1":0.746449135136904}