{"MV1":0.22868378058015382,"MV3":0.25537178332608323,"CH1":0.5523769215577208}