{"MV1":0.9337250625396084,"MV3":0.1322185468844952,"CH1":0.8657295022993367}