{"MV1":0.30247253806249463,"MV3":0.8742924240079846,"CH1":0.05064209450992685}