{"MV1":0.8238316108647823,"MV3":0.4331243198428232,"CH1":0.19718926493118405}