{"MV1":0.5027891081147983,"MV3":0.9723617083742219,"CH1":0.18996794935650796}