{"MV1":0.613549333953472,"MV3":0.8563657724901991,"CH1":0.9195162919162054}