{"MV1":0.6196354938482491,"MV3":0.5320331389181266,"CH1":0.3427947526400341}