{"MV1":0.28822090917762755,"MV3":0.33533226227623836,"CH1":0.7125843018911303}