{"MV1":0.30372135522574095,"MV3":0.6793902535626399,"CH1":0.6668752054958237}