{"MV1":0.4012275562775187,"MV3":0.04505939612091492,"CH1":0.15011432555571502}