{"MV1":0.005496414673572314,"MV3":0.017964118831888753,"CH1":0.2419350509076792}