{"MV1":0.6421663264107569,"MV3":0.18265017181436416,"CH1":0.20037242008053702}