{"MV1":0.4086726584193052,"MV3":0.3785642857933277,"CH1":0.8883803109400825}