{"MV1":0.18379211173909804,"MV3":0.5057038051916983,"CH1":0.7858435785078975}