{"MV1":0.38817496680159413,"MV3":0.534886505392576,"CH1":0.07791119851141282}