{"MV1":0.47885541142168375,"MV3":0.5999019740055985,"CH1":0.9591942961232128}