{"MV1":0.7683818383451616,"MV3":0.5884828523391747,"CH1":0.010966023834770633}