{"MV1":0.0036085999586810136,"MV3":0.9511305636455945,"CH1":0.7517898620705529}