{"MV1":0.08731724720466882,"MV3":0.06721226284984239,"CH1":0.18255755683047659}