{"MV1":0.5940254826421933,"MV3":0.430964539827673,"CH1":0.34139648432656367}