{"MV1":0.9395277249797137,"MV3":0.10012581338558624,"CH1":0.20910872456120133}