{"MV1":0.765586241849295,"MV3":0.11085817475594428,"CH1":0.26179740467712154}