{"MV1":0.3516733491088161,"MV3":0.09978779217050382,"CH1":0.3398468432390104}