{"MV1":0.6724919294285111,"MV3":0.17391607322632785,"CH1":0.9642672591685524}