{"MV1":0.6930097738468074,"MV3":0.29781534469501614,"CH1":0.08443276255841459}