{"MV1":0.8338833651650812,"MV3":0.1379775374461174,"CH1":0.011141085623069036}