{"MV1":0.06393876777034169,"MV3":0.26982472730497187,"CH1":0.8246804779100084}