{"MV1":0.8410732907047611,"MV3":0.05234724033113325,"CH1":0.22906182237595019}