{"MV1":0.8365971206548788,"MV3":0.04470602851609673,"CH1":0.3522923529302642}