{"MV1":0.29547447075213784,"MV3":0.8230064878672047,"CH1":0.8692325581240685}