{"MV1":0.2444288640555854,"MV3":0.2587735530541473,"CH1":0.3816986708586343}