{"MV1":0.7863009758767261,"MV3":0.434801016547126,"CH1":0.8991867780120143}