{"MV1":0.5028377943262069,"MV3":0.002720345465678231,"CH1":0.07086163436632753}