{"MV1":0.6358118551497576,"MV3":0.08220839553005721,"CH1":0.2721280755607479}