{"MV1":0.8025049678296179,"MV3":0.9898834416786125,"CH1":0.7956904620451919}