{"MV1":0.7084083453643488,"MV3":0.5763531273569401,"CH1":0.10490646021130878}