{"MV1":0.7096023928285785,"MV3":0.22242809910497185,"CH1":0.4807729586529591}