{"MV1":0.2564982470092426,"MV3":0.5554129603056183,"CH1":0.5662277268445314}