{"MV1":0.06866373718321062,"MV3":0.106711889936427,"CH1":0.927240387143207}