{"MV1":0.12052228088607653,"MV3":0.9646301979470375,"CH1":0.8518776272366856}