{"MV1":0.8994344169415289,"MV3":0.6242932319389275,"CH1":0.9277456592246998}