{"MV1":0.7823698563541293,"MV3":0.23367681025792642,"CH1":0.8754856623582701}