{"MV1":0.8429760190048533,"MV3":0.10936010082197345,"CH1":0.7957012587640437}