{"MV1":0.06012125324546869,"MV3":0.6332796196761044,"CH1":0.4656165671143}