{"MV1":0.93621221380727,"MV3":0.6408600581563357,"CH1":0.22139665402889297}