{"MV1":0.44884140837435793,"MV3":0.44812395490001256,"CH1":0.01452229793923343}