{"MV1":0.7488707342660291,"MV3":0.6081221411458967,"CH1":0.4817283735168204}