{"MV1":0.31715284040537584,"MV3":0.1240462226229162,"CH1":0.22244128606000446}