{"MV1":0.9430017839957329,"MV3":0.4200621950226773,"CH1":0.5291371121796199}