{"MV1":0.7397796768749217,"MV3":0.8190762032137796,"CH1":0.22962343950619257}