{"MV1":0.3776504042584373,"MV3":0.09506076049019618,"CH1":0.6987918353249702}