{"MV1":0.42183027824242403,"MV3":0.8256099724930758,"CH1":0.7327723381982616}