{"MV1":0.6947436964683008,"MV3":0.2097513285243806,"CH1":0.3442708832539494}