{"MV1":0.7028636225280311,"MV3":0.8378179284573732,"CH1":0.7941645770625504}