{"MV1":0.9424947720045957,"MV3":0.05770844510222095,"CH1":0.7306701032017276}