{"MV1":0.9404266643231504,"MV3":0.7181951300110654,"CH1":0.9750610361599501}