{"MV1":0.3708602699071555,"MV3":0.4249685047153582,"CH1":0.14681960282404938}