{"MV1":0.8624637918968776,"MV3":0.4714753213638663,"CH1":0.610967438213765}