{"MV1":0.10285583959341182,"MV3":0.32794371430308433,"CH1":0.7010701157449244}