{"MV1":0.5104600864702962,"MV3":0.39176016509747913,"CH1":0.5324125179097601}