{"MV1":0.043444282229858744,"MV3":0.47191535955490627,"CH1":0.5231812737197958}