{"MV1":0.7989206254378503,"MV3":0.30086686436278154,"CH1":0.7764032293343105}