{"MV1":0.10525259829302724,"MV3":0.3770959274003983,"CH1":0.9034298850071171}