{"MV1":0.9083049559739013,"MV3":0.6191603663139087,"CH1":0.12278195801910785}