{"MV1":0.07113970757109844,"MV3":0.9836905508934479,"CH1":0.0437392680825226}