{"MV1":0.9081273725208531,"MV3":0.8097608448644261,"CH1":0.18780821567666994}