{"MV1":0.3885281916387324,"MV3":0.03340342244243133,"CH1":0.5594161127749474}