{"MV1":0.31788843661364363,"MV3":0.4164042955561148,"CH1":0.5815954307351424}