{"MV1":0.8054157645131489,"MV3":0.9442091245699715,"CH1":0.9435986587101478}