{"MV1":0.5440301318977401,"MV3":0.6278594758483791,"CH1":0.3205256899110137}