{"MV1":0.35236803653232907,"MV3":0.10875755414966437,"CH1":0.7047021515990853}