{"MV1":0.25339241446372873,"MV3":0.7852314976756454,"CH1":0.312729768907994}