{"MV1":0.8000456081146287,"MV3":0.24673045458710063,"CH1":0.3106336970892848}