{"MV1":0.8110985370578435,"MV3":0.6702916538662255,"CH1":0.5250011137473236}