{"MV1":0.9836877866440817,"MV3":0.7355204135642093,"CH1":0.8108342503696778}