{"MV1":0.8786172935905305,"MV3":0.4908912821518292,"CH1":0.5440794454928167}