{"MV1":0.3576376841627956,"MV3":0.8915104037229178,"CH1":0.9785899579586315}