{"MV1":0.6398099425127074,"MV3":0.2804302567599021,"CH1":0.8213122277557818}