{"MV1":0.6828436603514123,"MV3":0.07615589334107842,"CH1":0.15501088663030993}