{"MV1":0.728106207658477,"MV3":0.36929256151585044,"CH1":0.7922964703618053}