{"MV1":0.7134778078893443,"MV3":0.9458978898391792,"CH1":0.6047594784868363}