{"MV1":0.3245871335649112,"MV3":0.05673148482522716,"CH1":0.7080159522962761}