{"MV1":0.7254018785562254,"MV3":0.15197945647971478,"CH1":0.23568542212124455}