{"MV1":0.19980695324679087,"MV3":0.4698531352993428,"CH1":0.4386627951713198}