{"MV1":0.8782435216538335,"MV3":0.7129031171968572,"CH1":0.6071457943370482}