{"MV1":0.3655923677025926,"MV3":0.6117824768992217,"CH1":0.41709175211316474}