{"MV1":0.5749190324747542,"MV3":0.801468583928139,"CH1":0.11314806998960047}