{"MV1":0.2487255417719587,"MV3":0.6484054219499735,"CH1":0.7556657515050328}