{"MV1":0.6246262760102935,"MV3":0.02279740103663286,"CH1":0.2412198519342803}