{"MV1":0.27619077168415584,"MV3":0.2575993596450521,"CH1":0.6550219050843183}