{"MV1":0.617761857249771,"MV3":0.112107674235294,"CH1":0.11003451267565567}