{"MV1":0.04055038696464697,"MV3":0.8281553360163428,"CH1":0.004148088662520255}