{"MV1":0.6160860875934221,"MV3":0.022904814639455928,"CH1":0.9434606260609804}