{"MV1":0.9712303853689626,"MV3":0.6411143251688258,"CH1":0.9271044611053156}