{"MV1":0.9795770893061715,"MV3":0.3040774834927644,"CH1":0.9083826156035754}