{"MV1":0.20368895401591747,"MV3":0.9026597265541452,"CH1":0.6872864101945885}