{"MV1":0.4604964179287986,"MV3":0.4593746490516498,"CH1":0.24110849312730143}