{"MV1":0.9372423431709561,"MV3":0.931484983191558,"CH1":0.4722655822260451}