{"MV1":0.9294954862170448,"MV3":0.25473041802154106,"CH1":0.8025966550184823}