{"MV1":0.6587912018832691,"MV3":0.10129711775984984,"CH1":0.957950470617457}