{"MV1":0.33525844039927255,"MV3":0.7230967261231602,"CH1":0.3928633034374963}