{"MV1":0.6392782757969262,"MV3":0.7847506021644939,"CH1":0.09045776631201785}