{"MV1":0.24609224485887737,"MV3":0.9850258010186267,"CH1":0.7877417917160292}