{"MV1":0.8690680031680873,"MV3":0.9145469211035613,"CH1":0.46995311695096786}