{"MV1":0.10137816078587591,"MV3":0.6081600527934738,"CH1":0.25202255596086154}