{"MV1":0.3506941809849786,"MV3":0.9060437343538573,"CH1":0.26948026583014506}