{"MV1":0.8853836411256517,"MV3":0.8808623859982829,"CH1":0.27475704186446004}