{"MV1":0.35341094137319795,"MV3":0.22140352093039473,"CH1":0.04552817386982322}