{"MV1":0.8703104662689911,"MV3":0.8864757615543464,"CH1":0.7756872235720141}