{"MV1":0.8285015459024687,"MV3":0.9083446888492229,"CH1":0.030540986236394452}