{"MV1":0.13629552155176639,"MV3":0.6782443129429833,"CH1":0.6522756237669124}