{"MV1":0.5349221033752666,"MV3":0.780375833795276,"CH1":0.9642372135894888}