{"MV1":0.4922215374030475,"MV3":0.7031503761641281,"CH1":0.1946347238135845}