{"MV1":0.7915608212913929,"MV3":0.22658281053071738,"CH1":0.7632589287716853}