{"MV1":0.030914758688252775,"MV3":0.3152135461581702,"CH1":0.30546868917663794}