{"MV1":0.020988868840488784,"MV3":0.46074970025708095,"CH1":0.1533954956061474}