{"MV1":0.09439992151088838,"MV3":0.5690792847495555,"CH1":0.6927923101421817}