{"MV1":0.2465389787496849,"MV3":0.22365171263840178,"CH1":0.47612260470008905}