{"MV1":0.09646621166472236,"MV3":0.6333079024859941,"CH1":0.05175877246257832}