{"MV1":0.9763921237908055,"MV3":0.048163725571194194,"CH1":0.23093750442592975}