{"MV1":0.4930375371293664,"MV3":0.2595029408747056,"CH1":0.3902879186359203}