{"MV1":0.4182594746119713,"MV3":0.2894391701946294,"CH1":0.08475042450660131}