{"MV1":0.34049183548676365,"MV3":0.21608943192543772,"CH1":0.2640044807513583}