{"MV1":0.42194333864121136,"MV3":0.004023655528048287,"CH1":0.21478962272774105}