{"MV1":0.6062570820106257,"MV3":0.4791929153586525,"CH1":0.9381038629043512}