{"MV1":0.7469924656746751,"MV3":0.9695329454146485,"CH1":0.6268954390885007}