{"MV1":0.5942597648918292,"MV3":0.324386312708271,"CH1":0.6586465103537383}