{"MV1":0.18750985766942174,"MV3":0.03468935640282089,"CH1":0.7073375811175328}