{"MV1":0.2580158463785607,"MV3":0.7850243326567465,"CH1":0.7517951177366646}