{"MV1":0.703618647843528,"MV3":0.8923509351488894,"CH1":0.22634066704438693}