{"MV1":0.5778637836614712,"MV3":0.9631682726576349,"CH1":0.5766670572326256}