{"MV1":0.6214131228206917,"MV3":0.17500802000947646,"CH1":0.24168158839809228}