{"MV1":0.5283066034456009,"MV3":0.6857454295491355,"CH1":0.9182451438058088}