{"MV1":0.18251755697082206,"MV3":0.5943454990242408,"CH1":0.004219111474449533}