{"MV1":0.4038779989605533,"MV3":0.9383291097718499,"CH1":0.3267203496976486}