{"MV1":0.32926269354917226,"MV3":0.4297838398489513,"CH1":0.48795012334088184}