{"MV1":0.5100140220144528,"MV3":0.24061670051148842,"CH1":0.7680124744236078}