{"MV1":0.7861087816441825,"MV3":0.5730467797988807,"CH1":0.8660769766318541}