{"MV1":0.38815354778678146,"MV3":0.10204366104422302,"CH1":0.46285573646121636}