{"MV1":0.17106093910393516,"MV3":0.5513348162703517,"CH1":0.8750533474451683}