{"MV1":0.08077135732555518,"MV3":0.23707161939566113,"CH1":0.6162108829449333}