{"MV1":0.5039725726273293,"MV3":0.016349404290905367,"CH1":0.6130022369560316}