{"MV1":0.5895109506734654,"MV3":0.13244015152637123,"CH1":0.41020456709357034}