{"MV1":0.25155379970676084,"MV3":0.7161839512031706,"CH1":0.6995480155415075}