{"MV1":0.12983705075613083,"MV3":0.7835762650713318,"CH1":0.44674055217754993}