{"MV1":0.664837819177367,"MV3":0.5640747400760746,"CH1":0.7076617111551378}