{"MV1":0.5464827136334439,"MV3":0.09578596038675202,"CH1":0.3091879740860837}