{"MV1":0.9893516873911666,"MV3":0.8434068112997283,"CH1":0.3695226574351653}