{"MV1":0.3614742892522529,"MV3":0.49152409157985166,"CH1":0.006370260164529573}