{"MV1":0.898289766596753,"MV3":0.7376570862475308,"CH1":0.033908724497149545}