{"MV1":0.2846295621246423,"MV3":0.9709080365851077,"CH1":0.3955662030998758}