{"MV1":0.9677196079041566,"MV3":0.8771207815649144,"CH1":0.17840975092289024}