{"MV1":0.5818613322430473,"MV3":0.14822926485528432,"CH1":0.2676001761701998}