{"MV1":0.20171870167981498,"MV3":0.8645023048563936,"CH1":0.039479664866904574}