{"MV1":0.470923511092477,"MV3":0.16275382068666422,"CH1":0.7090745577343843}