{"MV1":0.5134158351868727,"MV3":0.8403058087260341,"CH1":0.9040368518908665}