{"MV1":0.7215203882998114,"MV3":0.9835081546323978,"CH1":0.14931362105264123}