{"MV1":0.4533406317597388,"MV3":0.6740973047689911,"CH1":0.538712986105331}