{"MV1":0.23585580486524216,"MV3":0.7369325841799639,"CH1":0.423391223196549}