{"MV1":0.2945914636390138,"MV3":0.697249019592756,"CH1":0.17218197309945604}