{"MV1":0.5600643419747876,"MV3":0.6286131896676053,"CH1":0.740868899780314}