{"MV1":0.7098269074294351,"MV3":0.8681866968385105,"CH1":0.12907569419568532}