{"MV1":0.29656734740944335,"MV3":0.619302492925612,"CH1":0.5878382690858948}