{"MV1":0.03389501338792211,"MV3":0.9952953954050034,"CH1":0.2827610280546784}