{"MV1":0.7961469883521723,"MV3":0.1681409230672527,"CH1":0.9847871732485907}