{"MV1":0.1314541425728405,"MV3":0.4640833984729853,"CH1":0.45268488659236883}