{"MV1":0.4567118386131517,"MV3":0.7481817996865104,"CH1":0.32474400324987185}