{"MV1":0.4647016409234711,"MV3":0.8661846375674442,"CH1":0.8516419244956853}