{"MV1":0.35481999739943837,"MV3":0.9561700670699713,"CH1":0.39552009056903936}