{"MV1":0.9378574068555908,"MV3":0.6561785238264667,"CH1":0.5970019958355769}