{"MV1":0.6150932523931065,"MV3":0.7678138791305548,"CH1":0.452154276876088}