{"MV1":0.14268913341273348,"MV3":0.6896132882118212,"CH1":0.512454484977472}