{"MV1":0.2860669396661283,"MV3":0.09106025259078898,"CH1":0.7744866055762942}