{"MV1":0.7709965644244267,"MV3":0.2857893156587439,"CH1":0.6629949844100952}