{"MV1":0.5087227798871813,"MV3":0.24797394844554277,"CH1":0.7737966494888526}