{"MV1":0.3562380784938436,"MV3":0.302514218108468,"CH1":0.6172925996473548}