{"MV1":0.3050304960203375,"MV3":0.2427917779614529,"CH1":0.8526025936517374}