{"MV1":0.5425475321847232,"MV3":0.9038785632361833,"CH1":0.8906410474611371}