{"MV1":0.12067027955013188,"MV3":0.40785245018171956,"CH1":0.6083044124086397}