{"MV1":0.06197219970214163,"MV3":0.5281977241518828,"CH1":0.5015276992823873}