{"MV1":0.9183585235798294,"MV3":0.4799736347217127,"CH1":0.806755303911968}