{"MV1":0.7056069325249622,"MV3":0.630277514299423,"CH1":0.8366374570371818}