{"MV1":0.8611244675887747,"MV3":0.2612977814985169,"CH1":0.8091633800949816}