{"MV1":0.2893416752510741,"MV3":0.3464132631668284,"CH1":0.351573963014006}