{"MV1":0.3351898069505823,"MV3":0.7462317209559902,"CH1":0.6500891119508596}