{"MV1":0.017839435408039783,"MV3":0.44480744214435575,"CH1":0.034472593887063585}