{"MV1":0.4705141607011072,"MV3":0.4685340316672657,"CH1":0.045794627696790435}