{"MV1":0.36058743274074134,"MV3":0.7447667392496332,"CH1":0.14853670229469162}