{"MV1":0.1481966859452556,"MV3":0.20324531725373696,"CH1":0.44969752763959814}