{"MV1":0.38231815198421637,"MV3":0.17546861083753074,"CH1":0.870677770896426}