{"MV1":0.650849159217025,"MV3":0.8963502161544025,"CH1":0.9481563806229395}