{"MV1":0.6909890350561524,"MV3":0.7373061124215755,"CH1":0.8905436275584288}