{"MV1":0.21202507891537636,"MV3":0.024089957639075843,"CH1":0.5772673639971951}