{"MV1":0.18670898493616406,"MV3":0.42309501108255854,"CH1":0.5312587543456031}