{"MV1":0.4578484246083391,"MV3":0.270810421583648,"CH1":0.02560651262631375}