{"MV1":0.8063421665562779,"MV3":0.053696325589710714,"CH1":0.7730812009997281}