{"MV1":0.3278341346603141,"MV3":0.35639187944835693,"CH1":0.9740198887822626}