{"MV1":0.9528143175693818,"MV3":0.37555455762346746,"CH1":0.7206680574436826}