{"MV1":0.48607768371742033,"MV3":0.67650509828382,"CH1":0.7681097861865636}