{"MV1":0.6279694440245898,"MV3":0.20185800581526225,"CH1":0.4464828225515006}