{"MV1":0.16744708388881913,"MV3":0.38308713611559975,"CH1":0.8807560731472597}