{"MV1":0.6763750769109971,"MV3":0.642782958403725,"CH1":0.14942267473813275}