{"MV1":0.0850732998687358,"MV3":0.13387825516227914,"CH1":0.8629503781152172}