{"MV1":0.8766557788761405,"MV3":0.5564998404443813,"CH1":0.3397671416639254}