{"MV1":0.5493758563993321,"MV3":0.5348139986219053,"CH1":0.5133511302177961}