{"MV1":0.8372994403152304,"MV3":0.680545836765886,"CH1":0.3878178039852874}