{"MV1":0.29054451899880884,"MV3":0.28801981180407843,"CH1":0.05431250271262378}