{"MV1":0.4217025309703807,"MV3":0.2560316744356227,"CH1":0.12396732964809998}