{"MV1":0.7667313374669169,"MV3":0.5500941481817772,"CH1":0.7009952082946846}