{"MV1":0.49130506035280164,"MV3":0.9113166228638206,"CH1":0.24230376399130138}