{"MV1":0.30408174406840294,"MV3":0.6424003662045901,"CH1":0.08478176284074179}