{"MV1":0.3637973884411635,"MV3":0.4180484946908253,"CH1":0.19328306459678868}