{"MV1":0.4380027696748313,"MV3":0.5400101305449524,"CH1":0.9589004853983669}