{"MV1":0.7143789441924973,"MV3":0.14480739166180545,"CH1":0.0007987216423405163}