{"MV1":0.1480734291816863,"MV3":0.7007818814381258,"CH1":0.8864163539652291}