{"MV1":0.8164329634749562,"MV3":0.9367827669093335,"CH1":0.8660842701714159}