{"MV1":0.1677619792961308,"MV3":0.9820745478344796,"CH1":0.6217050728114121}