{"MV1":0.043910270953104735,"MV3":0.3512777283075299,"CH1":0.7256946125208578}