{"MV1":0.5285970476018095,"MV3":0.9544719614554656,"CH1":0.5513576289223181}