{"MV1":0.4669598102569147,"MV3":0.11080455367152064,"CH1":0.9140478639062661}