{"MV1":0.9153345888982689,"MV3":0.3169242736701333,"CH1":0.40799220910725964}