{"MV1":0.41649981403082514,"MV3":0.9299063849393718,"CH1":0.6238473987250633}