{"MV1":0.6981519146861657,"MV3":0.7740518878174737,"CH1":0.2111993762006079}