{"MV1":0.5484126943116112,"MV3":0.5815317329746759,"CH1":0.4755037442969451}