{"MV1":0.008287981823803747,"MV3":0.6609169216829757,"CH1":0.4968873971964296}