{"MV1":0.05006493101388565,"MV3":0.3443541061956563,"CH1":0.23686413530364603}