{"MV1":0.3928657582031485,"MV3":0.16734554801464208,"CH1":0.07448620847572196}