{"MV1":0.21122318650868932,"MV3":0.7419283398540326,"CH1":0.5218890266398115}