{"MV1":0.48100002630404437,"MV3":0.8827707675749438,"CH1":0.5054944280902551}