{"MV1":0.9766129053543754,"MV3":0.10625633914112398,"CH1":0.18750557027469017}