{"MV1":0.40434622093368056,"MV3":0.6380095099536852,"CH1":0.9900311122114714}