{"MV1":0.2405018310968039,"MV3":0.8066439425950443,"CH1":0.8493216128754376}