{"MV1":0.6298598895444766,"MV3":0.9264712529484562,"CH1":0.4900303337090458}