{"MV1":0.3830820928175579,"MV3":0.5871525628024941,"CH1":0.7905403440844107}