{"MV1":0.6963750845341491,"MV3":0.29293223562068793,"CH1":0.6321362519275056}