{"MV1":0.8794130211155928,"MV3":0.26050337370228605,"CH1":0.07506003316021392}