{"MV1":0.5618406709910391,"MV3":0.058981300150562466,"CH1":0.9556585932164787}