{"MV1":0.18105439406701285,"MV3":0.7691452648976362,"CH1":0.9457605344355211}