{"MV1":0.3162825716073303,"MV3":0.42627681088481395,"CH1":0.3803387677326704}