{"MV1":0.6291649912620327,"MV3":0.9413071045958235,"CH1":0.9199543946416335}