{"MV1":0.6137415693452885,"MV3":0.24843736991590648,"CH1":0.3629367086145495}