{"MV1":0.01899424375010461,"MV3":0.9396318581372044,"CH1":0.15097306274001143}