{"MV1":0.4120192742355693,"MV3":0.7726348442191986,"CH1":0.15706736213915928}