{"MV1":0.333344976730393,"MV3":0.49270440925625036,"CH1":0.9681003841296337}