{"MV1":0.46309459281337395,"MV3":0.26712766369930707,"CH1":0.19316375765013116}