{"MV1":0.44993801368173225,"MV3":0.2273424573602877,"CH1":0.08943507785430549}