{"MV1":0.8957786682501441,"MV3":0.9460441660191125,"CH1":0.5458615713678568}