{"MV1":0.7923186714766055,"MV3":0.4888360095918143,"CH1":0.759935053948636}