{"MV1":0.02046556611468997,"MV3":0.5077785064676081,"CH1":0.13340623683447606}