{"MV1":0.5551724053590454,"MV3":0.4375825895366797,"CH1":0.5957585960556392}