{"MV1":0.8441370652922648,"MV3":0.9226394174833463,"CH1":0.9859488171445695}