{"MV1":0.040719843760755214,"MV3":0.34582843151382037,"CH1":0.7036830771226923}