{"MV1":0.4911214662535086,"MV3":0.3813740686664049,"CH1":0.5358875093276559}