{"MV1":0.3165462341140144,"MV3":0.573172836685396,"CH1":0.10141747483595276}