{"MV1":0.5622539035322863,"MV3":0.7526918763345496,"CH1":0.9119915143901529}