{"MV1":0.9224840533626323,"MV3":0.3330034656479057,"CH1":0.9783033844968095}