{"MV1":0.8607177219687682,"MV3":0.6848416028094262,"CH1":0.49706362259681125}