{"MV1":0.7588579986374051,"MV3":0.6233262260539925,"CH1":0.8877123672507801}