{"MV1":0.7666805646513082,"MV3":0.8892322308438149,"CH1":0.49372510493080657}