{"MV1":0.8517655105509073,"MV3":0.4636319887376291,"CH1":0.9615544538490088}