{"MV1":0.21930481488495157,"MV3":0.0022788805106085386,"CH1":0.2801266461275286}