{"MV1":0.45333817045613756,"MV3":0.24169409161205502,"CH1":0.037310706270731964}