{"MV1":0.140624951579004,"MV3":0.2988726756471364,"CH1":0.2592440567264197}