{"MV1":0.8539131227245308,"MV3":0.5174523311270118,"CH1":0.6899058928873917}