{"MV1":0.8804682223226508,"MV3":0.9995407800028842,"CH1":0.5996037209052922}