{"MV1":0.4507245761234435,"MV3":0.20692670081954456,"CH1":0.1299583949461176}