{"MV1":0.18792691158744612,"MV3":0.4377253155094494,"CH1":0.7230201263681141}