{"MV1":0.631396570807987,"MV3":0.37129421654184147,"CH1":0.8124102238784111}