{"MV1":0.5660715349807531,"MV3":0.2263463648123042,"CH1":0.25606602520768107}