{"MV1":0.26088285418725543,"MV3":0.1463411679201707,"CH1":0.5183216095541502}