{"MV1":0.033991761715058466,"MV3":0.2265452713170203,"CH1":0.2666387905413362}