{"MV1":0.10701319992186686,"MV3":0.28567320762696535,"CH1":0.43054728982038504}