{"MV1":0.205548772892316,"MV3":0.5165459300584382,"CH1":0.4193585688703314}