{"MV1":0.9581932986203985,"MV3":0.5138935836021009,"CH1":0.7670169594825927}