{"MV1":0.11910340677893538,"MV3":0.27950175894912765,"CH1":0.5351405412527722}