{"MV1":0.28068322638789467,"MV3":0.6139387160674334,"CH1":0.7222197154250871}