{"MV1":0.47388829924451703,"MV3":0.8741621235522499,"CH1":0.6188702276267021}