{"MV1":0.6078246052192244,"MV3":0.6640355807631888,"CH1":0.14632997864889563}