{"MV1":0.9189692991078019,"MV3":0.44539944383413277,"CH1":0.4228875775949371}