{"MV1":0.8135067433891098,"MV3":0.6195387137685974,"CH1":0.7688698960980757}