{"MV1":0.6919128072198706,"MV3":0.11460739314715085,"CH1":0.3326775927382225}