{"MV1":0.9113186697505348,"MV3":0.24904377516490428,"CH1":0.8325399324946026}