{"MV1":0.5817729709905518,"MV3":0.02732186091909572,"CH1":0.13414752668589147}