{"MV1":0.3982681129121777,"MV3":0.6372066552774827,"CH1":0.716065156026358}