{"MV1":0.522010099606111,"MV3":0.8192244184298966,"CH1":0.7857998299310034}