{"MV1":0.8761344327663394,"MV3":0.0551569877638598,"CH1":0.10034637858958617}