{"MV1":0.5656010706825035,"MV3":0.9568814872038478,"CH1":0.23312189286611174}