{"MV1":0.28741913205956016,"MV3":0.8221838510911175,"CH1":0.20929476623627474}