{"MV1":0.3884819056768989,"MV3":0.48727565216255897,"CH1":0.7782510683660518}