{"MV1":0.18224448755044642,"MV3":0.43186188712197027,"CH1":0.5354555211313257}