{"MV1":0.9294055471874708,"MV3":0.557084677178486,"CH1":0.7453275369432131}