{"MV1":0.8036384262053894,"MV3":0.058165894572636545,"CH1":0.5250929907176144}