{"MV1":0.27584331260743056,"MV3":0.7135156296821725,"CH1":0.4431323882140009}