{"MV1":0.5671377008250993,"MV3":0.26763673255346976,"CH1":0.9929820506604289}