{"MV1":0.6371739156421863,"MV3":0.32765132229199134,"CH1":0.3146033198421053}