{"MV1":0.19522878901804863,"MV3":0.7112578595600682,"CH1":0.3133815913026414}