{"MV1":0.3261487371749451,"MV3":0.35246512886336945,"CH1":0.04549993832238952}