{"MV1":0.8580213360132918,"MV3":0.6306869400406758,"CH1":0.08049620509256816}