{"MV1":0.5733503808578174,"MV3":0.06818806043843395,"CH1":0.10304154123177156}