{"MV1":0.25741596938727174,"MV3":0.2557500589797924,"CH1":0.36717872212440694}