{"MV1":0.848863125961523,"MV3":0.8522589958024173,"CH1":0.8952773885871542}