{"MV1":0.8992811359683238,"MV3":0.6178175107562789,"CH1":0.9591885774727021}