{"MV1":0.08318791762630906,"MV3":0.9331038817272153,"CH1":0.49852946872723614}