{"MV1":0.31106215153459915,"MV3":0.24533662466512374,"CH1":0.043897365902978325}