{"MV1":0.6849893013803354,"MV3":0.6120777376149111,"CH1":0.3503338913806656}