{"MV1":0.0004518922810391457,"MV3":0.7207066968957659,"CH1":0.46651147155093053}