{"MV1":0.4316355812496989,"MV3":0.06813547554817656,"CH1":0.5875838607488941}