{"MV1":0.26788444409864853,"MV3":0.23163931062532883,"CH1":0.19737531446685008}