{"MV1":0.39015549463328003,"MV3":0.5008762949676239,"CH1":0.22103095068835643}