{"MV1":0.30498348834095035,"MV3":0.6345900657367499,"CH1":0.38930475444784707}