{"MV1":0.24490494105370164,"MV3":0.8424384596318868,"CH1":0.6812340722768644}