{"MV1":0.04367550470567916,"MV3":0.2866393572939121,"CH1":0.6853103840961925}