{"MV1":0.8321082630137461,"MV3":0.6463089031042005,"CH1":0.10567445366909411}