{"MV1":0.6297426525487771,"MV3":0.8680474119901764,"CH1":0.533352267644653}