{"MV1":0.33958129966504225,"MV3":0.5555822191073801,"CH1":0.05658167823864191}