{"MV1":0.8759247745818814,"MV3":0.5435764779384364,"CH1":0.34170023120995063}