{"MV1":0.28956349722565744,"MV3":0.3225911353046288,"CH1":0.6305204083801956}