{"MV1":0.25684149982412285,"MV3":0.1564708552311478,"CH1":0.06372186160098303}