{"MV1":0.8056382060941021,"MV3":0.5034592023820146,"CH1":0.127511795431543}