{"MV1":0.34223132097671527,"MV3":0.7594251389643636,"CH1":0.4679081099343977}