{"MV1":0.041372415063830825,"MV3":0.6207383771183131,"CH1":0.5777764762319826}