{"MV1":0.03302098401996545,"MV3":0.7745754361739878,"CH1":0.008963959033177149}