{"MV1":0.637073321338602,"MV3":0.5418472880312611,"CH1":0.8801406096061362}