{"MV1":0.5540803513969073,"MV3":0.14047346670018135,"CH1":0.13596241732410452}