{"MV1":0.6646993439852548,"MV3":0.5754478276269084,"CH1":0.10404501124163323}