{"MV1":0.280873072970353,"MV3":0.5346656019236402,"CH1":0.326574419315494}