{"MV1":0.23675044045723104,"MV3":0.5722657282968518,"CH1":0.7865724635785732}