{"MV1":0.7014856756114246,"MV3":0.003711228565918212,"CH1":0.6158159951693966}