{"MV1":0.8901704791291175,"MV3":0.8995838612810731,"CH1":0.38501316508226757}