{"MV1":0.2284297359031927,"MV3":0.8319162507005853,"CH1":0.07237646772072748}