{"MV1":0.6237116214903903,"MV3":0.32933910280463086,"CH1":0.1213014837087123}