{"MV1":0.17067458007849035,"MV3":0.6400284528362422,"CH1":0.4255949572693841}