{"MV1":0.8510402873606966,"MV3":0.25038847275730713,"CH1":0.3250797865083995}