{"MV1":0.6393500069083252,"MV3":0.29475854275274715,"CH1":0.3678676603123543}