{"MV1":0.6500416296081702,"MV3":0.8349700429235565,"CH1":0.16333471974632674}