{"MV1":0.9481344819709627,"MV3":0.3016824153043982,"CH1":0.24724926147800153}