{"MV1":0.8361718264483347,"MV3":0.17195483167722747,"CH1":0.9358274908137613}