{"MV1":0.10277984705510645,"MV3":0.3228866212612682,"CH1":0.7023347524792676}