{"MV1":0.4306501815188337,"MV3":0.8871647519431638,"CH1":0.47833076705299116}