{"MV1":0.1415858008013332,"MV3":0.04103381732170763,"CH1":0.6616562310698142}