{"MV1":0.676093929225437,"MV3":0.4442287483658661,"CH1":0.26074661379162334}