{"MV1":0.5697208728257886,"MV3":0.2633523906943944,"CH1":0.8977596113448401}