{"MV1":0.49637544414833434,"MV3":0.08102645805627395,"CH1":0.7523062155340667}