{"MV1":0.9445236142514717,"MV3":0.6072030342414467,"CH1":0.8590524462522299}