{"MV1":0.7603246507528625,"MV3":0.6743904939681719,"CH1":0.2326893837149171}