{"MV1":0.14208945343052248,"MV3":0.726757397764698,"CH1":0.9467630593404375}