{"MV1":0.2249434552734475,"MV3":0.8023639098438919,"CH1":0.41319834865888905}