{"MV1":0.4889741520883649,"MV3":0.14210746276810504,"CH1":0.1834424119160939}