{"MV1":0.9721742073165314,"MV3":0.8501902748548037,"CH1":0.8453749338827156}