{"MV1":0.44464983821174453,"MV3":0.09478382965277832,"CH1":0.618188373458903}