{"MV1":0.32868417335071043,"MV3":0.014074217719110105,"CH1":0.9856515315066186}