{"MV1":0.5761472740399737,"MV3":0.7876968517202753,"CH1":0.6179063687027423}