{"MV1":0.10952798745191816,"MV3":0.8313236414328254,"CH1":0.6055175852430403}