{"MV1":0.4418726226775196,"MV3":0.45882316122231503,"CH1":0.9467065400915395}