{"MV1":0.8180488571213548,"MV3":0.24118946180531986,"CH1":0.5273905375191515}