{"MV1":0.4355374946682309,"MV3":0.5671988886660057,"CH1":0.9282809330738341}