{"MV1":0.453857276929159,"MV3":0.49791341445950643,"CH1":0.6986153100149095}