{"MV1":0.020322507277511948,"MV3":0.13318709351205626,"CH1":0.9301247793856265}