{"MV1":0.816695684525465,"MV3":0.37369153353514883,"CH1":0.9168576153695571}