{"MV1":0.6123509065188034,"MV3":0.6897396819058279,"CH1":0.913979160869302}