{"MV1":0.004299152902245917,"MV3":0.9507628489168493,"CH1":0.27330143786235117}