{"MV1":0.12524027094076562,"MV3":0.09169495483123502,"CH1":0.29625048626347095}