{"MV1":0.5032653587413851,"MV3":0.9270510488238928,"CH1":0.5811291531876938}