{"MV1":0.234311155163613,"MV3":0.6910463480678688,"CH1":0.03125303614416319}