{"MV1":0.32983242078255615,"MV3":0.7283044164895645,"CH1":0.06518046116510445}