{"MV1":0.7101152427526609,"MV3":0.7774763873072089,"CH1":0.5142165717538602}