{"MV1":0.37086330141521784,"MV3":0.7409908465327546,"CH1":0.8013494781799131}