{"MV1":0.5743445969161682,"MV3":0.14681714641428734,"CH1":0.45855647257531873}