{"MV1":0.12846257608090794,"MV3":0.06684080498872103,"CH1":0.5228825055756623}