{"MV1":0.2021543930498435,"MV3":0.7626453777778733,"CH1":0.8257243543996574}