{"MV1":0.3220963580815458,"MV3":0.2899487120740777,"CH1":0.5695418095385143}