{"MV1":0.9867684079677302,"MV3":0.4012007360351485,"CH1":0.06815180320061776}