{"MV1":0.8108391125124945,"MV3":0.4899371439585004,"CH1":0.662081824175512}