{"MV1":0.7094599350454416,"MV3":0.5552975537898286,"CH1":0.9466621853988045}