{"MV1":0.873690867678648,"MV3":0.5956366434901714,"CH1":0.0721407028341512}