{"MV1":0.5197846445998368,"MV3":0.38009545998069005,"CH1":0.8616555728816666}