{"MV1":0.4702072229186306,"MV3":0.32373750053281114,"CH1":0.7486653586964911}