{"MV1":0.0927142279618931,"MV3":0.038576338441904,"CH1":0.7201493637598787}