{"MV1":0.24974530254980987,"MV3":0.48147314653763773,"CH1":0.5930406268708192}