{"MV1":0.6078613442682572,"MV3":0.19081978094453989,"CH1":0.31023989420569975}