{"MV1":0.5292935295045967,"MV3":0.14971982127498018,"CH1":0.938186005200535}