{"MV1":0.522590102132938,"MV3":0.014619626678705866,"CH1":0.8336689322807024}