{"MV1":0.9471971352105749,"MV3":0.2584835311584113,"CH1":0.4633502059500664}