{"MV1":0.44153835152352594,"MV3":0.5734025044029422,"CH1":0.6211211864756264}