{"MV1":0.9750749124129829,"MV3":0.04951025180025537,"CH1":0.15344181637976384}