{"MV1":0.24729962883543455,"MV3":0.42854298861935036,"CH1":0.6715755733072892}