{"MV1":0.5872106820175922,"MV3":0.8153401140845592,"CH1":0.532379003025757}