{"MV1":0.8264227505987373,"MV3":0.3806441006225272,"CH1":0.40003526926296895}