{"MV1":0.4095420148747452,"MV3":0.38270522616126,"CH1":0.6284696954298292}