{"MV1":0.4125458789313924,"MV3":0.9431355648237434,"CH1":0.32655503949962783}