{"MV1":0.5744723512538683,"MV3":0.8641194299976416,"CH1":0.20085356502117246}