{"MV1":0.15963051376397364,"MV3":0.1801883840960481,"CH1":0.18910007525798844}