{"MV1":0.7126099997985041,"MV3":0.7872840328099866,"CH1":0.9643518941084175}