{"MV1":0.7152045156210677,"MV3":0.33646949670507753,"CH1":0.9996930697095482}