{"MV1":0.611084554154286,"MV3":0.0358071727557987,"CH1":0.5578734326718798}