{"MV1":0.32116922008325977,"MV3":0.4062920051549427,"CH1":0.06019662192105246}