{"MV1":0.9106222865569624,"MV3":0.3984724131391526,"CH1":0.407295967918334}