{"MV1":0.15106963538800056,"MV3":0.44984337048114487,"CH1":0.28821420408419196}