{"MV1":0.5972639396346527,"MV3":0.42368405888879546,"CH1":0.881725095700657}