{"MV1":0.9061718468608305,"MV3":0.4024710648060159,"CH1":0.6388552063992945}