{"MV1":0.19708674117183667,"MV3":0.15888202249350558,"CH1":0.1274951732932038}