{"MV1":0.19565455767962137,"MV3":0.348592468621831,"CH1":0.19334543170226492}