{"MV1":0.9071153917176276,"MV3":0.43732415960010274,"CH1":0.3163773951436608}