{"MV1":0.1016425437637194,"MV3":0.8085663443580074,"CH1":0.3380919960399764}