{"MV1":0.9110031812784101,"MV3":0.6589302656952529,"CH1":0.760916114255694}