{"MV1":0.08611858173088649,"MV3":0.11949038298318093,"CH1":0.15819242501211084}