{"MV1":0.4069218540769227,"MV3":0.5714191024558124,"CH1":0.35446193139029647}