{"MV1":0.22118952543731274,"MV3":0.4914351111835178,"CH1":0.6029939929643768}