{"MV1":0.7992565742687905,"MV3":0.3911946256988619,"CH1":0.46357206411314444}