{"MV1":0.8985779072585559,"MV3":0.10054823336226482,"CH1":0.19023990225094622}