{"MV1":0.5518069304351325,"MV3":0.9832540826642676,"CH1":0.37592306575578216}