{"MV1":0.6052559487322834,"MV3":0.958344994989614,"CH1":0.6333214874485131}