{"MV1":0.18034734706382072,"MV3":0.975821834427035,"CH1":0.8207486916924709}