{"MV1":0.6454988841913731,"MV3":0.9809883236713756,"CH1":0.1520974566433677}