{"MV1":0.49951175576439866,"MV3":0.5726422692257497,"CH1":0.3314771279436053}