{"MV1":0.40482247098973057,"MV3":0.7279738170923296,"CH1":0.14000998662459763}