{"MV1":0.7207956265891605,"MV3":0.4478175470334259,"CH1":0.14152038110988163}