{"MV1":0.5287038549644002,"MV3":0.33001087698417253,"CH1":0.9016073389749478}