{"MV1":0.443784821246649,"MV3":0.801031456840032,"CH1":0.06071458504800753}