{"MV1":0.024398924466928262,"MV3":0.6941404947240846,"CH1":0.17349125641477192}