{"MV1":0.9900958581017159,"MV3":0.7336829573993333,"CH1":0.7382145345705151}