{"MV1":0.8211618127416527,"MV3":0.5277098736478302,"CH1":0.6258709161555484}