{"MV1":0.6488700658867689,"MV3":0.1655280439434198,"CH1":0.11432686508417722}