{"MV1":0.028808537750382168,"MV3":0.27566060853361984,"CH1":0.254761283527821}