{"MV1":0.1278313272181556,"MV3":0.7245718777280012,"CH1":0.2420296105709009}