{"MV1":0.09398506091259184,"MV3":0.35075722259966247,"CH1":0.2596870304457183}