{"MV1":0.19821095053815907,"MV3":0.7495006881660572,"CH1":0.9284438353147482}