{"MV1":0.3272821920491781,"MV3":0.1958228956815674,"CH1":0.799193600135984}