{"MV1":0.5312458788748468,"MV3":0.10730247564287043,"CH1":0.6254463180176637}