{"MV1":0.3723249981272583,"MV3":0.36977861103722465,"CH1":0.319852671019928}