{"MV1":0.912266598666551,"MV3":0.997192573279092,"CH1":0.6897242267723857}