{"MV1":0.596491223232331,"MV3":0.6296235956562845,"CH1":0.9258421100860931}