{"MV1":0.6114868184178671,"MV3":0.2024627541344628,"CH1":0.9291232842219033}