{"MV1":0.3756332576530078,"MV3":0.14658677937721432,"CH1":0.25102811483463017}