{"MV1":0.21553516422929042,"MV3":0.5223318895178329,"CH1":0.8839891765642593}