{"MV1":0.5386212765900126,"MV3":0.40898922109074265,"CH1":0.17305317894928463}