{"MV1":0.12376172793144358,"MV3":0.5882134344053136,"CH1":0.368855483835718}