{"MV1":0.5268782249669924,"MV3":0.5710550472311471,"CH1":0.9737790624690618}