{"MV1":0.8648676354461342,"MV3":0.6795867248002323,"CH1":0.021399711623515283}