{"MV1":0.24112980643776039,"MV3":0.6609295550945783,"CH1":0.9949203860297906}