{"MV1":0.3871999107722156,"MV3":0.4376386140808729,"CH1":0.6844140217986813}