{"MV1":0.696733867104265,"MV3":0.8257125824312411,"CH1":0.22790090566291699}