{"MV1":0.44715607993367135,"MV3":0.9893837295706698,"CH1":0.04937094472540582}