{"MV1":0.9174152298596683,"MV3":0.07151414020161773,"CH1":0.23969647333256727}