{"MV1":0.36845730498587914,"MV3":0.5294507132230729,"CH1":0.11904782040327722}