{"MV1":0.8900039352291241,"MV3":0.8552569719715231,"CH1":0.8185621822927194}