{"MV1":0.5227475109409738,"MV3":0.7078566319210502,"CH1":0.7171234311940189}