{"MV1":0.5645450472424868,"MV3":0.4824757695243108,"CH1":0.08878284277367332}