{"MV1":0.22340865914379704,"MV3":0.9789839410148092,"CH1":0.17829488529046444}