{"MV1":0.5045539030282151,"MV3":0.45687743340393727,"CH1":0.25067157050514777}