{"MV1":0.40717302500154984,"MV3":0.30500963668747294,"CH1":0.3448823276755213}