{"MV1":0.8287048689624301,"MV3":0.22360792716337852,"CH1":0.2946145219133347}