{"MV1":0.3054166365103822,"MV3":0.5741907559256194,"CH1":0.5094183486015582}