{"MV1":0.5995513127165232,"MV3":0.985849050460527,"CH1":0.06152710612169876}