{"MV1":0.8595568961760564,"MV3":0.376691695125839,"CH1":0.9908607755285855}