{"MV1":0.37278336278091784,"MV3":0.2863483576136816,"CH1":0.9929854442987217}