{"MV1":0.9187217798318809,"MV3":0.43741191686212066,"CH1":0.4572289005165112}