{"MV1":0.6033333660224984,"MV3":0.4374776087785732,"CH1":0.743290864732823}