{"MV1":0.7739525442388574,"MV3":0.5837225175755745,"CH1":0.5381988306022416}