{"MV1":0.5823550897451798,"MV3":0.8595460907202992,"CH1":0.14581362460908232}