{"MV1":0.7488479455831187,"MV3":0.9199593469236228,"CH1":0.7212541230164538}