{"MV1":0.5352690361021945,"MV3":0.5578500089707535,"CH1":0.6685791018926538}