{"MV1":0.6392868626294096,"MV3":0.06240909539287698,"CH1":0.17331683075653137}