{"MV1":0.8977821069141467,"MV3":0.2702618743991838,"CH1":0.9706944768450709}