{"MV1":0.8705309452358851,"MV3":0.22796217565892496,"CH1":0.0958237287826339}