{"MV1":0.11949828963671816,"MV3":0.3232974417629473,"CH1":0.6107214853819143}