{"MV1":0.4352332335349466,"MV3":0.8744379888328604,"CH1":0.38833386279127}