{"MV1":0.7304723404613276,"MV3":0.0358183569909144,"CH1":0.9301130692700174}