{"MV1":0.9798189555967997,"MV3":0.26714387500652514,"CH1":0.4307479085580136}