{"MV1":0.08334900930547995,"MV3":0.9822716086266337,"CH1":0.4852446604776586}