{"MV1":0.3137333499471864,"MV3":0.7583891473015146,"CH1":0.3372253576465195}