{"MV1":0.5528699056105422,"MV3":0.9156766189011383,"CH1":0.8119496075655412}