{"MV1":0.4009666642937322,"MV3":0.6803932073020309,"CH1":0.8714295680008515}