{"MV1":0.24697013965537096,"MV3":0.3219170602830862,"CH1":0.68398687068838}