{"MV1":0.9322946175587595,"MV3":0.5592823575044872,"CH1":0.28030238025890797}