{"MV1":0.3895108872923959,"MV3":0.060513132065605046,"CH1":0.012827626123089964}