{"MV1":0.2320871866914065,"MV3":0.7448378887229904,"CH1":0.565815585427044}