{"MV1":0.02957208108092413,"MV3":0.33219346531571226,"CH1":0.9080078873877914}