{"MV1":0.04406271422607411,"MV3":0.6649998326155938,"CH1":0.5631050083662181}