{"MV1":0.8393036877152596,"MV3":0.27248676494874646,"CH1":0.22033678548654145}