{"MV1":0.6393966053651902,"MV3":0.018450711085755578,"CH1":0.06792999750749218}