{"MV1":0.6692659933625045,"MV3":0.5002766577579251,"CH1":0.7860430359271413}