{"MV1":0.22471134044361984,"MV3":0.7544971872989105,"CH1":0.09989559574439422}