{"MV1":0.002327869626794099,"MV3":0.5874440991628864,"CH1":0.22349323906068863}