{"MV1":0.5488666474427538,"MV3":0.2889987279948889,"CH1":0.512413225344677}