{"MV1":0.6523706674890861,"MV3":0.8485100492116344,"CH1":0.5805520126205632}