{"MV1":0.08932175913812701,"MV3":0.9677405630704171,"CH1":0.6696408893948967}