{"MV1":0.8722297238823851,"MV3":0.5415645920066411,"CH1":0.3230138222876535}