{"MV1":0.33339786271721283,"MV3":0.9603306849697538,"CH1":0.8570943585709418}