{"MV1":0.9790184764688392,"MV3":0.5844590196837298,"CH1":0.21071981017285757}