{"MV1":0.31669569013619814,"MV3":0.40169815722736135,"CH1":0.20221049696542914}