{"MV1":0.5197968010478908,"MV3":0.691321059912527,"CH1":0.6385748422212882}