{"MV1":0.6434637275780992,"MV3":0.4942955179610289,"CH1":0.40628805158454784}