{"MV1":0.1362891627591949,"MV3":0.9865765012866635,"CH1":0.9307625886372312}