{"MV1":0.6077083362628588,"MV3":0.3083612742649965,"CH1":0.9771177101506552}