{"MV1":0.6588011725660254,"MV3":0.8202388823734745,"CH1":0.8370741622781676}