{"MV1":0.9615167049558759,"MV3":0.869524024736726,"CH1":0.31510493608690726}