{"MV1":0.4104043919733772,"MV3":0.8397591290036781,"CH1":0.19292349941516218}