{"MV1":0.45413417006062906,"MV3":0.15946834848771607,"CH1":0.5528925446107508}