{"MV1":0.2153955067784007,"MV3":0.058023782806080115,"CH1":0.5473880529001918}