{"MV1":0.41697906866025714,"MV3":0.04100388489697149,"CH1":0.8261687686984903}