{"MV1":0.5041091837210262,"MV3":0.8670915477259532,"CH1":0.1035346783030332}