{"MV1":0.9885742974380306,"MV3":0.6738327734237982,"CH1":0.2594483090709123}