{"MV1":0.3694110613317062,"MV3":0.5781186549470375,"CH1":0.7891237031911562}