{"MV1":0.07632916930697387,"MV3":0.923602905006655,"CH1":0.9210461942158422}