{"MV1":0.19628882045323992,"MV3":0.7250991934779581,"CH1":0.06549105576510827}