{"MV1":0.49892578893931927,"MV3":0.22104743452163078,"CH1":0.5153893348553973}