{"MV1":0.79954668352178,"MV3":0.8183267350605979,"CH1":0.9009603658235186}