{"MV1":0.7512187869422441,"MV3":0.48468549851693843,"CH1":0.7198576860821664}