{"MV1":0.872740898035491,"MV3":0.9390768577504828,"CH1":0.6508895049746705}