{"MV1":0.459395494524395,"MV3":0.14020473151831103,"CH1":0.15672699619909813}