{"MV1":0.31270609943937755,"MV3":0.9926530030455701,"CH1":0.21822451454551228}