{"MV1":0.12921404362747535,"MV3":0.5999080225436777,"CH1":0.36822251917896587}