{"MV1":0.2780885210023928,"MV3":0.24908128220440362,"CH1":0.4638887507938598}