{"MV1":0.9463400084693013,"MV3":0.804656439291179,"CH1":0.2027312086098637}