{"MV1":0.6864039207564424,"MV3":0.655475471673648,"CH1":0.07292693927574634}