{"MV1":0.7504834353604872,"MV3":0.6601786297513295,"CH1":0.01800376496006284}