{"MV1":0.5665053356757359,"MV3":0.3937188738300317,"CH1":0.07167716071514452}