{"MV1":0.1399724254582715,"MV3":0.17909906190775005,"CH1":0.90097789660778}