{"MV1":0.20505734593444291,"MV3":0.7453969698047682,"CH1":0.01464175723250194}