{"MV1":0.6196945175260098,"MV3":0.7306506138172388,"CH1":0.25121430123684607}