{"MV1":0.820334256115517,"MV3":0.7144169477932693,"CH1":0.8494763109943446}