{"MV1":0.07414046972929023,"MV3":0.6924601589726689,"CH1":0.20457685660300495}