{"MV1":0.1952251298562303,"MV3":0.18606657911474933,"CH1":0.4445427781376676}