{"MV1":0.19220167654143083,"MV3":0.9348204151602298,"CH1":0.239395091882163}