{"MV1":0.2488865594959786,"MV3":0.6634371989736062,"CH1":0.8450195152047145}