{"MV1":0.3486630116134889,"MV3":0.21344362870631206,"CH1":0.9840493492081396}