{"MV1":0.2511999135194548,"MV3":0.21845424793079038,"CH1":0.41103197506964884}