{"MV1":0.5156806514020531,"MV3":0.7039875679487368,"CH1":0.8765440663811354}