{"MV1":0.45456668017509183,"MV3":0.6313564827234686,"CH1":0.48391886101546244}