{"MV1":0.41483786611263673,"MV3":0.8577325208213423,"CH1":0.5701548229340619}