{"MV1":0.7490348648482478,"MV3":0.26195734216196664,"CH1":0.3817829467167194}