{"MV1":0.13855442560476594,"MV3":0.3048406045908203,"CH1":0.9581584963759134}