{"MV1":0.6320202291182676,"MV3":0.9687155812506006,"CH1":0.8629801524059945}