{"MV1":0.18098019211822114,"MV3":0.3856285715032446,"CH1":0.9063964515799315}