{"MV1":0.8903016902461661,"MV3":0.14160336703381937,"CH1":0.1291999665651279}