{"MV1":0.9912822470267922,"MV3":0.6053071200378228,"CH1":0.6937403849637749}