{"MV1":0.2601072699007102,"MV3":0.7428594149039369,"CH1":0.1372764051968357}