{"MV1":0.17434639176975353,"MV3":0.4735753002594171,"CH1":0.9123707715443184}