{"MV1":0.8859204984993351,"MV3":0.5130078010267615,"CH1":0.9921372889595852}