{"MV1":0.16018864831533264,"MV3":0.4239489269005232,"CH1":0.8574591138532419}