{"MV1":0.8656657132830736,"MV3":0.825766029139677,"CH1":0.4817733230124831}