{"MV1":0.3155486701763932,"MV3":0.7910614124554789,"CH1":0.1907120612288592}