{"MV1":0.15397971503879204,"MV3":0.6535460425791029,"CH1":0.6198397128764249}