{"MV1":0.9417671418750442,"MV3":0.597428683907988,"CH1":0.7077053416530563}