{"MV1":0.6264029321221399,"MV3":0.8028645821953965,"CH1":0.07109867633378264}