{"MV1":0.9044653410847838,"MV3":0.850302197858627,"CH1":0.2711539959644481}