{"MV1":0.44661289069361343,"MV3":0.8875578902481889,"CH1":0.6722381565251687}