{"MV1":0.3540105612700375,"MV3":0.06697285818175092,"CH1":0.29614278346974343}