{"MV1":0.2809993195975712,"MV3":0.3966519058364155,"CH1":0.7357851864191257}