{"MV1":0.24640620030261473,"MV3":0.7236039964363602,"CH1":0.027803865602082478}