{"MV1":0.14263341388926598,"MV3":0.5789867512912367,"CH1":0.11140071950965824}