{"MV1":0.3409970993820227,"MV3":0.7938976389635145,"CH1":0.6397907924650418}