{"MV1":0.010402689511698093,"MV3":0.06611613715712072,"CH1":0.07680304209252453}