{"MV1":0.8249409343420907,"MV3":0.287948160032204,"CH1":0.8681725999752039}