{"MV1":0.8886646639340995,"MV3":0.5781335312158614,"CH1":0.26079524689653466}