{"MV1":0.644602554923444,"MV3":0.6070815845233211,"CH1":0.36561763491698684}