{"MV1":0.749717798403208,"MV3":0.2970263297306629,"CH1":0.3142952958657399}