{"MV1":0.44370365222098096,"MV3":0.08839099636313641,"CH1":0.736652623002897}