{"MV1":0.4197979965859737,"MV3":0.23997833316866635,"CH1":0.7945957166258772}