{"MV1":0.7215913095573911,"MV3":0.6189679834487528,"CH1":0.45239328281457436}