{"MV1":0.7502420858072317,"MV3":0.6495835949092815,"CH1":0.2650295128162288}