{"MV1":0.28676000993232775,"MV3":0.15598261209741138,"CH1":0.477609075463162}