{"MV1":0.7277294303341413,"MV3":0.4623467965448874,"CH1":0.3870477072484223}