{"MV1":0.02626892341200815,"MV3":0.6120967048279716,"CH1":0.5345789689697413}