{"MV1":0.6239353854936459,"MV3":0.8678227294309737,"CH1":0.9597940170072761}