{"MV1":0.3581566800456959,"MV3":0.8217579938024531,"CH1":0.9107307257054378}