{"MV1":0.8424038598997902,"MV3":0.25269807859782256,"CH1":0.2501447915283892}