{"MV1":0.6213438012974033,"MV3":0.906966766541225,"CH1":0.37441052575792155}