{"MV1":0.9454752446133126,"MV3":0.9317891398321032,"CH1":0.15760823705810756}