{"MV1":0.48080468251607433,"MV3":0.9332747786869169,"CH1":0.3095457903136237}