{"MV1":0.25900819567188094,"MV3":0.38589319939423405,"CH1":0.9954247680997201}