{"MV1":0.4022758677501457,"MV3":0.8469424864722233,"CH1":0.4232192281141197}