{"MV1":0.1134593922036764,"MV3":0.8203659243705868,"CH1":0.7575934351251722}