{"MV1":0.8845251366494457,"MV3":0.34652447584896573,"CH1":0.8726644489320358}