{"MV1":0.29826094430257044,"MV3":0.9350310581122437,"CH1":0.6024598048852213}