{"MV1":0.009819590286947788,"MV3":0.7103845748700196,"CH1":0.049469102861619874}