{"MV1":0.7284486696850954,"MV3":0.09626846157804103,"CH1":0.7583747584707182}