{"MV1":0.2567436920071413,"MV3":0.6803823740641456,"CH1":0.792341763225489}