{"MV1":0.7343483644232234,"MV3":0.32845378273907766,"CH1":0.5243770100659074}