{"MV1":0.8274409236577376,"MV3":0.3492875453367892,"CH1":0.9300298458482963}