{"MV1":0.671370619236023,"MV3":0.9656064774950743,"CH1":0.9020295327128566}