{"MV1":0.4809673831780207,"MV3":0.63802667440969,"CH1":0.34612658401259633}