{"MV1":0.4326755190781263,"MV3":0.19126988929673683,"CH1":0.38226741638449013}