{"MV1":0.6300259250906376,"MV3":0.6656683227902847,"CH1":0.8540707982502852}