{"MV1":0.5783970753562646,"MV3":0.6125828677113209,"CH1":0.8284334080782965}