{"MV1":0.01886568393856758,"MV3":0.8068894797700821,"CH1":0.11297511432908625}