{"MV1":0.7531763717198163,"MV3":0.8911439287561254,"CH1":0.8216481863647416}