{"MV1":0.7326016682947363,"MV3":0.21223495129920888,"CH1":0.36827343546871716}