{"MV1":0.5611868892170744,"MV3":0.8855226680485387,"CH1":0.5408440129961095}