{"MV1":0.292805044253864,"MV3":0.44322916134548074,"CH1":0.5137500438772598}