{"MV1":0.5997641594962266,"MV3":0.9390360331088292,"CH1":0.16218454164580953}