{"MV1":0.9706276001253143,"MV3":0.20382533831942573,"CH1":0.585197264824059}