{"MV1":0.2799273459332364,"MV3":0.5955979039785475,"CH1":0.07030931528613049}