{"MV1":0.5599775464971087,"MV3":0.22193595468816718,"CH1":0.20321118028814977}