{"MV1":0.1311263470620413,"MV3":0.8718198330628754,"CH1":0.22752309599046194}