{"MV1":0.8550061253746783,"MV3":0.8350876531429728,"CH1":0.06469624061568924}