{"MV1":0.26608587503183156,"MV3":0.44785185810334127,"CH1":0.2547727702891479}