{"MV1":0.8665501844893445,"MV3":0.5259794040192605,"CH1":0.6996755339313927}