{"MV1":0.9335476696039559,"MV3":0.8996858756960585,"CH1":0.7445205286903289}