{"MV1":0.18881649948513024,"MV3":0.04810546756621603,"CH1":0.39864752944702186}