{"MV1":0.9351059288423489,"MV3":0.8793581304530224,"CH1":0.7714200214807863}