{"MV1":0.6893736797110079,"MV3":0.2668160577991928,"CH1":0.5904300427141731}