{"MV1":0.4600889666877994,"MV3":0.25941480624364976,"CH1":0.5186028303191633}