{"MV1":0.6578228818038142,"MV3":0.5553922093526465,"CH1":0.46697925444764254}