{"MV1":0.8760143389617405,"MV3":0.099919846852905,"CH1":0.35956849544693203}