{"MV1":0.7460608015662336,"MV3":0.08417316777304262,"CH1":0.2738239322656627}