{"MV1":0.9686147613026114,"MV3":0.8441841363040363,"CH1":0.28337590567088966}