{"MV1":0.33653561714458846,"MV3":0.1877983816549479,"CH1":0.7971652590046309}