{"MV1":0.471504156974519,"MV3":0.6930066821025135,"CH1":0.9519707832006016}