{"MV1":0.1541770296072139,"MV3":0.7904889600325381,"CH1":0.5655722971823246}