{"MV1":0.3696147225147276,"MV3":0.287206803906753,"CH1":0.753895443645102}