{"MV1":0.6766052395325821,"MV3":0.715300475443762,"CH1":0.9837017013184596}