{"MV1":0.9961199870732742,"MV3":0.535928617908654,"CH1":0.3879120057878723}