{"MV1":0.28644151841450594,"MV3":0.4137515062537954,"CH1":0.12887198798773503}