{"MV1":0.023331949836289168,"MV3":0.4120197530245526,"CH1":0.1997013939499871}