{"MV1":0.8274922877610774,"MV3":0.24060536248085906,"CH1":0.5619210275924331}