{"MV1":0.5864472288450772,"MV3":0.7674938006018348,"CH1":0.41220200947976193}