{"MV1":0.5740645247022812,"MV3":0.8267145023853308,"CH1":0.8737919364838856}