{"MV1":0.23908581839746845,"MV3":0.1259946658585741,"CH1":0.18311512718493717}