{"MV1":0.07411455814102297,"MV3":0.05784056348497302,"CH1":0.536824207158554}