{"MV1":0.9029931479784319,"MV3":0.7839748550756082,"CH1":0.5301903201118008}