{"MV1":0.939136453910724,"MV3":0.27601744848952425,"CH1":0.3710570238808889}