{"MV1":0.5408968323671156,"MV3":0.3866750209829618,"CH1":0.660522285240876}