{"MV1":0.21251847637341525,"MV3":0.1865788529822725,"CH1":0.7343242485251995}