{"MV1":0.7477696379315734,"MV3":0.8769133827297793,"CH1":0.3325250907504733}