{"MV1":0.8035235481165892,"MV3":0.21402840535710665,"CH1":0.9874438611581767}