{"MV1":0.9388001504026677,"MV3":0.5669808954821921,"CH1":0.9440969674640496}