{"MV1":0.23925598910726165,"MV3":0.1489167276416722,"CH1":0.21764059941325542}