{"MV1":0.5309478682390942,"MV3":0.5347406346998298,"CH1":0.8989924353528597}