{"MV1":0.08071290955487198,"MV3":0.3759462985536902,"CH1":0.3885620748806009}