{"MV1":0.7779706506126746,"MV3":0.8710103733859244,"CH1":0.8696904472652778}