{"MV1":0.16323594249753837,"MV3":0.7294756481696819,"CH1":0.5729150825672402}