{"MV1":0.6281997886029507,"MV3":0.5767224407629065,"CH1":0.660859764487512}