{"MV1":0.28909015025398166,"MV3":0.8076441337780718,"CH1":0.1277690109217925}