{"MV1":0.714991942067863,"MV3":0.5391485307104088,"CH1":0.3529119851955379}