{"MV1":0.6770146533735916,"MV3":0.4787936666591437,"CH1":0.5555575153760575}