{"MV1":0.2574423299991807,"MV3":0.5701246932836648,"CH1":0.2873335366344901}