{"MV1":0.05239253220328344,"MV3":0.04148193146054857,"CH1":0.8628571784955241}