{"MV1":0.6384971662852176,"MV3":0.9888372738755612,"CH1":0.037959874445547825}