{"MV1":0.9066465369611773,"MV3":0.6474656666967076,"CH1":0.8344728690029064}