{"MV1":0.8242522590175397,"MV3":0.6179245099659058,"CH1":0.1079929426657793}