{"MV1":0.4966990630631679,"MV3":0.19892887120318092,"CH1":0.9558843057617123}