{"MV1":0.08869391694473328,"MV3":0.571619714840539,"CH1":0.027806673553727346}