{"MV1":0.07163279332205152,"MV3":0.21894526499113132,"CH1":0.12040319514833708}