{"MV1":0.4116977679681717,"MV3":0.4902599900031698,"CH1":0.9793180765175797}