{"MV1":0.3015175584144445,"MV3":0.5083504406996515,"CH1":0.5983300488847015}