{"MV1":0.9579312171579634,"MV3":0.8515101134775683,"CH1":0.6639770992641039}