{"MV1":0.2455219487612662,"MV3":0.8092453245095527,"CH1":0.378531465056578}