{"MV1":0.13581180916997893,"MV3":0.9430073865214537,"CH1":0.2826063421641959}