{"MV1":0.9925366971841502,"MV3":0.07623545408409715,"CH1":0.1879044624427635}