{"MV1":0.6360125748424494,"MV3":0.9374509842101367,"CH1":0.9354547068281199}