{"MV1":0.4156238882813903,"MV3":0.1881357920398138,"CH1":0.8809253019329862}