{"MV1":0.8993197038928825,"MV3":0.18977212858922443,"CH1":0.6245241442063354}