{"MV1":0.7858987936214157,"MV3":0.7813195960923072,"CH1":0.27582555881261595}