{"MV1":0.45754972899675694,"MV3":0.7295762600414933,"CH1":0.3566707511585383}