{"MV1":0.6014402982921405,"MV3":0.3329364134168603,"CH1":0.25519397818272194}