{"MV1":0.8755753945167829,"MV3":0.8058550988603835,"CH1":0.9760165279809783}