{"MV1":0.4365201484887954,"MV3":0.0847554744485075,"CH1":0.8658341695429809}