{"MV1":0.02882160326145211,"MV3":0.48347597671725007,"CH1":0.02523815389710904}