{"MV1":0.23120711095114543,"MV3":0.031174381207925816,"CH1":0.6356998851316713}