{"MV1":0.8501364653244273,"MV3":0.7336897899617709,"CH1":0.10751949722629861}