{"MV1":0.6150333311202256,"MV3":0.4525105205119656,"CH1":0.5297538556911384}