{"MV1":0.38880601796950087,"MV3":0.8795238772455934,"CH1":0.2982301395811572}