{"MV1":0.6311453724592034,"MV3":0.3259282982162587,"CH1":0.3391804238598668}