{"MV1":0.8425824456998167,"MV3":0.9427402411567751,"CH1":0.23968264088057178}