{"MV1":0.4562444793606758,"MV3":0.7199244229088838,"CH1":0.5759498234490243}