{"MV1":0.2960823819119751,"MV3":0.13064544974445702,"CH1":0.9435547784879806}