{"MV1":0.4695179087265525,"MV3":0.14125981773566454,"CH1":0.7899955901999939}