{"MV1":0.11390072502326054,"MV3":0.11445129507123841,"CH1":0.19140546625993982}