{"MV1":0.3849885409532552,"MV3":0.110348205094974,"CH1":0.845598995086493}