{"MV1":0.6412163220794901,"MV3":0.9479577729084186,"CH1":0.18943519254151497}