{"MV1":0.5592911843485973,"MV3":0.27534717544052434,"CH1":0.7585502826264392}