{"MV1":0.24557837069673605,"MV3":0.10891796690445876,"CH1":0.204276706286874}