{"MV1":0.9330809817919495,"MV3":0.16343110875332922,"CH1":0.9127416239128452}