{"MV1":0.7272706402364997,"MV3":0.43217360043942876,"CH1":0.0943225399613794}