{"MV1":0.17983209172766468,"MV3":0.8464938577294213,"CH1":0.9284219331164811}