{"MV1":0.07648798777183252,"MV3":0.3225171954638273,"CH1":0.2849274074364557}