{"MV1":0.4146375162215702,"MV3":0.2777430016206228,"CH1":0.5024288398382378}