{"MV1":0.5895991958070622,"MV3":0.054905321174784194,"CH1":0.5757027082694051}