{"MV1":0.8886333274858808,"MV3":0.32786758935769633,"CH1":0.4060687296150324}