{"MV1":0.9823796030696699,"MV3":0.7002384289428161,"CH1":0.14322031879267627}