{"MV1":0.39762009467919734,"MV3":0.18192243295013721,"CH1":0.8273044928559485}