{"MV1":0.16532210580965756,"MV3":0.3950836540277196,"CH1":0.069716558818954}