{"MV1":0.42556426287546845,"MV3":0.5201052186153072,"CH1":0.3533110453183882}