{"MV1":0.0724171308509236,"MV3":0.3287774256891094,"CH1":0.11992183277204782}