{"MV1":0.37944418934351964,"MV3":0.9609433639838414,"CH1":0.1501033841280941}