{"MV1":0.5354426242660446,"MV3":0.9814477995723392,"CH1":0.7573875533443915}