{"MV1":0.5230213281443996,"MV3":0.5260443129611005,"CH1":0.27420866105141095}