{"MV1":0.10581714110540574,"MV3":0.9010395863012545,"CH1":0.1811926033209249}