{"MV1":0.669303389649766,"MV3":0.1973352729260891,"CH1":0.008569155890759017}