{"MV1":0.32617542475307826,"MV3":0.47593456319995375,"CH1":0.6119404189655431}