{"MV1":0.4598635975507711,"MV3":0.006122053651566484,"CH1":0.9796822772171995}