{"MV1":0.35973797598351753,"MV3":0.24146795608754024,"CH1":0.9442582253621501}