{"MV1":0.3988279049113994,"MV3":0.22295127441152085,"CH1":0.10961002387845975}