{"MV1":0.7527055573013269,"MV3":0.545371872668953,"CH1":0.3235574577644218}