{"MV1":0.6763956898575089,"MV3":0.9957828336738235,"CH1":0.8320931095665404}