{"MV1":0.1449865018368287,"MV3":0.9524575081569864,"CH1":0.018990816849090764}