{"MV1":0.5110364265679176,"MV3":0.8990464067683571,"CH1":0.3552763045135927}