{"MV1":0.6280209567755163,"MV3":0.6658534508682638,"CH1":0.8674155731238707}