{"MV1":0.05899459563009313,"MV3":0.5027963283746093,"CH1":0.40827445948396435}