{"MV1":0.44875473760998563,"MV3":0.8096807667256619,"CH1":0.41584402215426164}