{"MV1":0.7066483349870825,"MV3":0.44644567947257363,"CH1":0.7082644129496646}