{"MV1":0.7307995585014563,"MV3":0.7989170552993191,"CH1":0.24255137980425667}