{"MV1":0.6441200169882052,"MV3":0.24714737072949455,"CH1":0.5229300780065154}