{"MV1":0.5335319482974784,"MV3":0.7012578549484912,"CH1":0.37200987736679303}