{"MV1":0.4305984465096737,"MV3":0.43564781759430304,"CH1":0.2667229843064264}