{"MV1":0.5872515127130539,"MV3":0.48199788678171374,"CH1":0.5546165891820909}