{"MV1":0.12050511970305922,"MV3":0.5147806786249746,"CH1":0.1214177587137405}