{"MV1":0.30117595078768544,"MV3":0.08616084866289708,"CH1":0.8538130873545672}