{"MV1":0.5061794160549333,"MV3":0.46504576200239234,"CH1":0.7697601089359051}