{"MV1":0.4311723876358564,"MV3":0.3055586779451036,"CH1":0.7377329101387902}