{"MV1":0.329398354247452,"MV3":0.15564469652569402,"CH1":0.8402165934060071}