{"MV1":0.3524982627231297,"MV3":0.6873918892353529,"CH1":0.5700552318966999}