{"MV1":0.9866827459074415,"MV3":0.19758719905256117,"CH1":0.8142611683862767}