{"MV1":0.4016995159803699,"MV3":0.03816197679855671,"CH1":0.9550263258184707}