{"MV1":0.5443378062166918,"MV3":0.4869378749626263,"CH1":0.04146224980633273}