{"MV1":0.9196629972660982,"MV3":0.021520309671437365,"CH1":0.043159035268097945}