{"MV1":0.7374424134408745,"MV3":0.24637969276061056,"CH1":0.926659158571744}