{"MV1":0.22681545772339173,"MV3":0.24488120572558159,"CH1":0.7791517071803645}