{"MV1":0.93838118249711,"MV3":0.9360928525419389,"CH1":0.5074918124361473}