{"MV1":0.951367729586452,"MV3":0.9462898938648132,"CH1":0.6327598988286054}