{"MV1":0.31421033057021086,"MV3":0.20223474253951768,"CH1":0.2605527082723147}