{"MV1":0.2427954747326243,"MV3":0.6434913125871045,"CH1":0.7744901793034288}