{"MV1":0.3259465010843099,"MV3":0.7495499489631873,"CH1":0.11216228265591177}