{"MV1":0.337327280309036,"MV3":0.08340863856106295,"CH1":0.5600210216739785}