{"MV1":0.03838961578708289,"MV3":0.9759934005230587,"CH1":0.8802624309184628}