{"MV1":0.5808560664628859,"MV3":0.24227768797873805,"CH1":0.3745991909986319}