{"MV1":0.15452057482707282,"MV3":0.8423178107397794,"CH1":0.5819304053734073}