{"MV1":0.6841442464535724,"MV3":0.202895206535744,"CH1":0.034241010762741}