{"MV1":0.897206529702799,"MV3":0.6009397932668699,"CH1":0.11603555937471044}