{"MV1":0.07597893828253177,"MV3":0.5850951912374852,"CH1":0.7018314155062344}