{"MV1":0.5220172518217152,"MV3":0.20910963779486835,"CH1":0.45296967242462227}