{"MV1":0.5544535496531491,"MV3":0.6964709616747582,"CH1":0.19082003381113566}