{"MV1":0.8679383166809516,"MV3":0.3843372945652924,"CH1":0.2693199459436981}