{"MV1":0.18023371404202826,"MV3":0.40469586145296765,"CH1":0.9146125249165662}