{"MV1":0.4119408381351448,"MV3":0.2626355751453586,"CH1":0.8758492284333619}