{"MV1":0.4484315081922746,"MV3":0.02207902250664251,"CH1":0.05514954463131838}