{"MV1":0.8550245375189989,"MV3":0.6000416743315058,"CH1":0.8561482402222609}