{"MV1":0.531809862106763,"MV3":0.7277412822496888,"CH1":0.7669400347297088}