{"MV1":0.026295991205060876,"MV3":0.9815611315980384,"CH1":0.5604155942520626}