{"MV1":0.7457534091106423,"MV3":0.39320154099979976,"CH1":0.5577483896398916}