{"MV1":0.546556541245909,"MV3":0.9606771668340058,"CH1":0.011864962102909216}