{"MV1":0.022835105187795968,"MV3":0.7890898074413317,"CH1":0.9737265309424954}