{"MV1":0.5813345793772855,"MV3":0.9110364615398701,"CH1":0.3619650781522923}