{"MV1":0.9414947055968261,"MV3":0.5443118723695654,"CH1":0.987514033222751}