{"MV1":0.9566407241079604,"MV3":0.894837881430192,"CH1":0.3454802935203305}