{"MV1":0.006503081220625706,"MV3":0.5508438315022582,"CH1":0.8004459310155014}