{"MV1":0.9750480599091558,"MV3":0.33396944848435584,"CH1":0.693450836422229}