{"MV1":0.9187376567187824,"MV3":0.6611572114161949,"CH1":0.7721620535500872}