{"MV1":0.4642502664093415,"MV3":0.03048485702511161,"CH1":0.1447297403568576}