{"MV1":0.4220529904675596,"MV3":0.4238562849083264,"CH1":0.989703519446777}