{"MV1":0.8432111257897384,"MV3":0.4365313990640498,"CH1":0.12041630186835306}