{"MV1":0.45756937703051115,"MV3":0.5233578133758777,"CH1":0.4641757705153715}