{"MV1":0.37677566183494304,"MV3":0.04766625705728289,"CH1":0.3692632715742685}