{"MV1":0.7963317202575851,"MV3":0.1463927617765175,"CH1":0.10054452744580922}