{"MV1":0.24764890450794408,"MV3":0.5323511140743655,"CH1":0.41234148061525877}