{"MV1":0.6344088435229107,"MV3":0.41310807167488395,"CH1":0.06596397929591968}