{"MV1":0.8250396745399695,"MV3":0.598137510158324,"CH1":0.9961282725578996}