{"MV1":0.30056149688551936,"MV3":0.7881648841290402,"CH1":0.6082536515099991}