{"MV1":0.05745820441622318,"MV3":0.9228534046749409,"CH1":0.20487227203406067}