{"MV1":0.10611743446711985,"MV3":0.47651476610241594,"CH1":0.5752986443035133}