{"MV1":0.591605408093308,"MV3":0.45561175458596714,"CH1":0.7847222647779876}