{"MV1":0.38437230731059346,"MV3":0.09264581454887044,"CH1":0.7343481017492095}