{"MV1":0.4991999262469726,"MV3":0.6338631936079004,"CH1":0.4108987767577922}