{"MV1":0.18061091160732656,"MV3":0.8302657774714243,"CH1":0.7168672488700389}