{"MV1":0.26043403470186055,"MV3":0.23475134395786268,"CH1":0.06717887455130556}