{"MV1":0.8561829129205656,"MV3":0.26527609868921,"CH1":0.8935449033499798}