{"MV1":0.7343232692613828,"MV3":0.6154304539333922,"CH1":0.980332265538386}