{"MV1":0.06603893376357783,"MV3":0.010158472404792174,"CH1":0.19506542011291683}