{"MV1":0.048423810289057734,"MV3":0.6926674945368917,"CH1":0.4641654835794593}