{"MV1":0.4292806968849703,"MV3":0.24766685506594555,"CH1":0.17033912117011374}