{"MV1":0.14165770440132386,"MV3":0.3997472368653451,"CH1":0.40806021397529946}