{"MV1":0.35611338781861723,"MV3":0.5343313628643547,"CH1":0.4595399753191428}