{"MV1":0.8456517580534549,"MV3":0.5998494487994929,"CH1":0.16691533294406413}