{"MV1":0.908118838636063,"MV3":0.6734489533963064,"CH1":0.9029919018558208}