{"MV1":0.7594169097314732,"MV3":0.3614595344740402,"CH1":0.6077020798244976}