{"MV1":0.9713201655377526,"MV3":0.20127625626784917,"CH1":0.2680613731649659}