{"MV1":0.034181138414285384,"MV3":0.5398547801940855,"CH1":0.43905015076865117}