{"MV1":0.8689357025028224,"MV3":0.9332457435259024,"CH1":0.9295654538852709}