{"MV1":0.511019584081857,"MV3":0.9299871478466233,"CH1":0.14471466830790414}