{"MV1":0.17426667887581893,"MV3":0.9800197593766372,"CH1":0.7080217594660879}