{"MV1":0.4850764483887522,"MV3":0.9865730185482601,"CH1":0.4055661936151611}