{"MV1":0.5338381401346715,"MV3":0.357039151978196,"CH1":0.8390529716368522}