{"MV1":0.7758903172194364,"MV3":0.9494913051451972,"CH1":0.45312286709948146}