{"MV1":0.8971081944245188,"MV3":0.6701501888855951,"CH1":0.7150176331008472}