{"MV1":0.5292491235442564,"MV3":0.8970008755359712,"CH1":0.4467905707872303}