{"MV1":0.7681267806895745,"MV3":0.12155765668681096,"CH1":0.9450594758879591}