{"MV1":0.1780329083302531,"MV3":0.23215228524608555,"CH1":0.6293556716218152}