{"MV1":0.1998400942807108,"MV3":0.42232516928267805,"CH1":0.2359712062401237}