{"MV1":0.02484945210803957,"MV3":0.9580478417355479,"CH1":0.5584384992572852}