{"MV1":0.901369421175892,"MV3":0.5531580807777706,"CH1":0.07248501693744647}