{"MV1":0.41239649413581836,"MV3":0.3916253543272128,"CH1":0.7225578314813373}