{"MV1":0.01844276190192684,"MV3":0.029458138445205506,"CH1":0.06205409172203824}