{"MV1":0.20686248434706522,"MV3":0.49959800047902636,"CH1":0.1109948412263212}