{"MV1":0.69773528407115,"MV3":0.5698514410175074,"CH1":0.4803228794760088}