{"MV1":0.7880793948876412,"MV3":0.33451945993803966,"CH1":0.8549706366352202}