{"MV1":0.37608535830942813,"MV3":0.8376554757173624,"CH1":0.3319416300622814}