{"MV1":0.10628079248281452,"MV3":0.33317064905658955,"CH1":0.24303797831142193}