{"MV1":0.8637177793209697,"MV3":0.23163505441743482,"CH1":0.07056623210089041}