{"MV1":0.6619982054378227,"MV3":0.10067778183758125,"CH1":0.5264556152051112}