{"MV1":0.41373103088456153,"MV3":0.03480320716165075,"CH1":0.737202114230725}