{"MV1":0.181620913972808,"MV3":0.6138042586236424,"CH1":0.9276526817366019}