{"MV1":0.6006415088525525,"MV3":0.6499267928115838,"CH1":0.20227656075274303}