{"MV1":0.39863350604406866,"MV3":0.05113964504878965,"CH1":0.022066210350499937}