{"MV1":0.007436603499490824,"MV3":0.3944060619942187,"CH1":0.07913545535845623}