{"MV1":0.37082898136068676,"MV3":0.3821900960599426,"CH1":0.9139227258202771}