{"MV1":0.220585481395987,"MV3":0.08142631641844134,"CH1":0.5214252001946081}