{"MV1":0.9145369758018381,"MV3":0.2668305450638281,"CH1":0.5058461392235143}