{"MV1":0.8973341551514308,"MV3":0.006966701484301896,"CH1":0.4170858007863424}