{"MV1":0.6104476161887322,"MV3":0.4338535673049849,"CH1":0.9459599136854696}