{"MV1":0.1908637968388891,"MV3":0.25408703117420894,"CH1":0.530873310600794}