{"MV1":0.21982578487828341,"MV3":0.4458784507723418,"CH1":0.12696727443646083}