{"MV1":0.396680109582375,"MV3":0.6120224757342367,"CH1":0.18051608846400613}