{"MV1":0.5819633167051379,"MV3":0.928291932635343,"CH1":0.5091511311585457}