{"MV1":0.6909956819001274,"MV3":0.5170604661831372,"CH1":0.5781600184373122}