{"MV1":0.5268979093105907,"MV3":0.3204652825856189,"CH1":0.21357137931452896}