{"MV1":0.1489363580666041,"MV3":0.5754917687008241,"CH1":0.13361316034393533}