{"MV1":0.5073582349938242,"MV3":0.5799726392618987,"CH1":0.6217767854257523}