{"MV1":0.9658137940293888,"MV3":0.3297950948418933,"CH1":0.01936218436879311}