{"MV1":0.033795083668499815,"MV3":0.4164570175207073,"CH1":0.33979391223910527}