{"MV1":0.8073735794880127,"MV3":0.09942264644945342,"CH1":0.4346488736123416}