{"MV1":0.36000777829297503,"MV3":0.1746154286578121,"CH1":0.3774377103477373}