{"MV1":0.5336556222658334,"MV3":0.29953209430006367,"CH1":0.27872583948208607}