{"MV1":0.4282237787035532,"MV3":0.32075030377203206,"CH1":0.48269028644401424}