{"MV1":0.7059756538506441,"MV3":0.6213500549830788,"CH1":0.8220469217536487}