{"MV1":0.7346630623223743,"MV3":0.7867688477492076,"CH1":0.34561935376197983}