{"MV1":0.835463311373592,"MV3":0.10302446752185368,"CH1":0.16650550157680633}