{"MV1":0.9099419293536681,"MV3":0.6550080337854309,"CH1":0.660573330677494}