{"MV1":0.9531236940093322,"MV3":0.8404592729782949,"CH1":0.44900083796750334}