{"MV1":0.07958307778660145,"MV3":0.6895680948430983,"CH1":0.7099096762349892}