{"MV1":0.2838175503039707,"MV3":0.8343845104387447,"CH1":0.3398268591918526}