{"MV1":0.9113000633384808,"MV3":0.2874430966606597,"CH1":0.46249212326151323}