{"MV1":0.5105985786431481,"MV3":0.5673247057730215,"CH1":0.9919373729280542}