{"MV1":0.5593149041379671,"MV3":0.314713299451697,"CH1":0.2630858270667409}