{"MV1":0.8473406764838247,"MV3":0.38522633584473565,"CH1":0.659168687586415}