{"MV1":0.6414809199166435,"MV3":0.9886165522362745,"CH1":0.45583593403533573}