{"MV1":0.39577167814636016,"MV3":0.42648991625788324,"CH1":0.3836816549498374}