{"MV1":0.7724404384045467,"MV3":0.7100234029179832,"CH1":0.9246028371910965}