{"MV1":0.8633038909746711,"MV3":0.4582501668184382,"CH1":0.7212247748421295}