{"MV1":0.618990755829695,"MV3":0.5684213383877638,"CH1":0.06115623718211238}