{"MV1":0.35868692613636954,"MV3":0.13586539055824964,"CH1":0.984297608862214}