{"MV1":0.2733529090866542,"MV3":0.6198028566674322,"CH1":0.651557216292365}