{"MV1":0.07535701096692882,"MV3":0.9267684087042262,"CH1":0.9805716812789246}