{"MV1":0.34144114099858447,"MV3":0.9957088048427446,"CH1":0.1911991478484778}