{"MV1":0.07837648961188326,"MV3":0.6736255831378836,"CH1":0.41504920354968}