{"MV1":0.25373593288813423,"MV3":0.8994552665115745,"CH1":0.178258556478474}