{"MV1":0.4416906656621816,"MV3":0.4150727787498171,"CH1":0.8982848096248464}