{"MV1":0.37931239457810484,"MV3":0.295282457977335,"CH1":0.5063294502383955}