{"MV1":0.24818836692340307,"MV3":0.6392326992506283,"CH1":0.1608293438456907}