{"MV1":0.6850983804775572,"MV3":0.9059982178050319,"CH1":0.44946005427847546}