{"MV1":0.9013818761248467,"MV3":0.7946552178535647,"CH1":0.26805243578235227}