{"MV1":0.5617371953724629,"MV3":0.950251408602839,"CH1":0.13845053073340385}