{"MV1":0.658124113757048,"MV3":0.06977588083885378,"CH1":0.5464330237075559}