{"MV1":0.04780092008647929,"MV3":0.5925062893917942,"CH1":0.07700595812314925}