{"MV1":0.6298997271740061,"MV3":0.20989220324489355,"CH1":0.2261296141707898}