{"MV1":0.4027824561087845,"MV3":0.2467616750358813,"CH1":0.33809746485365444}