{"MV1":0.5313326763512387,"MV3":0.28729583235551404,"CH1":0.6572161276049715}