{"MV1":0.35457078778841933,"MV3":0.3438700926066861,"CH1":0.33983076956098546}