{"MV1":0.6287526468139096,"MV3":0.005957816161224705,"CH1":0.9240734938896962}