{"MV1":0.4883476717575246,"MV3":0.7221649333390495,"CH1":0.4599847387390352}