{"MV1":0.055345012913209035,"MV3":0.24803238358844326,"CH1":0.8036662094183245}