{"MV1":0.7103386233301726,"MV3":0.7446110347596342,"CH1":0.7661008913284196}