{"MV1":0.8608363535296804,"MV3":0.6967988488156648,"CH1":0.10474473242044202}