{"MV1":0.5888833438371148,"MV3":0.42870578874126797,"CH1":0.15754976688764266}