{"MV1":0.7815704141819022,"MV3":0.9609358605960457,"CH1":0.9492564574585278}