{"MV1":0.9939076824982169,"MV3":0.5319632806503148,"CH1":0.7548248083850371}