{"MV1":0.2875514715208106,"MV3":0.7540147423029706,"CH1":0.9058791889979831}