{"MV1":0.15273094407121435,"MV3":0.7886388078612165,"CH1":0.6512075284356501}