{"MV1":0.6741149780977408,"MV3":0.9951871159941427,"CH1":0.1370110658805267}