{"MV1":0.6813940393963224,"MV3":0.9405184875333676,"CH1":0.5598182613491185}