{"MV1":0.2815445635086318,"MV3":0.3938059659877169,"CH1":0.7657912872068873}