{"MV1":0.5790002623977074,"MV3":0.5989065000299921,"CH1":0.7014495568673029}