{"MV1":0.1959010149438739,"MV3":0.11143890983918647,"CH1":0.24691427931663879}