{"MV1":0.3927371908933619,"MV3":0.21187203176109648,"CH1":0.6206371299816997}