{"MV1":0.6013381168429544,"MV3":0.3098219834450633,"CH1":0.26323455070818347}