{"MV1":0.9775832636930497,"MV3":0.9567851217304864,"CH1":0.39098429891644737}