{"MV1":0.9884189087912137,"MV3":0.03304485614065489,"CH1":0.8414774848644976}