{"MV1":0.5262294846556851,"MV3":0.6130940137955311,"CH1":0.49893893827779434}