{"MV1":0.1957077543543576,"MV3":0.2816593961965449,"CH1":0.33111023419159036}