{"MV1":0.5775173049954375,"MV3":0.32861025599737426,"CH1":0.9368392778189047}