{"MV1":0.16132622887483417,"MV3":0.7624270087711437,"CH1":0.31326390299422247}