{"MV1":0.5859375636128326,"MV3":0.28227890186896376,"CH1":0.4034351001632943}