{"MV1":0.47745746910364484,"MV3":0.26011484444248256,"CH1":0.13784865027418292}