{"MV1":0.29143345206284743,"MV3":0.5060626121623656,"CH1":0.14800868969660497}