{"MV1":0.4479115931695876,"MV3":0.40281579345907614,"CH1":0.028996205291374366}