{"MV1":0.35267372386051865,"MV3":0.4463007703575943,"CH1":0.40491040939852363}