{"MV1":0.0040022186326411635,"MV3":0.6536789405609779,"CH1":0.44744392584942383}