{"MV1":0.5676929270434949,"MV3":0.741638692537793,"CH1":0.2708818179876139}