{"MV1":0.18716958139257833,"MV3":0.9561294503842368,"CH1":0.6818079060954401}