{"MV1":0.8352369340699918,"MV3":0.6144070406222243,"CH1":0.21796237751286973}