{"MV1":0.5569978842262883,"MV3":0.8222141693427046,"CH1":0.20239470348418875}