{"MV1":0.8061369754672446,"MV3":0.07327385779803641,"CH1":0.025986041849253128}