{"MV1":0.40241103752985996,"MV3":0.18565306147832528,"CH1":0.9393528012545597}