{"MV1":0.24074160464367567,"MV3":0.04878145708419046,"CH1":0.11552365859940861}