{"MV1":0.7803265108408374,"MV3":0.800263991409481,"CH1":0.9648498891483909}