{"MV1":0.9918429312181273,"MV3":0.5605879673071156,"CH1":0.5533335663510065}