{"MV1":0.3059715450890479,"MV3":0.792117544687477,"CH1":0.11196815534322224}