{"MV1":0.7757072335057498,"MV3":0.2012349980490018,"CH1":0.8572872712827022}