{"MV1":0.2625817878422042,"MV3":0.200526824788539,"CH1":0.9836181188121675}