{"MV1":0.47793280377548786,"MV3":0.3881401695654193,"CH1":0.7672754320091509}