{"MV1":0.32529059247289793,"MV3":0.6226783583251387,"CH1":0.3417040433335409}