{"MV1":0.739504571702602,"MV3":0.8874680615897161,"CH1":0.7347371794082506}