{"MV1":0.27540915552611733,"MV3":0.5417346167597688,"CH1":0.3809322724574039}