{"MV1":0.589899433270357,"MV3":0.5641566390433141,"CH1":0.2845645229699657}