{"MV1":0.131401750431703,"MV3":0.4365702863286961,"CH1":0.635500228754879}