{"MV1":0.43023150598949544,"MV3":0.5896815355207232,"CH1":0.7621398285985075}