{"MV1":0.9942043875147961,"MV3":0.9076830919686595,"CH1":0.7749493565815195}