{"MV1":0.27105853090415233,"MV3":0.12847006956295715,"CH1":0.1905264404668494}