{"MV1":0.40856444952505866,"MV3":0.6784796569490141,"CH1":0.5361174325813833}