{"MV1":0.35945502048589073,"MV3":0.471002909228631,"CH1":0.7835589159260579}