{"MV1":0.7397977455900905,"MV3":0.28505575303958297,"CH1":0.867320051363182}