{"MV1":0.6511016488347278,"MV3":0.49759451947957645,"CH1":0.8617286638549873}