{"MV1":0.8475440656394447,"MV3":0.26605732941504323,"CH1":0.5698477163415911}