{"MV1":0.14367175361953788,"MV3":0.9123363813193722,"CH1":0.025665258879064567}