{"MV1":0.3939926805488232,"MV3":0.30758369575642297,"CH1":0.559444353600776}