{"MV1":0.6405595178597229,"MV3":0.11082228703153107,"CH1":0.9170433612172849}