{"MV1":0.22288064546356356,"MV3":0.7763497450795867,"CH1":0.13795569607920377}