{"MV1":0.28889861220170365,"MV3":0.9687655364252261,"CH1":0.43459620249863584}