{"MV1":0.5562579200061898,"MV3":0.22753155516660573,"CH1":0.9453805564427078}