{"MV1":0.6015325919174048,"MV3":0.3412704222722234,"CH1":0.9338203920335133}