{"MV1":0.593384011084829,"MV3":0.5406066895049536,"CH1":0.9432723585069653}