{"MV1":0.023945559903074676,"MV3":0.60363619762148,"CH1":0.9675834648260796}