{"MV1":0.8610620686201957,"MV3":0.5991669431597823,"CH1":0.9745978771094703}