{"MV1":0.620040354416182,"MV3":0.20021402901930174,"CH1":0.6709338066099291}