{"MV1":0.75323086955961,"MV3":0.4681726115442313,"CH1":0.049402168633917554}