{"MV1":0.5333034720109692,"MV3":0.8780736130759821,"CH1":0.41691168956411917}