{"MV1":0.3940400448990834,"MV3":0.17490574190212516,"CH1":0.4029433909736476}