{"MV1":0.7724334139208118,"MV3":0.7423700870399957,"CH1":0.4079149338390661}