{"MV1":0.4272212737092256,"MV3":0.7627756577001046,"CH1":0.7273301011209983}