{"MV1":0.017761222726894732,"MV3":0.8996423824688373,"CH1":0.13675646358919857}