{"MV1":0.8573540567658415,"MV3":0.21590666632209388,"CH1":0.3794232741029706}