{"MV1":0.8542691114741409,"MV3":0.7201551352255979,"CH1":0.37678860140080694}