{"MV1":0.6795777689285623,"MV3":0.5045206207789987,"CH1":0.4370053037697882}