{"MV1":0.400745452044067,"MV3":0.411132445521845,"CH1":0.8467888128655872}