{"MV1":0.7720587881766813,"MV3":0.40534646071099356,"CH1":0.8813974594525457}