{"MV1":0.8583313155750867,"MV3":0.042992235270274626,"CH1":0.952889987994786}