{"MV1":0.17332285168466444,"MV3":0.6888377764946152,"CH1":0.9059572483357577}