{"MV1":0.16801276347989214,"MV3":0.6679850148669149,"CH1":0.49664956676296645}