{"MV1":0.2648399313453961,"MV3":0.7404053580889493,"CH1":0.5660983913228514}