{"MV1":0.7736672668245332,"MV3":0.8232361971888117,"CH1":0.033549027577730706}