{"MV1":0.8909578120907564,"MV3":0.49055651985597315,"CH1":0.03195368802389953}