{"MV1":0.2652079630292532,"MV3":0.8654945163339139,"CH1":0.3318088284164298}