{"MV1":0.404939531052816,"MV3":0.6982755755151052,"CH1":0.07452522428787245}