{"MV1":0.782232772985201,"MV3":0.28727885310050927,"CH1":0.22542693905686118}