{"MV1":0.028538375780103542,"MV3":0.3114408843127847,"CH1":0.7860493075816444}