{"MV1":0.5709671256979332,"MV3":0.5518844605326089,"CH1":0.5512919784241196}