{"MV1":0.11150561401215664,"MV3":0.49424494008556197,"CH1":0.035701274495877344}