{"MV1":0.7591241679244438,"MV3":0.7346900137862553,"CH1":0.9025545258462401}