{"MV1":0.42231848228626956,"MV3":0.14578943404672096,"CH1":0.4848415231092804}