{"MV1":0.6879408228848776,"MV3":0.10744369116169294,"CH1":0.9560463368658842}