{"MV1":0.3276667413734613,"MV3":0.8117027277511761,"CH1":0.43701813682740054}