{"MV1":0.844760031762077,"MV3":0.34043494490175075,"CH1":0.250797861790771}