{"MV1":0.9685745482828594,"MV3":0.08000865857584849,"CH1":0.9892167099126359}