{"MV1":0.9274424770670333,"MV3":0.45045171814503526,"CH1":0.44449137747726697}