{"MV1":0.9079644903680474,"MV3":0.662684825352554,"CH1":0.7530439919646038}