{"MV1":0.5596953854544436,"MV3":0.5509003514909188,"CH1":0.7759834122917421}