{"MV1":0.7049142890359439,"MV3":0.32903620699395164,"CH1":0.5415443780414023}