{"MV1":0.31642812888842387,"MV3":0.9670145861698699,"CH1":0.7812282417247388}