{"MV1":0.368896997373665,"MV3":0.9529616934459042,"CH1":0.53272247835878}