{"MV1":0.24374602835679238,"MV3":0.42291544582522544,"CH1":0.10339386596815636}