{"MV1":0.5342323257478334,"MV3":0.6105001708607956,"CH1":0.9521357338201746}