{"MV1":0.8753269929882849,"MV3":0.41875469281153843,"CH1":0.6627162667909022}