{"MV1":0.6603438376315363,"MV3":0.737009321516852,"CH1":0.4850636751101566}