{"MV1":0.6168050663551313,"MV3":0.5927606683636232,"CH1":0.29087404531931194}