{"MV1":0.9341014714343886,"MV3":0.8241640143478908,"CH1":0.3363331011331855}