{"MV1":0.5709705305148511,"MV3":0.6176656774002764,"CH1":0.15165294216488034}