{"MV1":0.17282633823863647,"MV3":0.3499128675053167,"CH1":0.17674829462517494}