{"MV1":0.6424935134488048,"MV3":0.9621333950750658,"CH1":0.10007615852424379}