{"MV1":0.3660539088377148,"MV3":0.21107080765675845,"CH1":0.21838801184842116}