{"MV1":0.41183363772537773,"MV3":0.11815231897098599,"CH1":0.6180395806857566}