{"MV1":0.5159976412992334,"MV3":0.19679476802380214,"CH1":0.4279435953877695}