{"MV1":0.7582305217214076,"MV3":0.8062382290617814,"CH1":0.31830924653251935}