{"MV1":0.009362622322976466,"MV3":0.1600966191624581,"CH1":0.08268810764727219}