{"MV1":0.7193266581062584,"MV3":0.9222486980554417,"CH1":0.2263253671909824}