{"MV1":0.9552596458126902,"MV3":0.6411653640056517,"CH1":0.5232893281529014}