{"MV1":0.7923911073879608,"MV3":0.5120651571196254,"CH1":0.8336846754763159}