{"MV1":0.5076519648422536,"MV3":0.16173598697882896,"CH1":0.2970001479006288}