{"MV1":0.18504020118281272,"MV3":0.17990661795118867,"CH1":0.4436886506745249}