{"MV1":0.7656502568542017,"MV3":0.28272841628450496,"CH1":0.05295680490852894}