{"MV1":0.6957993587897159,"MV3":0.7278638967399182,"CH1":0.8060697600654019}