{"MV1":0.5341389593223681,"MV3":0.5477700583991092,"CH1":0.31004898993091823}