{"MV1":0.43820318074576725,"MV3":0.8302269166027594,"CH1":0.8721626871923203}