{"MV1":0.2154304248734814,"MV3":0.8799412277749781,"CH1":0.674368989485775}