{"MV1":0.8960361478908899,"MV3":0.6246186353835862,"CH1":0.47419952780694274}