{"MV1":0.6016278168982732,"MV3":0.9730881735929736,"CH1":0.5084153967619534}