{"MV1":0.34583838602577244,"MV3":0.5094335303551825,"CH1":0.38378882260299263}