{"MV1":0.34755255272765195,"MV3":0.8576113781905375,"CH1":0.9445610243459319}