{"MV1":0.8938051649534831,"MV3":0.4127886364749074,"CH1":0.27076492401309804}