{"MV1":0.7661311841461217,"MV3":0.07010889703057799,"CH1":0.5153524062724285}