{"MV1":0.7480676122635455,"MV3":0.2411862929100146,"CH1":0.23017840700558845}