{"MV1":0.1591762582831191,"MV3":0.9668198692937592,"CH1":0.6098734824336619}