{"MV1":0.6490985512917383,"MV3":0.13460453285102103,"CH1":0.6099693829652446}