{"MV1":0.9791783531539076,"MV3":0.5724738616122537,"CH1":0.7332396394639458}