{"MV1":0.6150724743122203,"MV3":0.8591328109559562,"CH1":0.38980426328022943}