{"MV1":0.5934294951759077,"MV3":0.3640104366709207,"CH1":0.23591460915910956}