{"MV1":0.5680608360373784,"MV3":0.5203750919474439,"CH1":0.794787807918671}