{"MV1":0.4401391308884829,"MV3":0.17145955643262345,"CH1":0.6315229586267702}