{"MV1":0.24473720639715946,"MV3":0.5273721242785471,"CH1":0.19206694950229475}