{"MV1":0.2803997596443435,"MV3":0.3166910971272163,"CH1":0.8261789749810184}