{"MV1":0.9525839927734243,"MV3":0.8070662351351725,"CH1":0.1498025452075885}