{"MV1":0.03307767692427588,"MV3":0.9024705354391607,"CH1":0.7433544421087482}