{"MV1":0.2786235986034775,"MV3":0.9544558602835894,"CH1":0.2166654120382886}