{"MV1":0.45493063332648387,"MV3":0.7960026099692251,"CH1":0.9005351691827452}