{"MV1":0.6497260327012037,"MV3":0.3853394726140621,"CH1":0.19576280367681353}