{"MV1":0.5522695981483161,"MV3":0.8079607118975966,"CH1":0.6304880100539377}