{"MV1":0.6213009563799241,"MV3":0.18545563264630083,"CH1":0.4778156405153148}