{"MV1":0.35948143011580924,"MV3":0.8783437118128106,"CH1":0.9766676770371828}