{"MV1":0.15490052324283443,"MV3":0.34843224883054813,"CH1":0.4513068454247242}