{"MV1":0.05906405825994421,"MV3":0.06730749956266735,"CH1":0.5596211333292023}