{"MV1":0.34676272006825315,"MV3":0.8799411467894565,"CH1":0.8367428975922062}