{"MV1":0.8990119516348285,"MV3":0.02792895098163206,"CH1":0.9046604006726362}