{"MV1":0.968961036049128,"MV3":0.5348202031317844,"CH1":0.24181853432452338}