{"MV1":0.8209374046645319,"MV3":0.6369217967440416,"CH1":0.5677204139359633}