{"MV1":0.5161482107147364,"MV3":0.5211095242202936,"CH1":0.19076857542350245}