{"MV1":0.060332438230579655,"MV3":0.12091008213239429,"CH1":0.38213752522923916}