{"MV1":0.5287354047226852,"MV3":0.9653713922553842,"CH1":0.5526160912522673}