{"MV1":0.2692821347748354,"MV3":0.5965393289706893,"CH1":0.009730925486828745}