{"MV1":0.8671398416959963,"MV3":0.10456389726828097,"CH1":0.5997021997758432}