{"MV1":0.05769962188045097,"MV3":0.47476424942135975,"CH1":0.8593137179842711}