{"MV1":0.7408808500728623,"MV3":0.3460285112711481,"CH1":0.6626586345479633}