{"MV1":0.9670211094900577,"MV3":0.09624147545821093,"CH1":0.6222380034245683}