{"MV1":0.4004986166442154,"MV3":0.36788855339544313,"CH1":0.6546533500001115}