{"MV1":0.9590135633040614,"MV3":0.248251726765378,"CH1":0.5997172820030167}