{"MV1":0.5560391692381585,"MV3":0.7557989927928641,"CH1":0.7831483344597563}