{"MV1":0.22746874695629593,"MV3":0.6586822443325258,"CH1":0.9671405381622025}