{"MV1":0.3907089610404322,"MV3":0.8838060048310051,"CH1":0.593541972668844}