{"MV1":0.7184056656179938,"MV3":0.9741612819607345,"CH1":0.6181974944109967}