{"MV1":0.7611720554600419,"MV3":0.8910322486623597,"CH1":0.7477243483978595}