{"MV1":0.6133817555117056,"MV3":0.7595018647231254,"CH1":0.3104546112614833}