{"MV1":0.004939717487289164,"MV3":0.2324417391380572,"CH1":0.2902487789081273}