{"MV1":0.8779658109147527,"MV3":0.923163693791321,"CH1":0.7173517815677624}