{"MV1":0.6237768197250586,"MV3":0.06983799465708351,"CH1":0.45545634020692904}