{"MV1":0.5877628496310089,"MV3":0.456456005231883,"CH1":0.6022256690428777}