{"MV1":0.36899414150514454,"MV3":0.6965964707370763,"CH1":0.8224960202646338}