{"MV1":0.6673600311976515,"MV3":0.3883531725730567,"CH1":0.15647417226383042}