{"MV1":0.3581116217499897,"MV3":0.09206115983300855,"CH1":0.824562297148961}