{"MV1":0.6056757480182607,"MV3":0.0034342985782825908,"CH1":0.9787962545687907}