{"MV1":0.15642325737356888,"MV3":0.4432718124697861,"CH1":0.46827800124129515}