{"MV1":0.5169793223236965,"MV3":0.2630006925227254,"CH1":0.4042200433167539}