{"MV1":0.388066346532278,"MV3":0.8753573551115766,"CH1":0.3183045242095919}