{"MV1":0.4534170998775253,"MV3":0.5748839692045397,"CH1":0.3135981176435346}