{"MV1":0.6828882145617406,"MV3":0.9941887328384208,"CH1":0.440159380574603}