{"MV1":0.6801861645336297,"MV3":0.5195477790957893,"CH1":0.872281837686774}