{"MV1":0.40517483382542496,"MV3":0.11771357426186368,"CH1":0.5614528690144934}