{"MV1":0.2579894236082716,"MV3":0.5198027575232724,"CH1":0.8753629678711382}