{"MV1":0.874522020105194,"MV3":0.1616789145316393,"CH1":0.33491954061115636}