{"MV1":0.5511468769466225,"MV3":0.85184394560007,"CH1":0.9844528284777813}