{"MV1":0.4477185058675731,"MV3":0.4603045635088472,"CH1":0.6235488869035318}