{"MV1":0.2212030023017557,"MV3":0.6982663879443367,"CH1":0.6380241576160578}