{"MV1":0.10517738360405393,"MV3":0.6669990348071498,"CH1":0.9841369471060029}