{"MV1":0.22603764917757174,"MV3":0.15234598418826917,"CH1":0.11550307629088996}