{"MV1":0.771875538991177,"MV3":0.6474349269991032,"CH1":0.5359061447801607}