{"MV1":0.33185393574756006,"MV3":0.8970777190688736,"CH1":0.013754312276177294}