{"MV1":0.16903095741042773,"MV3":0.8892015736861116,"CH1":0.5148402926231762}