{"MV1":0.32523992958872616,"MV3":0.973420411126267,"CH1":0.19216950039623337}