{"MV1":0.13360265208146838,"MV3":0.9659171628518661,"CH1":0.17398038681554118}