{"MV1":0.25879523582644137,"MV3":0.15989776327423832,"CH1":0.5753082434995185}