{"MV1":0.8515792358948575,"MV3":0.3549668770293227,"CH1":0.894832224160563}