{"MV1":0.6038998306073523,"MV3":0.5154298891487605,"CH1":0.4249616029974177}