{"MV1":0.8167710371400433,"MV3":0.42570849958983803,"CH1":0.4640429635227449}