{"MV1":0.5082364195584627,"MV3":0.3787682159498512,"CH1":0.41580045001214705}