{"MV1":0.36895485791239246,"MV3":0.5045904154561485,"CH1":0.38657265800226515}