{"MV1":0.9687457473098928,"MV3":0.04759101416729772,"CH1":0.004874295513638716}