{"MV1":0.8211267330528356,"MV3":0.19911099521712528,"CH1":0.2829529131502986}