{"MV1":0.43309165087957646,"MV3":0.9457169047818491,"CH1":0.8207371608345793}