{"MV1":0.09894686741283665,"MV3":0.9152165239524815,"CH1":0.1717937353564617}