{"MV1":0.4776660908832493,"MV3":0.8799358795133259,"CH1":0.7221002750512255}