{"MV1":0.6849491088679065,"MV3":0.12166316422856882,"CH1":0.11082708547624098}