{"MV1":0.586460041655596,"MV3":0.15601891469301565,"CH1":0.288251185960798}