{"MV1":0.8885411629402116,"MV3":0.17294421062233656,"CH1":0.7806718804860672}