{"MV1":0.5907569502788882,"MV3":0.7959428344709327,"CH1":0.9585762355099701}