{"MV1":0.23058117540740275,"MV3":0.15351989637089158,"CH1":0.9310807144109873}