{"MV1":0.7285868050088421,"MV3":0.2137380528375915,"CH1":0.7478541671460357}