{"MV1":0.5217025003603817,"MV3":0.3381643072514877,"CH1":0.7856050211353974}