{"MV1":0.2850840833348116,"MV3":0.7388092779637462,"CH1":0.5148681877010899}