{"MV1":0.7002794643320134,"MV3":0.9280615060568683,"CH1":0.2177347965622315}