{"MV1":0.8873482012905025,"MV3":0.25500498538018046,"CH1":0.8685273109276049}