{"MV1":0.855065651150652,"MV3":0.9035628625602763,"CH1":0.6350392945382262}