{"MV1":0.5335183925661932,"MV3":0.15657801421666406,"CH1":0.13778095512645872}