{"MV1":0.2542774746652109,"MV3":0.9049904190029757,"CH1":0.46607473021499546}