{"MV1":0.6310045148692868,"MV3":0.33656212611390346,"CH1":0.8322041563599378}