{"MV1":0.19667947879167202,"MV3":0.15205910473247142,"CH1":0.9639672514952151}