{"MV1":0.2910807138925591,"MV3":0.8006596094418544,"CH1":0.09897396896380828}