{"MV1":0.20725366613557006,"MV3":0.12715839392609363,"CH1":0.2756768823042022}