{"MV1":0.6478278808438687,"MV3":0.35735609706226523,"CH1":0.48314760673941837}