{"MV1":0.25892355083957963,"MV3":0.6543261794288485,"CH1":0.4370638863626275}