{"MV1":0.2964864086615455,"MV3":0.2363248925881819,"CH1":0.6839361172010404}