{"MV1":0.7679956579411602,"MV3":0.6843860985984018,"CH1":0.748638455634676}