{"MV1":0.8050428207547962,"MV3":0.14286177916666387,"CH1":0.9266422600392488}