{"MV1":0.8345985732391297,"MV3":0.9871448146503141,"CH1":0.4349427680732587}