{"MV1":0.14502964280087705,"MV3":0.11097229791733854,"CH1":0.2500201337903688}