{"MV1":0.643242049239717,"MV3":0.8933408796374285,"CH1":0.11792489710367293}