{"MV1":0.8628664100238845,"MV3":0.4219647326093573,"CH1":0.18686195496843772}