{"MV1":0.3622053820332727,"MV3":0.9014015971675581,"CH1":0.6889340360798673}