{"MV1":0.7820982491091818,"MV3":0.8371816406303186,"CH1":0.22155122404017535}