{"MV1":0.7411226129816209,"MV3":0.05195922871890979,"CH1":0.7633048585110243}