{"MV1":0.12064289500541703,"MV3":0.4608043149893212,"CH1":0.8911292833389249}