{"MV1":0.4260662481933072,"MV3":0.989741337573445,"CH1":0.7549248490248064}