{"MV1":0.4533202327665097,"MV3":0.9636242428223558,"CH1":0.8172269275032817}