{"MV1":0.18138224703539507,"MV3":0.254844803531182,"CH1":0.7436827412495435}