{"MV1":0.25543544523964823,"MV3":0.09765619660896008,"CH1":0.5571309984060476}