{"MV1":0.02448631126840095,"MV3":0.9926827145831346,"CH1":0.9874934336019476}