{"MV1":0.7492800892527194,"MV3":0.7227600121047305,"CH1":0.00863261658388359}