{"MV1":0.28486966705792305,"MV3":0.5707804161267849,"CH1":0.5532678282138241}