{"MV1":0.2218938552917914,"MV3":0.5282486743804384,"CH1":0.6759977310131401}