{"MV1":0.6458983954460057,"MV3":0.8647626847866734,"CH1":0.9008003015252055}