{"MV1":0.08933900909175807,"MV3":0.5031597765366259,"CH1":0.3158046948824027}