{"MV1":0.8757123831634304,"MV3":0.2795609571653931,"CH1":0.6963213735274703}