{"MV1":0.11763642794526818,"MV3":0.7066548003034102,"CH1":0.793019056439036}