{"MV1":0.9462855121935722,"MV3":0.547600697099559,"CH1":0.8539120522730568}