{"MV1":0.25100005097915357,"MV3":0.5459054138528383,"CH1":0.5111856015401826}