{"MV1":0.7101406497452449,"MV3":0.35362189343379247,"CH1":0.012992850727522431}