{"MV1":0.1214201533416841,"MV3":0.6627845194472628,"CH1":0.22186356721109357}