{"MV1":0.3448990536672961,"MV3":0.5204076461900342,"CH1":0.25937544407888535}