{"MV1":0.08737454823297741,"MV3":0.36022078144076486,"CH1":0.7209892230662217}