{"MV1":0.8447092410043033,"MV3":0.6490083826241269,"CH1":0.3104909442073305}