{"MV1":0.48078116454978326,"MV3":0.9085780920474633,"CH1":0.7745644375357507}