{"MV1":0.4472005784763966,"MV3":0.5822718720552463,"CH1":0.9874305594001633}