{"MV1":0.8476727077469299,"MV3":0.35236624602392985,"CH1":0.8838409983748587}