{"MV1":0.20168437728131006,"MV3":0.4997024438956976,"CH1":0.07537109578188927}