{"MV1":0.12039250372173826,"MV3":0.8685962084579988,"CH1":0.7809385978129046}