{"MV1":0.11127703684249757,"MV3":0.3606651780434639,"CH1":0.41326360609357893}