{"MV1":0.7012039534594168,"MV3":0.09600082108736663,"CH1":0.08255535916117662}