{"MV1":0.7556645713972504,"MV3":0.3515979687172892,"CH1":0.6326662378234843}