{"MV1":0.5944223262265398,"MV3":0.9873543268023259,"CH1":0.14175394847447764}