{"MV1":0.8960191241606228,"MV3":0.4417145322057575,"CH1":0.7710827477528227}