{"MV1":0.14163558231988382,"MV3":0.5965289608692929,"CH1":0.9272780653088359}