{"MV1":0.9854122728417849,"MV3":0.7382233851919799,"CH1":0.03437201591913197}