{"MV1":0.27019361981255063,"MV3":0.3350428155178964,"CH1":0.5536328068322203}