{"MV1":0.6322258045376911,"MV3":0.6621825451400706,"CH1":0.2659972889526666}