{"MV1":0.5943877731883463,"MV3":0.9575465902915913,"CH1":0.7640541138263128}