{"MV1":0.9388602911903233,"MV3":0.23829103922348593,"CH1":0.8385141049911117}