{"MV1":0.28216393000257123,"MV3":0.5426342560110002,"CH1":0.14183540020415708}