{"MV1":0.9063302932306152,"MV3":0.08532456138644795,"CH1":0.9516343658627522}