{"MV1":0.7033023847723947,"MV3":0.3946440781356011,"CH1":0.32387185252172235}