{"MV1":0.27345256247527017,"MV3":0.5063057763884814,"CH1":0.824441983173193}