{"MV1":0.35538455895777665,"MV3":0.6248145380686195,"CH1":0.3051432046825695}