{"MV1":0.0029975377803540537,"MV3":0.18984788970673627,"CH1":0.8721216301397418}