{"MV1":0.4532331578507536,"MV3":0.7769130734207966,"CH1":0.6677699482786977}