{"MV1":0.5672562745687565,"MV3":0.512346350620339,"CH1":0.2834199790576899}