{"MV1":0.3163469727705819,"MV3":0.7332869279037002,"CH1":0.571603321388952}