{"MV1":0.17129459856033868,"MV3":0.4317504197002704,"CH1":0.33296969701803625}