{"MV1":0.9909624397478937,"MV3":0.9257277799123893,"CH1":0.19868437969126063}