{"MV1":0.6411406718065972,"MV3":0.7632149772758885,"CH1":0.4653091552062065}