{"MV1":0.44795817221935796,"MV3":0.9623625257951752,"CH1":0.35643878737062207}