{"MV1":0.8061023298768628,"MV3":0.9168059063175963,"CH1":0.8608241585978497}