{"MV1":0.14721179007012375,"MV3":0.9603465133547445,"CH1":0.31314415770781545}