{"MV1":0.8817697131678858,"MV3":0.7654508801795725,"CH1":0.9196338296087508}