{"MV1":0.054911719477192866,"MV3":0.343739969067806,"CH1":0.5452863278530663}