{"MV1":0.9589810553785604,"MV3":0.27968303645729575,"CH1":0.9539453002087733}