{"MV1":0.8445026747042692,"MV3":0.5487149835098853,"CH1":0.2533238958298488}