{"MV1":0.12927599290815173,"MV3":0.021973625425095178,"CH1":0.6170602058697467}