{"MV1":0.8412905382584699,"MV3":0.7776360003886255,"CH1":0.5535520590213321}