{"MV1":0.9512102180858829,"MV3":0.20849105257659117,"CH1":0.8756166251019061}