{"MV1":0.1425657804057917,"MV3":0.1735098700797575,"CH1":0.656688021146284}