{"MV1":0.5129396275085368,"MV3":0.5563944478523845,"CH1":0.3781261966563608}