{"MV1":0.3311482563759991,"MV3":0.24642864699318046,"CH1":0.36342241557767285}