{"MV1":0.051979337647700796,"MV3":0.8271753862415303,"CH1":0.9668628679485947}