{"MV1":0.2579056598095214,"MV3":0.5423497679227842,"CH1":0.046719102232503196}