{"MV1":0.5409920638473292,"MV3":0.8103700604874948,"CH1":0.025667247086028522}