{"MV1":0.019212489697525315,"MV3":0.06881084776669821,"CH1":0.29304443994452023}