{"MV1":0.7252943780949109,"MV3":0.6648330073881089,"CH1":0.5506792591178156}