{"MV1":0.2834423842519752,"MV3":0.558529742748665,"CH1":0.5884442636390366}