{"MV1":0.1461776581390073,"MV3":0.8217931069316967,"CH1":0.9851066114327236}