{"MV1":0.08022356653456941,"MV3":0.12562646103172814,"CH1":0.7064202028745293}