{"MV1":0.572424405817564,"MV3":0.5627971957437264,"CH1":0.7646162400300002}