{"MV1":0.6383115095350244,"MV3":0.18866502056103918,"CH1":0.3042818205725052}