{"MV1":0.0531301330198104,"MV3":0.592613670915068,"CH1":0.13539802071112572}