{"MV1":0.3513149764385114,"MV3":0.21468920824330318,"CH1":0.3707659274713221}