{"MV1":0.40255586651213704,"MV3":0.17221809530382948,"CH1":0.7666115447377416}