{"MV1":0.5382744402039683,"MV3":0.8188548943599206,"CH1":0.4138777589552245}