{"MV1":0.5487038784552106,"MV3":0.6870182301997765,"CH1":0.5312184204838348}