{"MV1":0.846989537840349,"MV3":0.8374998041727845,"CH1":0.4753683153632171}