{"MV1":0.43322087523026165,"MV3":0.16691582366215707,"CH1":0.4101204184227091}