{"MV1":0.5996295279221188,"MV3":0.3421149523410375,"CH1":0.8888727445484272}