{"MV1":0.34152528415786565,"MV3":0.038365766077494534,"CH1":0.7269289436505765}