{"MV1":0.5427317839149233,"MV3":0.13543678775889456,"CH1":0.2501706886580475}