{"MV1":0.4484412728278139,"MV3":0.18261639352912085,"CH1":0.069729023598598}