{"MV1":0.867899115094451,"MV3":0.8500329995410006,"CH1":0.06558180846333084}