{"MV1":0.582683240635755,"MV3":0.5890799775199973,"CH1":0.5886066739691841}