{"MV1":0.3933821007444541,"MV3":0.2966584242395147,"CH1":0.3147260841363889}