{"MV1":0.02562459185951893,"MV3":0.07303137468368548,"CH1":0.8803561483315093}