{"MV1":0.956456115471242,"MV3":0.6097695130324129,"CH1":0.636433925229381}