{"MV1":0.7834279149332738,"MV3":0.2618807797006013,"CH1":0.11863593253193638}