{"MV1":0.09369928880282807,"MV3":0.9201390260051783,"CH1":0.21730777445715532}