{"MV1":0.1345667473746005,"MV3":0.5552093758933114,"CH1":0.9845613185536285}