{"MV1":0.23419137639037657,"MV3":0.9918116414636357,"CH1":0.13448709916064805}