{"MV1":0.7132420633013723,"MV3":0.28868247901770816,"CH1":0.7181778453118868}