{"MV1":0.49740476672489087,"MV3":0.9591906088329868,"CH1":0.1180923586797532}