{"MV1":0.08750270933888893,"MV3":0.8489786096897491,"CH1":0.4403890440249554}