{"MV1":0.48083383702936044,"MV3":0.47818515781631543,"CH1":0.04257762629855932}