{"MV1":0.46873767612051287,"MV3":0.10071533183173187,"CH1":0.7709605742410689}