{"MV1":0.33693285561697184,"MV3":0.7305313845037372,"CH1":0.4381603609067811}