{"MV1":0.6824915796881498,"MV3":0.2992650010750447,"CH1":0.6084072734292505}