{"MV1":0.8444625481905288,"MV3":0.8814901823224337,"CH1":0.12622202566427576}