{"MV1":0.2488276378560933,"MV3":0.7938636930847484,"CH1":0.43971331389006907}