{"MV1":0.2550787019148185,"MV3":0.13365265054270736,"CH1":0.17767782767585238}