{"MV1":0.14891723649430377,"MV3":0.6641170996200606,"CH1":0.625000801891168}