{"MV1":0.22272748775129814,"MV3":0.35676520896041397,"CH1":0.7395758387320944}