{"MV1":0.690397668961294,"MV3":0.6949885763942915,"CH1":0.13747451151197942}