{"MV1":0.7495123988761782,"MV3":0.9133714759225888,"CH1":0.48103870283939976}