{"MV1":0.7861003181372744,"MV3":0.8653553525680947,"CH1":0.950921894242126}