{"MV1":0.08936032544316486,"MV3":0.7913495568347486,"CH1":0.4503810752298951}