{"MV1":0.43560871585192207,"MV3":0.025887129168268963,"CH1":0.6400630901996296}