{"MV1":0.857274793116694,"MV3":0.5096036243070462,"CH1":0.18391925857851577}