{"MV1":0.8399597066939101,"MV3":0.8245363369378393,"CH1":0.5965661508616745}