{"MV1":0.7045192491611066,"MV3":0.8691017401266756,"CH1":0.6790556447165396}