{"MV1":0.1561637741338402,"MV3":0.1970606407147122,"CH1":0.8679423239574987}