{"MV1":0.3674222779230336,"MV3":0.6898414192606098,"CH1":0.35784730929972575}