{"MV1":0.26750173536684696,"MV3":0.9240894553828493,"CH1":0.235265029901075}