{"MV1":0.7526308155689042,"MV3":0.07251547104926459,"CH1":0.08206440755693123}