{"MV1":0.847853585030749,"MV3":0.7913484123117651,"CH1":0.7780932749423427}