{"MV1":0.6271666153027244,"MV3":0.23796733067896791,"CH1":0.9130145125223846}