{"MV1":0.9847274060412965,"MV3":0.8642875241361924,"CH1":0.9606340208026968}