{"MV1":0.6411457739749247,"MV3":0.7252208107151029,"CH1":0.05919887847195182}