{"MV1":0.4233407706821469,"MV3":0.7547253596167426,"CH1":0.8455963352339267}