{"MV1":0.9421355170398164,"MV3":0.3859423606199186,"CH1":0.9673876296436988}