{"MV1":0.9529569055268216,"MV3":0.32534411040821243,"CH1":0.7004308950976367}