{"MV1":0.5641210019137651,"MV3":0.0003986069155896832,"CH1":0.8009295913250912}