{"MV1":0.6185652574243647,"MV3":0.3404649958169862,"CH1":0.5395963372411142}