{"MV1":0.5855465874243309,"MV3":0.9971414648620851,"CH1":0.0514698316884844}