{"MV1":0.6593281364756194,"MV3":0.8484731838857785,"CH1":0.09846118143478433}