{"MV1":0.3530370038627365,"MV3":0.2288546901745765,"CH1":0.049608601584427814}