{"MV1":0.0869599843528075,"MV3":0.8083887888930962,"CH1":0.5174010125645601}