{"MV1":0.113976980754249,"MV3":0.4805139366487533,"CH1":0.9329556412897845}