{"MV1":0.5061872918628498,"MV3":0.6291092734933712,"CH1":0.8963879966155004}