{"MV1":0.9461206600135065,"MV3":0.4921824387098047,"CH1":0.00977742961279271}