{"MV1":0.7221288926071195,"MV3":0.739339044003699,"CH1":0.8924521285530579}