{"MV1":0.8319119990332641,"MV3":0.6947011714185917,"CH1":0.29007692274086005}