{"MV1":0.30317967179098326,"MV3":0.6441046701741137,"CH1":0.456952882859049}