{"MV1":0.5159723266652626,"MV3":0.7666726166128881,"CH1":0.10849835678145459}