{"MV1":0.6900678815653284,"MV3":0.2876703604698765,"CH1":0.037225000873386094}