{"MV1":0.012232605433724397,"MV3":0.8886409812148358,"CH1":0.8681516240571406}