{"MV1":0.7393496799612803,"MV3":0.06665611438616847,"CH1":0.06780160483150965}