{"MV1":0.7178309125046662,"MV3":0.10048739494837566,"CH1":0.7402281353044544}