{"MV1":0.7187783969281833,"MV3":0.4002818459484785,"CH1":0.906812919628135}