{"MV1":0.9704945648747739,"MV3":0.9343193888201935,"CH1":0.5310056312043093}