{"MV1":0.2785689059775166,"MV3":0.050384698241328074,"CH1":0.6447357349817109}