{"MV1":0.3085841474821478,"MV3":0.3210778884374682,"CH1":0.6801663842637673}