{"MV1":0.49795609374745897,"MV3":0.5439443107448004,"CH1":0.8461224060626586}