{"MV1":0.3225431507926426,"MV3":0.7694528947955578,"CH1":0.9472749517274903}