{"MV1":0.594573591862344,"MV3":0.5341163578154408,"CH1":0.5440053371459573}