{"MV1":0.7479725565677675,"MV3":0.015323616722647704,"CH1":0.5989041808098747}