{"MV1":0.15365102491607363,"MV3":0.614042162561124,"CH1":0.70002729025619}