{"MV1":0.3361107966234368,"MV3":0.834936012189464,"CH1":0.4589672984958375}