{"MV1":0.9173655219383644,"MV3":0.36525129746051255,"CH1":0.6107440497432644}