{"MV1":0.773325102910599,"MV3":0.6761014868959934,"CH1":0.6732856720688637}