{"MV1":0.41914367661368823,"MV3":0.1351302330578753,"CH1":0.2391832786604957}