{"MV1":0.7796757292570543,"MV3":0.9919270050185527,"CH1":0.3515674831384341}