{"MV1":0.10933932539410884,"MV3":0.4552102651244595,"CH1":0.7280761162977151}