{"MV1":0.004976222187487611,"MV3":0.5115684276944764,"CH1":0.3006605830352933}