{"MV1":0.7709445766486587,"MV3":0.9287108970946092,"CH1":0.640971372819713}