{"MV1":0.9609636644351801,"MV3":0.33195114892511324,"CH1":0.6087068634594757}