{"MV1":0.006872915415014891,"MV3":0.09109523017945576,"CH1":0.4261986445153426}