{"MV1":0.9094692591856651,"MV3":0.2565178470042945,"CH1":0.7951089800244535}