{"MV1":0.8075866560134347,"MV3":0.09094902072872957,"CH1":0.3618830040897921}