{"MV1":0.25098449038039194,"MV3":0.46548375696041844,"CH1":0.9895811562590546}