{"MV1":0.08499603156664293,"MV3":0.06939807906200601,"CH1":0.03748440408158149}