{"MV1":0.33699801833645293,"MV3":0.43367855060815463,"CH1":0.16643589182623508}