{"MV1":0.10161985237036653,"MV3":0.2049593822834639,"CH1":0.42824062773572946}