{"MV1":0.4069111222813411,"MV3":0.15548845544541112,"CH1":0.14307251006274102}