{"MV1":0.352229833519211,"MV3":0.13190430437191047,"CH1":0.8985564695223686}