{"MV1":0.8027122531740224,"MV3":0.6465431277467466,"CH1":0.42213499206086247}