{"MV1":0.7252640809115772,"MV3":0.7788046641480825,"CH1":0.18536295095084576}