{"MV1":0.9842778162736626,"MV3":0.14436146249847115,"CH1":0.5706527181458912}