{"MV1":0.7749715285493788,"MV3":0.7161348428206111,"CH1":0.7089203719478357}