{"MV1":0.5884517438273956,"MV3":0.15091642382088732,"CH1":0.5211676276976781}