{"MV1":0.7217518530424095,"MV3":0.31046236734481336,"CH1":0.07757013980981609}