{"MV1":0.8381593584937089,"MV3":0.18550353150326926,"CH1":0.18850236781245666}