{"MV1":0.5637603465506179,"MV3":0.40360327609939906,"CH1":0.1686683336767133}