{"MV1":0.0900490505752648,"MV3":0.679378390745423,"CH1":0.28197677266254007}