{"MV1":0.559973961395711,"MV3":0.9922233042497893,"CH1":0.5926037656949501}