{"MV1":0.7533592746300721,"MV3":0.09400740982282518,"CH1":0.2699543866394606}