{"MV1":0.05856775849193352,"MV3":0.5020759189009126,"CH1":0.805952941820537}