{"MV1":0.5381181870684807,"MV3":0.1161261989306196,"CH1":0.1785547028325104}