{"MV1":0.36445310888290217,"MV3":0.834901081637313,"CH1":0.4318381302857345}