{"MV1":0.1278341372865751,"MV3":0.6169556835206701,"CH1":0.13821045598471382}