{"MV1":0.6810798810038584,"MV3":0.208460568984271,"CH1":0.6516109374888452}