{"MV1":0.38361205102954177,"MV3":0.5087912370313469,"CH1":0.8468947358681944}