{"MV1":0.8460108673209259,"MV3":0.6216975649176892,"CH1":0.7499249160313802}