{"MV1":0.2531212412384596,"MV3":0.748556304873527,"CH1":0.08748806795387076}