{"MV1":0.6953405800568124,"MV3":0.962109001805823,"CH1":0.592583769467907}