{"MV1":0.369093365073737,"MV3":0.4596284408853808,"CH1":0.6931903340684533}