{"MV1":0.5258579968779868,"MV3":0.8808979844105911,"CH1":0.31667430443501854}