{"MV1":0.09901231687048284,"MV3":0.7815605462121559,"CH1":0.8675375310014952}