{"MV1":0.7436236876169916,"MV3":0.8552426191454848,"CH1":0.6233283511017328}