{"MV1":0.18213497305778958,"MV3":0.46865750893584524,"CH1":0.6392012515887394}