{"MV1":0.23864908269618623,"MV3":0.766904090316279,"CH1":0.5324860691378972}