{"MV1":0.5643441267016085,"MV3":0.24395176308935185,"CH1":0.3584028455258853}