{"MV1":0.874073719322633,"MV3":0.44027013377832125,"CH1":0.7853234625950472}