{"MV1":0.6275571811841418,"MV3":0.7325729422646754,"CH1":0.13297365367480507}