{"MV1":0.3277427034168142,"MV3":0.9724976916967774,"CH1":0.5281001882213242}