{"MV1":0.9244777251813119,"MV3":0.7284327499880533,"CH1":0.14837228605698727}