{"MV1":0.05224529795876087,"MV3":0.8258723586868735,"CH1":0.49824863640192696}