{"MV1":0.2585522480432091,"MV3":0.2859184986462727,"CH1":0.5909833820360028}