{"MV1":0.12171911499658472,"MV3":0.7520955117386552,"CH1":0.02874536659235194}