{"MV1":0.6349513106342303,"MV3":0.49980364856602033,"CH1":0.8264401506871595}