{"MV1":0.6555308479969922,"MV3":0.18979407202558407,"CH1":0.11244492047288102}