{"MV1":0.6654929914258095,"MV3":0.670502827945241,"CH1":0.9926041131037029}