{"MV1":0.6371006872605328,"MV3":0.29444426260887624,"CH1":0.9410397525867776}