{"MV1":0.4576228979789203,"MV3":0.31241194970674113,"CH1":0.6405757362183709}