{"MV1":0.8628116362136361,"MV3":0.4473532206478943,"CH1":0.7714968276139921}