{"MV1":0.8447714665773934,"MV3":0.9392124253875613,"CH1":0.2716796594067652}