{"MV1":0.9761357024552861,"MV3":0.38547158291806083,"CH1":0.6870025599647983}