{"MV1":0.7217681994164222,"MV3":0.9316176154312141,"CH1":0.1688706102193589}