{"MV1":0.84941730340728,"MV3":0.8743639246050273,"CH1":0.45718605895927167}