{"MV1":0.40739182606112834,"MV3":0.10357948000087536,"CH1":0.4584741893517985}