{"MV1":0.3913855772608692,"MV3":0.2830025397996767,"CH1":0.5811199582636987}