{"MV1":0.05865379662254011,"MV3":0.4191457035561722,"CH1":0.23344827664179646}