{"MV1":0.6954473726102769,"MV3":0.3261818574367552,"CH1":0.5031916847602702}