{"MV1":0.4329132777642214,"MV3":0.7873608929593552,"CH1":0.9152075383093975}