{"MV1":0.01761248298281437,"MV3":0.32207456507446386,"CH1":0.6370307585358289}