{"MV1":0.3789801745932396,"MV3":0.4751548031216367,"CH1":0.13158361129437213}