{"MV1":0.19653369995320802,"MV3":0.43789608701794924,"CH1":0.8723889154426108}