{"MV1":0.06669676238773248,"MV3":0.7986299305530469,"CH1":0.2367125793951943}