{"MV1":0.924304530173381,"MV3":0.24074397175670859,"CH1":0.7013431359907367}