{"MV1":0.9416204128722279,"MV3":0.6100594881890032,"CH1":0.39324681912411297}