{"MV1":0.7138646502649931,"MV3":0.4386188456758773,"CH1":0.19028942707769347}