{"MV1":0.5251817016349105,"MV3":0.7560533645419715,"CH1":0.05972959772768649}