{"MV1":0.13450456918816645,"MV3":0.7759713499515793,"CH1":0.52614249672835}