{"MV1":0.373979021407585,"MV3":0.8123403873190622,"CH1":0.11292052637262995}