{"MV1":0.6501965803195088,"MV3":0.4616802532888291,"CH1":0.4845081805936583}