{"MV1":0.6674504103372864,"MV3":0.22296788100560905,"CH1":0.3813045866993018}