{"MV1":0.8947209386367925,"MV3":0.4159913061999242,"CH1":0.39507926470668164}