{"MV1":0.6107195401117057,"MV3":0.9824341070182885,"CH1":0.6736693579789104}