{"MV1":0.39567453426634713,"MV3":0.67566424936862,"CH1":0.6788018378787405}