{"MV1":0.586076437039051,"MV3":0.880782519688638,"CH1":0.9259491223463728}