{"MV1":0.786962961196402,"MV3":0.9429866660446765,"CH1":0.19135129438243637}