{"MV1":0.8774928752486056,"MV3":0.9302359871323133,"CH1":0.08246603305190292}