{"MV1":0.8385080676630516,"MV3":0.7283643843775315,"CH1":0.9226989354529043}