{"MV1":0.20397326911536107,"MV3":0.5835924969176616,"CH1":0.309862180036221}