{"MV1":0.5810542246579922,"MV3":0.7109617928387728,"CH1":0.5378289143824534}