{"MV1":0.616618114960659,"MV3":0.8266679376026508,"CH1":0.19812164791751408}