{"MV1":0.7843594532053896,"MV3":0.20201197954356387,"CH1":0.481970717122855}