{"MV1":0.2876809597550396,"MV3":0.7005537153492881,"CH1":0.8917683940347414}