{"MV1":0.21572482457808895,"MV3":0.6341532026299709,"CH1":0.5069674726347598}