{"MV1":0.6590476217544,"MV3":0.4828688419443651,"CH1":0.5691635961818711}