{"MV1":0.1132923547572976,"MV3":0.23267406775996535,"CH1":0.34266953729539484}