{"MV1":0.8151947514554956,"MV3":0.4611111623024612,"CH1":0.5076977806299616}