{"MV1":0.48864006645773617,"MV3":0.9024963342268453,"CH1":0.6615437601367314}