{"MV1":0.06419037588828969,"MV3":0.4361322710539516,"CH1":0.5083300305575875}