{"MV1":0.3051008021072681,"MV3":0.3983569559812812,"CH1":0.4507844871539879}