{"MV1":0.10883093092221119,"MV3":0.5194973823036623,"CH1":0.9084213139716748}