{"MV1":0.09279419223123841,"MV3":0.27112590749456345,"CH1":0.5704703022109876}