{"MV1":0.8269963907715167,"MV3":0.020907411009917443,"CH1":0.4592376793582177}