{"MV1":0.16215648960991047,"MV3":0.8406970756836242,"CH1":0.9649742918622891}