{"MV1":0.25262709842981046,"MV3":0.7250421713847923,"CH1":0.049773026822681476}