{"MV1":0.4271475528223939,"MV3":0.4413084023605408,"CH1":0.5885614185338544}