{"MV1":0.3714900665705443,"MV3":0.33402798675414924,"CH1":0.07572156050139367}