{"MV1":0.47356230283772016,"MV3":0.3949294770254995,"CH1":0.863579510322845}