{"MV1":0.374130959042026,"MV3":0.67157563622571,"CH1":0.5134446441548415}