{"MV1":0.8267756879370352,"MV3":0.64925372425952,"CH1":0.3048268663409355}