{"MV1":0.3216811437758208,"MV3":0.885766839466649,"CH1":0.1131564252213969}