{"MV1":0.5163056760040479,"MV3":0.5393480176934737,"CH1":0.6965228955146696}