{"MV1":0.8232871482376041,"MV3":0.012003084666989627,"CH1":0.022168211734435617}