{"MV1":0.2007576727395085,"MV3":0.6512411959818671,"CH1":0.788497409303406}