{"MV1":0.6900735434759999,"MV3":0.6524658007758672,"CH1":0.29936936061123753}