{"MV1":0.5821983483904651,"MV3":0.7170878861861856,"CH1":0.19827457628371625}