{"MV1":0.6980558206465648,"MV3":0.2520150233535341,"CH1":0.8274244668306538}