{"MV1":0.4978571709961649,"MV3":0.9154745216135384,"CH1":0.09314437484098925}