{"MV1":0.04467806481242176,"MV3":0.7884590142076098,"CH1":0.09048966053899643}