{"MV1":0.6042248232580713,"MV3":0.7027550646897666,"CH1":0.6157320124145287}