{"MV1":0.6566355203666079,"MV3":0.12135607708617935,"CH1":0.09350686435282873}