{"MV1":0.4019268678778496,"MV3":0.9181918692277505,"CH1":0.5488326908914949}