{"MV1":0.9136927156484866,"MV3":0.8393841461752972,"CH1":0.38931695704606595}