{"MV1":0.2742500222995292,"MV3":0.2512678514957243,"CH1":0.3470818358973208}