{"MV1":0.5171458237369937,"MV3":0.580073848602814,"CH1":0.8245513869697981}