{"MV1":0.8697597017014026,"MV3":0.4115439426268285,"CH1":0.9897072821318389}