{"MV1":0.17279320860109715,"MV3":0.34635559156476414,"CH1":0.005642392125028151}