{"MV1":0.15608497600813154,"MV3":0.6168648840564561,"CH1":0.517676334847135}