{"MV1":0.7718910163181036,"MV3":0.9081075413178666,"CH1":0.5677282396284375}