{"MV1":0.8531572129368963,"MV3":0.10706314141948614,"CH1":0.8114893305454471}