{"MV1":0.3930198380772808,"MV3":0.17781606829136365,"CH1":0.32200901897081236}