{"MV1":0.20445043363733995,"MV3":0.6252465311403782,"CH1":0.8029603935699495}