{"MV1":0.231340088216328,"MV3":0.7285189014617665,"CH1":0.6385760758802302}