{"MV1":0.926681220996388,"MV3":0.59644112081047,"CH1":0.14737343461305763}