{"MV1":0.021968132926875272,"MV3":0.31910446239880363,"CH1":0.7771885226601088}