{"MV1":0.8386239246957599,"MV3":0.35602565611500514,"CH1":0.5631517987206553}