{"MV1":0.8771044096836623,"MV3":0.8265534649207987,"CH1":0.5138473605704559}