{"MV1":0.6306281062824008,"MV3":0.9068876285224228,"CH1":0.533037452279623}