{"MV1":0.8736275015209655,"MV3":0.5947175649269488,"CH1":0.8702040095618799}