{"MV1":0.9239968031288487,"MV3":0.9696994279602482,"CH1":0.4278910596815104}