{"MV1":0.6321277384804228,"MV3":0.8341796091252105,"CH1":0.4481938088781756}