{"MV1":0.03471880514580006,"MV3":0.5788668978123866,"CH1":0.47889443985790403}