{"MV1":0.5545776566431888,"MV3":0.4230839278017413,"CH1":0.3468374215525927}