{"MV1":0.9677828712095681,"MV3":0.8335181419678919,"CH1":0.976284176614651}