{"MV1":0.7144493620890928,"MV3":0.3849312083664598,"CH1":0.8739403988260238}