{"MV1":0.26659477620473915,"MV3":0.3469780439847545,"CH1":0.602298611296434}