{"MV1":0.07535886313128615,"MV3":0.24285906605327445,"CH1":0.21154629914071055}