{"MV1":0.5504422117655956,"MV3":0.3761167452688151,"CH1":0.45855539665175304}