{"MV1":0.476190091161904,"MV3":0.871907743298212,"CH1":0.5039393519411842}