{"MV1":0.052637026791852115,"MV3":0.6238206200881597,"CH1":0.7551148861869696}