{"MV1":0.6462652383472787,"MV3":0.1137814437408442,"CH1":0.8486684574673742}