{"MV1":0.3992410061153866,"MV3":0.21162555635412306,"CH1":0.9287671928383827}