{"MV1":0.9200111035580385,"MV3":0.35942297223478303,"CH1":0.9152815352360476}