{"MV1":0.6440593413762803,"MV3":0.9328429361174948,"CH1":0.18692950925768792}