{"MV1":0.20805184123594023,"MV3":0.6075298409698081,"CH1":0.6523999312168928}