{"MV1":0.05756123698183957,"MV3":0.8559928592508651,"CH1":0.526602618282102}