{"MV1":0.10807335252776984,"MV3":0.03584411240028307,"CH1":0.9582317728593028}