{"MV1":0.12187043874271797,"MV3":0.8460058776767833,"CH1":0.24397003433336728}