{"MV1":0.20979530580667416,"MV3":0.639959947869663,"CH1":0.4028599705353796}