{"MV1":0.38046813559513437,"MV3":0.216020825554057,"CH1":0.07965042579148907}