{"MV1":0.7292019964320343,"MV3":0.581058335748394,"CH1":0.5581431559418596}