{"MV1":0.5071044743842994,"MV3":0.91654510154428,"CH1":0.17889557404398826}