{"MV1":0.5495087028549361,"MV3":0.8442646610273776,"CH1":0.34182168752261155}