{"MV1":0.9981057393782953,"MV3":0.33774120993001333,"CH1":0.22294817225655816}