{"MV1":0.9722141509592465,"MV3":0.4440712041977234,"CH1":0.4340869738226195}