{"MV1":0.9929441663127391,"MV3":0.6067491326739223,"CH1":0.4292998221137625}