{"MV1":0.7881687178080161,"MV3":0.02093946502928934,"CH1":0.2898054474713532}