{"MV1":0.6948178411652126,"MV3":0.2111885758648101,"CH1":0.7931517820630313}