{"MV1":0.5531132412882089,"MV3":0.9305812555289172,"CH1":0.5871681452016506}