{"MV1":0.5659666644034779,"MV3":0.17998684093144868,"CH1":0.8943614857623454}