{"MV1":0.48682184836861475,"MV3":0.18406542391545544,"CH1":0.3801871548186595}