{"MV1":0.9456460456727356,"MV3":0.699911358617855,"CH1":0.14674578694547158}