{"MV1":0.6132769469253866,"MV3":0.5674196116435666,"CH1":0.703276649533532}