{"MV1":0.1874589635825782,"MV3":0.6932854172856123,"CH1":0.39241722795350886}