{"MV1":0.5275604874179388,"MV3":0.28110169450041655,"CH1":0.8171429514103248}