{"MV1":0.5075472339827014,"MV3":0.11275056461460664,"CH1":0.9803705868591633}