{"MV1":0.9758778080921081,"MV3":0.840616439680986,"CH1":0.7922988892359768}