{"MV1":0.0440053382203377,"MV3":0.707169544956446,"CH1":0.021430097015141314}