{"MV1":0.04115664744300718,"MV3":0.3959883805138523,"CH1":0.37382732099944205}