{"MV1":0.9027073074128735,"MV3":0.9130755647643196,"CH1":0.4202415795992275}