{"MV1":0.4615098595284336,"MV3":0.30907421967337223,"CH1":0.6375120982936348}