{"MV1":0.45811570595958406,"MV3":0.5932197266819895,"CH1":0.17506585472249037}