{"MV1":0.867454153650362,"MV3":0.7640659438648439,"CH1":0.9707879395107984}