{"MV1":0.045163711748281266,"MV3":0.6792464647858562,"CH1":0.302907060887624}