{"MV1":0.41093998943526955,"MV3":0.7986157036934179,"CH1":0.03640049498515918}