{"MV1":0.8629327739484915,"MV3":0.8497539465785308,"CH1":0.8128433660487776}