{"MV1":0.04608061797687413,"MV3":0.9094016996375129,"CH1":0.6977486024572505}