{"MV1":0.40596400758443274,"MV3":0.06688319340816995,"CH1":0.505289909300314}