{"MV1":0.38512996752986917,"MV3":0.9658087413597032,"CH1":0.3749201051645501}