{"MV1":0.49154977876675676,"MV3":0.25020767275695766,"CH1":0.6657407218786171}