{"MV1":0.6647484871873506,"MV3":0.39919122581364885,"CH1":0.7326861173055654}