{"MV1":0.5037307849320222,"MV3":0.6745326286044978,"CH1":0.3423015967034282}