{"MV1":0.42303872018676736,"MV3":0.611724193113318,"CH1":0.06365765178627436}