{"MV1":0.11093251820738204,"MV3":0.845719962129029,"CH1":0.9570932188405865}