{"MV1":0.7051353420392052,"MV3":0.3085005216085007,"CH1":0.6406088158027136}