{"MV1":0.38603121429325105,"MV3":0.14549000692908987,"CH1":0.876707246984249}