{"MV1":0.014572683618113258,"MV3":0.7175235652917102,"CH1":0.4345428384217339}