{"MV1":0.23752317081583518,"MV3":0.4634322896161388,"CH1":0.27402400509177793}