{"MV1":0.868666267672287,"MV3":0.5265658636441309,"CH1":0.5986667422151926}