{"MV1":0.7051991970587136,"MV3":0.31084446490416884,"CH1":0.4358131845612395}