{"MV1":0.45462563982103943,"MV3":0.7966417666614111,"CH1":0.10288052039274309}