{"MV1":0.8018807344408874,"MV3":0.9424849948868584,"CH1":0.8967437259130038}