{"MV1":0.8075311412240358,"MV3":0.7079069127471951,"CH1":0.2934455582310491}