{"MV1":0.075670958249204,"MV3":0.22570412773567206,"CH1":0.08870611469580036}