{"MV1":0.8430179640979923,"MV3":0.19364321721036348,"CH1":0.3802989532876605}