{"MV1":0.6037434672031226,"MV3":0.4765628935200745,"CH1":0.923879935085708}