{"MV1":0.3674356429759361,"MV3":0.645360888713997,"CH1":0.20566937557600573}