{"MV1":0.9431746755616399,"MV3":0.9224594926192279,"CH1":0.3241030958697031}