{"MV1":0.5540672026825793,"MV3":0.4770781536590041,"CH1":0.5002520800523621}