{"MV1":0.6177061967188923,"MV3":0.5217200752694803,"CH1":0.40584676116746876}