{"MV1":0.25888845139893846,"MV3":0.2081779626876391,"CH1":0.7721647670275417}