{"MV1":0.6133078253017201,"MV3":0.9893242858109923,"CH1":0.3589883713007894}