{"MV1":0.7165528912833451,"MV3":0.12765167786801934,"CH1":0.8939654600735656}