{"MV1":0.37310624115677504,"MV3":0.7087583616071264,"CH1":0.7310686361791277}