{"MV1":0.6714271228578224,"MV3":0.6246116121499268,"CH1":0.6940657658531107}