{"MV1":0.39607734404246797,"MV3":0.6081295368106296,"CH1":0.9930630152801223}