{"MV1":0.40857012845625784,"MV3":0.0649889865774893,"CH1":0.9629167428143482}