{"MV1":0.8021449279256431,"MV3":0.17744217950015584,"CH1":0.6341421743258161}