{"MV1":0.6797338323970832,"MV3":0.4215658199294322,"CH1":0.6928473813853677}