{"MV1":0.8767880617660558,"MV3":0.4743843881364256,"CH1":0.12442171905087596}