{"MV1":0.20528389245289036,"MV3":0.9082392397866144,"CH1":0.8082153260386115}