{"MV1":0.47101899732593344,"MV3":0.6710415484875194,"CH1":0.6647388382150403}