{"MV1":0.9878805594869269,"MV3":0.8707859597733417,"CH1":0.4730448391234665}