{"MV1":0.27419282858800176,"MV3":0.7348901245183687,"CH1":0.9653130636769363}