{"MV1":0.6850026078407899,"MV3":0.42953165982715436,"CH1":0.21718223504160594}