{"MV1":0.7845212145048712,"MV3":0.023365109289247177,"CH1":0.38613003131735013}