{"MV1":0.3619983065662329,"MV3":0.8449890176078321,"CH1":0.547473393298349}