{"MV1":0.061875589334519865,"MV3":0.4798813220726129,"CH1":0.21885272488156382}