{"MV1":0.19873669386683956,"MV3":0.8623343053079607,"CH1":0.4199922244121701}