{"MV1":0.0036892209729300074,"MV3":0.9229457736167592,"CH1":0.495412168005099}