{"MV1":0.7849247547141194,"MV3":0.6650642765425764,"CH1":0.013358368956670308}