{"MV1":0.33027929348275387,"MV3":0.034388711968040386,"CH1":0.6224279079357233}