{"MV1":0.816057394091818,"MV3":0.18132534496610542,"CH1":0.8120420721440459}