{"MV1":0.33994167133480147,"MV3":0.7381139144289347,"CH1":0.7950261144202517}