{"MV1":0.3316349224609282,"MV3":0.3558087902749596,"CH1":0.8911351131532794}