{"MV1":0.8916073728857878,"MV3":0.03832723669645266,"CH1":0.8711228043540268}