{"MV1":0.1471045172738087,"MV3":0.8651294048925751,"CH1":0.5373407472661091}