{"MV1":0.5942272581291621,"MV3":0.952768972526739,"CH1":0.7176466490414227}