{"MV1":0.7751170871458876,"MV3":0.8346607698130108,"CH1":0.04533992134386089}