{"MV1":0.48426614345136276,"MV3":0.38712709828112624,"CH1":0.9079429478738855}