{"MV1":0.2613152702545938,"MV3":0.3258620765210277,"CH1":0.0030889981642365782}