{"MV1":0.9763814333082432,"MV3":0.08868490280602848,"CH1":0.7635728609685294}