{"MV1":0.005324024984106113,"MV3":0.12462942984858183,"CH1":0.7005382697686839}