{"MV1":0.30899290533061907,"MV3":0.5614961796943758,"CH1":0.7356511184306014}