{"MV1":0.5982042235708184,"MV3":0.4532009232398193,"CH1":0.10667523377953658}