{"MV1":0.12987798781466442,"MV3":0.07558518045238827,"CH1":0.44911665909788345}