{"MV1":0.6024822816058736,"MV3":0.7051189147367047,"CH1":0.26213287719980294}