{"MV1":0.4027179397852272,"MV3":0.5628469931842863,"CH1":0.2781582370176767}