{"MV1":0.738338612826978,"MV3":0.2693155394976412,"CH1":0.5613959910895764}