{"MV1":0.8474811700871856,"MV3":0.8194962229002482,"CH1":0.2516037443031738}