{"MV1":0.9609584383307999,"MV3":0.3159999652043213,"CH1":0.8147693326675527}