{"MV1":0.3398184155775247,"MV3":0.007655095651584842,"CH1":0.13649123341374914}