{"MV1":0.35597343523727976,"MV3":0.20897030042025388,"CH1":0.38769364325849154}