{"MV1":0.7591070986768051,"MV3":0.45349920946879996,"CH1":0.7077084593437059}