{"MV1":0.48776032242147727,"MV3":0.14610418442243134,"CH1":0.4126163838286301}