{"MV1":0.9729957978294659,"MV3":0.7926115425606511,"CH1":0.4134427310054515}