{"MV1":0.45361689859439414,"MV3":0.580853836975192,"CH1":0.08955711873532624}