{"MV1":0.0485096401188273,"MV3":0.790081137187655,"CH1":0.6766052734801435}