{"MV1":0.12257598171929363,"MV3":0.8347943811143921,"CH1":0.49912128345943385}