{"MV1":0.46282351557487333,"MV3":0.19803399836325097,"CH1":0.2219715438770984}