{"MV1":0.6063636569656531,"MV3":0.4227674957327058,"CH1":0.32957905060521164}