{"MV1":0.9050875127338895,"MV3":0.25494822075823054,"CH1":0.8248707116423786}