{"MV1":0.5515335666168435,"MV3":0.12865954473128327,"CH1":0.5269869420411091}