{"MV1":0.21971127476911012,"MV3":0.42226003111089394,"CH1":0.15013316700653545}