{"MV1":0.3102892132151146,"MV3":0.10049878569126725,"CH1":0.2715639859109886}