{"MV1":0.34556341316858974,"MV3":0.2260068250694124,"CH1":0.4624914281241068}