{"MV1":0.44442053695677197,"MV3":0.8636787672156127,"CH1":0.41479936935694894}