{"MV1":0.11825404712231447,"MV3":0.4444249527445725,"CH1":0.09180232678073463}