{"MV1":0.9088879655540666,"MV3":0.7837555622258584,"CH1":0.8473916189614435}