{"MV1":0.5775250327335422,"MV3":0.5261080963849205,"CH1":0.5622615581072188}