{"MV1":0.5652791135549292,"MV3":0.29400340336558306,"CH1":0.15095968369355395}