{"MV1":0.64067727382126,"MV3":0.3073861381857652,"CH1":0.6912259508456756}