{"MV1":0.8283572585342737,"MV3":0.2765911078707073,"CH1":0.8976407696556903}