{"MV1":0.740786964245997,"MV3":0.8345763103772823,"CH1":0.33950461277323674}