{"MV1":0.2899370172625616,"MV3":0.44518510374259745,"CH1":0.8520702320396777}