{"MV1":0.45372978222080806,"MV3":0.5412350034777804,"CH1":0.5412114908828402}