{"MV1":0.9488923088815229,"MV3":0.7250498507992991,"CH1":0.6289517185682387}