{"MV1":0.5772591094251379,"MV3":0.7515758396725092,"CH1":0.44246608072135474}