{"MV1":0.5212595958829405,"MV3":0.559117175877001,"CH1":0.10009242686891573}