{"MV1":0.5340139988064149,"MV3":0.9228086454773871,"CH1":0.6122426455341997}