{"MV1":0.3769794965319332,"MV3":0.8407813922942611,"CH1":0.7450584573115282}