{"MV1":0.4330509787685095,"MV3":0.4555675198299851,"CH1":0.6151903583633479}