{"MV1":0.6206453394118779,"MV3":0.4388166414460194,"CH1":0.9573981575155046}