{"MV1":0.38751144750049804,"MV3":0.0664388606248324,"CH1":0.27744341053608834}