{"MV1":0.9627690774783005,"MV3":0.1702506064833832,"CH1":0.7626893267824715}