{"MV1":0.7004916573259925,"MV3":0.3294874158582769,"CH1":0.2797809140557238}