{"MV1":0.5185803455224234,"MV3":0.2839210493363806,"CH1":0.7436375895617862}