{"MV1":0.7671179558427438,"MV3":0.05862656119748144,"CH1":0.11995679728254216}