{"MV1":0.32420287399145986,"MV3":0.6660027114517625,"CH1":0.31688097361926293}