{"MV1":0.5384501494537774,"MV3":0.23195789199783057,"CH1":0.9721063820329633}