{"MV1":0.8827482292956597,"MV3":0.16890026275281178,"CH1":0.7177258035723557}