{"MV1":0.7696360801609694,"MV3":0.1166513920616522,"CH1":0.25401595485861816}