{"MV1":0.3873597502856434,"MV3":0.8351415880782805,"CH1":0.473993705399654}