{"MV1":0.6554498809402679,"MV3":0.7138711326535161,"CH1":0.48652150933657945}