{"MV1":0.8976199844761621,"MV3":0.6413261620702756,"CH1":0.23402236132399035}