{"MV1":0.7402489179569496,"MV3":0.29440871603589713,"CH1":0.02877128968713094}