{"MV1":0.7231186614294014,"MV3":0.8577415382187615,"CH1":0.784747322375499}