{"MV1":0.3361343052210495,"MV3":0.710165776639171,"CH1":0.4628636326519252}