{"MV1":0.8665722146636705,"MV3":0.19636145438912633,"CH1":0.5558279372868968}