{"MV1":0.861063304475048,"MV3":0.6779349982238934,"CH1":0.6322200249402576}