{"MV1":0.606110595927028,"MV3":0.6063672337573369,"CH1":0.802433238436302}