{"MV1":0.8863089256985485,"MV3":0.6970276542857085,"CH1":0.32526487061670384}