{"MV1":0.12751003067666733,"MV3":0.7770946447479379,"CH1":0.7318178361334627}