{"MV1":0.8902747227933081,"MV3":0.7758596006160366,"CH1":0.320467218388617}