{"MV1":0.6031394610602739,"MV3":0.889081293707914,"CH1":0.5523684291492157}