{"MV1":0.04467813330157411,"MV3":0.5093391582614236,"CH1":0.9634924182007195}