{"MV1":0.8254643756903863,"MV3":0.43808424718882133,"CH1":0.22997390521619798}