{"MV1":0.06408154645172637,"MV3":0.05787401610771237,"CH1":0.30706339361720936}