{"MV1":0.37596146551600385,"MV3":0.6554361145331763,"CH1":0.4743014045840558}