{"MV1":0.9441554383156651,"MV3":0.1259382444849112,"CH1":0.07706291241219987}