{"MV1":0.8844094744370306,"MV3":0.6645853224327428,"CH1":0.4424656261835287}