{"MV1":0.7211266555731692,"MV3":0.6581310458632404,"CH1":0.26504176406716917}