{"MV1":0.7634443311430724,"MV3":0.9318280916346724,"CH1":0.7829607524884631}