{"MV1":0.33411366095891093,"MV3":0.006873167614985354,"CH1":0.3281046073282041}