{"MV1":0.0625255433550026,"MV3":0.6465463971124182,"CH1":0.1918802917769401}