{"MV1":0.9542571461348508,"MV3":0.06179547338197178,"CH1":0.15635103213450685}