{"MV1":0.046556015216146274,"MV3":0.07580092227664459,"CH1":0.6526089653078379}