{"MV1":0.8726369313279602,"MV3":0.1045042698180364,"CH1":0.032854796387389085}