{"MV1":0.6947031240880458,"MV3":0.3769215378310041,"CH1":0.050577267358628}