{"MV1":0.6082694990136726,"MV3":0.3118504266587433,"CH1":0.2111319809912724}