{"MV1":0.5302959718386384,"MV3":0.4177028199786883,"CH1":0.5070110376337676}