{"MV1":0.7720617486034144,"MV3":0.9175461934550733,"CH1":0.9769385518658975}