{"MV1":0.9303002161584439,"MV3":0.6229031076818813,"CH1":0.13390842137235115}