{"MV1":0.9510863734303786,"MV3":0.37070806532062717,"CH1":0.9851268962081579}