{"MV1":0.23677987310368098,"MV3":0.058141827482394826,"CH1":0.8422806568494742}