{"MV1":0.3894458889455361,"MV3":0.49026449774790604,"CH1":0.19027654328028054}