{"MV1":0.5620027592607025,"MV3":0.15709441248514966,"CH1":0.6242486822114645}