{"MV1":0.8534911935359384,"MV3":0.058525547852773085,"CH1":0.695154857600762}