{"MV1":0.2784744975008411,"MV3":0.6598957738606471,"CH1":0.5371635342426279}