{"MV1":0.6473361861108664,"MV3":0.06006039036997801,"CH1":0.14039223167624582}