{"MV1":0.382441311143767,"MV3":0.4119520825375874,"CH1":0.5808599732091138}