{"MV1":0.6020135946888133,"MV3":0.01489645891472402,"CH1":0.2063959924814296}