{"MV1":0.9579645777953502,"MV3":0.5413109290307592,"CH1":0.4269575550770194}