{"MV1":0.1882314591045322,"MV3":0.9622737280387593,"CH1":0.45700642596656305}