{"MV1":0.7958914013611307,"MV3":0.8825691708587037,"CH1":0.30224253837843185}