{"MV1":0.17564159009274793,"MV3":0.7979456267401538,"CH1":0.5003025810923796}