{"MV1":0.9204361116077098,"MV3":0.14560565410274284,"CH1":0.5105133368594786}