{"MV1":0.5850374291062315,"MV3":0.4104460755430831,"CH1":0.1950944842124409}