{"MV1":0.10496437464779229,"MV3":0.0388337646287944,"CH1":0.24838625307879314}