{"MV1":0.2807584530312176,"MV3":0.7531898553416096,"CH1":0.11461650589519645}