{"MV1":0.5370605299700644,"MV3":0.3030761606746467,"CH1":0.7997480620913165}