{"MV1":0.6241687058714227,"MV3":0.11611564468043267,"CH1":0.20487278212439652}