{"MV1":0.7088991338613962,"MV3":0.07932284025185199,"CH1":0.24553699350883051}