{"MV1":0.21794600826878519,"MV3":0.6340478404379383,"CH1":0.7433613099753607}