{"MV1":0.6690896316126165,"MV3":0.43080029864386793,"CH1":0.01616595256534248}