{"MV1":0.09181112952948323,"MV3":0.2590334251539822,"CH1":0.08417437691849894}