{"MV1":0.6194312384403606,"MV3":0.5092324954735632,"CH1":0.36738882643090376}