{"MV1":0.0503975050360318,"MV3":0.016302092985709837,"CH1":0.120315472412862}