{"MV1":0.6977366807900405,"MV3":0.9005955087226228,"CH1":0.599783097667201}