{"MV1":0.5458884874624,"MV3":0.6674353019194211,"CH1":0.5016054953816029}