{"MV1":0.7143683056458023,"MV3":0.07082907315271159,"CH1":0.8472267616620863}