{"MV1":0.018644542094778616,"MV3":0.18561415256089742,"CH1":0.5521605549285328}