{"MV1":0.9250955829185145,"MV3":0.43166716134918126,"CH1":0.19531236059087187}