{"MV1":0.6150494477705049,"MV3":0.5761940694517265,"CH1":0.815063506742658}