{"MV1":0.21127572658967242,"MV3":0.2884246551536238,"CH1":0.21680100136190883}