{"MV1":0.4624604459937307,"MV3":0.9586529703655777,"CH1":0.6237025054029847}