{"MV1":0.9053783286169482,"MV3":0.4452022334828193,"CH1":0.11740539683181617}