{"MV1":0.9232484063388104,"MV3":0.5451113775472034,"CH1":0.5315042111850711}