{"MV1":0.3835432919016528,"MV3":0.49389187279442315,"CH1":0.7193835895241579}