{"MV1":0.4512466078980122,"MV3":0.6205995315556776,"CH1":0.061916479516505696}