{"MV1":0.012489496620207818,"MV3":0.07049674605027612,"CH1":0.42989148300640256}