{"MV1":0.11317492386114547,"MV3":0.9155395410981483,"CH1":0.9459127295779906}