{"MV1":0.712566480543678,"MV3":0.31002055744182333,"CH1":0.6479852993509427}