{"MV1":0.6775511137344454,"MV3":0.11004010979823498,"CH1":0.3206751799038443}