{"MV1":0.8758802546722555,"MV3":0.35735885704762094,"CH1":0.23796411855113242}