{"MV1":0.3877888999806317,"MV3":0.8261979583609114,"CH1":0.45649921163268203}