{"MV1":0.8396433227642682,"MV3":0.10879872892054165,"CH1":0.38179933024545387}