{"MV1":0.8655184365212018,"MV3":0.29021403900707643,"CH1":0.37548131805717866}