{"MV1":0.9817566198665146,"MV3":0.84739424490974,"CH1":0.8541174454976407}