{"MV1":0.9891796795529305,"MV3":0.9552127144057615,"CH1":0.03823625284685572}