{"MV1":0.05178918283809597,"MV3":0.3361324511464452,"CH1":0.5573785335577394}