{"MV1":0.6304145603367934,"MV3":0.37766416242159895,"CH1":0.8744301487545025}