{"MV1":0.9222895074957596,"MV3":0.28791576264418806,"CH1":0.49332833168990975}