{"MV1":0.4108157258751729,"MV3":0.06388577950673269,"CH1":0.4183636230055108}