{"MV1":0.9656689518717764,"MV3":0.1280838785983972,"CH1":0.7223511425573123}