{"MV1":0.5758985559612612,"MV3":0.07365431392332078,"CH1":0.3932115343746284}