{"MV1":0.16578381116355678,"MV3":0.549145554514261,"CH1":0.6676427598574624}