{"MV1":0.5112841039457218,"MV3":0.5001805484262926,"CH1":0.43437882277368034}