{"MV1":0.878107007952368,"MV3":0.3641847939470152,"CH1":0.12398394332325557}