{"MV1":0.01903548735048277,"MV3":0.7243433983794084,"CH1":0.013529605889071927}