{"MV1":0.4651472216962458,"MV3":0.9328686162684473,"CH1":0.03771348252372575}