{"MV1":0.055598338801382985,"MV3":0.8116773678462823,"CH1":0.2569151107166172}