{"MV1":0.4448740421510281,"MV3":0.6266900884829006,"CH1":0.753358336782578}