{"MV1":0.7638822130322196,"MV3":0.06042586848539899,"CH1":0.44984932575033876}