{"MV1":0.6842088812412226,"MV3":0.11790474950441177,"CH1":0.4217852388393537}