{"MV1":0.9539199600506606,"MV3":0.7462747334918645,"CH1":0.13193635285342598}