{"MV1":0.7112939937176304,"MV3":0.3262177314805561,"CH1":0.7213961727217275}