{"MV1":0.3238385433762967,"MV3":0.8640443445091087,"CH1":0.00998237253684997}