{"MV1":0.16205571487638704,"MV3":0.5926421756620849,"CH1":0.8734425867669315}