{"MV1":0.6378484153012971,"MV3":0.6030950021257527,"CH1":0.8197243256714674}