{"MV1":0.7406269433280959,"MV3":0.2581805200668824,"CH1":0.6014427711629521}