{"MV1":0.6848585250163914,"MV3":0.4760200791190615,"CH1":0.6990650078139601}