{"MV1":0.6140674102684716,"MV3":0.5554463193211928,"CH1":0.8154974458985633}