{"MV1":0.5408969755216381,"MV3":0.35388659577820114,"CH1":0.3472319951914703}