{"MV1":0.5448479803566968,"MV3":0.7308873189621334,"CH1":0.08072357233542393}