{"MV1":0.28777946835841994,"MV3":0.5655211529387432,"CH1":0.11875852590306879}