{"MV1":0.04517892451303063,"MV3":0.03902894578190952,"CH1":0.4402838943763713}