{"MV1":0.8848431937610859,"MV3":0.2626639269422292,"CH1":0.6022095546141457}