{"MV1":0.27741067606795733,"MV3":0.9140828326907166,"CH1":0.5476800256961838}