{"MV1":0.05131990269892617,"MV3":0.44331182388339396,"CH1":0.8200445683459954}