{"MV1":0.7777471091927954,"MV3":0.9719718596685919,"CH1":0.6668529170660001}