{"MV1":0.8761056013747051,"MV3":0.9494733186994453,"CH1":0.669948824959235}