{"MV1":0.5570942745009645,"MV3":0.2712501448584398,"CH1":0.864017884531998}