{"MV1":0.25542716990981484,"MV3":0.8281348255167603,"CH1":0.042499768751574796}