{"MV1":0.22180603436560897,"MV3":0.5607637241064819,"CH1":0.361291601973175}