{"MV1":0.07313000764869826,"MV3":0.7494419810862398,"CH1":0.8833551387107296}