{"MV1":0.28945771479220095,"MV3":0.9160180643272913,"CH1":0.03885683659458372}