{"MV1":0.33669828151858505,"MV3":0.8348302522958488,"CH1":0.49761173541353787}