{"MV1":0.7812777501445862,"MV3":0.7368573660940945,"CH1":0.041581591542824925}