{"MV1":0.421468107479667,"MV3":0.8633776966817408,"CH1":0.8761482942807068}