{"MV1":0.2466756836998445,"MV3":0.6884814418509565,"CH1":0.9110436166008996}