{"MV1":0.2566075143311931,"MV3":0.39458568908005287,"CH1":0.7274181903344409}