{"MV1":0.9709763203390112,"MV3":0.9813328915670402,"CH1":0.36365626044473043}