{"MV1":0.6756079083110856,"MV3":0.2407269506550368,"CH1":0.4832228957177369}