{"MV1":0.4410466354958996,"MV3":0.11690463050181243,"CH1":0.7730709006468621}