{"MV1":0.5789069300337403,"MV3":0.5308836344507534,"CH1":0.7113810773908283}