{"MV1":0.17603231864543456,"MV3":0.5018201237711405,"CH1":0.04619941211614775}