{"MV1":0.2043540035403879,"MV3":0.6941591448309363,"CH1":0.5724513437077334}