{"MV1":0.5721730927625671,"MV3":0.9107525172472434,"CH1":0.5457459090716208}