{"MV1":0.17408062874811492,"MV3":0.5904611525213938,"CH1":0.7986284530002161}