{"MV1":0.4127502590342085,"MV3":0.0971983340279925,"CH1":0.915841602912651}