{"MV1":0.800508123563447,"MV3":0.3385359980282231,"CH1":0.22699167027700118}