{"MV1":0.09739959265735931,"MV3":0.7744081369565513,"CH1":0.22470168955200975}