{"MV1":0.8205718677759732,"MV3":0.07776757971937731,"CH1":0.8245535116957232}