{"MV1":0.5492114511457397,"MV3":0.5590395287394968,"CH1":0.7095998808005136}