{"MV1":0.5577073903386628,"MV3":0.16628908304875223,"CH1":0.29188499739198637}