{"MV1":0.24790729164343694,"MV3":0.8120190418247042,"CH1":0.22752911749204985}