{"MV1":0.28590582788282903,"MV3":0.6027978492583601,"CH1":0.6575872774810001}