{"MV1":0.1933342182776956,"MV3":0.3735501855241189,"CH1":0.34196829116589444}