{"MV1":0.8597495430244025,"MV3":0.18604339338741005,"CH1":0.37233550386726555}