{"MV1":0.9289410676641182,"MV3":0.3302217510232901,"CH1":0.9421998096668147}