{"MV1":0.4284064288052155,"MV3":0.462783214874281,"CH1":0.012693366394378347}