{"MV1":0.18802548742170389,"MV3":0.5136671416168432,"CH1":0.6774595193101097}