{"MV1":0.5014625466088405,"MV3":0.7646114126250437,"CH1":0.4889262648281233}