{"MV1":0.9011887798904678,"MV3":0.1457400494608232,"CH1":0.11943442118196668}