{"MV1":0.2748542284410517,"MV3":0.26255454428272595,"CH1":0.7845299227106692}