{"MV1":0.6228107840283479,"MV3":0.7129483766597073,"CH1":0.7022922814856499}