{"MV1":0.19131230611830063,"MV3":0.5916098734386245,"CH1":0.8651761499706838}