{"MV1":0.8186323231899407,"MV3":0.8739535889447456,"CH1":0.3848692448272457}