{"MV1":0.15600204522739747,"MV3":0.5352917554473765,"CH1":0.45501731218319785}