{"MV1":0.8114423173656564,"MV3":0.1606891643445516,"CH1":0.9820871142568289}