{"MV1":0.621952489291961,"MV3":0.3987025536792699,"CH1":0.5413261913015303}