{"MV1":0.842127628223335,"MV3":0.7158391609859724,"CH1":0.38768008970326184}