{"MV1":0.19608244906113026,"MV3":0.6263341408777542,"CH1":0.9966382083392129}