{"MV1":0.9841580009002089,"MV3":0.4581809505500474,"CH1":0.38441777937606514}