{"MV1":0.8185747708080411,"MV3":0.8968750412980043,"CH1":0.6027702170233961}