{"MV1":0.38997805385601414,"MV3":0.062418225895839785,"CH1":0.6457358232660307}