{"MV1":0.9950429972740725,"MV3":0.8548611798889786,"CH1":0.7398087875332997}