{"MV1":0.36918050251536794,"MV3":0.08899044845933157,"CH1":0.03967080345563245}