{"MV1":0.012683073201605222,"MV3":0.8318609023562462,"CH1":0.11668033152743162}