{"MV1":0.24499056897563298,"MV3":0.47971069306223957,"CH1":0.358024026635833}