{"MV1":0.9925061381550744,"MV3":0.18546226729230286,"CH1":0.011822897247438569}