{"MV1":0.775171322859588,"MV3":0.5677758152693145,"CH1":0.07490495776185013}