{"MV1":0.6484194135138751,"MV3":0.745549434025224,"CH1":0.14490245796594525}