{"MV1":0.024412000340066298,"MV3":0.4081748198316343,"CH1":0.12588993230545542}