{"MV1":0.18613335066268244,"MV3":0.3573503870603416,"CH1":0.027190477896068543}