{"MV1":0.5562998696856819,"MV3":0.599857118199123,"CH1":0.9270638557912169}