{"MV1":0.8768518382380994,"MV3":0.6024915147341736,"CH1":0.23702174307356927}