{"MV1":0.8218446206635407,"MV3":0.8445542073108074,"CH1":0.8285614331823076}