{"MV1":0.8413663748278579,"MV3":0.4180805217448842,"CH1":0.764041825440865}