{"MV1":0.16327012887070746,"MV3":0.03817001548289567,"CH1":0.34052102847104904}