{"MV1":0.915825158698449,"MV3":0.5036215271658699,"CH1":0.6140960789976394}