{"MV1":0.7487463336042183,"MV3":0.4416087008638252,"CH1":0.3959385739153892}