{"MV1":0.5740545491070564,"MV3":0.21967945822918866,"CH1":0.38894029285990783}