{"MV1":0.06314854960414973,"MV3":0.536927967882667,"CH1":0.4678163078781039}