{"MV1":0.10360821562898925,"MV3":0.5735995440902475,"CH1":0.18876328717948299}