{"MV1":0.887173270476977,"MV3":0.7068474479802951,"CH1":0.27667770385492596}