{"MV1":0.5527634340219144,"MV3":0.06306879650388375,"CH1":0.635902083913822}