{"MV1":0.9744648917921903,"MV3":0.004432649138828015,"CH1":0.039598401049607546}