{"MV1":0.3556564457627226,"MV3":0.9015032095853731,"CH1":0.45506969841160894}