{"MV1":0.7146904905258764,"MV3":0.7350392414518777,"CH1":0.37175893437920715}