{"MV1":0.35313700528316394,"MV3":0.1929042239426273,"CH1":0.8942545480950967}