{"MV1":0.47828127599868486,"MV3":0.08412604327963324,"CH1":0.5417923092475613}