{"MV1":0.0935329154029293,"MV3":0.39513971024877503,"CH1":0.6944218163867469}