{"MV1":0.9590856501088909,"MV3":0.6714980800031767,"CH1":0.9610015877543364}