{"MV1":0.34746810419108853,"MV3":0.4893324811203915,"CH1":0.7909212167022756}