{"MV1":0.15561880165438646,"MV3":0.5225390912439002,"CH1":0.6765806810214968}