{"MV1":0.489145141132886,"MV3":0.009151318671275388,"CH1":0.9785295131093876}