{"MV1":0.1639106498415429,"MV3":0.8103601634417933,"CH1":0.21475419016116903}