{"MV1":0.1438782434589998,"MV3":0.395080333367934,"CH1":0.27445727695307387}