{"MV1":0.30797991207159403,"MV3":0.8932898076770854,"CH1":0.42198799475151894}