{"MV1":0.24490976548790344,"MV3":0.21939262366737222,"CH1":0.5669693269982289}