{"MV1":0.7385759607857463,"MV3":0.33914887919124803,"CH1":0.15978447976624954}