{"MV1":0.3422235302722437,"MV3":0.6306519130906586,"CH1":0.4146858985109638}