{"MV1":0.9275250636831214,"MV3":0.6822656912764736,"CH1":0.7171136821935058}