{"MV1":0.15741746118903754,"MV3":0.19022314093283343,"CH1":0.46840054299596345}