{"MV1":0.5502759481008971,"MV3":0.16824128166843233,"CH1":0.6089688568694318}