{"MV1":0.0999597177852698,"MV3":0.6431587995463658,"CH1":0.8917180327162709}