{"MV1":0.40945412436758344,"MV3":0.3575382559927269,"CH1":0.6564695607617341}