{"MV1":0.5663644211693952,"MV3":0.8260074658968315,"CH1":0.40284168587970504}