{"MV1":0.890142607586898,"MV3":0.9019304797405073,"CH1":0.9231244268474947}