{"MV1":0.4473928979686378,"MV3":0.92180354458617,"CH1":0.2746172946004355}