{"MV1":0.9849325371970868,"MV3":0.7046286899289855,"CH1":0.28548694385340345}