{"MV1":0.012870769072409693,"MV3":0.049406419351398334,"CH1":0.019486437744574703}