{"MV1":0.13279612603540047,"MV3":0.08469936858134264,"CH1":0.8791419969459859}