{"MV1":0.0887775593129756,"MV3":0.5607383213926288,"CH1":0.5185232649327559}