{"MV1":0.4060744921627627,"MV3":0.06312747935941354,"CH1":0.17064239259778413}