{"MV1":0.3666918771352924,"MV3":0.8418456746429279,"CH1":0.5912640357889769}