{"MV1":0.5151230693031513,"MV3":0.8276605355365253,"CH1":0.52733137514938}