{"MV1":0.4119070720005835,"MV3":0.6249817213378697,"CH1":0.8084846856658656}