{"MV1":0.15723251988833953,"MV3":0.42745507014001194,"CH1":0.5440561935858644}