{"MV1":0.3783778913397513,"MV3":0.8783562836242313,"CH1":0.274146138671165}