{"MV1":0.12161186824084302,"MV3":0.16290890487984822,"CH1":0.9868804113498634}