{"MV1":0.028060861135926873,"MV3":0.060535539967373264,"CH1":0.1369555933915242}