{"MV1":0.11519145434402167,"MV3":0.5422019778497352,"CH1":0.3154341885697012}