{"MV1":0.2635750883559802,"MV3":0.4304839643229058,"CH1":0.5058427488491644}