{"MV1":0.7471727945345159,"MV3":0.8160115547197287,"CH1":0.3717425650064641}