{"MV1":0.9880687514698411,"MV3":0.1226052901311584,"CH1":0.80978006522991}