{"MV1":0.9636008297383788,"MV3":0.5572678623897808,"CH1":0.23724134507103456}