{"MV1":0.5701706100184886,"MV3":0.45132906307224196,"CH1":0.4353283092298227}