{"MV1":0.6616268301490236,"MV3":0.4854404705808816,"CH1":0.6477568749486778}