{"MV1":0.6911644229751779,"MV3":0.5227359788574978,"CH1":0.6360854753403571}