{"MV1":0.1339541571685252,"MV3":0.7446733652852725,"CH1":0.6715715060151052}