{"MV1":0.11355907811550836,"MV3":0.3427714129671785,"CH1":0.7237164685585257}