{"MV1":0.3896223665236531,"MV3":0.4311165762442113,"CH1":0.1836754061814182}