{"MV1":0.6265223656280852,"MV3":0.6930887785036626,"CH1":0.5825647186352919}