{"MV1":0.246162753396158,"MV3":0.35450836749866854,"CH1":0.9446280481497785}