{"MV1":0.7621256509615365,"MV3":0.8372097032735428,"CH1":0.3595543906435349}