{"MV1":0.5961357905383575,"MV3":0.8294177427189665,"CH1":0.6345556153586613}