{"MV1":0.09790467487575383,"MV3":0.5930174980277872,"CH1":0.13246636563339909}