{"MV1":0.2767622221971221,"MV3":0.17783253261181686,"CH1":0.19195207696478178}