{"MV1":0.6058446861487551,"MV3":0.6652822385495748,"CH1":0.0673361951788145}