{"MV1":0.14412397764659657,"MV3":0.24794349256329407,"CH1":0.29436391059188094}