{"MV1":0.9214880792339469,"MV3":0.47117809336590777,"CH1":0.5432738037823363}