{"MV1":0.39160441831563764,"MV3":0.9918837587497996,"CH1":0.18700226285052313}