{"MV1":0.7938632558481893,"MV3":0.7040220687351922,"CH1":0.7847186535151938}