{"MV1":0.4380193509772724,"MV3":0.7732801077877285,"CH1":0.41147837981867874}