{"MV1":0.16825762468883732,"MV3":0.49171571509346335,"CH1":0.039474363193642614}