{"MV1":0.18657828458913528,"MV3":0.8603117027925586,"CH1":0.012509837388005374}