{"MV1":0.3322214194364461,"MV3":0.039914485733145155,"CH1":0.6424587532516838}