{"MV1":0.24991550806336005,"MV3":0.5885190178695294,"CH1":0.43386656098230425}