{"MV1":0.9031440734606305,"MV3":0.8722058726546222,"CH1":0.8167807848011096}