{"MV1":0.9800542834686264,"MV3":0.4666870839452071,"CH1":0.08563320109939732}