{"MV1":0.19256551261863386,"MV3":0.05695829902116312,"CH1":0.09974496036225766}