{"MV1":0.9472132909345933,"MV3":0.36850165907089694,"CH1":0.04073975022879783}