{"MV1":0.5818498473166465,"MV3":0.25408908603477254,"CH1":0.6339527094797075}