{"MV1":0.29552115135284474,"MV3":0.7903880552489204,"CH1":0.00333376195117141}