{"MV1":0.662240184417145,"MV3":0.35886719491547847,"CH1":0.1295926169345042}