{"MV1":0.4688042449828539,"MV3":0.454054158893738,"CH1":0.05980182541205359}