{"MV1":0.011145918086583495,"MV3":0.03179841608606493,"CH1":0.9814245556573142}