{"MV1":0.6676583044223795,"MV3":0.024386291785345016,"CH1":0.10229664706891095}