{"MV1":0.0884813492567067,"MV3":0.9171581336475887,"CH1":0.4740111989851469}