{"MV1":0.03570943114671088,"MV3":0.4502216514582633,"CH1":0.8188620446403779}