{"MV1":0.31340825597502187,"MV3":0.6745740986160311,"CH1":0.5933150243473805}