{"MV1":0.5087058982850529,"MV3":0.20281643577997455,"CH1":0.05221583382674011}