{"MV1":0.11413179950332175,"MV3":0.8414251173249566,"CH1":0.06721774868900654}