{"MV1":0.9254040973159723,"MV3":0.15452836526723812,"CH1":0.24139970791542675}