{"MV1":0.8032122825362741,"MV3":0.05999582633066092,"CH1":0.5789538390848421}