{"MV1":0.39310261185687523,"MV3":0.39156371803077283,"CH1":0.81188956196248}