{"MV1":0.3178419820353733,"MV3":0.8998512318104054,"CH1":0.8563451555294433}