{"MV1":0.3611136597048129,"MV3":0.23478139993999836,"CH1":0.15180387961298913}