{"MV1":0.5282999982458202,"MV3":0.3001093237934438,"CH1":0.6197056465969721}