{"MV1":0.8415955954025905,"MV3":0.3480276374058182,"CH1":0.2795112781169782}