{"MV1":0.40884104202033955,"MV3":0.4279722294754136,"CH1":0.17221511967154512}