{"MV1":0.9867592889695115,"MV3":0.15234444010164616,"CH1":0.9666272940796697}