{"MV1":0.021993231905241162,"MV3":0.3254277857958967,"CH1":0.19759861572235493}