{"MV1":0.6739824909453854,"MV3":0.1936756969401563,"CH1":0.6353722926923088}