{"MV1":0.7114858030477972,"MV3":0.7749547509768838,"CH1":0.4123745126149341}