{"MV1":0.6891526285415789,"MV3":0.5172201002724309,"CH1":0.8548255025562038}