{"MV1":0.8027253096565046,"MV3":0.02389745730786208,"CH1":0.5997708413854888}