{"MV1":0.32391244696656807,"MV3":0.7725878343761374,"CH1":0.5099123292008598}