{"MV1":0.5751466641261946,"MV3":0.44418770021849396,"CH1":0.8695330167645058}