{"MV1":0.9683978926164559,"MV3":0.711207214497362,"CH1":0.31562783788137805}