{"MV1":0.29666725762979973,"MV3":0.6014833643395554,"CH1":0.04141294676233742}