{"MV1":0.17096414740101773,"MV3":0.9223403229305176,"CH1":0.5566313484152682}