{"MV1":0.2820170040990805,"MV3":0.8175183962723003,"CH1":0.771609843163055}