{"MV1":0.5832080316692677,"MV3":0.7515012972829032,"CH1":0.46956081729050514}