{"MV1":0.8427585548161397,"MV3":0.6673084800417279,"CH1":0.3392380687864518}