{"MV1":0.6019128640259668,"MV3":0.42235146959864633,"CH1":0.7309111112033414}