{"MV1":0.6244844113505348,"MV3":0.39014842464197497,"CH1":0.8174934048693152}