{"MV1":0.8719231046353646,"MV3":0.3857504902536859,"CH1":0.619597377166567}