{"MV1":0.5969127517079275,"MV3":0.4892676450980087,"CH1":0.5886623338709226}