{"MV1":0.001889566613193172,"MV3":0.2408521457128563,"CH1":0.6813081490466288}