{"MV1":0.25742043579176543,"MV3":0.9189606806094154,"CH1":0.8485986121633592}