{"MV1":0.7633962879488939,"MV3":0.10505621970356427,"CH1":0.33342203416361615}