{"MV1":0.4680464119887062,"MV3":0.3758466034211839,"CH1":0.6669605056139859}