{"MV1":0.3977369460293587,"MV3":0.5579612719038428,"CH1":0.7321447582989514}