{"MV1":0.6661911105422776,"MV3":0.12169795472441314,"CH1":0.5473349173623268}