{"MV1":0.10528087247916462,"MV3":0.5655962136679874,"CH1":0.6255312459198713}