{"MV1":0.984556852633664,"MV3":0.6317360263829359,"CH1":0.6110076637227604}