{"MV1":0.9663051089756279,"MV3":0.7314519810326908,"CH1":0.9807825961295275}