{"MV1":0.9222912822998944,"MV3":0.622227729791264,"CH1":0.9838950157833746}