{"MV1":0.0012364390879017195,"MV3":0.9479048264672412,"CH1":0.5088995502060784}