{"MV1":0.5157608444090079,"MV3":0.5256597997359593,"CH1":0.8896511223132391}