{"MV1":0.8837450255012929,"MV3":0.4933323466012587,"CH1":0.6950202233140861}