{"MV1":0.0393360759459197,"MV3":0.13135504282547372,"CH1":0.6583048663619722}