{"MV1":0.45087797695624887,"MV3":0.3075188067893234,"CH1":0.7085760600227867}