{"MV1":0.11975733240466402,"MV3":0.691027326426931,"CH1":0.8738015202260425}