{"MV1":0.0754249443164946,"MV3":0.09150795077464202,"CH1":0.07048167399171168}