{"MV1":0.8952691144761411,"MV3":0.2315485292834517,"CH1":0.739076161455134}