{"MV1":0.5120900595456879,"MV3":0.18135229273420594,"CH1":0.28933061626798895}