{"MV1":0.5743773877687104,"MV3":0.4563540862101554,"CH1":0.08100194141076578}