{"MV1":0.9435746412911161,"MV3":0.24672822892845714,"CH1":0.005407474585811589}