{"MV1":0.31889050617823433,"MV3":0.4123230085901284,"CH1":0.6980062174812693}