{"MV1":0.13564469675125912,"MV3":0.2582329727021516,"CH1":0.2130235786358723}