{"MV1":0.43143362116162265,"MV3":0.7943988364774898,"CH1":0.7402173956396485}