{"MV1":0.6076677689649491,"MV3":0.9635512348089097,"CH1":0.6964798435891141}