{"MV1":0.27260208336757186,"MV3":0.1977611438411545,"CH1":0.572324519936585}