{"MV1":0.6580765513609155,"MV3":0.8044239177533585,"CH1":0.18644216078448417}