{"MV1":0.8750678096678174,"MV3":0.28044534790274533,"CH1":0.12409442785992009}