{"MV1":0.9651567412523511,"MV3":0.243968630004898,"CH1":0.7836860761051994}