{"MV1":0.9493484151063357,"MV3":0.014794040016806731,"CH1":0.6420179880453372}