{"MV1":0.012389796382638152,"MV3":0.46014819841458643,"CH1":0.047575410325711665}