{"MV1":0.3062058666344645,"MV3":0.9356863208787078,"CH1":0.8059278721388793}