{"MV1":0.34956654147452193,"MV3":0.4544217865482747,"CH1":0.020038424077875816}