{"MV1":0.7683323297077402,"MV3":0.9905886235866713,"CH1":0.5387963795812902}