{"MV1":0.6597716471426495,"MV3":0.8483281265442114,"CH1":0.21464112531725454}