{"MV1":0.10450466271287162,"MV3":0.8770191478555605,"CH1":0.12912127659559813}