{"MV1":0.9207108837236383,"MV3":0.19299795493039373,"CH1":0.898951535210796}