{"MV1":0.3034544296217929,"MV3":0.579167944287524,"CH1":0.38424665381531387}