{"MV1":0.9728302291416757,"MV3":0.8901638142566807,"CH1":0.48828049358634873}