{"MV1":0.7127303362821789,"MV3":0.2668011299071037,"CH1":0.2901010440416676}