{"MV1":0.47765720625818586,"MV3":0.5485946754680991,"CH1":0.019000807912193496}