{"MV1":0.7503100826934072,"MV3":0.3009073835473641,"CH1":0.6329099335902592}