{"MV1":0.5747903522655086,"MV3":0.6972182305324071,"CH1":0.5740793061244945}