{"MV1":0.02015714592034512,"MV3":0.4234509948557178,"CH1":0.33543564273199333}