{"MV1":0.4237600283120996,"MV3":0.5835576136044806,"CH1":0.062324357410487696}