{"MV1":0.31659384039319927,"MV3":0.2424116311295217,"CH1":0.14967385294978375}