{"MV1":0.9953779861007788,"MV3":0.15023722836491227,"CH1":0.9038053709732219}