{"MV1":0.5486905527816783,"MV3":0.25041619433689355,"CH1":0.9722919169370479}