{"MV1":0.11172441834160896,"MV3":0.9612893447943087,"CH1":0.5386469596965724}