{"MV1":0.6061646546594999,"MV3":0.39820318662212884,"CH1":0.8831197247117964}