{"MV1":0.5185780688391222,"MV3":0.7375492995679519,"CH1":0.5528152629865477}