{"MV1":0.30696255072729195,"MV3":0.14891894972312292,"CH1":0.8678256498632674}