{"MV1":0.9854039463995771,"MV3":0.4996124499821626,"CH1":0.03795592062216002}