{"MV1":0.6332507315856668,"MV3":0.09106168211781185,"CH1":0.0013279105900904087}