{"MV1":0.6209236302732293,"MV3":0.3944125753571023,"CH1":0.7947768271249119}