{"MV1":0.5969351398238198,"MV3":0.35451307877599214,"CH1":0.9929115386605256}