{"MV1":0.6995517229774914,"MV3":0.3064286359145739,"CH1":0.795503538875134}