{"MV1":0.6520668651625927,"MV3":0.09510399916176615,"CH1":0.9195605958181595}