{"MV1":0.2846753981817831,"MV3":0.9053365134053979,"CH1":0.6539563261685887}