{"MV1":0.5213863750696764,"MV3":0.5824231945860651,"CH1":0.26066568513657473}