{"MV1":0.37250222506254715,"MV3":0.2808869495543468,"CH1":0.3731217256306779}