{"MV1":0.4075222198001347,"MV3":0.3101974731611654,"CH1":0.887164166486583}