{"MV1":0.18310556033722925,"MV3":0.5311248168365412,"CH1":0.48366051754571093}