{"MV1":0.7142880730142305,"MV3":0.42516412043392804,"CH1":0.979670246323441}