{"MV1":0.1547276469099843,"MV3":0.9054779956935131,"CH1":0.5817872324538983}