{"MV1":0.9074173888548824,"MV3":0.8623400600882418,"CH1":0.3607741500763627}