{"MV1":0.9801342286925061,"MV3":0.014876377186214707,"CH1":0.7005491990171627}