{"MV1":0.3618849856209392,"MV3":0.2573028699124901,"CH1":0.09581166661906748}