{"MV1":0.4118462899031464,"MV3":0.8655615450887975,"CH1":0.48767306525657317}