{"MV1":0.05750195370742295,"MV3":0.16844341363399362,"CH1":0.43504072613863}