{"MV1":0.051010618565144106,"MV3":0.4469564946628076,"CH1":0.6339523571191602}