{"MV1":0.23363303607122798,"MV3":0.299809787119807,"CH1":0.5564490146876044}