{"MV1":0.1131923824555433,"MV3":0.020026993602761056,"CH1":0.9528012906839086}