{"MV1":0.11445202426056666,"MV3":0.06254211475225968,"CH1":0.7610841693955159}