{"MV1":0.8794311129752088,"MV3":0.5658354919273989,"CH1":0.5953629661665374}