{"MV1":0.27243533945741016,"MV3":0.04743410439351292,"CH1":0.6643116167158173}