{"MV1":0.14964520315226704,"MV3":0.7003499095270774,"CH1":0.9473954600695927}