{"MV1":0.16953936421342075,"MV3":0.11733417981202321,"CH1":0.10170332223880796}