{"MV1":0.3992164581482338,"MV3":0.02480555819841146,"CH1":0.10448837933262733}