{"MV1":0.05350092888896363,"MV3":0.6559989584666254,"CH1":0.47478530319133017}