{"MV1":0.017688113611735834,"MV3":0.6871338510958196,"CH1":0.1185796635118046}