{"MV1":0.45218104959586036,"MV3":0.7616320698562873,"CH1":0.3203626437671676}