{"MV1":0.5955332616265087,"MV3":0.18616139250721797,"CH1":0.27923422097361617}