{"MV1":0.3928181069707105,"MV3":0.8420482744487817,"CH1":0.9943192907919307}