{"MV1":0.6919499475426628,"MV3":0.14433604264667632,"CH1":0.5370766667340162}