{"MV1":0.20911773331169792,"MV3":0.3535620561506674,"CH1":0.5994546302857697}