{"MV1":0.1749870321625998,"MV3":0.5496371265764374,"CH1":0.74103534244487}