{"MV1":0.6594940810170234,"MV3":0.17207069716116197,"CH1":0.40032211468578016}