{"MV1":0.48189561652940627,"MV3":0.22342023533642097,"CH1":0.14402060786475646}