{"MV1":0.5813118455906133,"MV3":0.7936557870423664,"CH1":0.7506748564101748}