{"MV1":0.01417572104201037,"MV3":0.9484422953076984,"CH1":0.27294780860833134}