{"MV1":0.6285299210040176,"MV3":0.6918560338708579,"CH1":0.424471516265968}