{"MV1":0.5654401227988294,"MV3":0.7813704830488513,"CH1":0.546632259385838}