{"MV1":0.8483262293214098,"MV3":0.05166485918411445,"CH1":0.9100666526930064}