{"MV1":0.3131727329675068,"MV3":0.8895976129808737,"CH1":0.770681961622124}