{"MV1":0.3257266331127243,"MV3":0.5723148503456161,"CH1":0.9579937994908038}