{"MV1":0.8405028449866462,"MV3":0.2815242067893471,"CH1":0.054178565772774356}