{"MV1":0.7966718476548741,"MV3":0.41029737568569724,"CH1":0.23169238920783541}