{"MV1":0.5764600755432067,"MV3":0.8915972146140392,"CH1":0.22017773567059862}