{"MV1":0.11178146814050038,"MV3":0.35679083815210977,"CH1":0.7473196711747154}