{"MV1":0.36040683334098345,"MV3":0.13635872611986277,"CH1":0.018736055827360487}