{"MV1":0.5338963242870133,"MV3":0.7932049229055234,"CH1":0.4721220059361101}