{"MV1":0.8547559182635597,"MV3":0.143407986707483,"CH1":0.3313926071191823}