{"MV1":0.9733355766068607,"MV3":0.255844532490515,"CH1":0.22209465044129884}