{"MV1":0.8557080953978016,"MV3":0.5987164154386186,"CH1":0.7618942621092621}