{"MV1":0.4267482191636147,"MV3":0.11402845553859953,"CH1":0.3297635890219909}