{"MV1":0.4233313247457642,"MV3":0.04169615983769359,"CH1":0.7286772849085201}