{"MV1":0.2383826897094936,"MV3":0.1337818143388093,"CH1":0.2654162483435577}