{"MV1":0.14421558034645887,"MV3":0.04087248533474985,"CH1":0.3531363722364318}