{"MV1":0.4503249130366801,"MV3":0.3822918325911465,"CH1":0.36261889161093586}