{"MV1":5.4285467444348257e-05,"MV3":0.2154345667023322,"CH1":0.6511123714343535}