{"MV1":0.5411619211592887,"MV3":0.19102300058006705,"CH1":0.7654922191794984}