{"MV1":0.30830994957603264,"MV3":0.9716964215116868,"CH1":0.6959781942393832}