{"MV1":0.5229122346384879,"MV3":0.4019530177217301,"CH1":0.23144667471251057}