{"MV1":0.36135099967686946,"MV3":0.06667738522541078,"CH1":0.6255655179800749}