{"MV1":0.2151744131765695,"MV3":0.42746201584305876,"CH1":0.9492636576045046}