{"MV1":0.44259800158071994,"MV3":0.3947899078462256,"CH1":0.395840835619924}