{"MV1":0.8256648144167069,"MV3":0.12183061006153106,"CH1":0.3647820771744935}