{"MV1":0.8752659754311227,"MV3":0.6964995507536761,"CH1":0.4022348053584577}