{"MV1":0.7262684224513049,"MV3":0.23266080380958742,"CH1":0.9976861121424128}