{"MV1":0.8061068426983367,"MV3":0.7541943462925819,"CH1":0.8018963085183457}