{"MV1":0.03399298207971435,"MV3":0.40431896202854134,"CH1":0.1878877835999111}