{"MV1":0.9859068009334713,"MV3":0.2858653988512243,"CH1":0.079364248953399}