{"MV1":0.6210392401989827,"MV3":0.8472612085197422,"CH1":0.4741217225334021}