{"MV1":0.469997902974449,"MV3":0.3580401062748687,"CH1":0.29363874549313984}