{"MV1":0.6624202659494144,"MV3":0.3160201992821827,"CH1":0.9983706490233429}