{"MV1":0.8491993985520337,"MV3":0.7938732272947789,"CH1":0.15431952598270593}