{"MV1":0.5199893160327224,"MV3":0.058184405521775506,"CH1":0.26313582261555657}