{"MV1":0.6669072985401528,"MV3":0.1407510722188019,"CH1":0.7981336416039372}