{"MV1":0.8524231615460497,"MV3":0.5370297390412414,"CH1":0.07482932514300134}