{"MV1":0.5068377884209763,"MV3":0.6611362362707454,"CH1":0.5047365155666554}