{"MV1":0.8025927987039129,"MV3":0.761984075730736,"CH1":0.0480491127378736}