{"MV1":0.619662111583302,"MV3":0.5364470625964259,"CH1":0.9695421343844357}