{"MV1":0.8334430420173566,"MV3":0.5816364545992858,"CH1":0.6608911643550842}