{"MV1":0.6407017045880005,"MV3":0.18454859888313246,"CH1":0.2564220999568294}