{"MV1":0.33642076055539305,"MV3":0.09344377638096357,"CH1":0.06760479328989843}