{"MV1":0.44577957580788297,"MV3":0.6390660142300295,"CH1":0.5311868192263466}