{"MV1":0.19469899859322537,"MV3":0.3636004482472599,"CH1":0.020158248386990207}