{"MV1":0.45249012861162385,"MV3":0.9977975494923451,"CH1":0.009382852526883534}