{"MV1":0.9560184877624371,"MV3":0.5903076602757472,"CH1":0.052543990693905585}