{"MV1":0.9745220553224435,"MV3":0.45778738669845487,"CH1":0.11172794714240153}