{"MV1":0.7757419130356819,"MV3":0.9536753736701606,"CH1":0.3102201334417971}