{"MV1":0.9006712735463468,"MV3":0.8106249048337885,"CH1":0.8904794871271974}