{"MV1":0.07924443562976469,"MV3":0.6322295119369853,"CH1":0.1922549134007222}