{"MV1":0.7330352096315851,"MV3":0.28752534931251084,"CH1":0.6750611161684884}