{"MV1":0.4188208210199391,"MV3":0.40158190328497345,"CH1":0.7161540078643428}