{"MV1":0.3907391722701955,"MV3":0.3875463995175612,"CH1":0.13917695147680953}