{"MV1":0.560634845491943,"MV3":0.9052215435559682,"CH1":0.8937530382336925}