{"MV1":0.22569863083423136,"MV3":0.9754352852429802,"CH1":0.281088205288591}