{"MV1":0.9893958510404759,"MV3":0.8045210163947909,"CH1":0.790188597561553}