{"MV1":0.4742105430156016,"MV3":0.5965435590300711,"CH1":0.1385045698078694}