{"MV1":0.698631159832559,"MV3":0.43989243536848355,"CH1":0.2900864797896888}