{"MV1":0.21310672078976112,"MV3":0.6004459141961144,"CH1":0.7127525647588961}