{"MV1":0.3375840932988885,"MV3":0.45999376798578484,"CH1":0.15846342570308491}