{"MV1":0.4557458832481026,"MV3":0.4717000056969596,"CH1":0.6453232338415978}