{"MV1":0.10204881664601739,"MV3":0.929111966299877,"CH1":0.9738675003929546}