{"MV1":0.0707933880432513,"MV3":0.7968892143109498,"CH1":0.32911718226564757}