{"MV1":0.6114864156142743,"MV3":0.5010176196250951,"CH1":0.8873335149472023}