{"MV1":0.16042176182933676,"MV3":0.6361023553647038,"CH1":0.4229021439961992}