{"MV1":0.6263177886258654,"MV3":0.5580162018057601,"CH1":0.19247102433202157}