{"MV1":0.5300010789500621,"MV3":0.9142976905697299,"CH1":0.12256781793403482}