{"MV1":0.6943502211745147,"MV3":0.11754370655719115,"CH1":0.3663598259912232}