{"MV1":0.4012344449889035,"MV3":0.5840803206037832,"CH1":0.6671380758964893}