{"MV1":0.22812302307487664,"MV3":0.2539919024037852,"CH1":0.46571566810423004}