{"MV1":0.032336420631065566,"MV3":0.017701490833843536,"CH1":0.7537173830603612}