{"MV1":0.9038377763320878,"MV3":0.8465768190884614,"CH1":0.8307417156134638}