{"MV1":0.8451643556691874,"MV3":0.7763724139230326,"CH1":0.2346757267930787}