{"MV1":0.37225940584843575,"MV3":0.2945114542408811,"CH1":0.7879592506265429}