{"MV1":0.5064785054532477,"MV3":0.9847137379565478,"CH1":0.5884284866202542}