{"MV1":0.2135356153039667,"MV3":0.27696889232679756,"CH1":0.9952498350694836}