{"MV1":0.15096540191730834,"MV3":0.9275745636728178,"CH1":0.9212550389397457}