{"MV1":0.9601222727604118,"MV3":0.32421471902374743,"CH1":0.5223903050483425}