{"MV1":0.2857158082816823,"MV3":0.6475711487684781,"CH1":0.9514952216422795}