{"MV1":0.3118749374309542,"MV3":0.6605692841103237,"CH1":0.3614676440744492}