{"MV1":0.20995562992539696,"MV3":0.2333164587130283,"CH1":0.9457392215780159}