{"MV1":0.2551710559072332,"MV3":0.24193841748267475,"CH1":0.7792295053841585}