{"MV1":0.8766769828541732,"MV3":0.013839947141043973,"CH1":0.20079751958430825}