{"MV1":0.3906774263026618,"MV3":0.35520198744627873,"CH1":0.5840657269991394}