{"MV1":0.6064419086213994,"MV3":0.2717608496527839,"CH1":0.6678319209616785}