{"MV1":0.9783511127684716,"MV3":0.3659462644009349,"CH1":0.23039737133915406}