{"MV1":0.33757724866678196,"MV3":0.3362399760865832,"CH1":0.3878502374999574}