{"MV1":0.8139672933812321,"MV3":0.3866040139096987,"CH1":0.91451683248436}