{"MV1":0.17992752744964569,"MV3":0.45208175806504036,"CH1":0.9514075950231146}