{"MV1":0.2750872595339927,"MV3":0.5116688447019657,"CH1":0.9453478650836101}