{"MV1":0.34045758542022664,"MV3":0.38985415539688884,"CH1":0.6618386529529432}