{"MV1":0.058844584974337866,"MV3":0.45720806710527895,"CH1":0.04557809774829347}