{"MV1":0.1651462385429252,"MV3":0.35610244161463556,"CH1":0.03638990580762724}