{"MV1":0.24184958890026875,"MV3":0.6922061866753016,"CH1":0.9770862016622902}