{"MV1":0.06978904174494482,"MV3":0.23825818467830628,"CH1":0.2444636603193433}