{"MV1":0.5047565562708279,"MV3":0.40055833542702113,"CH1":0.11533805289524846}