{"MV1":0.05462812771292025,"MV3":0.6292372605689668,"CH1":0.36679348950598545}