{"MV1":0.8932357553635565,"MV3":0.49416153106206995,"CH1":0.3213133088890765}