{"MV1":0.40197927028133373,"MV3":0.24598380684213839,"CH1":0.5554145070276408}