{"MV1":0.5613549730922107,"MV3":0.8050596688956245,"CH1":0.6547696583003316}