{"MV1":0.6984413944492228,"MV3":0.4863135559906111,"CH1":0.863202589699369}