{"MV1":0.23933686268033372,"MV3":0.9580852423856882,"CH1":0.701699810995572}