{"MV1":0.642744676860763,"MV3":0.8961866477879449,"CH1":0.6692389627302258}