{"MV1":0.43707531913307096,"MV3":0.031428258085641536,"CH1":0.6189075814966604}