{"MV1":0.1966879513190496,"MV3":0.5341337410657487,"CH1":0.432883625726009}