{"MV1":0.32885662352645384,"MV3":0.5830521229740558,"CH1":0.8534944573152714}