{"MV1":0.9431047329933976,"MV3":0.9282542849850183,"CH1":0.7067895353769261}