{"MV1":0.6703628069615107,"MV3":0.9737199794904714,"CH1":0.8062529511644759}