{"MV1":0.5050251086410331,"MV3":0.20062442846314021,"CH1":0.08986229041503269}