{"MV1":0.6885525866829085,"MV3":0.8985985899071548,"CH1":0.3118712895949144}