{"MV1":0.37302315466282787,"MV3":0.8945867815813959,"CH1":0.9085618100514407}