{"MV1":0.744082792731627,"MV3":0.7644671280783873,"CH1":0.8893194357950334}