{"MV1":0.5547574554032381,"MV3":0.1351418167334415,"CH1":0.7151113608921015}