{"MV1":0.32309002871216996,"MV3":0.560137469526004,"CH1":0.3524940273708972}