{"MV1":0.20627710071364402,"MV3":0.9964200298778507,"CH1":0.06948988541890022}