{"MV1":0.35274898164059687,"MV3":0.7162584449396092,"CH1":0.7701563256599895}