{"MV1":0.22347670147559484,"MV3":0.6403870004562174,"CH1":0.9948054613960259}