{"MV1":0.023207411589567406,"MV3":0.8588565169975679,"CH1":0.8450899260890659}