{"MV1":0.8619417691060052,"MV3":0.6003565153438754,"CH1":0.4887148029595102}