{"MV1":0.7214680855559319,"MV3":0.7947557593722997,"CH1":0.18757001618208624}