{"MV1":0.20701949330222658,"MV3":0.007631269202732716,"CH1":0.9842453042516418}