{"MV1":0.6493408904091951,"MV3":0.24299441065067673,"CH1":0.2157157359878913}