{"MV1":0.31083483446733595,"MV3":0.4812562099792861,"CH1":0.0482850312026738}