{"MV1":0.533894732920894,"MV3":0.9201270134246899,"CH1":0.5501293865489821}