{"MV1":0.8429343144949275,"MV3":0.39860503901687794,"CH1":0.3076958217692708}