{"MV1":0.8565769500156779,"MV3":0.4574853611456954,"CH1":0.7855635036083752}