{"MV1":0.0060457804207376675,"MV3":0.5489411799340745,"CH1":0.25607538569993127}