{"MV1":0.2336603693473468,"MV3":0.29502563563280293,"CH1":0.10619156479855452}