{"MV1":0.33941750712394414,"MV3":0.02463031476906208,"CH1":0.06685044590904365}