{"MV1":0.20378139892213654,"MV3":0.3973605026058128,"CH1":0.577107627208876}