{"MV1":0.8193902622898852,"MV3":0.039922911017271634,"CH1":0.16232469248321968}