{"MV1":0.9526645201640445,"MV3":0.9713214873697332,"CH1":0.8820758873630711}