{"MV1":0.8716585801085531,"MV3":0.3564084470107929,"CH1":0.3233788880642965}