{"MV1":0.5229074960396234,"MV3":0.8049175581630106,"CH1":0.5587728172338796}