{"MV1":0.6716485720859596,"MV3":0.7641359302593858,"CH1":0.39184916808608417}