{"MV1":0.8235414489781777,"MV3":0.38067994671597805,"CH1":0.583388717200176}