{"MV1":0.4955574094746751,"MV3":0.1432571453260234,"CH1":0.058066529036839065}