{"MV1":0.027453285575281705,"MV3":0.8811306691626551,"CH1":0.4360827735662105}