{"MV1":0.6309402304494848,"MV3":0.8665341737355525,"CH1":0.04618836359403633}