{"MV1":0.6213108166963635,"MV3":0.4112110976095248,"CH1":0.3442904594080911}