{"MV1":0.7508494754320728,"MV3":0.2506814877817991,"CH1":0.6729309527861286}