{"MV1":0.2871333695607913,"MV3":0.754121994462502,"CH1":0.72618390996997}