{"MV1":0.20949285299859688,"MV3":0.2529860043168576,"CH1":0.9534847623925781}