{"MV1":0.38876748765407687,"MV3":0.3052402717691026,"CH1":0.12223986241577}