{"MV1":0.25774799971154416,"MV3":0.057326134298353426,"CH1":0.3455463274600855}