{"MV1":0.22841911224515254,"MV3":0.7783281121701908,"CH1":0.8110345728393527}