{"MV1":0.544111273998844,"MV3":0.6820920501685699,"CH1":0.608141903512594}