{"MV1":0.16187466564594521,"MV3":0.19298850902894715,"CH1":0.34753683533017}