{"MV1":0.1609857605535172,"MV3":0.9631665353026478,"CH1":0.780092976706695}