{"MV1":0.2223419549477409,"MV3":0.43847319402829155,"CH1":0.6270574761616196}