{"MV1":0.4436935587883395,"MV3":0.7746461415631889,"CH1":0.9855474812339746}