{"MV1":0.8549895861583511,"MV3":0.696082561404639,"CH1":0.14424097585925066}