{"MV1":0.8564627025308542,"MV3":0.13550437822570083,"CH1":0.9660846557498907}