{"MV1":0.8256597206283747,"MV3":0.7889683743811378,"CH1":0.839002802591396}