{"MV1":0.14831897404000782,"MV3":0.44324330052865624,"CH1":0.7562783414940519}