{"MV1":0.6826131689537092,"MV3":0.29745293719903887,"CH1":0.4933027512427872}