{"MV1":0.7540800705424049,"MV3":0.09694544691831242,"CH1":0.19797005368361698}