{"MV1":0.512744241700349,"MV3":0.11573433160701163,"CH1":0.8932357813475776}