{"MV1":0.28411357556777495,"MV3":0.3527663237320161,"CH1":0.5315321136934045}