{"MV1":0.26481127352262257,"MV3":0.5159146295595693,"CH1":0.2706442988154596}