{"MV1":0.5675735977769508,"MV3":0.6907275525808381,"CH1":0.16184443288250605}