{"MV1":0.004033462929940668,"MV3":0.8045678515292557,"CH1":0.4711015729427239}