{"MV1":0.09029648958526193,"MV3":0.014475388079725038,"CH1":0.8133163012023251}