{"MV1":0.026234379643719885,"MV3":0.6142006601352782,"CH1":0.888965491390314}