{"MV1":0.0760456196139706,"MV3":0.40633369988973955,"CH1":0.8408701144458146}