{"MV1":0.28644457590155026,"MV3":0.21227497857857436,"CH1":0.5733383386899664}