{"MV1":0.19751173708076653,"MV3":0.8858976211951366,"CH1":0.17965403917619926}