{"MV1":0.6105486257266203,"MV3":0.9449405605370258,"CH1":0.580198425672409}