{"MV1":0.5203383119400629,"MV3":0.44816362752158734,"CH1":0.042069637859182385}