{"MV1":0.295338851156129,"MV3":0.828348982451209,"CH1":0.951661584189752}