{"MV1":0.5275576749867283,"MV3":0.5985992966421256,"CH1":0.21104365512134649}