{"MV1":0.08394050106807649,"MV3":0.41483073196403886,"CH1":0.26519012977163225}