{"MV1":0.007175338938938625,"MV3":0.28753990840282395,"CH1":0.7306962826773913}