{"MV1":0.16677562338760454,"MV3":0.9047691507734084,"CH1":0.08207118386724876}