{"MV1":0.3942609401222834,"MV3":0.1567623884899776,"CH1":0.7053496769434623}