{"MV1":0.7135138569147552,"MV3":0.6230465111722225,"CH1":0.5634971452670107}