{"MV1":0.9227829956599525,"MV3":0.3574117446690298,"CH1":0.6039305506271118}