{"MV1":0.692192122741001,"MV3":0.14824256945583747,"CH1":0.18969850107600827}