{"MV1":0.06748232611870186,"MV3":0.7937062486966218,"CH1":0.10992945530585185}