{"MV1":0.8280126762151683,"MV3":0.5088600213314026,"CH1":0.5473793305018073}