{"MV1":0.6557575623008919,"MV3":0.31315838872430957,"CH1":0.6062333439098011}