{"MV1":0.8413020806948684,"MV3":0.7120914835626564,"CH1":0.7568346534393049}