{"MV1":0.5550305159767662,"MV3":0.8365455430599213,"CH1":0.930898875360241}