{"MV1":0.1322463442043872,"MV3":0.22976502211295824,"CH1":0.07890209426091921}