{"MV1":0.696511734756735,"MV3":0.12873805903809354,"CH1":0.08800283426987754}