{"MV1":0.5114584380954539,"MV3":0.2387675568571237,"CH1":0.2858394615856298}