{"MV1":0.8714292217567156,"MV3":0.8479403682632914,"CH1":0.15800168097570355}