{"MV1":0.09982787820969852,"MV3":0.5627490413748919,"CH1":0.46538390738862945}