{"MV1":0.029937381886196768,"MV3":0.49396348780869237,"CH1":0.08589039489657047}