{"MV1":0.8055173921897739,"MV3":0.9689143854631463,"CH1":0.3115236745337321}