{"MV1":0.374120175360647,"MV3":0.16605898529882324,"CH1":0.09722314985417324}