{"MV1":0.947051297326604,"MV3":0.1923821942781465,"CH1":0.8382738743897488}