{"MV1":0.8641853511835195,"MV3":0.7011423668624183,"CH1":0.6557433254824563}