{"MV1":0.7818028745660444,"MV3":0.9844075140129678,"CH1":0.0688477824902679}