{"MV1":0.30733670577167305,"MV3":0.00830511334215478,"CH1":0.5319432022309064}