{"MV1":0.5165274601228438,"MV3":0.5566470384209274,"CH1":0.09352413008273497}