{"MV1":0.8868065440825776,"MV3":0.8916526674187337,"CH1":0.5979066156964419}