{"MV1":0.682324676034933,"MV3":0.03208117673429034,"CH1":0.5667051296492284}