{"MV1":0.3089361127284702,"MV3":0.3076267564543562,"CH1":0.39978992740305197}