{"MV1":0.22217891539616452,"MV3":0.7792065675844155,"CH1":0.3356698316669472}