{"MV1":0.9600919411351496,"MV3":0.3692397441604629,"CH1":0.7162365554774817}