{"MV1":0.5735567247691077,"MV3":0.08404718212277074,"CH1":0.96962574313924}