{"MV1":0.4554696923533087,"MV3":0.01010067591339947,"CH1":0.753344005417739}