{"MV1":0.14673662960872547,"MV3":0.21544151127736777,"CH1":0.0490642013744087}