{"MV1":0.9120410433293742,"MV3":0.6305366176721489,"CH1":0.007786985059907714}