{"MV1":0.47099004072956585,"MV3":0.4064368567756965,"CH1":0.17776187472427718}