{"MV1":0.8667210233325128,"MV3":0.5550867203887636,"CH1":0.9174996997255103}