{"MV1":0.08818248323875366,"MV3":0.41492096273013945,"CH1":0.9602953439147134}