{"MV1":0.2197041246286926,"MV3":0.5319271135225074,"CH1":0.7510556005892346}