{"MV1":0.16702867240441432,"MV3":0.9141992358566606,"CH1":0.31567337182811417}