{"MV1":0.3554329303798188,"MV3":0.11064432715406758,"CH1":0.4456362607483655}