{"MV1":0.5663295675493292,"MV3":0.7963811069894823,"CH1":0.9983547524032009}