{"MV1":0.2770652685887067,"MV3":0.20461752588599091,"CH1":0.08084475830950422}