{"MV1":0.007778996504330449,"MV3":0.3839682756624875,"CH1":0.25855855850812526}