{"MV1":0.7803094659338539,"MV3":0.8999624235603377,"CH1":0.5974998980232241}