{"MV1":0.4450382398089723,"MV3":0.6607854221395311,"CH1":0.9350594714800476}