{"MV1":0.13539000346536179,"MV3":0.22276673993848173,"CH1":0.3206912129970185}