{"MV1":0.43351429488688364,"MV3":0.40928345359740337,"CH1":0.3379120944492704}