{"MV1":0.13427327729545424,"MV3":0.41832849467527433,"CH1":0.9920836982700254}