{"MV1":0.28111011208621484,"MV3":0.7666732645373324,"CH1":0.108642177548823}