{"MV1":0.8046572607150929,"MV3":0.77040740742281,"CH1":0.006063966956340816}