{"MV1":0.2066528148646446,"MV3":0.4315790914438927,"CH1":0.4877838311850299}