{"MV1":0.7933223828666364,"MV3":0.7482530556129908,"CH1":0.49418585068140464}