{"MV1":0.6764112488733935,"MV3":0.8415845267276441,"CH1":0.41152389146798696}