{"MV1":0.40341331452649165,"MV3":0.8492403061878976,"CH1":0.017200924715653154}