{"MV1":0.9449681174726717,"MV3":0.1550414463410663,"CH1":0.09780968684531799}