{"MV1":0.5165564369284358,"MV3":0.4337482205411973,"CH1":0.5655817254783448}