{"MV1":0.47236995959420136,"MV3":0.7506683127532611,"CH1":0.2535816539597777}