{"MV1":0.8647857008988128,"MV3":0.15951898801936548,"CH1":0.7058160835716313}