{"MV1":0.9907457347623464,"MV3":0.8311094195235431,"CH1":0.2512878574486592}