{"MV1":0.35960742922145816,"MV3":0.07646966609363814,"CH1":0.6935623205774585}