{"MV1":0.10629657914741664,"MV3":0.23376897660952778,"CH1":0.7561045015106114}