{"MV1":0.09580956167329835,"MV3":0.17134428319562756,"CH1":0.400776454725981}