{"MV1":0.7691317417064846,"MV3":0.983600968258344,"CH1":0.05240298592645298}