{"MV1":0.16468466700874285,"MV3":0.9442473800315743,"CH1":0.23599029886800982}