{"MV1":0.16904257120635413,"MV3":0.9614175375040985,"CH1":0.8818614033292365}