{"MV1":0.5925971672694114,"MV3":0.4759077928411898,"CH1":0.850180518138097}