{"MV1":0.3132422351343439,"MV3":0.16949891790144356,"CH1":0.32946714212309824}