{"MV1":0.6744187621674165,"MV3":0.8634418556199012,"CH1":0.8329938595691717}