{"MV1":0.8063162353979165,"MV3":0.2307967813889399,"CH1":0.09236845637921298}