{"MV1":0.04408311025090328,"MV3":0.7883340089992333,"CH1":0.8147405121798121}