{"MV1":0.43047524236456247,"MV3":0.520356271332383,"CH1":0.18817401148959034}