{"MV1":0.28390700347830644,"MV3":0.7196984041123266,"CH1":0.9554946797165577}