{"MV1":0.5170156994138371,"MV3":0.5942946136439474,"CH1":0.6756799051406487}