{"MV1":0.37689115190339595,"MV3":0.9933195394223755,"CH1":0.13880020642065471}