{"MV1":0.4522955825437902,"MV3":0.7690743036549135,"CH1":0.5522636887953154}