{"MV1":0.9147959254601198,"MV3":0.40974109167543515,"CH1":0.8212932011917299}