{"MV1":0.5504896963774814,"MV3":0.1827008506808233,"CH1":0.10487855437599114}