{"MV1":0.37112702796815766,"MV3":0.7404331938763546,"CH1":0.21080203700050026}