{"MV1":0.8734123928657589,"MV3":0.17196200471168144,"CH1":0.4543117128200823}