{"MV1":0.9528468371259554,"MV3":0.0546810292809905,"CH1":0.9759916791945199}