{"MV1":0.4030272074678174,"MV3":0.7221943706197403,"CH1":0.37561316657458443}