{"MV1":0.7271388164753702,"MV3":0.1037771387495684,"CH1":0.3895218466744097}