{"MV1":0.7981802319168678,"MV3":0.5471543693548147,"CH1":0.3036836219725053}