{"MV1":0.6496736251234866,"MV3":0.03311890679645979,"CH1":0.06014367236984408}