{"MV1":0.38398213727279484,"MV3":0.16446214179113938,"CH1":0.6120314816225929}