{"MV1":0.9333794666944524,"MV3":0.7718189769101013,"CH1":0.4664890689124007}