{"MV1":0.9768981209581783,"MV3":0.21903948784063776,"CH1":0.12027108176224144}