{"MV1":0.7060346875975445,"MV3":0.3755720053853343,"CH1":0.21197457134187492}