{"MV1":0.13311308669754296,"MV3":0.524684558457504,"CH1":0.9280103335380337}