{"MV1":0.014403620468871448,"MV3":0.6380429437371687,"CH1":0.06780294937596743}