{"MV1":0.5573113806978968,"MV3":0.30570808894956136,"CH1":0.5778792531739402}