{"MV1":0.9782963014913681,"MV3":0.9709797511475895,"CH1":0.6496224175890828}