{"MV1":0.7801598778620104,"MV3":0.8746613573899921,"CH1":0.16602767382863426}