{"MV1":0.16183481864802096,"MV3":0.8738564689248443,"CH1":0.2074573145192864}