{"MV1":0.31993783733365533,"MV3":0.003132060340685028,"CH1":0.5933942981139122}