{"MV1":0.9259441382284155,"MV3":0.6635736507389439,"CH1":0.7971081844274358}