{"MV1":0.24505092602932999,"MV3":0.7419491755580119,"CH1":0.3200127232209361}