{"MV1":0.0006147338873147001,"MV3":0.40196069068781626,"CH1":0.6892808759067275}