{"MV1":0.014503465530323445,"MV3":0.1888944257792955,"CH1":0.049023408686993286}