{"MV1":0.3900121959691488,"MV3":0.2253845208560893,"CH1":0.740684426463568}