{"MV1":0.45274896890936167,"MV3":0.8897600205905827,"CH1":0.8050654959854817}