{"MV1":0.49533764972992855,"MV3":0.738075512454078,"CH1":0.5288698474831848}