{"MV1":0.5867825566386303,"MV3":0.39447237309310224,"CH1":0.8709612165826442}