{"MV1":0.019101546971062366,"MV3":0.6631946951224571,"CH1":0.765677075568319}