{"MV1":0.6550239228160486,"MV3":0.9024759421194964,"CH1":0.8224816600937624}