{"MV1":0.1676744194276879,"MV3":0.21473470017727359,"CH1":0.8164736162159713}