{"MV1":0.8584596614928512,"MV3":0.1586652987933561,"CH1":0.11148115513056212}