{"MV1":0.7628467099235932,"MV3":0.802854188494916,"CH1":0.8115328692222152}