{"MV1":0.9300343595163791,"MV3":0.5589617422864638,"CH1":0.8474073838077032}