{"MV1":0.6061238111486188,"MV3":0.5927594902230396,"CH1":0.6209351442433809}