{"MV1":0.16088813691534254,"MV3":0.7777081032133856,"CH1":0.612408443702144}