{"MV1":0.014183231378189554,"MV3":0.7962335494404303,"CH1":0.514521910728083}