{"MV1":0.38776291403713503,"MV3":0.7028586630444374,"CH1":0.05601319958169948}