{"MV1":0.06302259592694937,"MV3":0.6866553084747722,"CH1":0.8533585215599933}