{"MV1":0.1931671830015642,"MV3":0.217241056850477,"CH1":0.8426578493269039}