{"MV1":0.5131037843551253,"MV3":0.33082791777422316,"CH1":0.013245484674091923}