{"MV1":0.2620103864330784,"MV3":0.3056672843444076,"CH1":0.05281600096207817}