{"MV1":0.9515861621381334,"MV3":0.5357448843995245,"CH1":0.9787507490029009}