{"MV1":0.5092034149671821,"MV3":0.460575516367869,"CH1":0.7621100178136463}