{"MV1":0.4346635200493545,"MV3":0.14158750104418472,"CH1":0.9424948553776902}