{"MV1":0.9274260846666862,"MV3":0.7594410500323249,"CH1":0.6356776880180581}