{"MV1":0.6875197598119991,"MV3":0.7887204774131157,"CH1":0.9790644247911913}