{"MV1":0.1090023507398542,"MV3":0.13025573087925413,"CH1":0.9678374474153981}