{"MV1":0.5168570175151502,"MV3":0.5607446996500057,"CH1":0.010066356595068493}