{"MV1":0.06401799124092511,"MV3":0.6257091861119102,"CH1":0.6917642873128408}