{"MV1":0.05285205431850548,"MV3":0.14085616901884745,"CH1":0.6225905568646836}