{"MV1":0.8748310410916454,"MV3":0.6211796564852976,"CH1":0.9377399944839804}