{"MV1":0.6976370299970349,"MV3":0.40450993657370615,"CH1":0.45901637050574695}