{"MV1":0.7070916874688883,"MV3":0.01973409020020689,"CH1":0.5291012755388873}