{"MV1":0.7061898014408567,"MV3":0.6245610665352405,"CH1":0.30951231450964045}