{"MV1":0.9558221999150891,"MV3":0.9182220229286452,"CH1":0.6011219232221108}