{"MV1":0.8611459571549287,"MV3":0.006307314703454359,"CH1":0.9401930973911289}