{"MV1":0.8270698511000313,"MV3":0.46413907748536753,"CH1":0.368999576575213}