{"MV1":0.5141743560020949,"MV3":0.5709330545191522,"CH1":0.4091564868284624}