{"MV1":0.924981141764225,"MV3":0.40314045850166436,"CH1":0.2356539939874357}