{"MV1":0.6558565456399512,"MV3":0.5739508548955667,"CH1":0.8912587894683685}