{"MV1":0.5776698993369307,"MV3":0.29635827485826927,"CH1":0.21469036612700632}