{"MV1":0.9036571072905641,"MV3":0.4199253607457374,"CH1":0.17113786001401132}