{"MV1":0.47117128526362073,"MV3":0.13367494320489282,"CH1":0.040931809890897286}