{"MV1":0.33020305104001935,"MV3":0.0066580535612444924,"CH1":0.8203696459592896}