{"MV1":0.4847053271525962,"MV3":0.8038029184438896,"CH1":0.2211053822111938}