{"MV1":0.6260902080508892,"MV3":0.7886034031609415,"CH1":0.6142183182090747}