{"MV1":0.43124602199617124,"MV3":0.06509239538750833,"CH1":0.4907452170806429}