{"MV1":0.9421203393705143,"MV3":0.49247912651568027,"CH1":0.4696313483469431}