{"MV1":0.38788205940554077,"MV3":0.6900257002371752,"CH1":0.3371288304972935}