{"MV1":0.24429611956165642,"MV3":0.6629580330987349,"CH1":0.4129857271637283}