{"MV1":0.6324554818496441,"MV3":0.4307934782006676,"CH1":0.21106020207129395}