{"MV1":0.06442553577931343,"MV3":0.7155126436378615,"CH1":0.4783495050596265}