{"MV1":0.10040779646136633,"MV3":0.7676049610518924,"CH1":0.050075268502251524}