{"MV1":0.45462416962512764,"MV3":0.681423707862656,"CH1":0.20031121798811735}