{"MV1":0.46025631251587007,"MV3":0.9016430229704572,"CH1":0.21605140108380527}