{"MV1":0.23970805392944983,"MV3":0.44566132755633114,"CH1":0.6426837687859581}