{"MV1":0.872049530831887,"MV3":0.3566893894498676,"CH1":0.5234663746764592}