{"MV1":0.7545489303921774,"MV3":0.27321816509907904,"CH1":0.37222982843923524}