{"MV1":0.5650992676560338,"MV3":0.06468011759023207,"CH1":0.7599893381396728}