{"MV1":0.3998348277680984,"MV3":0.6365927059842139,"CH1":0.06896954680605116}