{"MV1":0.9482414060303809,"MV3":0.502572151542297,"CH1":0.011096732269001097}