{"MV1":0.24316371695728345,"MV3":0.9901159781265696,"CH1":0.7220696481367697}