{"MV1":0.7252594317053364,"MV3":0.18578997056022606,"CH1":0.6407960281802205}