{"MV1":0.24062452998612194,"MV3":0.7282310711245463,"CH1":0.9401030503557236}