{"MV1":0.08226718975666159,"MV3":0.09254869628379891,"CH1":0.15369668390694968}