{"MV1":0.8193247494585003,"MV3":0.2221530949219629,"CH1":0.26910553706666407}