{"MV1":0.19834556778967105,"MV3":0.29307511748840165,"CH1":0.9748087305099934}