{"MV1":0.3509959055026032,"MV3":0.04362101027443932,"CH1":0.5970077183713215}