{"MV1":0.29709262157114713,"MV3":0.8380705347358268,"CH1":0.3405951489920539}