{"MV1":0.8165422720258565,"MV3":0.01040781326026241,"CH1":0.48872848904163557}