{"MV1":0.898256260102062,"MV3":0.11059565314437325,"CH1":0.8830343296357787}