{"MV1":0.6520529775817848,"MV3":0.4453780868232906,"CH1":0.784376454274614}