{"MV1":0.018093921789320122,"MV3":0.7858619364612696,"CH1":0.2349303326981731}