{"MV1":0.31895643133046514,"MV3":0.4989588775562622,"CH1":0.8776904880394185}