{"MV1":0.06556971256081157,"MV3":0.8927730377712708,"CH1":0.6533276782219469}