{"MV1":0.09560923620858741,"MV3":0.1970572468785552,"CH1":0.02727624623768643}