{"MV1":0.07203098240003514,"MV3":0.889084834967501,"CH1":0.6508928012004029}