{"MV1":0.5464264224161784,"MV3":0.13377674211596335,"CH1":0.7840539959338682}