{"MV1":0.8730429956126049,"MV3":0.4113098705905921,"CH1":0.7630007560305353}