{"MV1":0.9672160493085823,"MV3":0.11366780775102137,"CH1":0.2957187980770516}