{"MV1":0.7463271807839702,"MV3":0.3344779566095465,"CH1":0.5703173107587154}