{"MV1":0.846318592178659,"MV3":0.6394631785236532,"CH1":0.9358935370142015}