{"MV1":0.5143486338574513,"MV3":0.9280145159007095,"CH1":0.5052826950419247}