{"MV1":0.17316267912376637,"MV3":0.1918358659628302,"CH1":0.4279410935126512}