{"MV1":0.5004753681900364,"MV3":0.5536666760087362,"CH1":0.6149027583341754}