{"MV1":0.8200964716525917,"MV3":0.9116574656677705,"CH1":0.39253203797272385}