{"MV1":0.5172163522594383,"MV3":0.2847200424936156,"CH1":0.611566202233358}