{"MV1":0.9839866654017949,"MV3":0.6297492024798779,"CH1":0.016433030242961277}