{"MV1":0.5680670579532738,"MV3":0.8102325567321282,"CH1":0.498069163556492}