{"MV1":0.09466425755406804,"MV3":0.09752103463453365,"CH1":0.5348942681498936}