{"MV1":0.023670302466836768,"MV3":0.609553541723298,"CH1":0.6144855090051365}