{"MV1":0.18456643760285874,"MV3":0.6004274727880365,"CH1":0.4864449964421327}