{"MV1":0.4101149561707532,"MV3":0.6654530831448146,"CH1":0.1682109549236277}