{"MV1":0.7205943440257101,"MV3":0.39453610917037285,"CH1":0.3512166798395482}