{"MV1":0.040446327101482105,"MV3":0.04478951819821009,"CH1":0.9078984008952072}