{"MV1":0.6799817773448121,"MV3":0.14062294409447595,"CH1":0.009903464472921897}