{"MV1":0.6801759605954925,"MV3":0.43641724521648073,"CH1":0.3623424385387437}