{"MV1":0.6993580813587744,"MV3":0.7921143554562657,"CH1":0.32995267650535054}