{"MV1":0.8164404817427342,"MV3":0.6713802485652199,"CH1":0.4171220543710782}