{"MV1":0.8846245225614798,"MV3":0.9161027494846046,"CH1":0.6724527565888008}