{"MV1":0.6180206076631626,"MV3":0.3645521818851821,"CH1":0.4543884767250387}