{"MV1":0.12290233076521306,"MV3":0.8333767872531619,"CH1":0.7118305325735109}