{"MV1":0.08096480109781656,"MV3":0.02449999871172337,"CH1":0.6705098722087317}