{"MV1":0.47557143810239233,"MV3":0.07653093435360114,"CH1":0.17977105686432793}