{"MV1":0.22496602400627275,"MV3":0.8083741728107237,"CH1":0.4083290409239406}