{"MV1":0.35474621027679254,"MV3":0.3367181774211515,"CH1":0.01016336850134314}