{"MV1":0.7558164564596149,"MV3":0.7986395689525198,"CH1":0.804890752776952}