{"MV1":0.36000038495064823,"MV3":0.059775121981907375,"CH1":0.3409415457956475}