{"MV1":0.2110392422555084,"MV3":0.6574266916872,"CH1":0.4227349055019842}