{"MV1":0.09394183189812888,"MV3":0.21885993820966698,"CH1":0.7310386251433041}