{"MV1":0.015405472031996825,"MV3":0.5452705282218991,"CH1":0.13632230421198088}