{"MV1":0.6447010162909824,"MV3":0.1235747160931886,"CH1":0.3796320170576769}