{"MV1":0.8233616898660867,"MV3":0.8991760406376028,"CH1":0.8670708871820829}