{"MV1":0.044760031433381364,"MV3":0.039751627869066275,"CH1":0.7019798427768119}