{"MV1":0.8715513838746352,"MV3":0.16991341689627293,"CH1":0.37634534132249364}