{"MV1":0.9975292188695706,"MV3":0.34763786824006626,"CH1":0.9497239232469542}