{"MV1":0.21447269237594124,"MV3":0.29387635198951245,"CH1":0.49676249735628586}