{"MV1":0.7566321264264521,"MV3":0.602441645437495,"CH1":0.508850978269953}