{"MV1":0.5340402187819235,"MV3":0.07638119008285604,"CH1":0.482510839779849}