{"MV1":0.9174172019348046,"MV3":0.9656398848746534,"CH1":0.26671156646035143}