{"MV1":0.9273720292719473,"MV3":0.3615955342144789,"CH1":0.1859518187215322}