{"MV1":0.5871610933144414,"MV3":0.2653951995831141,"CH1":0.08421563863995385}