{"MV1":0.8195697798668834,"MV3":0.3389127689266962,"CH1":0.91562171455895}