{"MV1":0.7642404382319362,"MV3":0.5823137000167744,"CH1":0.29060564714736414}