{"MV1":0.5761240571033311,"MV3":0.573748026854962,"CH1":0.7700083842584553}