{"MV1":0.9616114764013501,"MV3":0.6231878670071924,"CH1":0.8088290026282321}