{"MV1":0.5909658262226151,"MV3":0.1871232495351215,"CH1":0.7505498077744739}