{"MV1":0.8316792447363428,"MV3":0.9419902538063794,"CH1":0.8419920193716851}