{"MV1":0.518438201861237,"MV3":0.577206415526738,"CH1":0.6157403479337397}