{"MV1":0.3565052362325687,"MV3":0.34790664501728885,"CH1":0.8926014324335965}