{"MV1":0.8178324310610992,"MV3":0.4411131036814048,"CH1":0.7628146826728714}