{"MV1":0.3420216507111611,"MV3":0.9142237721211832,"CH1":0.151601686411726}