{"MV1":0.22485683725574646,"MV3":0.5349629200804643,"CH1":0.5608336361185723}