{"MV1":0.9158678005431796,"MV3":0.2476986393849786,"CH1":0.2978795409690508}