{"MV1":0.09646846818533472,"MV3":0.28718348907949465,"CH1":0.7862658489978206}