{"MV1":0.7775839293815233,"MV3":0.9080479494623895,"CH1":0.15625221568397485}