{"MV1":0.5379369297349639,"MV3":0.194017956363139,"CH1":0.44720568561641005}