{"MV1":0.3039451696165508,"MV3":0.40910174845517255,"CH1":0.838910289961761}