{"MV1":0.993346989264908,"MV3":0.06804224224363054,"CH1":0.0013029002622175767}