{"MV1":0.7972253445854864,"MV3":0.9861120152441719,"CH1":0.46714618896479365}