{"MV1":0.5198749168395078,"MV3":0.29876078890197555,"CH1":0.9406306711246317}