{"MV1":0.6453831990633739,"MV3":0.5847918367184844,"CH1":0.9550649040056205}