{"MV1":0.20438466054904814,"MV3":0.51200877748585,"CH1":0.34671914005827975}