{"MV1":0.48407226374573453,"MV3":0.20769586706816723,"CH1":0.3832913338570142}