{"MV1":0.8243136867624653,"MV3":0.49670557085586176,"CH1":0.49572101857795026}