{"MV1":0.5144017743793424,"MV3":0.04484763727699348,"CH1":0.8358365285794805}