{"MV1":0.1953137721679432,"MV3":0.5949125549560997,"CH1":0.0009060953498845059}