{"MV1":0.8836844855727796,"MV3":0.7990693956853748,"CH1":0.6862063190742315}