{"MV1":0.03221257222059837,"MV3":0.42570100589919124,"CH1":0.513138377747192}