{"MV1":0.47140124142060125,"MV3":0.6459607660677391,"CH1":0.6744677446143738}