{"MV1":0.8444756230216288,"MV3":0.5934880445315404,"CH1":0.012745762822949591}