{"MV1":0.14859764532960096,"MV3":0.8480028075259417,"CH1":0.5476620476801897}