{"MV1":0.5076850357308446,"MV3":0.7436680023474505,"CH1":0.002640947366262303}