{"MV1":0.7356850415179557,"MV3":0.2508581019254331,"CH1":0.13695700327586835}