{"MV1":0.44865342909528794,"MV3":0.4482424795102602,"CH1":0.32807871068143624}