{"MV1":0.9262779007945541,"MV3":0.7520783880200458,"CH1":0.18403979697760942}