{"MV1":0.016706567974369424,"MV3":0.022153339906121228,"CH1":0.31601668620369894}