{"MV1":0.5601354197551845,"MV3":0.40070579102019643,"CH1":0.3548688531557185}