{"MV1":0.07755334951438342,"MV3":0.6775017039271428,"CH1":0.9726970346132058}