{"MV1":0.9680266929693915,"MV3":0.40214050749616903,"CH1":0.24885491480454858}