{"MV1":0.42166293548858014,"MV3":0.4975099381109448,"CH1":0.8414046792829666}