{"MV1":0.4105405009869122,"MV3":0.7700890001708752,"CH1":0.5618441804485865}