{"MV1":0.9498740297078625,"MV3":0.7656347785696869,"CH1":0.1395732579664417}