{"MV1":0.4655538527787666,"MV3":0.6796207759914891,"CH1":0.9823113960093305}