{"MV1":0.2147531377569224,"MV3":0.7188408218777302,"CH1":0.8986980768611881}