{"MV1":0.8623777264168996,"MV3":0.32219667087497195,"CH1":0.9390293820237695}