{"MV1":0.8047762108254896,"MV3":0.10009866381912491,"CH1":0.8307678607465002}