{"MV1":0.2166113554140523,"MV3":0.2811648791325577,"CH1":0.9085325799488626}