{"MV1":0.25775981452751284,"MV3":0.06940681737441079,"CH1":0.4602060437598734}