{"MV1":0.12296003145534107,"MV3":0.796820284393977,"CH1":0.8536061638151548}