{"MV1":0.137716010538261,"MV3":0.02461746720625546,"CH1":0.351249641526146}