{"MV1":0.11651156365272641,"MV3":0.9157099588126927,"CH1":0.31781651246352194}