{"MV1":0.4109612495504882,"MV3":0.03442712832646433,"CH1":0.9822437110655161}