{"MV1":0.15182305226611914,"MV3":0.619431081561243,"CH1":0.023758397321620994}