{"MV1":0.1207208304270756,"MV3":0.9438442736291636,"CH1":0.37057607377799007}