{"MV1":0.29101773612767434,"MV3":0.669950199158939,"CH1":0.2779582604385492}