{"MV1":0.5020182677864583,"MV3":0.519843659847535,"CH1":0.4104799149919861}