{"MV1":0.23014462538557634,"MV3":0.9037311126683839,"CH1":0.01147220774922797}