{"MV1":0.727462606656416,"MV3":0.025227871667998336,"CH1":0.8574203897704131}