{"MV1":0.5964596089025437,"MV3":0.9689461783954816,"CH1":0.1899682082902906}