{"MV1":0.8107100950719297,"MV3":0.5462894626242744,"CH1":0.7023651642169549}