{"MV1":0.9527121589726731,"MV3":0.3138129564189084,"CH1":0.14090462143687277}