{"MV1":0.11795900099383716,"MV3":0.27155700859475485,"CH1":0.7226869493695293}