{"MV1":0.25384025879086725,"MV3":0.7237989494774653,"CH1":0.9594579220439279}