{"MV1":0.5475928007339081,"MV3":0.20680454609779486,"CH1":0.05811205533339636}