{"MV1":0.9539119926358568,"MV3":0.17606751154325162,"CH1":0.021386621837085618}