{"MV1":0.06854551016820198,"MV3":0.5912938026337097,"CH1":0.000672315122923095}