{"MV1":0.8874155297999387,"MV3":0.1848133927313237,"CH1":0.029978144290525033}