{"MV1":0.05902286746958707,"MV3":0.6900147759964357,"CH1":0.9952507869280542}