{"MV1":0.4385794989602997,"MV3":0.08967934660276033,"CH1":0.24752260938039083}