{"MV1":0.004563639273628239,"MV3":0.6368146801472905,"CH1":0.7123680692651515}