{"MV1":0.662463082782157,"MV3":0.051500932209373906,"CH1":0.8404129481611897}