{"MV1":0.6540719184857164,"MV3":0.22398321677432198,"CH1":0.05337670672562822}