{"MV1":0.3207944062661302,"MV3":0.44564910400692104,"CH1":0.548302598377494}