{"MV1":0.7034536764951336,"MV3":0.40876616688995604,"CH1":0.24854205739092172}