{"MV1":0.4092369988584237,"MV3":0.050654925325055,"CH1":0.17303288750577206}