{"MV1":0.8889628341859428,"MV3":0.36810991780869895,"CH1":0.001985081757221896}