{"MV1":0.1966668402693691,"MV3":0.40412423732669267,"CH1":0.062085304094035676}