{"MV1":0.6273707673111465,"MV3":0.11586030590593999,"CH1":0.10942981333619128}