{"MV1":0.8151293252938592,"MV3":0.49055221755785383,"CH1":0.9568614276939407}