{"MV1":0.8413321913465088,"MV3":0.4145380377815767,"CH1":0.9960702426827363}