{"MV1":0.05773281556466903,"MV3":0.12303489393574951,"CH1":0.693825172655894}