{"MV1":0.5866140929650009,"MV3":0.10231851455592267,"CH1":0.702125292430366}