{"MV1":0.7197661825496885,"MV3":0.6860148850545534,"CH1":0.571302775925689}