{"MV1":0.21588913577503333,"MV3":0.6013142386397835,"CH1":0.5828672793429934}