{"MV1":0.9757695990629502,"MV3":0.7465629992440194,"CH1":0.7445554999109847}