{"MV1":0.5676037334810702,"MV3":0.5185314304225637,"CH1":0.20197816086770204}