{"MV1":0.29708208666348557,"MV3":0.6036768529431055,"CH1":0.7612012745100427}