{"MV1":0.7499749017737225,"MV3":0.3384492113303238,"CH1":0.3220815772956245}