{"MV1":0.6663983182995878,"MV3":0.20219689492968385,"CH1":0.7080402889379416}