{"MV1":0.26127759429990494,"MV3":0.6611744225992101,"CH1":0.7017051430030562}