{"MV1":0.3591841915860976,"MV3":0.6104527404087355,"CH1":0.6432108905906687}