{"MV1":0.7670666344730735,"MV3":0.8314636505268538,"CH1":0.5931295099849199}