{"MV1":0.2369955039837317,"MV3":0.9455233242226729,"CH1":0.0933666629981118}