{"MV1":0.5232174390031231,"MV3":0.31709968567953295,"CH1":0.7907259955240901}