{"MV1":0.315276435661734,"MV3":0.4142817813919576,"CH1":0.3286091040056798}