{"MV1":0.7755323899549672,"MV3":0.307398949945375,"CH1":0.5553233561562891}