{"MV1":0.07144861515739986,"MV3":0.7995222476280036,"CH1":0.010212477514921936}