{"MV1":0.7202706560829779,"MV3":0.21586344200224228,"CH1":0.01958111109168026}