{"MV1":0.5357668935007225,"MV3":0.4868937210744577,"CH1":0.7033011323978745}