{"MV1":0.5438453630026614,"MV3":0.29393589604756143,"CH1":0.9335768583741046}