{"MV1":0.8534626621379628,"MV3":0.9420004253737455,"CH1":0.0858431505722489}