{"MV1":0.5924635403068829,"MV3":0.833095896442321,"CH1":0.599258970349457}