{"MV1":0.07274695994351854,"MV3":0.774377661530374,"CH1":0.4878031866789799}