{"MV1":0.8649163770980809,"MV3":0.6826501743007602,"CH1":0.10705600887335232}