{"MV1":0.16944970145604588,"MV3":0.4267479086737983,"CH1":0.746592901850377}