{"MV1":0.4667164482095436,"MV3":0.5077596495157383,"CH1":0.7910600975990442}