{"MV1":0.5378552179174708,"MV3":0.31105783937210907,"CH1":0.5675493717494238}