{"MV1":0.5602328916457762,"MV3":0.8335672512116679,"CH1":0.7160720976967346}