{"MV1":0.0919307596384632,"MV3":0.8659290617641392,"CH1":0.3546794370120002}