{"MV1":0.24840900796479648,"MV3":0.4937862705801035,"CH1":0.1407266669709163}