{"MV1":0.5914271298693298,"MV3":0.04497347618685066,"CH1":0.19744883356328236}