{"MV1":0.999254913843953,"MV3":0.7090628964810939,"CH1":0.5842233067729475}