{"MV1":0.4179688456019036,"MV3":0.07918797131609367,"CH1":0.8393335493767194}