{"MV1":0.05334852738322282,"MV3":0.5152905952148304,"CH1":0.2301600047382788}