{"MV1":0.3452252568277361,"MV3":0.9126078614907368,"CH1":0.17737130030040382}