{"MV1":0.7767435350189226,"MV3":0.9664157915006923,"CH1":0.6628854091655894}