{"MV1":0.6463637774845256,"MV3":0.3312943598651369,"CH1":0.206131507227716}