{"MV1":0.12899550562501694,"MV3":0.9319522856196946,"CH1":0.5588626027805588}