{"MV1":0.28027805184560517,"MV3":0.7737209504135021,"CH1":0.3628858219775567}