{"MV1":0.3786267591673179,"MV3":0.011834819369797689,"CH1":0.44370955265139234}