{"MV1":0.07275458702537752,"MV3":0.9602766696255061,"CH1":0.8288035969576633}