{"MV1":0.16679226108369272,"MV3":0.14236430832786717,"CH1":0.48925807537391786}