{"MV1":0.6469025632989839,"MV3":0.9583726898844307,"CH1":0.6567959733409808}