{"MV1":0.6776366014703438,"MV3":0.0001206764155771145,"CH1":0.3595354608360857}