{"MV1":0.7080900918260375,"MV3":0.419040290103305,"CH1":0.5865273891222523}