{"MV1":0.26229819648269503,"MV3":0.6952759898276782,"CH1":0.5883049219040726}