{"MV1":0.5937981110957895,"MV3":0.08141918679779503,"CH1":0.6985835820904238}