{"MV1":0.9244325159433924,"MV3":0.4209184694053587,"CH1":0.4750540432675606}