{"MV1":0.12001320652063974,"MV3":0.5699484912975331,"CH1":0.19859745613561697}