{"MV1":0.799181177784986,"MV3":0.617025227055135,"CH1":0.7954531175553875}