{"MV1":0.2093194254570191,"MV3":0.2060494786520879,"CH1":0.7113686791422693}