{"MV1":0.6448350203604714,"MV3":0.8476233002523808,"CH1":0.25882935377650784}