{"MV1":0.26063884385946046,"MV3":0.6105283749116852,"CH1":0.437138054789623}