{"MV1":0.0551760846467102,"MV3":0.4411352040991854,"CH1":0.995750246516275}