{"MV1":0.27154450216081216,"MV3":0.9221624668562604,"CH1":0.7767049614399637}