{"MV1":0.2992526778579232,"MV3":0.5350013403916374,"CH1":0.7923107822266191}