{"MV1":0.6817902672591958,"MV3":0.7413998976854904,"CH1":0.029907728752840868}