{"MV1":0.9397391762552546,"MV3":0.47020270049069424,"CH1":0.46429889164421034}