{"MV1":0.9091179085872134,"MV3":0.6135018089348636,"CH1":0.26127267351599825}