{"MV1":0.07361821557196102,"MV3":0.3676119509823751,"CH1":0.962784102700741}