{"MV1":0.03271729040461413,"MV3":0.28121834665409406,"CH1":0.8547618570357877}