{"MV1":0.12275017425169243,"MV3":0.9045324442639395,"CH1":0.5127282594240581}