{"MV1":0.7135043158005817,"MV3":0.17695007332783463,"CH1":0.6253357651860907}