{"MV1":0.4394193640115803,"MV3":0.4828679513459764,"CH1":0.9137961248352073}