{"MV1":0.23549923694151598,"MV3":0.3903029169283361,"CH1":0.8085735781932947}