{"MV1":0.9357555813273305,"MV3":0.9649419463090165,"CH1":0.45381384415425263}