{"MV1":0.41256889624277493,"MV3":0.23348290995572807,"CH1":0.30700088268642534}