{"MV1":0.4180237900673003,"MV3":0.7992317605551045,"CH1":0.1227185011826738}