{"MV1":0.6953740807866078,"MV3":0.5212771329920296,"CH1":0.2169733215770685}