{"MV1":0.4108059602623956,"MV3":0.9084492410090385,"CH1":0.9007711996249231}