{"MV1":0.9718061822312917,"MV3":0.47332777228850575,"CH1":0.6928700178632611}