{"MV1":0.32690457175981313,"MV3":0.6081792691786834,"CH1":0.4021830334241123}