{"MV1":0.2454552258836925,"MV3":0.9600706370114308,"CH1":0.6492507519710182}