{"MV1":0.5921466370607805,"MV3":0.5289962490694277,"CH1":0.29545877345653293}