{"MV1":0.28735853839304826,"MV3":0.47420041310626715,"CH1":0.9096093667918073}