{"MV1":0.07127213195604987,"MV3":0.8012079845244415,"CH1":0.7916475960243675}