{"MV1":0.03392417885675547,"MV3":0.1411217090134319,"CH1":0.3845935562860785}