{"MV1":0.3019828915287296,"MV3":0.3368360371331496,"CH1":0.5324487933672437}