{"MV1":0.5968676817067808,"MV3":0.9541215292524807,"CH1":0.9739839795272164}