{"MV1":0.7620359717992787,"MV3":0.12055155527542816,"CH1":0.27125495091252805}