{"MV1":0.5016015879845338,"MV3":0.1511628753478047,"CH1":0.9829593540883239}