{"MV1":0.9494055164462203,"MV3":0.11660446123363133,"CH1":0.7361655421091408}