{"MV1":0.38261034649104864,"MV3":0.5956268800850695,"CH1":0.5959367298567076}