{"MV1":0.028412868622570975,"MV3":0.3198036517416749,"CH1":0.9315568308501357}