{"MV1":0.5173190677812877,"MV3":0.40333692357438855,"CH1":0.303770182161885}