{"MV1":0.49310667956579124,"MV3":0.5671402211347377,"CH1":0.6111051479105947}