{"MV1":0.5422020108036696,"MV3":0.16398516031681887,"CH1":0.47392975772981283}