{"MV1":0.45503528101946056,"MV3":0.11940733214390298,"CH1":0.848026024079322}