{"MV1":0.31633149812980155,"MV3":0.31264960427064925,"CH1":0.1078967757908551}