{"MV1":0.5016593363868984,"MV3":0.6065433103842567,"CH1":0.6994834557004944}