{"MV1":0.17331855141134644,"MV3":0.3093464962383168,"CH1":0.18918299629383573}