{"MV1":0.6812479688207403,"MV3":0.7265129801810947,"CH1":0.890305412055508}