{"MV1":0.27611472352089184,"MV3":0.6785938726876717,"CH1":0.6874772618595022}