{"MV1":0.1207151666269175,"MV3":0.15242493516547662,"CH1":0.15795439806914346}