{"MV1":0.5342781956134889,"MV3":0.5780290838210782,"CH1":0.22095131560800851}