{"MV1":0.24798751362479243,"MV3":0.1741324866798557,"CH1":0.8789452620609424}