{"MV1":0.0607037955807167,"MV3":0.9479830241520598,"CH1":0.29073525218096996}