{"MV1":0.48196435449080544,"MV3":0.658304799912133,"CH1":0.6181686084249853}