{"MV1":0.8548533906631395,"MV3":0.49711943187265095,"CH1":0.5068816726528201}