{"MV1":0.33231042048862014,"MV3":0.8402210810247079,"CH1":0.628159878631795}