{"MV1":0.8456086866033607,"MV3":0.29749384303595305,"CH1":0.6993311565608037}