{"MV1":0.3337134870473464,"MV3":0.09802809318694228,"CH1":0.2893079848129848}