{"MV1":0.49252075191409517,"MV3":0.7149805063994331,"CH1":0.36079827833316314}