{"MV1":0.7783019978036952,"MV3":0.5710914720325175,"CH1":0.4340659766226159}