{"MV1":0.14625986925147005,"MV3":0.7271097015364638,"CH1":0.3694153388947158}