{"MV1":0.8030142919628609,"MV3":0.2223302229085926,"CH1":0.3895294436517971}