{"MV1":0.6498794236398541,"MV3":0.6027758240957324,"CH1":0.20378330650438858}