{"MV1":0.735450095969004,"MV3":0.7633735743017304,"CH1":0.9832843821398329}