{"MV1":0.6052536158198619,"MV3":0.5306240036336978,"CH1":0.21605821435741068}