{"MV1":0.9581907507359114,"MV3":0.7683795953826721,"CH1":0.45481042803169647}