{"MV1":0.8697915617342536,"MV3":0.3939714337505231,"CH1":0.028888596119199805}