{"MV1":0.5245202947612996,"MV3":0.43715318977121853,"CH1":0.051566244416824225}