{"MV1":0.29472181789296026,"MV3":0.4865880915983798,"CH1":0.9013893209798705}