{"MV1":0.5223266487698993,"MV3":0.2633404745490904,"CH1":0.9642727140311502}