{"MV1":0.2001063170410582,"MV3":0.9953152895036443,"CH1":0.6850218290073201}