{"MV1":0.14643173528081532,"MV3":0.22994593292432108,"CH1":0.2592157937671611}