{"MV1":0.7499589161575629,"MV3":0.479487609992291,"CH1":0.949481831172605}