{"MV1":0.555503416130371,"MV3":0.22301404412183123,"CH1":0.015614951868037186}