{"MV1":0.5138771236974038,"MV3":0.46917582196958774,"CH1":0.9263762884175614}