{"MV1":0.6440623756955934,"MV3":0.3554058474463756,"CH1":0.40310183371919894}