{"MV1":0.15452503974944942,"MV3":0.11262953233248885,"CH1":0.8687003330116044}