{"MV1":0.42302398868788305,"MV3":0.8280573277570278,"CH1":0.19759932217221843}