{"MV1":0.6386693728013907,"MV3":0.8191384050206431,"CH1":0.6988342491926969}