{"MV1":0.649640507138149,"MV3":0.007402795399992446,"CH1":0.2259606248956597}