{"MV1":0.26288534063895175,"MV3":0.7798981263563438,"CH1":0.03096460740660667}