{"MV1":0.7984784061109887,"MV3":0.7250731129681137,"CH1":0.19640540127716266}