{"MV1":0.18417998778116773,"MV3":0.1413104582335779,"CH1":0.822581471185917}