{"MV1":0.22121160986413757,"MV3":0.6425781298642979,"CH1":0.322305337529429}