{"MV1":0.9687302270071609,"MV3":0.05859981992346064,"CH1":0.6342009514288325}