{"MV1":0.09217098458690287,"MV3":0.4039297913978739,"CH1":0.2291664973743467}