{"MV1":0.0013227795729735536,"MV3":0.5389423249720012,"CH1":0.7378237694007997}