{"MV1":0.971966485909618,"MV3":0.722285882680016,"CH1":0.26170337286810996}