{"MV1":0.10122467367474353,"MV3":0.13304519181357966,"CH1":0.8532095785483041}