{"MV1":0.12161240128838735,"MV3":0.43784995729388865,"CH1":0.9813613102451223}