{"MV1":0.46014936180798616,"MV3":0.28926916311118334,"CH1":0.5857827802377658}