{"MV1":0.982681160125639,"MV3":0.001295557690695448,"CH1":0.4000506102443574}