{"MV1":0.02617018791626813,"MV3":0.6865132140722071,"CH1":0.8378351797359102}