{"MV1":0.7960878264395315,"MV3":0.9672505281595802,"CH1":0.9661693682506443}