{"MV1":0.897635994886908,"MV3":0.19698275271375731,"CH1":0.6012826512489426}