{"MV1":0.5949274064938413,"MV3":0.3279455233552233,"CH1":0.3455648156145975}