{"MV1":0.8445159358074227,"MV3":0.635736425976375,"CH1":0.2843977006106605}