{"MV1":0.7633922266074773,"MV3":0.5859294358192704,"CH1":0.5231311178580618}