{"MV1":0.3734605990053018,"MV3":0.8420057272474569,"CH1":0.44704267704137446}