{"MV1":0.30289490299457045,"MV3":0.14892342472061892,"CH1":0.44444389574824195}