{"MV1":0.5298264353797898,"MV3":0.571863871095502,"CH1":0.48101693824204006}