{"MV1":0.6819927309892854,"MV3":0.42207150587006936,"CH1":0.6634889817212254}