{"MV1":0.03329611113638109,"MV3":0.05855813011771305,"CH1":0.8003621387238921}