{"MV1":0.7232297062385132,"MV3":0.47207187983821786,"CH1":0.29236618726337793}