{"MV1":0.9467852396012559,"MV3":0.9435398240501252,"CH1":0.8276094438096773}