{"MV1":0.2718379353961953,"MV3":0.11077167223136808,"CH1":0.77585949058976}