{"MV1":0.04078934259433298,"MV3":0.39521425213045625,"CH1":0.18295894025246684}