{"MV1":0.35941028888175985,"MV3":0.4277131369166717,"CH1":0.8344480595438755}