{"MV1":0.9162868552307658,"MV3":0.4535602405132595,"CH1":0.5776375737097719}