{"MV1":0.3625254618306517,"MV3":0.012585421180591916,"CH1":0.10098390032437554}