{"MV1":0.9118056039029919,"MV3":0.1601680942254381,"CH1":0.4954881076376846}