{"MV1":0.8109218327062471,"MV3":0.09900286349340781,"CH1":0.029226957524508657}