{"MV1":0.6097094498961707,"MV3":0.8634084885179326,"CH1":0.8380318805425113}