{"MV1":0.7472466068855617,"MV3":0.7862946003410968,"CH1":0.09631189834787457}