{"MV1":0.23397251077676473,"MV3":0.0809928042350444,"CH1":0.4265699224810059}