{"MV1":0.1605906719582335,"MV3":0.20331761068916865,"CH1":0.9731543157706642}