{"MV1":0.0623095211177539,"MV3":0.698364034420334,"CH1":0.41657660304972766}