{"MV1":0.06707527184508755,"MV3":0.2655310450517928,"CH1":0.26146109480867186}