{"MV1":0.4770846008627547,"MV3":0.11425542616545115,"CH1":0.8100615148952004}