{"MV1":0.9313619562984581,"MV3":0.011371988943848388,"CH1":0.8419097664242939}