{"MV1":0.6663091034247626,"MV3":0.0438233158181206,"CH1":0.3180601055306471}