{"MV1":0.4692743799401121,"MV3":0.5343788085621737,"CH1":0.912510295590753}