{"MV1":0.6435389262869492,"MV3":0.4049429519682025,"CH1":0.5465064542775883}