{"MV1":0.7684459610236933,"MV3":0.5923774863577586,"CH1":0.9241452319690755}