{"MV1":0.9020611723494532,"MV3":0.06447068982411863,"CH1":0.29516252897198525}