{"MV1":0.19838074362403635,"MV3":0.0803521738780748,"CH1":0.4496092334277083}