{"MV1":0.22481166444152578,"MV3":0.10349017096349822,"CH1":0.5483549280500501}