{"MV1":0.5970420471348912,"MV3":0.6152246505267047,"CH1":0.7289015292720631}