{"MV1":0.6803178992691848,"MV3":0.8065532717924098,"CH1":0.2116671535563731}