{"MV1":0.1256896273158974,"MV3":0.058267514931684694,"CH1":0.6497218419173119}