{"MV1":0.6761244601869176,"MV3":0.5072800457814306,"CH1":0.006770220910869096}