{"MV1":0.9698360772753692,"MV3":0.9027414757095167,"CH1":0.061509671819771516}