{"MV1":0.10200863763399515,"MV3":0.39268426186495853,"CH1":0.265557363002189}