{"MV1":0.27101241332851533,"MV3":0.6950353691502578,"CH1":0.6701238831702852}