{"MV1":0.7550458703817324,"MV3":0.3548859892715366,"CH1":0.6242827171874384}