{"MV1":0.843596099187036,"MV3":0.5191539836352018,"CH1":0.693037920569046}