{"MV1":0.8343966194599871,"MV3":0.03281866439288694,"CH1":0.2462073810714095}