{"MV1":0.49991035536911665,"MV3":0.19208878112315442,"CH1":0.856777811178011}