{"MV1":0.7243766326766485,"MV3":0.06897592345456616,"CH1":0.19041633600755226}