{"MV1":0.5625219116256487,"MV3":0.5291299720735013,"CH1":0.6564558378338963}