{"MV1":0.9237531846006253,"MV3":0.2868609788082429,"CH1":0.018030899153122393}