{"MV1":0.05117730641547602,"MV3":0.12932763101163303,"CH1":0.8410258842311397}