{"MV1":0.7747717370033104,"MV3":0.2105780901511255,"CH1":0.6409499565966251}