{"MV1":0.8852147160513841,"MV3":0.5206867750324218,"CH1":0.6318406455054416}