{"MV1":0.3587336627643599,"MV3":0.6669176504173828,"CH1":0.5980762813080072}