{"MV1":0.9765972025617339,"MV3":0.9231224319270626,"CH1":0.1622126918812592}