{"MV1":0.48774527277992685,"MV3":0.8560304072380536,"CH1":0.15742000738889772}