{"MV1":0.060798231443708106,"MV3":0.08006682349872951,"CH1":0.6379878938253913}