{"MV1":0.10463018595501916,"MV3":0.7466668322355108,"CH1":0.3598849227023745}