{"MV1":0.10641082307956373,"MV3":0.569448274810281,"CH1":0.8244790925114277}