{"MV1":0.19697927180512398,"MV3":0.5582200803613641,"CH1":0.7701797223364404}