{"MV1":0.2788764515791693,"MV3":0.513820062348665,"CH1":0.8346038240230361}