{"MV1":0.6863465973089472,"MV3":0.2693392771559182,"CH1":0.42768129383033626}