{"MV1":0.9882067691814573,"MV3":0.6381452425968533,"CH1":0.46858418880096797}