{"MV1":0.6837705068355596,"MV3":0.5629251488339186,"CH1":0.1631069427800833}