{"MV1":0.6688015996065351,"MV3":0.6590390413139294,"CH1":0.5195029162584066}