{"MV1":0.5189317204885612,"MV3":0.8944868730062979,"CH1":0.24355397729302408}