{"MV1":0.2568856686098653,"MV3":0.23022278040096433,"CH1":0.35696178209327767}