{"MV1":0.8856094939852127,"MV3":0.9306229550089281,"CH1":0.012813335404244452}