{"MV1":0.06848473377061326,"MV3":0.14936014066625636,"CH1":0.1327521470487779}