{"MV1":0.8517177060826593,"MV3":0.7520374478689749,"CH1":0.9706451496726374}