{"MV1":0.8915944116734277,"MV3":0.18878447691172984,"CH1":0.33085452002807125}