{"MV1":0.7666821922155659,"MV3":0.3688570443869774,"CH1":0.23569705173407873}