{"MV1":0.13501952295148623,"MV3":0.6458259452285825,"CH1":0.628487739247739}