{"MV1":0.6758369463112857,"MV3":0.3185355990144727,"CH1":0.6859252236267995}