{"MV1":0.2732916312165934,"MV3":0.46835523503227117,"CH1":0.10428071761473301}