{"MV1":0.1943405737273587,"MV3":0.7105969517875453,"CH1":0.9297649601862071}