{"MV1":0.6435749413606391,"MV3":0.41848338987119926,"CH1":0.27995022678060577}