{"MV1":0.6533769885670538,"MV3":0.2640100596807392,"CH1":0.5590561825533308}