{"MV1":0.8408627027550366,"MV3":0.08021390049200616,"CH1":0.5082192795420872}