{"MV1":0.5730955398755893,"MV3":0.10629546482019925,"CH1":0.7705585200531654}