{"MV1":0.4314923147126205,"MV3":0.5868087697962673,"CH1":0.494691503910331}