{"MV1":0.8596860015896576,"MV3":0.3267700770620634,"CH1":0.485785607590689}