{"MV1":0.18553347341205928,"MV3":0.567113687141236,"CH1":0.5102088678180191}