{"MV1":0.1892353632448931,"MV3":0.7278767963533618,"CH1":0.015457425339370334}