{"MV1":0.3273725398384235,"MV3":0.8808071063746192,"CH1":0.44016426784605533}