{"MV1":0.17609727384629892,"MV3":0.5127220338603001,"CH1":0.3707115511255943}