{"MV1":0.9911570790951644,"MV3":0.6742341796147331,"CH1":0.9790618008480637}