{"MV1":0.9436889570199871,"MV3":0.38349170831376544,"CH1":0.26054146235174214}