{"MV1":0.23806916088334096,"MV3":0.8272253036174386,"CH1":0.9255611703011943}