{"MV1":0.5527847268098454,"MV3":0.8669859616532404,"CH1":0.2630808853559805}