{"MV1":0.08453213362430323,"MV3":0.2161239498646803,"CH1":0.8756926737836914}