{"MV1":0.4240727839152886,"MV3":0.3158235083839782,"CH1":0.008798142520046404}