{"MV1":0.49776958360916157,"MV3":0.9511904934160933,"CH1":0.22457090795668155}