{"MV1":0.07031755033804343,"MV3":0.9169388751703679,"CH1":0.023244329264207053}