{"MV1":0.942573406803277,"MV3":0.7601105110278596,"CH1":0.47995177549066714}