{"MV1":0.4360735865879064,"MV3":0.620816668628586,"CH1":0.23008551150838985}