{"MV1":0.5513441908907558,"MV3":0.8049380080487318,"CH1":0.05077220202782673}