{"MV1":0.9817277234968029,"MV3":0.4013287533440826,"CH1":0.7157029085271073}