{"MV1":0.12154138804867642,"MV3":0.4108980135322502,"CH1":0.9427359055421428}