{"MV1":0.2983883764191446,"MV3":0.02239175619004008,"CH1":0.1495085037584487}