{"MV1":0.8107267406794757,"MV3":0.9292996033046117,"CH1":0.765862165147925}