{"MV1":0.7716801037169074,"MV3":0.7062318194063415,"CH1":0.2809347591369141}