{"MV1":0.8155532630635749,"MV3":0.1825664955113604,"CH1":0.8656055149020824}