{"MV1":0.8669302100294545,"MV3":0.0921698596454823,"CH1":0.10767941789857782}