{"MV1":0.045273705463917735,"MV3":0.3484832911290381,"CH1":0.6468676005382272}