{"MV1":0.5039009625245673,"MV3":0.047301317402960175,"CH1":0.08864177435150078}