{"MV1":0.3159979216910528,"MV3":0.7295115229988851,"CH1":0.1573464643310254}