{"MV1":0.023125204934145605,"MV3":0.5481366107126916,"CH1":0.946341843196041}