{"MV1":0.8085944175098287,"MV3":0.3934847965579197,"CH1":0.2126759312943982}