{"MV1":0.7137969195747224,"MV3":0.9524452656544861,"CH1":0.38502052687562116}