{"MV1":0.760499678670248,"MV3":0.4636470556768809,"CH1":0.0015392674320150457}