{"MV1":0.16442949398184192,"MV3":0.07630561190234197,"CH1":0.16551478671476805}