{"MV1":0.7002015715840184,"MV3":0.5743183895202849,"CH1":0.7759637474448902}