{"MV1":0.5035570484976397,"MV3":0.6373934335976027,"CH1":0.1929298219425556}