{"MV1":0.5680114470734109,"MV3":0.7072512972942652,"CH1":0.14491777626799407}