{"MV1":0.5492280244828862,"MV3":0.17132079402801037,"CH1":0.696393871513705}