{"MV1":0.307814489379743,"MV3":0.7287908360915994,"CH1":0.3190426939411143}