{"MV1":0.5049025930342281,"MV3":0.40281338274020506,"CH1":0.6458079568532923}