{"MV1":0.5465005579559528,"MV3":0.8021668870722455,"CH1":0.4440589024411271}