{"MV1":0.8846311898198468,"MV3":0.4925092508618084,"CH1":0.8598863784253576}