{"MV1":0.19426999469496187,"MV3":0.9362618630535471,"CH1":0.20458784849978162}