{"MV1":0.9352600119388151,"MV3":0.9774154542924004,"CH1":0.15748154033585005}