{"MV1":0.9215071065533079,"MV3":0.4220601187024169,"CH1":0.39099926200020063}