{"MV1":0.313869792360548,"MV3":0.9687720471744391,"CH1":0.18725792831154509}