{"MV1":0.45464102953597696,"MV3":0.3931047343782158,"CH1":0.19544708505500874}