{"MV1":0.3843862439920137,"MV3":0.9398339871509778,"CH1":0.8613788295565421}