{"MV1":0.5840330049253756,"MV3":0.751257674896978,"CH1":0.5371068893527821}