{"MV1":0.594903487821542,"MV3":0.42775642007837256,"CH1":0.2529710548931884}