{"MV1":0.4975594074510834,"MV3":0.2279692733055041,"CH1":0.018786778503832813}