{"MV1":0.5641837110826831,"MV3":0.28590820130150385,"CH1":0.4933705530989003}