{"MV1":0.48098091696884493,"MV3":0.3886703112775385,"CH1":0.6912683192590503}