{"MV1":0.3635501575517436,"MV3":0.1924234928832691,"CH1":0.7661864948622137}