{"MV1":0.22287346557861032,"MV3":0.6130728070502144,"CH1":0.17954234163487026}