{"MV1":0.5280509640250645,"MV3":0.02381647725773217,"CH1":0.00543287146596616}