{"MV1":0.6392846999953212,"MV3":0.6922811408917091,"CH1":0.4124997903100387}