{"MV1":0.5259099343476106,"MV3":0.0679310682654497,"CH1":0.2422800409601068}