{"MV1":0.9669813102883889,"MV3":0.5253449418043767,"CH1":0.40727608934543613}