{"MV1":0.10616835053901907,"MV3":0.5837530949432087,"CH1":0.48447210244922567}