{"MV1":0.6708856896756654,"MV3":0.9552010783315819,"CH1":0.33557880933262496}