{"MV1":0.09779428761430153,"MV3":0.8366652094605971,"CH1":0.7359688883927967}