{"MV1":0.8340696402628441,"MV3":0.49881614273295305,"CH1":0.8517524026520578}