{"MV1":0.793225892561805,"MV3":0.3239651644621383,"CH1":0.35277741747911684}