{"MV1":0.23445176594699701,"MV3":0.678756817888092,"CH1":0.3106557447002336}