{"MV1":0.5824528849274792,"MV3":0.5123601555338272,"CH1":0.42816238789238925}