{"MV1":0.2874186338396174,"MV3":0.10948690249784532,"CH1":0.4982576303394901}