{"MV1":0.16711874718744046,"MV3":0.6113038344180418,"CH1":0.777408333352324}