{"MV1":0.5935014536463955,"MV3":0.8898885540982722,"CH1":0.6334464971045046}