{"MV1":0.5504156999928176,"MV3":0.690512789257671,"CH1":0.02040261210145078}