{"MV1":0.8154435434176558,"MV3":0.8250771044892606,"CH1":0.8466224218583985}