{"MV1":0.25423216930167636,"MV3":0.12082655129405118,"CH1":0.45480551506224376}