{"MV1":0.4177956181730209,"MV3":0.015666247271534983,"CH1":0.20372521896661888}