{"MV1":0.6575340118629746,"MV3":0.7706400350583845,"CH1":0.7342269583333764}