{"MV1":0.29945150251684616,"MV3":0.6273223218127888,"CH1":0.4052718878961946}