{"MV1":0.5164447237593073,"MV3":0.13207814651889738,"CH1":0.39137664287067386}