{"MV1":0.909861512293492,"MV3":0.13585435873473795,"CH1":0.4482900280850153}