{"MV1":0.3252786231620145,"MV3":0.644155237931845,"CH1":0.6043604107355369}