{"MV1":0.02385495589758868,"MV3":0.6414355653913496,"CH1":0.006895945705641671}