{"MV1":0.2852311228358084,"MV3":0.4800218090479982,"CH1":0.9265891018361704}