{"MV1":0.038320533775629495,"MV3":0.4962518930686426,"CH1":0.7492261550355875}