{"MV1":0.048814159013450764,"MV3":0.6253477377748513,"CH1":0.4708197324476019}