{"MV1":0.5138094229664476,"MV3":0.10560517566228145,"CH1":0.6558481993957893}