{"MV1":0.04946919127526139,"MV3":0.7516966835047898,"CH1":0.4146011289576319}