{"MV1":0.9329800290254298,"MV3":0.028117248892469804,"CH1":0.5713310665247765}