{"MV1":0.4766897574327882,"MV3":0.6143477269503144,"CH1":0.3284570578243706}