{"MV1":0.5766679544477386,"MV3":0.5337272889861668,"CH1":0.8446950139537351}