{"MV1":0.2622783804626503,"MV3":0.9649232390698058,"CH1":0.7738299298398853}