{"MV1":0.9441707309224227,"MV3":0.003404287249034632,"CH1":0.13436536366761276}