{"MV1":0.5351467757773276,"MV3":0.6619274733844659,"CH1":0.668608743107638}