{"MV1":0.2386272976164746,"MV3":0.3079300923438948,"CH1":0.18587114260540483}