{"MV1":0.8681560159706783,"MV3":0.29355246927364376,"CH1":0.9758053272050825}