{"MV1":0.38466103502108295,"MV3":0.004669548150980529,"CH1":0.23246918224714186}