{"MV1":0.3664752517450859,"MV3":0.9684683301355521,"CH1":0.9312384683518136}