{"MV1":0.4517156190929634,"MV3":0.5435694368757851,"CH1":0.8267514341641019}