{"MV1":0.3652614352388637,"MV3":0.4833979626566278,"CH1":0.3895574352345933}