{"MV1":0.014687805408087451,"MV3":0.5015820761103743,"CH1":0.058231626672683334}