{"MV1":0.09755589031998091,"MV3":0.1438780629121652,"CH1":0.4482993585482872}