{"MV1":0.06306628985969243,"MV3":0.966177314711966,"CH1":0.9999967435602427}