{"MV1":0.6988712796329103,"MV3":0.7076350850654454,"CH1":0.8177624581197059}