{"MV1":0.1391265965519568,"MV3":0.5991040175755934,"CH1":0.6222527248139801}