{"MV1":0.8877739426137817,"MV3":0.4470724625632685,"CH1":0.2063824719158065}