{"MV1":0.9626887753472143,"MV3":0.31597607115073356,"CH1":0.3970223927632587}