{"MV1":0.8713888791704684,"MV3":0.5634384077631952,"CH1":0.29570190662475326}