{"MV1":0.5915241283856806,"MV3":0.2604741326852773,"CH1":0.5792209024679195}