{"MV1":0.13572769147460162,"MV3":0.9600859738945623,"CH1":0.8085434677498183}