{"MV1":0.5339952089035116,"MV3":0.010934170615103267,"CH1":0.7676580237228297}