{"MV1":0.7362079494153638,"MV3":0.01855914894959554,"CH1":0.12928494662662926}