{"MV1":0.20485944488188912,"MV3":0.1171682441811881,"CH1":0.9941025050649734}