{"MV1":0.6984029254166487,"MV3":0.5863233419509148,"CH1":0.27430770458851117}