{"MV1":0.6296206293657043,"MV3":0.8812375944214448,"CH1":0.9232770969762116}