{"MV1":0.056947083895287354,"MV3":0.5869974989345389,"CH1":0.6318516709895692}