{"MV1":0.45612218957279727,"MV3":0.6793950315528484,"CH1":0.8101227900973598}