{"MV1":0.46483009565067845,"MV3":0.22956319423530136,"CH1":0.24099469942945884}