{"MV1":0.4636642728453848,"MV3":0.04350364706875143,"CH1":0.08659069306440526}