{"MV1":0.6998220022569368,"MV3":0.7130008053597415,"CH1":0.8323621276095943}