{"MV1":0.9628885790176428,"MV3":0.028361234613700326,"CH1":0.6741875814776899}