{"MV1":0.1594805456958257,"MV3":0.9682525212716347,"CH1":0.5491110127541871}