{"MV1":0.00931963802777136,"MV3":0.9214860963304634,"CH1":0.1139989103612099}