{"MV1":0.7321940861580915,"MV3":0.32161173328029813,"CH1":0.11543936520424736}