{"MV1":0.7778774628507681,"MV3":0.11862810284671854,"CH1":0.903960702071192}