{"MV1":0.845843070611157,"MV3":0.42842005162767727,"CH1":0.3463439751913454}