{"MV1":0.8094119800811869,"MV3":0.3524280390968979,"CH1":0.7189317735502236}