{"MV1":0.6299187677886555,"MV3":0.5460613809988645,"CH1":0.5219081903522566}