{"MV1":0.25143350685593513,"MV3":0.8149199230868359,"CH1":0.37612998732646685}