{"MV1":0.9104486030799919,"MV3":0.5243923467826535,"CH1":0.36284230572987863}