{"MV1":0.4280817470817807,"MV3":0.48151570913877084,"CH1":0.8979159811534888}