{"MV1":0.0321863273391928,"MV3":0.3339049829194414,"CH1":0.0159537192953485}