{"MV1":0.35925952499440883,"MV3":0.8956956021338436,"CH1":0.6711476499888236}