{"MV1":0.16586176765163385,"MV3":0.544021209227781,"CH1":0.9299214127455927}