{"MV1":0.6410593920773278,"MV3":0.15366417007492272,"CH1":0.3918841452983244}