{"MV1":0.650729180590639,"MV3":0.06520355538231093,"CH1":0.43751680138221083}