{"MV1":0.05692250660548981,"MV3":0.4474589790002549,"CH1":0.5778469881106001}