{"MV1":0.603121564204075,"MV3":0.9340245430115218,"CH1":0.09012335713269615}