{"MV1":0.45215022521835435,"MV3":0.9981585530609743,"CH1":0.8132591938633786}