{"MV1":0.15657233541748228,"MV3":0.9661681391120687,"CH1":0.21934801812554616}