{"MV1":0.9250518216407816,"MV3":0.12241365858787179,"CH1":0.746308914882458}