{"MV1":0.20221040493035103,"MV3":0.9024601817499761,"CH1":0.47778787827491354}