{"MV1":0.8453583413349267,"MV3":0.8800984492586105,"CH1":0.23340408747588903}