{"MV1":0.05292992782431605,"MV3":0.5913047780828339,"CH1":0.15355971070827834}