{"MV1":0.21883705998526348,"MV3":0.5030686436669917,"CH1":0.3332826095205145}