{"MV1":0.7116787608785233,"MV3":0.025783675207727064,"CH1":0.1955568802921578}