{"MV1":0.902151985249081,"MV3":0.927667911535585,"CH1":0.3260754959974439}