{"MV1":0.10068875600820226,"MV3":0.26756474545480236,"CH1":0.4281931696026463}