{"MV1":0.653759945742339,"MV3":0.09333577365199996,"CH1":0.3313702205291569}