{"MV1":0.09640157934130278,"MV3":0.8484682858860305,"CH1":0.815374378780549}