{"MV1":0.6126698500062013,"MV3":0.444493988740984,"CH1":0.03639377449359682}