{"MV1":0.14566328497699743,"MV3":0.2340768021317189,"CH1":0.957397085824756}