{"MV1":0.8439147874787086,"MV3":0.7924501894303843,"CH1":0.4442216679910016}