{"MV1":0.23694396888404967,"MV3":0.5293607840973313,"CH1":0.4964969671761593}