{"MV1":0.15884429351510398,"MV3":0.47171710241985587,"CH1":0.1233538591223341}