{"MV1":0.9249823090458618,"MV3":0.534077266214474,"CH1":0.25301654242622373}