{"MV1":0.5417241934546286,"MV3":0.5093419638758239,"CH1":0.7436775935249484}