{"MV1":0.7432160735977958,"MV3":0.9218230308731643,"CH1":0.8087129886534731}