{"MV1":0.7949500098939224,"MV3":0.009053615044984253,"CH1":0.22766193442674476}