{"MV1":0.27347017605517066,"MV3":0.6150205881620433,"CH1":0.9931919917243298}