{"MV1":0.04510122788967119,"MV3":0.26991492312352594,"CH1":0.31586887108649353}