{"MV1":0.1606489910030512,"MV3":0.36383358491135354,"CH1":0.08877190481134933}