{"MV1":0.9766755097238354,"MV3":0.45541017429183717,"CH1":0.28292997112547225}