{"MV1":0.3046186979905654,"MV3":0.18929783323459737,"CH1":0.08583725774648499}