{"MV1":0.13402442750069443,"MV3":0.06499056252216395,"CH1":0.9838265682869212}