{"MV1":0.209226624441609,"MV3":0.5538703019086618,"CH1":0.39635809417952483}