{"MV1":0.3455419455033457,"MV3":0.027336933417574483,"CH1":0.2934849807316121}