{"MV1":0.6365909666624099,"MV3":0.5795518160817763,"CH1":0.7818881281641159}