{"MV1":0.6851295144891402,"MV3":0.18187929396134628,"CH1":0.5876842660612313}