{"MV1":0.5331168222034539,"MV3":0.4909326754189395,"CH1":0.28369672332666096}