{"MV1":0.2869369587562871,"MV3":0.6373587881526885,"CH1":0.7603326823910882}