{"MV1":0.932715381779726,"MV3":0.6832116679948889,"CH1":0.7233421285078094}