{"MV1":0.9953650380145032,"MV3":0.7577150623873607,"CH1":0.06977055432114965}