{"MV1":0.6536971121997442,"MV3":0.046300240793932024,"CH1":0.48191117359210645}