{"MV1":0.7622806374145655,"MV3":0.534203748457826,"CH1":0.28821989352693145}