{"MV1":0.5330379292779188,"MV3":0.5207001410551485,"CH1":0.4823945305611337}