{"MV1":0.5880518341656603,"MV3":0.4721987809481165,"CH1":0.9804691065703675}