{"MV1":0.949927315219295,"MV3":0.3306074009234735,"CH1":0.7212372426133745}