{"MV1":0.9850720430539963,"MV3":0.0021971457620209023,"CH1":0.3283798070806999}