{"MV1":0.17555825726448848,"MV3":0.7537651630576997,"CH1":0.47952452431049475}