{"MV1":0.1487755823649688,"MV3":0.5690954612011214,"CH1":0.07066060566454924}