{"MV1":0.3250046213925908,"MV3":0.12715935216377428,"CH1":0.7559737637485711}