{"MV1":0.8965203865322562,"MV3":0.022963265710907454,"CH1":0.09678288409072877}