{"MV1":0.6089023409788068,"MV3":0.5322312857779319,"CH1":0.3078542603463921}