{"MV1":0.6854961858957782,"MV3":0.33846908525923103,"CH1":0.9464038808855866}