{"MV1":0.4606943219544506,"MV3":0.48068530435048684,"CH1":0.772465857340717}