{"MV1":0.8772457803627967,"MV3":0.9179270752831054,"CH1":0.38356708668243955}