{"MV1":0.3956328789620319,"MV3":0.8988891582382035,"CH1":0.6699766316779644}