{"MV1":0.8978811509774267,"MV3":0.5525958368100883,"CH1":0.5372808580052885}