{"MV1":0.36679303650475314,"MV3":0.6553474564649571,"CH1":0.4060402915985213}