{"MV1":0.09731189023605713,"MV3":0.493342296784128,"CH1":0.8416228411115668}