{"MV1":0.3288385174037858,"MV3":0.8864679849378967,"CH1":0.0958885657074815}