{"MV1":0.7890603793932311,"MV3":0.42461564256645556,"CH1":0.9719765580952984}