{"MV1":0.45409075139932376,"MV3":0.10076749975335353,"CH1":0.9277380661186392}