{"MV1":0.4206607513018681,"MV3":0.20196645949181669,"CH1":0.4436282825239931}