{"MV1":0.9482419367270789,"MV3":0.7112132720492158,"CH1":0.48597902002048876}