{"MV1":0.8567136524839045,"MV3":0.23896468882029143,"CH1":0.5203628490866761}