{"MV1":0.027276633603270373,"MV3":0.625444842131608,"CH1":0.02165525593216877}