{"MV1":0.9723196226599069,"MV3":0.7904611532603469,"CH1":0.5994722745128734}