{"MV1":0.17926692914091236,"MV3":0.33716079072023186,"CH1":0.18102803657389632}