{"MV1":0.24425805678774648,"MV3":0.9798846042628906,"CH1":0.14467159804014862}