{"MV1":0.723515887082458,"MV3":0.7801854218559816,"CH1":0.30364031371766864}