{"MV1":0.7116461126058891,"MV3":0.9108487519884276,"CH1":0.989853019767739}