{"MV1":0.44048461444759024,"MV3":0.29878247395445134,"CH1":0.544291862227872}