{"MV1":0.41631965997513487,"MV3":0.09680090074397774,"CH1":0.009228360449208495}