{"MV1":0.6107333168029052,"MV3":0.2709886608677814,"CH1":0.2636597731328708}