{"MV1":0.5452107455065769,"MV3":0.4128226443050934,"CH1":0.5924334253075331}