{"MV1":0.9964767745049797,"MV3":0.5133222694332898,"CH1":0.6498829765604763}