{"MV1":0.2827275973691047,"MV3":0.9530444646760626,"CH1":0.21162321720848276}