{"MV1":0.9410808830086344,"MV3":0.5221147994629524,"CH1":0.49268288433080576}