{"MV1":0.4255875233396469,"MV3":0.7936945346585219,"CH1":0.6066932566848334}