{"MV1":0.1322700362053576,"MV3":0.5793591736757308,"CH1":0.2019156057141085}