{"MV1":0.24821393308366868,"MV3":0.6081274754225701,"CH1":0.872026264432067}