{"MV1":0.0037544792309400776,"MV3":0.773569314597547,"CH1":0.46856920444077776}