{"MV1":0.7707665011279994,"MV3":0.503069437797004,"CH1":0.3968942549737722}