{"MV1":0.9179911878219542,"MV3":0.0591547537610968,"CH1":0.017154322613675}