{"MV1":0.7140898388871678,"MV3":0.27970352365351636,"CH1":0.8008668508129466}