{"MV1":0.3880433626122296,"MV3":0.26234017040913027,"CH1":0.3437945413085379}