{"MV1":0.06451365840752288,"MV3":0.17341881078789056,"CH1":0.7666555280686169}