{"MV1":0.00746085108001171,"MV3":0.9915953314886884,"CH1":0.36108720091491364}