{"MV1":0.4635937894334705,"MV3":0.6994211965518347,"CH1":0.7436083679364494}