{"MV1":0.8228784259288532,"MV3":0.07969214572693728,"CH1":0.1170237892783087}