{"MV1":0.5365418447824544,"MV3":0.903794057548212,"CH1":0.8511654167304495}