{"MV1":0.6990609058233721,"MV3":0.20328190785297628,"CH1":0.9082461838332854}