{"MV1":0.30318945825287713,"MV3":0.32588086711894804,"CH1":0.28202202139712784}