{"MV1":0.6340127946866918,"MV3":0.4500293426968637,"CH1":0.5804919749673896}