{"MV1":0.5929425880874977,"MV3":0.7583221402968623,"CH1":0.12412064629596053}