{"MV1":0.7909016414447638,"MV3":0.9457799510113685,"CH1":0.12294855348051414}