{"MV1":0.25525352987989636,"MV3":0.6157839118650189,"CH1":0.3156841211732627}