{"MV1":0.4534944456100095,"MV3":0.8010629855432299,"CH1":0.5083942386797276}