{"MV1":0.6473897544739236,"MV3":0.4118665774535242,"CH1":0.7250371851053569}