{"MV1":0.3503317934155492,"MV3":0.49692670842292397,"CH1":0.8589343407897196}