{"MV1":0.5611136804874189,"MV3":0.5415321500580567,"CH1":0.03256340045566952}