{"MV1":0.9721538070169204,"MV3":0.9969816796161586,"CH1":0.6268263114068812}