{"MV1":0.1965929307571247,"MV3":0.1132228350349278,"CH1":0.10570767634430567}