{"MV1":0.9238013610080701,"MV3":0.79302636809626,"CH1":0.09180227546088005}