{"MV1":0.8462858008933342,"MV3":0.30794198535269846,"CH1":0.09873215601302199}