{"MV1":0.5816298583254049,"MV3":0.922936302151895,"CH1":0.7980189573940709}