{"MV1":0.8861879717265772,"MV3":0.7324697386815373,"CH1":0.41239202391586194}