{"MV1":0.5348680248375869,"MV3":0.6660189895316254,"CH1":0.2240062770830744}