{"MV1":0.592007847177529,"MV3":0.08595893007541866,"CH1":0.4652541420457502}