{"MV1":0.21822469807067346,"MV3":0.461421048506785,"CH1":0.307671965478836}