{"MV1":0.18967456008195305,"MV3":0.059967913908417714,"CH1":0.007725855036930462}