{"MV1":0.9768450169994048,"MV3":0.9410902344363921,"CH1":0.33046591603032816}