{"MV1":0.6895372479291069,"MV3":0.6486142401851026,"CH1":0.7065952953580392}