{"MV1":0.3740932503483043,"MV3":0.9697106448895978,"CH1":0.9671333455266462}