{"MV1":0.4396401476366236,"MV3":0.496173276205927,"CH1":0.1913069083454617}