{"MV1":0.21832723246193486,"MV3":0.3424027946368814,"CH1":0.13223988449088764}