{"MV1":0.35838104409564064,"MV3":0.34362983878375164,"CH1":0.9176248849309148}