{"MV1":0.8857923934536049,"MV3":0.5912995947771948,"CH1":0.04016487951611081}