{"MV1":0.6359000344753494,"MV3":0.7519995020349696,"CH1":0.6884449734213302}