{"MV1":0.9324041566213018,"MV3":0.5041098507491315,"CH1":0.905345008477134}