{"MV1":0.3417457038850059,"MV3":0.9319905030182157,"CH1":0.9754358872109906}