{"MV1":0.6239261092834245,"MV3":0.9492394903490015,"CH1":0.3576271165465721}