{"MV1":0.1892464044681016,"MV3":0.2268077708993963,"CH1":0.002380784117405832}