{"MV1":0.7585869889240984,"MV3":0.15230451843237758,"CH1":0.9883563620203811}