{"MV1":0.8752059919577032,"MV3":0.47362007909273107,"CH1":0.036627892453037325}