{"MV1":0.676384306313028,"MV3":0.5351910184728781,"CH1":0.8667921538145213}