{"MV1":0.5737378216839915,"MV3":0.5383445787034602,"CH1":0.9298268392256407}