{"MV1":0.09691555197227775,"MV3":0.043956172613197286,"CH1":0.19810117130728722}