{"MV1":0.40549148797480894,"MV3":0.7096523647189137,"CH1":0.6115335870154847}