{"MV1":0.932324476678578,"MV3":0.2476053585531962,"CH1":0.2428307500885789}