{"MV1":0.068052790309998,"MV3":0.911793442797602,"CH1":0.7194142110162539}