{"MV1":0.09383162656401012,"MV3":0.28944138500007344,"CH1":0.03300838012047569}