{"MV1":0.30360556266255934,"MV3":0.30624249360997946,"CH1":0.5455664457365049}