{"MV1":0.4098655993394521,"MV3":0.6130759280225931,"CH1":0.3125857155163083}