{"MV1":0.5327585032927655,"MV3":0.939396365065535,"CH1":0.9702427483572775}