{"MV1":0.6238181295850108,"MV3":0.785717873427309,"CH1":0.6995285216970629}