{"MV1":0.9307519108061771,"MV3":0.15780138731359805,"CH1":0.5514810085658174}