{"MV1":0.5739007639881315,"MV3":0.36908718697087384,"CH1":0.6809518736187969}