{"MV1":0.9833352895689017,"MV3":0.5287633259104839,"CH1":0.24927990376767462}