{"MV1":0.40577085926247747,"MV3":0.09889341858995793,"CH1":0.8936853272569427}