{"MV1":0.5472758507111122,"MV3":0.7162001565036301,"CH1":0.00444443119507143}