{"MV1":0.07518886248532419,"MV3":0.09186769757427526,"CH1":0.8069594103593027}