{"MV1":0.038049971484220624,"MV3":0.6381622227335109,"CH1":0.7158463101443496}