{"MV1":0.9967158037619632,"MV3":0.9582870598309913,"CH1":0.6164896700576592}