{"MV1":0.7583075653622364,"MV3":0.7717135954313963,"CH1":0.5631833620688022}