{"MV1":0.5082051630587355,"MV3":0.3746032119467162,"CH1":0.9464210677494368}