{"MV1":0.14352550046424062,"MV3":0.178013179604408,"CH1":0.033984900780842486}