{"MV1":0.7607503816585016,"MV3":0.30114394957541346,"CH1":0.4721777449675789}