{"MV1":0.023769401244978727,"MV3":0.4787215510314562,"CH1":0.2518250256310788}