{"MV1":0.9746959421454481,"MV3":0.12924945513858976,"CH1":0.6693544672675045}