{"MV1":0.48258090842976487,"MV3":0.6734902475391583,"CH1":0.5250133750484817}