{"MV1":0.10353258719444625,"MV3":0.6604959476825417,"CH1":0.11669496263097667}