{"MV1":0.9671200826878208,"MV3":0.6945899762286509,"CH1":0.44187848306663}