{"MV1":0.682739733993159,"MV3":0.12675405149008612,"CH1":0.4411682773285437}