{"MV1":0.9658754567123288,"MV3":0.6915011463487495,"CH1":0.9089376276867753}