{"MV1":0.42809681993774296,"MV3":0.9925262772577844,"CH1":0.5208677463797353}