{"MV1":0.013185453838943428,"MV3":0.2397749342130071,"CH1":0.23216044975192418}