{"MV1":0.0769355737396632,"MV3":0.5296786209299424,"CH1":0.1486717705026227}