{"MV1":0.5278948428604971,"MV3":0.9406543010152518,"CH1":0.4285615493354048}