{"MV1":0.07183311064037567,"MV3":0.6978731144073331,"CH1":0.5243037205605977}