{"MV1":0.9299017525623284,"MV3":0.46225718269773897,"CH1":0.6033092802938946}