{"MV1":0.16299064379202477,"MV3":0.7824872531624656,"CH1":0.015408450589299294}