{"MV1":0.46676777796235636,"MV3":0.4916113848612007,"CH1":0.4980501903100675}