{"MV1":0.3902531480896645,"MV3":0.9447924517115702,"CH1":0.32562813482888564}