{"MV1":0.1577408871934215,"MV3":0.11540006342399556,"CH1":0.9074059299017012}