{"MV1":0.9137200734740165,"MV3":0.4029334605673074,"CH1":0.178058121926832}