{"MV1":0.7258129094123398,"MV3":0.5362004628735927,"CH1":0.21141812412376892}