{"MV1":0.40917770395989683,"MV3":0.517790893995092,"CH1":0.16723519254467845}