{"MV1":0.42628511958784643,"MV3":0.24914638312600157,"CH1":0.15648152218069022}