{"MV1":0.7659803395909172,"MV3":0.4025616714851503,"CH1":0.7799539298130755}