{"MV1":0.747552182960828,"MV3":0.11108358565866894,"CH1":0.7387417894817371}