{"MV1":0.25635717955267745,"MV3":0.6313249526008827,"CH1":0.9688063525209567}