{"MV1":0.02032568422125547,"MV3":0.8729231892188368,"CH1":0.4861978522724275}