{"MV1":0.5212207036485276,"MV3":0.8271794817957798,"CH1":0.999506551263574}