{"MV1":0.5556547327673779,"MV3":0.17473672478946567,"CH1":0.4747781932648092}