{"MV1":0.49093507317827445,"MV3":0.42153480160161894,"CH1":0.6570573935810591}