{"MV1":0.13481435710396306,"MV3":0.16090559900512025,"CH1":0.09603689538262072}