{"MV1":0.6440012089246686,"MV3":0.9671888361485163,"CH1":0.86218509162941}