{"MV1":0.16818863188778754,"MV3":0.8831677777044886,"CH1":0.4715932014876353}