{"MV1":0.35274072512078736,"MV3":0.3083514610591136,"CH1":0.16479783506352663}