{"MV1":0.7336145361197144,"MV3":0.9045473298213745,"CH1":0.055549121536343615}