{"MV1":0.8728498474292459,"MV3":0.26037612843879154,"CH1":0.7254025867691042}