{"MV1":0.2441442760370539,"MV3":0.5056301143500558,"CH1":0.1305285861591422}