{"MV1":0.7925732446737437,"MV3":0.22995890964432486,"CH1":0.3978732581461192}