{"MV1":0.8775643312358333,"MV3":0.7618198721749655,"CH1":0.25748417158485004}