{"MV1":0.9793245828461836,"MV3":0.7334531387952371,"CH1":0.4431247155538933}