{"MV1":0.03933327794430741,"MV3":0.44484641709443284,"CH1":0.49113767718105794}