{"MV1":0.19724965899345237,"MV3":0.08260148637894227,"CH1":0.887220387440652}