{"MV1":0.17594455715897905,"MV3":0.31834199998622437,"CH1":0.04890062992851962}