{"MV1":0.2363661775518724,"MV3":0.5693454182427844,"CH1":0.2838792213159568}