{"MV1":0.016338143781428838,"MV3":0.15616811222207105,"CH1":0.8894492379878352}