{"MV1":0.5658175985153858,"MV3":0.9121345598207956,"CH1":0.03758746836813598}