{"MV1":0.2002603710921833,"MV3":0.3820223051567616,"CH1":0.19912116377689304}