{"MV1":0.19002840635403473,"MV3":0.901562583278704,"CH1":0.8064986190772596}