{"MV1":0.6025478655946325,"MV3":0.4261367741304578,"CH1":0.4699146438620714}