{"MV1":0.5714162275795543,"MV3":0.5872699093060748,"CH1":0.7210151764928385}