{"MV1":0.8729068860704675,"MV3":0.1449462755695451,"CH1":0.7986555116117062}