{"MV1":0.007163266738887786,"MV3":0.5286726077632947,"CH1":0.3924569419061401}