{"MV1":0.9618438112891786,"MV3":0.7563384612825582,"CH1":0.8648615784118806}