{"MV1":0.5011863889313426,"MV3":0.6568356508439805,"CH1":0.06634465772451081}