{"MV1":0.4873608972002139,"MV3":0.32337158319120707,"CH1":0.17343240648062397}