{"MV1":0.795265995971837,"MV3":0.5816064699490339,"CH1":0.7499654830610047}