{"MV1":0.2327072322392434,"MV3":0.09074196533782408,"CH1":0.5657758272768278}