{"MV1":0.36963773994234284,"MV3":0.622075502506367,"CH1":0.3617424121381889}