{"MV1":0.7234414717639511,"MV3":0.9747398342281154,"CH1":0.6614311992297213}