{"MV1":0.39786802224936246,"MV3":0.23266849793372035,"CH1":0.9360931114885886}