{"MV1":0.37609815568988814,"MV3":0.04658402899733971,"CH1":0.33974044162413575}