{"MV1":0.325545040735462,"MV3":0.2332268501747602,"CH1":0.5163988279452415}