{"MV1":0.7600711226365516,"MV3":0.028778030249375863,"CH1":0.49919413792206924}