{"MV1":0.078010393565065,"MV3":0.06188367045424048,"CH1":0.13755011072234802}