{"MV1":0.7807671500372866,"MV3":0.9158952456864214,"CH1":0.18107877461337052}