{"MV1":0.9234842107620387,"MV3":0.2770617554163405,"CH1":0.6179107204593608}