{"MV1":0.7799202559790374,"MV3":0.07389283097792665,"CH1":0.4358421701452475}