{"MV1":0.7433244808744236,"MV3":0.21373412794021385,"CH1":0.43620255556170184}