{"MV1":0.32185763069718576,"MV3":0.788698488360029,"CH1":0.11924239821513538}