{"MV1":0.9943096762818207,"MV3":0.15893429507056467,"CH1":0.5812028779500202}