{"MV1":0.3081533801144952,"MV3":0.13799995032189094,"CH1":0.21652223805717807}