{"MV1":0.6601101893649765,"MV3":0.6372357464389632,"CH1":0.2692374948460057}