{"MV1":0.9632756614910623,"MV3":0.12896640994744135,"CH1":0.33867685845157114}