{"MV1":0.21700893689055034,"MV3":0.13024464994027685,"CH1":0.09173971790306801}