{"MV1":0.7205770830200606,"MV3":0.43888390764220264,"CH1":0.8692727695274461}