{"MV1":0.20035483940327448,"MV3":0.3511460201697678,"CH1":0.7527458686353301}