{"MV1":0.5225715284982341,"MV3":0.7362568650973642,"CH1":0.47104040067008135}