{"MV1":0.37653732929670125,"MV3":0.7871780035864971,"CH1":0.07532887682235023}