{"MV1":0.7930901332513028,"MV3":0.8700591116441132,"CH1":0.7140003844498141}