{"MV1":0.7818914118342882,"MV3":0.5979762131789532,"CH1":0.4039910091431853}