{"MV1":0.6701744491847443,"MV3":0.43914578965599393,"CH1":0.07411089663358916}