{"MV1":0.40423346437069196,"MV3":0.46272431531206326,"CH1":0.4141092125737569}