{"MV1":0.19193695592912108,"MV3":0.1432698971518127,"CH1":0.27392221556864316}