{"MV1":0.9830755191250639,"MV3":0.8294680832628591,"CH1":0.3930125826056243}