{"MV1":0.9072602213191293,"MV3":0.378009202806209,"CH1":0.044344267117418235}