{"MV1":0.6808484177698423,"MV3":0.48436076079774115,"CH1":0.6156649154249897}