{"MV1":0.9900539323391533,"MV3":0.17722121757112053,"CH1":0.8391387782408984}