{"MV1":0.0024911662234894383,"MV3":0.25206812725547334,"CH1":0.9906455788974661}