{"MV1":0.524183675762744,"MV3":0.35993210022547895,"CH1":0.1985414866874251}