{"MV1":0.5663070350759614,"MV3":0.662614381547445,"CH1":0.12790833551677216}