{"MV1":0.9678994005768664,"MV3":0.07053734438384685,"CH1":0.38915141196321423}