{"MV1":0.8898554988402329,"MV3":0.9862119741231653,"CH1":0.5205989642211979}