{"MV1":0.3348326703074145,"MV3":0.08181824518720449,"CH1":0.549667724528853}