{"MV1":0.8006951205211192,"MV3":0.9052617956693907,"CH1":0.8371290234297829}