{"MV1":0.2179264402663892,"MV3":0.9521758692402107,"CH1":0.17264519105339815}