{"MV1":0.44848650809462376,"MV3":0.3502882281754919,"CH1":0.41197399901977994}