{"MV1":0.9926190237450428,"MV3":0.7685576840264414,"CH1":0.4588563413449188}