{"MV1":0.41602532725350905,"MV3":0.7275109203231288,"CH1":0.5830865603864012}