{"MV1":0.7142267823090986,"MV3":0.9695083084082198,"CH1":0.4690306778262663}