{"MV1":0.004661862425769381,"MV3":0.4335440316813557,"CH1":0.21286502543774244}