{"MV1":0.6997852917537019,"MV3":0.20734492372761637,"CH1":0.9155447408537448}