{"MV1":0.8245655475840636,"MV3":0.16548286924185063,"CH1":0.3303627406246068}