{"MV1":0.4149935896608973,"MV3":0.7292378874505813,"CH1":0.6681873315375352}