{"MV1":0.07391715758914497,"MV3":0.6860380940948521,"CH1":0.3941487595022828}