{"MV1":0.33446845902504396,"MV3":0.4737224962452973,"CH1":0.9521659659874244}