{"MV1":0.32309765375488897,"MV3":0.9159223553102818,"CH1":0.503733926828856}