{"MV1":0.8679762156547668,"MV3":0.8859380152174923,"CH1":0.14533772063412242}