{"MV1":0.3031957429029004,"MV3":0.20114011566619783,"CH1":0.7788456393099705}