{"MV1":0.013667541309741793,"MV3":0.9865099447903931,"CH1":0.3408280440226813}