{"MV1":0.015862944456616734,"MV3":0.19868578757375777,"CH1":0.8395360950885714}