{"MV1":0.07004581402946752,"MV3":0.13679419946101956,"CH1":0.09793572985509247}