{"MV1":0.8297210566345145,"MV3":0.07072889362934809,"CH1":0.5211728042146113}