{"MV1":0.7356759047276394,"MV3":0.2541417322796644,"CH1":0.807548681338832}