{"MV1":0.11108243915853377,"MV3":0.8402718898292536,"CH1":0.4379167782903193}