{"MV1":0.3264908626042776,"MV3":0.553000334755516,"CH1":0.766771934432192}