{"MV1":0.14262939613435932,"MV3":0.5834495481583767,"CH1":0.6679868202386277}