{"MV1":0.035888076116167955,"MV3":0.010039048457179733,"CH1":0.4531577027710241}