{"MV1":0.31498488933639635,"MV3":0.4717923467229539,"CH1":0.9866268281709109}