{"MV1":0.7882139745501722,"MV3":0.8134624997255452,"CH1":0.20741550532238606}