{"MV1":0.6150726896687863,"MV3":0.8762139139487785,"CH1":0.5504249243322532}