{"MV1":0.19036680367532666,"MV3":0.4769681920420682,"CH1":0.6745475268927963}