{"MV1":0.8794931972265133,"MV3":0.1649408091464326,"CH1":0.3514436783630609}