{"MV1":0.11077313881996564,"MV3":0.8128202994241954,"CH1":0.13104211502919294}