{"MV1":0.2962762180391797,"MV3":0.4402051211552983,"CH1":0.6279318385273576}