{"MV1":0.7646401622306719,"MV3":0.005797756272255317,"CH1":0.962768610057951}