{"MV1":0.40019600042950376,"MV3":0.9647127161870926,"CH1":0.3429937967404558}