{"MV1":0.38565218840477844,"MV3":0.5254312357247954,"CH1":0.07256576355752209}