{"MV1":0.9682523949173828,"MV3":0.7068664316008978,"CH1":0.376365155667471}