{"MV1":0.9807490619546743,"MV3":0.5266984088899557,"CH1":0.5241406716977453}