{"MV1":0.12502602926941297,"MV3":0.7600668640588581,"CH1":0.9763964836361816}