{"MV1":0.758164138539835,"MV3":0.9504477935000893,"CH1":0.36202929621908386}