{"MV1":0.9777961683434004,"MV3":0.5454257803229426,"CH1":0.9884090903604704}