{"MV1":0.03927020395961456,"MV3":0.4764111121298582,"CH1":0.5990224857615886}