{"MV1":0.7985003795550902,"MV3":0.4730712394502985,"CH1":0.8118926916049891}