{"MV1":0.5380141309354003,"MV3":0.06349359478696981,"CH1":0.24288262139820804}