{"MV1":0.5191343872424279,"MV3":0.5201502412672296,"CH1":0.5463289517142405}