{"MV1":0.4771179502026086,"MV3":0.07638425972531293,"CH1":0.4119435460584071}