{"MV1":0.14186246713756312,"MV3":0.6355289078592452,"CH1":0.2955119937058479}