{"MV1":0.9783643018632955,"MV3":0.470598863866894,"CH1":0.10103906635503257}