{"MV1":0.3597039347517442,"MV3":0.9403565792264522,"CH1":0.35610424165538634}