{"MV1":0.48227306669176906,"MV3":0.1351257155629676,"CH1":0.6936434185180281}