{"MV1":0.9913597842368319,"MV3":0.8370449874154519,"CH1":0.6858930581005699}