{"MV1":0.9641560563820203,"MV3":0.6509493896005055,"CH1":0.5555212130253921}