{"MV1":0.15794675923929813,"MV3":0.38202244475366254,"CH1":0.037246334550288696}