{"MV1":0.6860181207866438,"MV3":0.18106705199722672,"CH1":0.22631802697465098}