{"MV1":0.06749272202316725,"MV3":0.5282921182783576,"CH1":0.7445414653637614}