{"MV1":0.9246155457643822,"MV3":0.38479030088681865,"CH1":0.8918822328297402}