{"MV1":0.08240908306066075,"MV3":0.6074329949940861,"CH1":0.13994379533044266}