{"MV1":0.15678679547126817,"MV3":0.9004540669181605,"CH1":0.45910625871080424}