{"MV1":0.420035472330491,"MV3":0.09335819068332973,"CH1":0.26658930528054303}