{"MV1":0.7435733055871528,"MV3":0.24090984866346565,"CH1":0.4233296387483533}