{"MV1":0.8225164708394574,"MV3":0.12388229366842651,"CH1":0.19560689972487688}