{"MV1":0.9827229822937984,"MV3":0.9655773008899791,"CH1":0.9481694064700674}