{"MV1":0.2882787717343831,"MV3":0.8636007004937717,"CH1":0.2805685858066045}