{"MV1":0.3327923006778698,"MV3":0.3101616237488375,"CH1":0.13712701514279224}