{"MV1":0.689159427940683,"MV3":0.38540950964259113,"CH1":0.09316813990902806}