{"MV1":0.44283008153534775,"MV3":0.0929588919040667,"CH1":0.5769825371470934}