{"MV1":0.6922558765733463,"MV3":0.2621893557866446,"CH1":0.07143627941850383}