{"MV1":0.008732904279140419,"MV3":0.8902802690574233,"CH1":0.22606635002411446}