{"MV1":0.35799303352467027,"MV3":0.033786949277495704,"CH1":0.8019654529731595}