{"MV1":0.5211494939136493,"MV3":0.4672533735624542,"CH1":0.9671390591011357}