{"MV1":0.6805130299723473,"MV3":0.07799815078060035,"CH1":0.6303405401355963}