{"MV1":0.7232561862066093,"MV3":0.647189105086138,"CH1":0.23769446230390545}