{"MV1":0.828897374461036,"MV3":0.13574391744749625,"CH1":0.8626651453032517}