{"MV1":0.5355314476503072,"MV3":0.8146371710635127,"CH1":0.09441389409329981}