{"MV1":0.8479030187968739,"MV3":0.5708325195692386,"CH1":0.09528338850269025}