{"MV1":0.7995832169468992,"MV3":0.6067610823770128,"CH1":0.14546532869553497}