{"MV1":0.8537097124353021,"MV3":0.2522019405327829,"CH1":0.030313167613461256}