{"MV1":0.1709539839161801,"MV3":0.28348961284178764,"CH1":0.9177381069669761}