{"MV1":0.29360674947300436,"MV3":0.6962295037224546,"CH1":0.7962031666413288}