{"MV1":0.26308877704211475,"MV3":0.9133509975399396,"CH1":0.4178198250061972}