{"MV1":0.5603718739079387,"MV3":0.19874872659762377,"CH1":0.6304291999830973}