{"MV1":0.6530263289313362,"MV3":0.9338318818056985,"CH1":0.7210300036823422}