{"MV1":0.5489686869767693,"MV3":0.06076582171514422,"CH1":0.6185257619879417}