{"MV1":0.6294795472750399,"MV3":0.7472216589372059,"CH1":0.0901840241379479}