{"MV1":0.2680899512244428,"MV3":0.8462873054235908,"CH1":0.007253790109114422}