{"MV1":0.14782156896326304,"MV3":0.8055657040553431,"CH1":0.39215711848117574}