{"MV1":0.0024665195696293996,"MV3":0.0027255190054827905,"CH1":0.08374041425398082}