{"MV1":0.58719348434975,"MV3":0.1221645986611537,"CH1":0.31949941326747633}