{"MV1":0.34797186836430616,"MV3":0.19493829478946345,"CH1":0.006435609643527851}