{"MV1":0.9451507256630601,"MV3":0.42670371021077236,"CH1":0.7538336523891355}