{"MV1":0.5646695441723129,"MV3":0.46015573017497435,"CH1":0.9742850154291121}