{"MV1":0.07374922786049187,"MV3":0.7531997630229019,"CH1":0.08298602977159608}