{"MV1":0.5231392992903687,"MV3":0.3686164525904039,"CH1":0.8807873594660194}