{"MV1":0.2632231608419079,"MV3":0.17375566292943112,"CH1":0.2721867944580989}