{"MV1":0.10089432992931735,"MV3":0.1439050772784125,"CH1":0.2995849662674174}