{"MV1":0.7140262409252975,"MV3":0.7827602653968316,"CH1":0.886147584750063}