{"MV1":0.8733511812743197,"MV3":0.17176049140597693,"CH1":0.09022039308006402}