{"MV1":0.9491989269397203,"MV3":0.30403910577252335,"CH1":0.05919534826857897}