{"MV1":0.8529592133349323,"MV3":0.5426324906858657,"CH1":0.8813060951439446}