{"MV1":0.855546118716074,"MV3":0.64383801947386,"CH1":0.5410565744380248}