{"MV1":0.6158819501822282,"MV3":0.07782872856503875,"CH1":0.659482012339418}