{"MV1":0.3849495071319273,"MV3":0.5196641999724679,"CH1":0.9017176804478025}