{"MV1":0.421114219298655,"MV3":0.24525861378935832,"CH1":0.09189396957886875}