{"MV1":0.6338571001810337,"MV3":0.2544085750178473,"CH1":0.1248909430678179}