{"MV1":0.19035215079488654,"MV3":0.5878109905752735,"CH1":0.9329418563231837}