{"MV1":0.43654744798895817,"MV3":0.2472665090855004,"CH1":0.433929245207636}