{"MV1":0.9567485778566981,"MV3":0.19881301659678596,"CH1":0.9665887855025581}