{"MV1":0.1462612641157126,"MV3":0.08634054257051216,"CH1":0.14762679419209468}