{"MV1":0.04638954994121569,"MV3":0.9819557268351493,"CH1":0.7218648088202729}