{"MV1":0.7804790173208217,"MV3":0.7877175564966883,"CH1":0.738851258904504}