{"MV1":0.17336527398381063,"MV3":0.07399626217139099,"CH1":0.8079432696254254}