{"MV1":0.06375879983774912,"MV3":0.48079520963883093,"CH1":0.8052373985948402}