{"MV1":0.4359987418886563,"MV3":0.5151621305952531,"CH1":0.4092428205043961}