{"MV1":0.012381641008625932,"MV3":0.5647385943600994,"CH1":0.6923672584241143}