{"MV1":0.6769820245937073,"MV3":0.4287522493818804,"CH1":0.18038063121852477}