{"MV1":0.6047500044130513,"MV3":0.33862970242205037,"CH1":0.5737017839642689}