{"MV1":0.4382861126203752,"MV3":0.03833171097818555,"CH1":0.4264124914021499}