{"MV1":0.5415089151026836,"MV3":0.5419518133483905,"CH1":0.26921780709394727}