{"MV1":0.7393371632898799,"MV3":0.5767441915722485,"CH1":0.9195444310779485}