{"MV1":0.04384438454306461,"MV3":0.7136060612343776,"CH1":0.3303180460303011}