{"MV1":0.9123416559745259,"MV3":0.8296663490852471,"CH1":0.43597059597138943}