{"MV1":0.9521293930264708,"MV3":0.912283893719282,"CH1":0.703734069501128}