{"MV1":0.05672229774206228,"MV3":0.7872084831104331,"CH1":0.8861046511055121}