{"MV1":0.2731540728756139,"MV3":0.5294864438519973,"CH1":0.8237793748567981}