{"MV1":0.47278119916923345,"MV3":0.19477727798554745,"CH1":0.38332118070144605}