{"MV1":0.2984012398955048,"MV3":0.05640358922695354,"CH1":0.5185127713625902}