{"MV1":0.9519129055286614,"MV3":0.1251433156295514,"CH1":0.6496254367337192}