{"MV1":0.036571818755387286,"MV3":0.35055544131167404,"CH1":0.6848777947459896}