{"MV1":0.4393910159516302,"MV3":0.6675263096810977,"CH1":0.6195201161722204}