{"MV1":0.24107996905753182,"MV3":0.14081054427892392,"CH1":0.9849386009799797}