{"MV1":0.11169432173538762,"MV3":0.7622339968022178,"CH1":0.10514271943393305}