{"MV1":0.4676012404384945,"MV3":0.4429981430397264,"CH1":0.8338017007265347}