{"MV1":0.39631803627601925,"MV3":0.6859171758466995,"CH1":0.3983338912609885}