{"MV1":0.1676375641166734,"MV3":0.11090823104128011,"CH1":0.812046675531943}