{"MV1":0.11889487082553984,"MV3":0.44706755824335154,"CH1":0.9413606075186722}