{"MV1":0.9457752033469876,"MV3":0.6107126949946976,"CH1":0.7111408181492853}