{"MV1":0.7212767890287886,"MV3":0.577020213294051,"CH1":0.07137398551985541}