{"MV1":0.6147286662716379,"MV3":0.4278156024192,"CH1":0.9034337211964565}