{"MV1":0.3817588173180152,"MV3":0.9070462290787155,"CH1":0.7433530742344365}