{"MV1":0.793637786420028,"MV3":0.2901929721650607,"CH1":0.04873108972682483}