{"MV1":0.012004862220383328,"MV3":0.22210819066193033,"CH1":0.2129200999202142}