{"MV1":0.24640092700989324,"MV3":0.2501518640189254,"CH1":0.900332637889213}