{"MV1":0.32536210876340066,"MV3":0.9459827532812864,"CH1":0.00493883589345101}