{"MV1":0.27545321200296446,"MV3":0.7454390837489925,"CH1":0.025483992931204846}