{"MV1":0.4477007340224707,"MV3":0.8314706454208785,"CH1":0.18346369080489933}