{"MV1":0.3811835159719067,"MV3":0.29979206022442273,"CH1":0.0014498161980015523}