{"MV1":0.19559668212707348,"MV3":0.6621667074152059,"CH1":0.24039545095399495}