{"MV1":0.37019679248978143,"MV3":0.4663168398074037,"CH1":0.4650756717427694}