{"MV1":0.12217099833099954,"MV3":0.4702626751287752,"CH1":0.6678576950451328}