{"MV1":0.9046297424057619,"MV3":0.44431192564574973,"CH1":0.8003177511289737}