{"MV1":0.3578547241855857,"MV3":0.47934693824235564,"CH1":0.7383316115512335}