{"MV1":0.12920451328825078,"MV3":0.7653401190885201,"CH1":0.3314903231821873}