{"MV1":0.024576879223139225,"MV3":0.416181086696347,"CH1":0.6946308468664981}