{"MV1":0.5992602512346273,"MV3":0.7326028904008285,"CH1":0.8927619082920886}