{"MV1":0.36075765412566707,"MV3":0.4236246884541761,"CH1":0.328688903489903}