{"MV1":0.5022844470768862,"MV3":0.3354862457891752,"CH1":0.01188046159496381}