{"MV1":0.32953035921017815,"MV3":0.6651141119118121,"CH1":0.5806334676054343}