{"MV1":0.7621983956378782,"MV3":0.6643053397324905,"CH1":0.7166242852610163}