{"MV1":0.8834702532694281,"MV3":0.8069460503824994,"CH1":0.6134496954042025}