{"MV1":0.29625505438469324,"MV3":0.9297710184522484,"CH1":0.6304836161857585}