{"MV1":0.4334016796521962,"MV3":0.9230342886832353,"CH1":0.9649689451100023}