{"MV1":0.3067194952839313,"MV3":0.6573941911391163,"CH1":0.0823384447372616}