{"MV1":0.9034182466177418,"MV3":0.07821214217911421,"CH1":0.18521327459869907}