{"MV1":0.03841139703487384,"MV3":0.4517463610753365,"CH1":0.8510158491292614}