{"MV1":0.7624692889282988,"MV3":0.5185504508633821,"CH1":0.27945626359569664}