{"MV1":0.43466639371241744,"MV3":0.02288563455854975,"CH1":0.15253271932237422}