{"MV1":0.2648715324348365,"MV3":0.7765774464427232,"CH1":0.23364821605579345}