{"MV1":0.40252409038730796,"MV3":0.5247156467664843,"CH1":0.7566279636128134}