{"MV1":0.9243523540055508,"MV3":0.6801552944802544,"CH1":0.6522099837578159}