{"MV1":0.4129270850041472,"MV3":0.13190382890607255,"CH1":0.6463193359433721}