{"MV1":0.836465820151759,"MV3":0.6760260352807639,"CH1":0.4975588993003429}