{"MV1":0.01453245242266954,"MV3":0.9495485647591184,"CH1":0.8223999852101049}