{"MV1":0.08518861356465668,"MV3":0.6133432687537737,"CH1":0.5594283092741791}