{"MV1":0.25725993021803095,"MV3":0.19485210773313355,"CH1":0.043845109094099555}