{"MV1":0.8602154337248488,"MV3":0.1610107244832275,"CH1":0.6563460436925188}