{"MV1":0.25200529503924507,"MV3":0.1378874318460127,"CH1":0.7152534847302658}