{"MV1":0.9385551643000275,"MV3":0.2840741462454355,"CH1":0.6280963031576556}