{"MV1":0.8219724691372554,"MV3":0.4128205098775426,"CH1":0.05317578938280065}