{"MV1":0.09976982066760742,"MV3":0.8943902558523551,"CH1":0.4476274142679312}