{"MV1":0.33120863297639014,"MV3":0.6241658937024286,"CH1":0.5016390689581115}