{"MV1":0.11680648989234921,"MV3":0.9393498692361172,"CH1":0.1325192653329862}