{"MV1":0.900716793632216,"MV3":0.6139273923188389,"CH1":0.7485203451325807}