{"MV1":0.7453623244202551,"MV3":0.006845033721714411,"CH1":0.6584303287924231}