{"MV1":0.6896924949799159,"MV3":0.475012229791953,"CH1":0.8084432963260103}