{"MV1":0.020933019100816685,"MV3":0.5918980824341161,"CH1":0.5192314709810872}