{"MV1":0.9191426888512189,"MV3":0.49867758182946853,"CH1":0.8628920350467625}