{"MV1":0.5197838077754986,"MV3":0.6522599560350999,"CH1":0.7795149894779871}