{"MV1":0.5856934383258852,"MV3":0.32660382344063354,"CH1":0.02736375094191046}