{"MV1":0.5421705716876797,"MV3":0.07325018045355625,"CH1":0.28065173142311584}