{"MV1":0.6653921715504062,"MV3":0.5552327233571682,"CH1":0.0961989119604193}