{"MV1":0.05275087585052185,"MV3":0.5976764164176773,"CH1":0.19716196044588263}