{"MV1":0.02769442399617761,"MV3":0.37031900790436745,"CH1":0.12313845935012058}