{"MV1":0.27395721391438765,"MV3":0.3950697921589412,"CH1":0.7583411957265876}