{"MV1":0.2236953251204028,"MV3":0.8041729811459961,"CH1":0.6306866218278072}