{"MV1":0.1341395714080812,"MV3":0.9840410229631323,"CH1":0.03849782198688001}