{"MV1":0.0028945526507510033,"MV3":0.22829986636562039,"CH1":0.1505937969607688}