{"MV1":0.23329722575089595,"MV3":0.8383574325058705,"CH1":0.4368344063925137}