{"MV1":0.4515309535373051,"MV3":0.0865237284199113,"CH1":0.5383832416264807}