{"MV1":0.3365391856248374,"MV3":0.37182515971459784,"CH1":0.8915568529470834}