{"MV1":0.5735710997948636,"MV3":0.6596409352724606,"CH1":0.07260848408969167}