{"MV1":0.3517274417088825,"MV3":0.4280598024493074,"CH1":0.6965162566417118}