{"MV1":0.6526431662087678,"MV3":0.06141524956991484,"CH1":0.4958008247028207}