{"MV1":0.9432834864655125,"MV3":0.9088262145240456,"CH1":0.08851618951839424}