{"MV1":0.3149904912484126,"MV3":0.5871161954002092,"CH1":0.33680147055428356}