{"MV1":0.1931901809851987,"MV3":0.2746201641240731,"CH1":0.4938162487069604}