{"MV1":0.6243585124259841,"MV3":0.5704557317627365,"CH1":0.11271471959475399}