{"MV1":0.9007819339577208,"MV3":0.5743593434093112,"CH1":0.34429913469162254}