{"MV1":0.6438414390594012,"MV3":0.5778740440465666,"CH1":0.5735371692749205}