{"MV1":0.3920916905937406,"MV3":0.033981653259336886,"CH1":0.8126702967722813}