{"MV1":0.6275722364116147,"MV3":0.7416997331630267,"CH1":0.025976291882295444}