{"MV1":0.8460064038176065,"MV3":0.24755344340633056,"CH1":0.7118719750507434}