{"MV1":0.7718254176551053,"MV3":0.45386071398911454,"CH1":0.8675783969840238}