{"MV1":0.3400396733636455,"MV3":0.5115356999953504,"CH1":0.12261042324460203}