{"MV1":0.45541589229857826,"MV3":0.06060995870956987,"CH1":0.4758597775000597}