{"MV1":0.42533716440094593,"MV3":0.7124547709049309,"CH1":0.6993189493856112}