{"MV1":0.7915722633338254,"MV3":0.9767489796978448,"CH1":0.09344215478245421}