{"MV1":0.20616908966442593,"MV3":0.6316458789391415,"CH1":0.6196443047473145}