{"MV1":0.7274540890129513,"MV3":0.21018819002193212,"CH1":0.5390070597284659}