{"MV1":0.6581718897740844,"MV3":0.644739695337995,"CH1":0.9932150423726309}