{"MV1":0.9904017544755311,"MV3":0.6214537836752418,"CH1":0.42528816889224363}