{"MV1":0.276020457052495,"MV3":0.2240995054944086,"CH1":0.21824126999468396}