{"MV1":0.018796590252897705,"MV3":0.9693584838620287,"CH1":0.5259530692701023}