{"MV1":0.1131699819185864,"MV3":0.22836417557352529,"CH1":0.9265084646864437}