{"MV1":0.9233743335761765,"MV3":0.6233173083045933,"CH1":0.4562329047521322}