{"MV1":0.610405164061142,"MV3":0.8667848855787383,"CH1":0.122575258320622}