{"MV1":0.02467429879886729,"MV3":0.7699436341923318,"CH1":0.05928135176189664}