{"MV1":0.486659252059255,"MV3":0.3035070657347384,"CH1":0.7342236736454859}