{"MV1":0.042693752662361195,"MV3":0.5955997357217293,"CH1":0.4870715133482644}