{"MV1":0.4740686877420639,"MV3":0.24883421992135968,"CH1":0.4396283130176071}