{"MV1":0.06272066174754276,"MV3":0.8137265030497018,"CH1":0.171568544308768}