{"MV1":0.18779090350694505,"MV3":0.18429355678567305,"CH1":0.31140430259978136}