{"MV1":0.03421055773256876,"MV3":0.1705771414083388,"CH1":0.40249626086039814}