{"MV1":0.836180267337602,"MV3":0.04153783304544667,"CH1":0.705882512369797}