{"MV1":0.80738319093414,"MV3":0.8386898003611901,"CH1":0.19870558082642387}