{"MV1":0.8246974063017024,"MV3":0.07015262685277446,"CH1":0.4546822920799888}