{"MV1":0.22741355956775444,"MV3":0.5497528737256162,"CH1":0.987411050924786}