{"MV1":0.585300102280504,"MV3":0.5741884480318546,"CH1":0.9180670498802506}