{"MV1":0.19449814066939275,"MV3":0.8778356792622215,"CH1":0.9824866585095425}