{"MV1":0.824047439496921,"MV3":0.08492178825666685,"CH1":0.3977960015091285}