{"MV1":0.6440411548111142,"MV3":0.12166662410077467,"CH1":0.7135249000666958}