{"MV1":0.17708152442848268,"MV3":0.032289644140879536,"CH1":0.944086984022505}