{"MV1":0.2630354682727901,"MV3":0.5217258650954213,"CH1":0.8376081314997642}