{"MV1":0.05389027163652316,"MV3":0.4983220975938678,"CH1":0.9486266205660305}