{"MV1":0.20189523400005893,"MV3":0.16945765330567086,"CH1":0.5729057228288196}