{"MV1":0.9668034578619483,"MV3":0.40497821169958836,"CH1":0.6596631344004001}