{"MV1":0.4834908902713084,"MV3":0.1452632355012411,"CH1":0.04065936784759938}