{"MV1":0.7089822706473996,"MV3":0.908462616598666,"CH1":0.9704243518284006}