{"MV1":0.34693085837665416,"MV3":0.026427823051683674,"CH1":0.12360246209785541}