{"MV1":0.49982297786960617,"MV3":0.7246517997670413,"CH1":0.5543567105251299}