{"MV1":0.5272171285465767,"MV3":0.8969565726509708,"CH1":0.36956342346427185}