{"MV1":0.3978906841969796,"MV3":0.4190267300405798,"CH1":0.6385719439768486}