{"MV1":0.10082360706786297,"MV3":0.3537088298469596,"CH1":0.1128664125059432}