{"MV1":0.526549901918789,"MV3":0.9967313396318077,"CH1":0.23895417286587461}