{"MV1":0.016968596031960326,"MV3":0.5005543888056909,"CH1":0.27894245491021585}