{"MV1":0.9705411912890322,"MV3":0.13805365172650774,"CH1":0.6250912547759503}