{"MV1":0.9561834172928887,"MV3":0.29273144934906314,"CH1":0.04858551550901913}