{"MV1":0.7845175952467652,"MV3":0.8556007686955283,"CH1":0.49295417959443333}