{"MV1":0.7978773589846543,"MV3":0.9357721162792507,"CH1":0.7968517295577947}