{"MV1":0.3138528306839531,"MV3":0.543536274759662,"CH1":0.061702442369041766}