{"MV1":0.5746210273060148,"MV3":0.6121713669977529,"CH1":0.6791829979578913}