{"MV1":0.7063497778753817,"MV3":0.6644542254905244,"CH1":0.6288810096108555}