{"MV1":0.6908560433950061,"MV3":0.6883487025197057,"CH1":0.9649394443348602}