{"MV1":0.7054905871638737,"MV3":0.4507006527728371,"CH1":0.15679189196490984}