{"MV1":0.9971113473899433,"MV3":0.7979402868646037,"CH1":0.47975575800333836}