{"MV1":0.542100179780371,"MV3":0.8925638607007981,"CH1":0.735576650697206}