{"MV1":0.9822774221881199,"MV3":0.49670769995650577,"CH1":0.11437558523881797}