{"MV1":0.430709702628435,"MV3":0.9340988490330967,"CH1":0.1798454368658453}