{"MV1":0.20460909886534595,"MV3":0.6271871760961306,"CH1":0.6302886974867435}