{"MV1":0.6764179331432607,"MV3":0.8017844741158732,"CH1":0.3360979047174747}