{"MV1":0.17877933484747566,"MV3":0.06259454654023888,"CH1":0.31516504236517484}