{"MV1":0.8716716058561601,"MV3":0.143814944282455,"CH1":0.868008070182888}