{"MV1":0.7374742984139201,"MV3":0.5452431670833833,"CH1":0.9258839828085709}