{"MV1":0.7556075478026947,"MV3":0.2910587144898692,"CH1":0.018390991472365448}