{"MV1":0.8744364842127939,"MV3":0.4370699843765601,"CH1":0.02128839633025148}