{"MV1":0.7029219677219184,"MV3":0.12346390272147845,"CH1":0.899784113094922}