{"MV1":0.08799166417776039,"MV3":0.9066093502818517,"CH1":0.22892209827615917}