{"MV1":0.006624128505507643,"MV3":0.9629271865210284,"CH1":0.3114309690878131}