{"MV1":0.5368404601500265,"MV3":0.9473179257577519,"CH1":0.2969456750473157}