{"MV1":0.8651221241158119,"MV3":0.14584093422808952,"CH1":0.14207207990784632}