{"MV1":0.5102396620259292,"MV3":0.509580786736823,"CH1":0.11084589036735726}