{"MV1":0.5066099656717585,"MV3":0.8573745968420922,"CH1":0.6720691737035407}