{"MV1":0.0010664037025732709,"MV3":0.967476094572034,"CH1":0.2708015732292993}