{"MV1":0.3140560149322834,"MV3":0.30026373552392005,"CH1":0.6482131305564575}