{"MV1":0.5486985027780196,"MV3":0.350025305403319,"CH1":0.4701639571397037}