{"MV1":0.2796570452998127,"MV3":0.5684943892346576,"CH1":0.882868455596935}