{"MV1":0.48693653022895833,"MV3":0.020865199579156446,"CH1":0.3979145784575445}