{"MV1":0.2336389792713337,"MV3":0.8817135038522036,"CH1":0.10758281718346119}