{"MV1":0.5291652312216235,"MV3":0.46501046183347583,"CH1":0.7862197804238508}