{"MV1":0.7824426947748228,"MV3":0.836739404366825,"CH1":0.3727591403513866}