{"MV1":0.44443114395143213,"MV3":0.6190933565812261,"CH1":0.053349031037244754}