{"MV1":0.9393985914258234,"MV3":0.8197561400539048,"CH1":0.3192771813763108}