{"MV1":0.2144389137504067,"MV3":0.9797090768634678,"CH1":0.17149530972413263}