{"MV1":0.7832049151074183,"MV3":0.4047740989569035,"CH1":0.24627887101179868}