{"MV1":0.6308808987762959,"MV3":0.3053590808718636,"CH1":0.3211603106307733}