{"MV1":0.14606693903780155,"MV3":0.3213708952564358,"CH1":0.9902353482926497}