{"MV1":0.9842231542093852,"MV3":0.08907665928977881,"CH1":0.9792819808960236}