{"MV1":0.9706413199511811,"MV3":0.21617779574794893,"CH1":0.7311486737268947}