{"MV1":0.7114703653430569,"MV3":0.86265354846369,"CH1":0.09938770301630806}