{"MV1":0.3657108700242907,"MV3":0.16964429628725142,"CH1":0.7468925769219054}