{"MV1":0.2559202972231578,"MV3":0.025153189419250488,"CH1":0.9212594367163384}