{"MV1":0.4288296174069689,"MV3":0.4645575204406224,"CH1":0.29620361283424135}