{"MV1":0.4402448686923426,"MV3":0.6104280173688494,"CH1":0.15520441621017}