{"MV1":0.6761610918565536,"MV3":0.09674583155730498,"CH1":0.5690797188274073}