{"MV1":0.5732761462126795,"MV3":0.4968063771409117,"CH1":0.1964482968843151}