{"MV1":0.7215625715120223,"MV3":0.5724369669366809,"CH1":0.9617795189494116}