{"MV1":0.07263322196848399,"MV3":0.626543460680092,"CH1":0.6972836656184991}