{"MV1":0.49796104898623184,"MV3":0.12898667893276616,"CH1":0.19810496399705602}