{"MV1":0.3147872578267287,"MV3":0.20032783923751152,"CH1":0.8825887134852868}