{"MV1":0.49479392957689383,"MV3":0.7878163451420926,"CH1":0.9012393002984213}