{"MV1":0.553817303262915,"MV3":0.013392445749186077,"CH1":0.3647747113344748}