{"MV1":0.6754105352074067,"MV3":0.3364564318043609,"CH1":0.3791632540149733}