{"MV1":0.1989277127007778,"MV3":0.9045769012784851,"CH1":0.14055709178505982}