{"MV1":0.6362243341539403,"MV3":0.7134786806483047,"CH1":0.6691490944555005}