{"MV1":0.7466755398477763,"MV3":0.458787105751026,"CH1":0.07948415356524763}