{"MV1":0.3063493769468393,"MV3":0.044189711815441846,"CH1":0.4312281251631701}