{"MV1":0.28305351016375,"MV3":0.33008387110243176,"CH1":0.3227640024173112}