{"MV1":0.08440524529412397,"MV3":0.7026087222198703,"CH1":0.9965033948337692}