{"MV1":0.1635364330054837,"MV3":0.07958704698703423,"CH1":0.23468903646341255}