{"MV1":0.8312538499568057,"MV3":0.7023072649124403,"CH1":0.9815024293244837}