{"MV1":0.49679163736936516,"MV3":0.32772572630306385,"CH1":0.610133142885783}