{"MV1":0.6596141618047093,"MV3":0.23504683788341996,"CH1":0.6541480076031969}