{"MV1":0.9020602264946616,"MV3":0.14516437642589586,"CH1":0.4276047269840503}