{"MV1":0.08943766432303923,"MV3":0.32515645409438054,"CH1":0.9864410329899089}