{"MV1":0.26546560418757914,"MV3":0.6821798082186422,"CH1":0.957596663680554}