{"MV1":0.5197778647668377,"MV3":0.9000250314797462,"CH1":0.5042883996335721}