{"MV1":0.665202237875692,"MV3":0.11635549350523633,"CH1":0.9017302101188756}