{"MV1":0.7009902387609609,"MV3":0.379188755647084,"CH1":0.15586681799185675}