{"MV1":0.2938908107682927,"MV3":0.4127787705424587,"CH1":0.6012884012304068}