{"MV1":0.1427895646309697,"MV3":0.6607412562396663,"CH1":0.11908758299954103}