{"MV1":0.03294373068892131,"MV3":0.8965195387474458,"CH1":0.954769692147167}