{"MV1":0.6733585267465435,"MV3":0.6834419351375908,"CH1":0.2149032026774379}