{"MV1":0.8629905727567421,"MV3":0.6119147037095413,"CH1":0.5008459053839411}