{"MV1":0.16646910002384396,"MV3":0.7879184126190432,"CH1":0.4287221176749627}