{"MV1":0.4494719069521568,"MV3":0.08694994936445422,"CH1":0.023666331247978234}