{"MV1":0.9158232046245451,"MV3":0.39450719748005825,"CH1":0.7951702416226973}