{"MV1":0.7116328276768532,"MV3":0.783023372239639,"CH1":0.17014603339146428}