{"MV1":0.21273685718572177,"MV3":0.8856528799827982,"CH1":0.7727068764119797}