{"MV1":0.16859302432536916,"MV3":0.6529582992527536,"CH1":0.0017598945627269602}