{"MV1":0.0820196992985226,"MV3":0.2414253949723637,"CH1":0.958645663958724}