{"MV1":0.6567576285061785,"MV3":0.6939059365128077,"CH1":0.15581496399147865}