{"MV1":0.4080686710775716,"MV3":0.9024064731883317,"CH1":0.18786845215173265}