{"MV1":0.8181103365597111,"MV3":0.8013175198422368,"CH1":0.7979907207345354}