{"MV1":0.7642501590067867,"MV3":0.4841877088236899,"CH1":0.032942727098485336}