{"MV1":0.6793413084100015,"MV3":0.9238487738146073,"CH1":0.2852783680099492}