{"MV1":0.5629862169562875,"MV3":0.7813883788690515,"CH1":0.35349231398290415}