{"MV1":0.3321518120817013,"MV3":0.21001701358839342,"CH1":0.5863223260052451}