{"MV1":0.4738596876091865,"MV3":0.20676914848328032,"CH1":0.8694160519808617}