{"MV1":0.6531324932673501,"MV3":0.37299964339446123,"CH1":0.959937184188276}