{"MV1":0.5211563447716063,"MV3":0.12246847289974416,"CH1":0.9524314316826991}