{"MV1":0.7322630658730033,"MV3":0.8896305994430351,"CH1":0.8067773563254693}