{"MV1":0.27245236630345193,"MV3":0.3891978428507077,"CH1":0.09033639508947999}