{"MV1":0.1427001692997849,"MV3":0.9867247339727707,"CH1":0.42114757355831944}