{"MV1":0.9872846933790058,"MV3":0.32627608600712077,"CH1":0.7622112761248163}