{"MV1":0.939238421176305,"MV3":0.8329896178113562,"CH1":0.01444325003311453}