{"MV1":0.06836647647069172,"MV3":0.5374201720962333,"CH1":0.7645893729385266}