{"MV1":0.5689426386550871,"MV3":0.9517195296142306,"CH1":0.6586598926356492}