{"MV1":0.7438289721738093,"MV3":0.4786308774163558,"CH1":0.10981860383020203}