{"MV1":0.4497496580867115,"MV3":0.017592788594139486,"CH1":0.8897343136446623}