{"MV1":0.8189014778661498,"MV3":0.9609443061459707,"CH1":0.4031907317318756}