{"MV1":0.1771426423188429,"MV3":0.450926379144862,"CH1":0.8100908909131613}