{"MV1":0.5645879311354863,"MV3":0.8300574061225867,"CH1":0.8531876042043965}