{"MV1":0.7827068544779837,"MV3":0.6383115654911833,"CH1":0.20791355846717585}