{"MV1":0.9917484925351795,"MV3":0.7706688571119658,"CH1":0.2142080844159111}