{"MV1":0.381744252824713,"MV3":0.12203407362059249,"CH1":0.9460579468545667}