{"MV1":0.686560192796815,"MV3":0.38628368084451914,"CH1":0.9887034145670234}