{"MV1":0.8840168688868029,"MV3":0.33617919992392964,"CH1":0.5316431257788061}