{"MV1":0.19938191238950342,"MV3":0.6419829296287125,"CH1":0.35174268139611575}