{"MV1":0.1789622055630017,"MV3":0.0784863404990036,"CH1":0.13005798422081427}