{"MV1":0.3219819993073333,"MV3":0.9778687193291927,"CH1":0.16571435868940632}