{"MV1":0.18561129532333442,"MV3":0.14159353387460183,"CH1":0.5981251827897923}