{"MV1":0.3753913377487579,"MV3":0.8433355842044884,"CH1":0.08857792942536691}