{"MV1":0.8371716820342652,"MV3":0.9408592801655452,"CH1":0.7137574186497594}