{"MV1":0.3598283263101798,"MV3":0.3087449194571317,"CH1":0.07746623255582541}