{"MV1":0.2640819409273272,"MV3":0.333088973861024,"CH1":0.5040350157344279}