{"MV1":0.35286516312572247,"MV3":0.9570354621148426,"CH1":0.766535013776446}