{"MV1":0.6269000443112639,"MV3":0.6025668296594258,"CH1":0.9318013395009876}