{"MV1":0.5383859082458803,"MV3":0.9790355569219111,"CH1":0.3520596207273683}