{"MV1":0.9332161134674766,"MV3":0.6329211071187879,"CH1":0.6613135494305369}