{"MV1":0.06991039893343132,"MV3":0.24344469120333057,"CH1":0.5702851824441048}