{"MV1":0.07707028162911955,"MV3":0.05338590172430291,"CH1":0.8129339319648433}