{"MV1":0.666505644234777,"MV3":0.06554168591221943,"CH1":0.5365895465656177}