{"MV1":0.5289579289651738,"MV3":0.7198515942102776,"CH1":0.311877750108267}