{"MV1":0.843899082951111,"MV3":0.4003676891490483,"CH1":0.5821894290235208}