{"MV1":0.5911368201522104,"MV3":0.4148843521540848,"CH1":0.5352993664090597}