{"MV1":0.9063012879822564,"MV3":0.5720460197275805,"CH1":0.31684150543926315}