{"MV1":0.32878789831742083,"MV3":0.6084765980279802,"CH1":0.40853693317088213}