{"MV1":0.44214762918081585,"MV3":0.9050090527096989,"CH1":0.7454884465157288}