{"MV1":0.09524983830732514,"MV3":0.2990719050016697,"CH1":0.8702031911859922}