{"MV1":0.9378546517323171,"MV3":0.9628920832104146,"CH1":0.24215186734013172}