{"MV1":0.30778303151445874,"MV3":0.13996595521897326,"CH1":0.3803661994966261}