{"MV1":0.26095535792948155,"MV3":0.21233117033443427,"CH1":0.21714244000405525}