{"MV1":0.7313698828406441,"MV3":0.4613553907128771,"CH1":0.6313944545523478}