{"MV1":0.4752339834126339,"MV3":0.8052459169437216,"CH1":0.3078069313727687}