{"MV1":0.13318046317503174,"MV3":0.36234874796216543,"CH1":0.08895944952583368}