{"MV1":0.3485905126479565,"MV3":0.11484414363493944,"CH1":0.497598177751024}