{"MV1":0.39271287056774096,"MV3":0.7657715007642465,"CH1":0.09560863450546764}