{"MV1":0.06693578825090274,"MV3":0.9689250208401428,"CH1":0.8819619002286897}