{"MV1":0.5322715939168118,"MV3":0.6803684572268135,"CH1":0.018208301479047062}