{"MV1":0.4072450000079173,"MV3":0.2965359149426977,"CH1":0.11028766067599072}