{"MV1":0.1006783359837573,"MV3":0.6960704668809929,"CH1":0.3765250487336985}