{"MV1":0.8293586103014543,"MV3":0.530070530686277,"CH1":0.43074590290115045}