{"MV1":0.04173059975373716,"MV3":0.96859291712948,"CH1":0.1873318739929749}