{"MV1":0.668640420180931,"MV3":0.9736444010020145,"CH1":0.3557637611145271}