{"MV1":0.03700061931896914,"MV3":0.33832945354562394,"CH1":0.21461266708230087}