{"MV1":0.41623891303457483,"MV3":0.8221205683343346,"CH1":0.5046524303923704}