{"MV1":0.4888736224478678,"MV3":0.22505884616478156,"CH1":0.7333613369694603}