{"MV1":0.13897863652768594,"MV3":0.42604565727279176,"CH1":0.3820217632154693}