{"MV1":0.3383488862868095,"MV3":0.043125914360214845,"CH1":0.2037189475502722}