{"MV1":0.46648532123513564,"MV3":0.7301967759776496,"CH1":0.27125070631671033}