{"MV1":0.5429521208543464,"MV3":0.35076882157361566,"CH1":0.5698400369549266}