{"MV1":0.45156280004021887,"MV3":0.27261060359978273,"CH1":0.25025650100934804}