{"MV1":0.12644307903368057,"MV3":0.7154148107303676,"CH1":0.030635021895801584}