{"MV1":0.3013830838512458,"MV3":0.49027959072877647,"CH1":0.6054277906853465}