{"MV1":0.45712317186117013,"MV3":0.08869827641299555,"CH1":0.6178175833871653}