{"MV1":0.41617301861635037,"MV3":0.966009151526162,"CH1":0.22964453503797155}