{"MV1":0.8054321371203542,"MV3":0.2912691066286861,"CH1":0.216192659925038}