{"MV1":0.10997473389430523,"MV3":0.2389631712185991,"CH1":0.22812818420670566}