{"MV1":0.3723138927188818,"MV3":0.8836594734314503,"CH1":0.8414414920136393}