{"MV1":0.3324192105481104,"MV3":0.7467951688864147,"CH1":0.5501485307236085}