{"MV1":0.3692208456310375,"MV3":0.5199652124798559,"CH1":0.34056524688458245}