{"MV1":0.7935713814642349,"MV3":0.6624218387990669,"CH1":0.16232378683853255}