{"MV1":0.7068824652563818,"MV3":0.3670594467876306,"CH1":0.17939504329473244}