{"MV1":0.8112019653438195,"MV3":0.3937938216840513,"CH1":0.7103541913547186}