{"MV1":0.2180549065835493,"MV3":0.29479981115187015,"CH1":0.8460670658709157}