{"MV1":0.5684895215359773,"MV3":0.35281303962535326,"CH1":0.6195940392641238}