{"MV1":0.16984233538688365,"MV3":0.4536146939605358,"CH1":0.8880933984454105}