{"MV1":0.9857691262990254,"MV3":0.03770049468010017,"CH1":0.8139494781567752}