{"MV1":0.37876792605271004,"MV3":0.5955465927502043,"CH1":0.8109773081366746}