{"MV1":0.43382514030831565,"MV3":0.21704104748169728,"CH1":0.7867758869959068}