{"MV1":0.9495994260867684,"MV3":0.10648508958658931,"CH1":0.24043256005603886}