{"MV1":0.22033858878090906,"MV3":0.19801023522192762,"CH1":0.5165245315396819}