{"MV1":0.15312930650612722,"MV3":0.1099827174199266,"CH1":0.799548782242956}