{"MV1":0.21065383245646685,"MV3":0.5940768453250141,"CH1":0.15968035995460517}