{"MV1":0.6953563816729251,"MV3":0.6690589768511307,"CH1":0.5355817578372458}