{"MV1":0.4502364582090491,"MV3":0.7977607517789542,"CH1":0.9657932049996971}