{"MV1":0.028381050099024474,"MV3":0.005612207630631638,"CH1":0.8164848154732584}