{"MV1":0.8838554413957669,"MV3":0.47752883496698706,"CH1":0.6024299494283563}