{"MV1":0.756689446329292,"MV3":0.9136387844934963,"CH1":0.15533541711579724}