{"MV1":0.514704361082812,"MV3":0.2886383473381742,"CH1":0.1732486753229564}