{"MV1":0.7613020203664407,"MV3":0.8151457561852662,"CH1":0.02803453029719105}