{"MV1":0.0806295146644338,"MV3":0.8801149433088504,"CH1":0.03223319779685585}