{"MV1":0.5057098166422636,"MV3":0.6386896165453715,"CH1":0.6901612213111277}