{"MV1":0.3638550075647474,"MV3":0.10863256995849258,"CH1":0.787185218114534}