{"MV1":0.4598387721493856,"MV3":0.14381750679925975,"CH1":0.1910421097787497}