{"MV1":0.10466656633801896,"MV3":0.2363821384970749,"CH1":0.2128000481513116}