{"MV1":0.11518542779866625,"MV3":0.2937225156330696,"CH1":0.09060847946009087}