{"MV1":0.5640511300310728,"MV3":0.6084546418952278,"CH1":0.14138015554283623}