{"MV1":0.6627434745350668,"MV3":0.45594952788915655,"CH1":0.870311682717943}