{"MV1":0.7055709175269865,"MV3":0.9243905773161011,"CH1":0.2842300574454667}