{"MV1":0.4320282069767418,"MV3":0.8219179535444742,"CH1":0.7208127443860737}