{"MV1":0.038054611745574785,"MV3":0.5437532650373954,"CH1":0.17646620316678086}