{"MV1":0.11907833838416093,"MV3":0.3030237603653606,"CH1":0.32672627974310486}