{"MV1":0.13578224641472902,"MV3":0.947535404066103,"CH1":0.1576517798446736}