{"MV1":0.16471273345239013,"MV3":0.6452287022337251,"CH1":0.10829801287469676}