{"MV1":0.3152737011106399,"MV3":0.6679214191240188,"CH1":0.4557899445825738}