{"MV1":0.9690934559278437,"MV3":0.9838469028185739,"CH1":0.9440118871713797}