{"MV1":0.4847666172433508,"MV3":0.6315968966716955,"CH1":0.40709127157641367}