{"MV1":0.02308709010851273,"MV3":0.29376715786412233,"CH1":0.9939894961038381}