{"MV1":0.2531215412747304,"MV3":0.5577072990337306,"CH1":0.37955281559999676}