{"MV1":0.9518501772357579,"MV3":0.23844712699980153,"CH1":0.4464902986570717}