{"MV1":0.953334329400586,"MV3":0.7057440448672478,"CH1":0.7062686953774772}