{"MV1":0.1607846860346248,"MV3":0.2874273329569178,"CH1":0.0636822452161041}