{"MV1":0.014879444435063838,"MV3":0.6283910417891663,"CH1":0.36235501354161614}