{"MV1":0.1047298259963877,"MV3":0.7130584884848314,"CH1":0.39385368179036895}