{"MV1":0.16456333766735742,"MV3":0.5511008256363866,"CH1":0.9021973109261017}