{"MV1":0.8244594618669461,"MV3":0.2841554873517741,"CH1":0.8385999595283345}