{"MV1":0.377775258637839,"MV3":0.8011319015427942,"CH1":0.3178766130648959}