{"MV1":0.8707537700944132,"MV3":0.9814839657724462,"CH1":0.5459315431386846}