{"MV1":0.5746583749365972,"MV3":0.06595397050481255,"CH1":0.4874586449493632}