{"MV1":0.5948681246592312,"MV3":0.3332123942078222,"CH1":0.7669329487296617}