{"MV1":0.3711936536772952,"MV3":0.25285665381752265,"CH1":0.38536616934718015}