{"MV1":0.8683115489281924,"MV3":0.04651865159938007,"CH1":0.6745392251430287}