{"MV1":0.2195161337376056,"MV3":0.01589479431362817,"CH1":0.056526181208326975}