{"MV1":0.9571597037228259,"MV3":0.7223826635069189,"CH1":0.6576595254753219}