{"MV1":0.8346520971390117,"MV3":0.21636631530028982,"CH1":0.683398754884935}