{"MV1":0.172174278884904,"MV3":0.3959768827076202,"CH1":0.32945116408424857}