{"MV1":0.26797527534016685,"MV3":0.7723167736019505,"CH1":0.8817387313010089}