{"MV1":0.6616097910302318,"MV3":0.6119313697374551,"CH1":0.8884124296002117}