{"MV1":0.2661169928466407,"MV3":0.5921949483479733,"CH1":0.8235803030647904}