{"MV1":0.3977770343112621,"MV3":0.8941093319907674,"CH1":0.8285812370524352}