{"MV1":0.6476768442193123,"MV3":0.4366157143424091,"CH1":0.9448472152207017}