{"MV1":0.26854680708999046,"MV3":0.5855945202073403,"CH1":0.8524319049897533}