{"MV1":0.8623938029060971,"MV3":0.9826972776214375,"CH1":0.8834092559544333}