{"MV1":0.0922096237493909,"MV3":0.9438906016191084,"CH1":0.05911810120683514}