{"MV1":0.5457740198944098,"MV3":0.5515555400743559,"CH1":0.08887005541097681}