{"MV1":0.6466304093767288,"MV3":0.010363432216701995,"CH1":0.6324385948670536}