{"MV1":0.6804424322681303,"MV3":0.09950335064682558,"CH1":0.4882954437532344}