{"MV1":0.8904457195406996,"MV3":0.8403603414580701,"CH1":0.6485917519854683}