{"MV1":0.9366797821553107,"MV3":0.8696373057958012,"CH1":0.49137922709977333}