{"MV1":0.08612657728838857,"MV3":0.47793696067117464,"CH1":0.537711610955132}