{"MV1":0.3184228336248256,"MV3":0.046603965451044393,"CH1":0.02318181921860274}