{"MV1":0.8967125597164679,"MV3":0.23133004721523265,"CH1":0.6451425961662977}