{"MV1":0.3594493491670041,"MV3":0.6306378410025927,"CH1":0.49641842001691083}