{"MV1":0.7314347464308646,"MV3":0.733692528969374,"CH1":0.7976755246218306}