{"MV1":0.8472164459201295,"MV3":0.8050122453873795,"CH1":0.4510625925052397}