{"MV1":0.945651439650247,"MV3":0.9779865208920613,"CH1":0.5021690382904722}