{"MV1":0.6008350654952258,"MV3":0.05910734810067386,"CH1":0.5520308029845213}