{"MV1":0.8231392536895645,"MV3":0.418912530807832,"CH1":0.766634934095315}