{"MV1":0.47656318994976565,"MV3":0.8161560982468314,"CH1":0.16301035176469514}