{"MV1":0.9565326830172672,"MV3":0.7331683360264425,"CH1":0.11085207315994816}