{"MV1":0.27059049436051785,"MV3":0.1464999190305628,"CH1":0.7970384055630063}