{"MV1":0.8590476410127902,"MV3":0.3486146633306231,"CH1":0.8492610294951688}