{"MV1":0.6049027960672697,"MV3":0.23068521684055676,"CH1":0.6731449036210779}