{"MV1":0.9845679034482983,"MV3":0.6081512591126605,"CH1":0.18510423053253156}