{"MV1":0.27238152460429366,"MV3":0.6352738715640992,"CH1":0.3048445385541271}