{"MV1":0.19715420847358245,"MV3":0.9502816024137798,"CH1":0.050772821450845385}