{"MV1":0.24933034569247348,"MV3":0.5160819527403004,"CH1":0.40907165666173106}