{"MV1":0.8414207410591517,"MV3":0.20060534058473967,"CH1":0.06591364106358033}