{"MV1":0.6561361008166189,"MV3":0.5745684971190118,"CH1":0.6126713880958519}