{"MV1":0.15044962192229705,"MV3":0.7941523837856148,"CH1":0.7584389798875254}