{"MV1":0.10692026845306069,"MV3":0.6121385684128131,"CH1":0.7249185754107909}