{"MV1":0.7107114427244683,"MV3":0.5230920246776747,"CH1":0.386462725580797}