{"MV1":0.26552026886552427,"MV3":0.1935770506470963,"CH1":0.7767942451329213}