{"MV1":0.5243752151337401,"MV3":0.3652170675040318,"CH1":0.5285589101805155}