{"MV1":0.3199598356979201,"MV3":0.805808744715456,"CH1":0.85987399016926}