{"MV1":0.6288538055383083,"MV3":0.43974147662167284,"CH1":0.6012459980054448}