{"MV1":0.18468018629562366,"MV3":0.01031342983349992,"CH1":0.6546796014212298}