{"MV1":0.03609634639296533,"MV3":0.7023147735205407,"CH1":0.5400022122131467}