{"MV1":0.2996110576458253,"MV3":0.9781504490506767,"CH1":0.12278778997124962}