{"MV1":0.18111503728971756,"MV3":0.7415456860913419,"CH1":0.6070541198636006}