{"MV1":0.8301858562861,"MV3":0.0822372651956852,"CH1":0.6218056353695749}