{"MV1":0.172764173153233,"MV3":0.4604731383362235,"CH1":0.5038055874658522}