{"MV1":0.30715423836032196,"MV3":0.6237657323832879,"CH1":0.4546904274812402}