{"MV1":0.5913123733633413,"MV3":0.5291164361871344,"CH1":0.7604357050330303}