{"MV1":0.9800808146302742,"MV3":0.8246794641329588,"CH1":0.4777914247090347}