{"MV1":0.43840542082181877,"MV3":0.6366405721154774,"CH1":0.0016377401873185482}