{"MV1":0.7086631057363028,"MV3":0.8323069499381557,"CH1":0.1412320046961124}