{"MV1":0.5487325120218323,"MV3":0.8165751501926433,"CH1":0.6318313817167398}