{"MV1":0.9981826651871089,"MV3":0.46301268702238363,"CH1":0.9709061950715248}