{"MV1":0.6446736219011533,"MV3":0.6749896324025413,"CH1":0.7539404572434831}