{"MV1":0.44550114763224524,"MV3":0.6045420298935804,"CH1":0.755506007621628}