{"MV1":0.5644188454174597,"MV3":0.7934234517097655,"CH1":0.11598558151449356}