{"MV1":0.12416379202830119,"MV3":0.04438893429915891,"CH1":0.4828980438368883}