{"MV1":0.8003758650929139,"MV3":0.027673840108787484,"CH1":0.704871373258944}