{"MV1":0.28480652521749117,"MV3":0.8164539917321716,"CH1":0.7269329500379345}