{"MV1":0.015237434454452914,"MV3":0.4324435023848424,"CH1":0.20837758014707675}