{"MV1":0.36545659462454216,"MV3":0.5164940814949606,"CH1":0.42855367387121746}