{"MV1":0.5880705426964905,"MV3":0.3790878326308198,"CH1":0.9621660161924869}