{"MV1":0.8124150557333897,"MV3":0.6616794646795267,"CH1":0.6367071444526645}