{"MV1":0.02634607431787006,"MV3":0.26463356069287736,"CH1":0.966209588864106}