{"MV1":0.3346787502540043,"MV3":0.6225111220018745,"CH1":0.3739859903436955}