{"MV1":0.014630999474538053,"MV3":0.4975426478042365,"CH1":0.3618181451333987}