{"MV1":0.7776352084834901,"MV3":0.9734114461407979,"CH1":0.4027537969495798}