{"MV1":0.6427952521970836,"MV3":0.9759741539653556,"CH1":0.3806058626901824}