{"MV1":0.6416422279042114,"MV3":0.8375443280144955,"CH1":0.31055598607699353}