{"MV1":0.9055758904243403,"MV3":0.2700092551151262,"CH1":0.02372134808979154}