{"MV1":0.8920610932963096,"MV3":0.8144116227795059,"CH1":0.5788481011635089}