{"MV1":0.9258164954664917,"MV3":0.38980349484839705,"CH1":0.9792516809456504}