{"MV1":0.10612689434165767,"MV3":0.0273717769129721,"CH1":0.8688524006146838}