{"MV1":0.12745809857171797,"MV3":0.9316997361972225,"CH1":0.6892505599996377}