{"MV1":0.6633654406668786,"MV3":0.18287893606398176,"CH1":0.8959166686992629}