{"MV1":0.39949495356117926,"MV3":0.12581003450394856,"CH1":0.5644160441440752}