{"MV1":0.09766797147429229,"MV3":0.0672066320248107,"CH1":0.3648432939717564}