{"MV1":0.4782725771413404,"MV3":0.7609730186681152,"CH1":0.5926689204407561}