{"MV1":0.0043972855272128575,"MV3":0.9105577343741991,"CH1":0.885145747962713}