{"MV1":0.25131650194766675,"MV3":0.32494673537437724,"CH1":0.38986741516273893}