{"MV1":0.2434936761656794,"MV3":0.9969336184112896,"CH1":0.023623137823994278}