{"MV1":0.10000208121755139,"MV3":0.6641520985674721,"CH1":0.5121412242682122}