{"MV1":0.5746919263287835,"MV3":0.2794622251192139,"CH1":0.18475189898821287}