{"MV1":0.13879774828083324,"MV3":0.5661479934139587,"CH1":0.23440594610304888}