{"MV1":0.3075395291429561,"MV3":0.10544287055898638,"CH1":0.11286587754826427}