{"MV1":0.38362255158725944,"MV3":0.9966282586884886,"CH1":0.5480757945150904}