{"MV1":0.5895312696428777,"MV3":0.8677897392097912,"CH1":0.4155584144869313}