{"MV1":0.7754296154319757,"MV3":0.7696375099345367,"CH1":0.7635818455453477}