{"MV1":0.14280139584432505,"MV3":0.6261916213157601,"CH1":0.7768527735719454}