{"MV1":0.19410869332065794,"MV3":0.7925730668699887,"CH1":0.10966166020313384}