{"MV1":0.37703095628913863,"MV3":0.8567073569897854,"CH1":0.9047097565326246}