{"MV1":0.44689316898864984,"MV3":0.9464913444911502,"CH1":0.0946437633170919}