{"MV1":0.03707481646493105,"MV3":0.2491660638950398,"CH1":0.061518676175751685}