{"MV1":0.1139669917511511,"MV3":0.4880612538824646,"CH1":0.1384042135408432}