{"MV1":0.1247411183701379,"MV3":0.9055272283491408,"CH1":0.16387706460262774}