{"MV1":0.9480001350860989,"MV3":0.6188551535534786,"CH1":0.08293583549548345}