{"MV1":0.9276321167446129,"MV3":0.14309808333976448,"CH1":0.9947257676606457}