{"MV1":0.021895566947934153,"MV3":0.8051058486915902,"CH1":0.45824739185130203}