{"MV1":0.32052897084319,"MV3":0.4094847904159138,"CH1":0.6529479576922949}