{"MV1":0.292748064922558,"MV3":0.6930293691814872,"CH1":0.9034972476921798}