{"MV1":0.43248514899064794,"MV3":0.8731216176265596,"CH1":0.28035755361429937}