{"MV1":0.5169473754759666,"MV3":0.14500478687822416,"CH1":0.4192428112201837}