{"MV1":0.7497898016921015,"MV3":0.2477494671781283,"CH1":0.17319688611443385}