{"MV1":0.9599436389158452,"MV3":0.8091907344689346,"CH1":0.8429299603909831}