{"MV1":0.9366479878837225,"MV3":0.6812867210900527,"CH1":0.4130887110884788}