{"MV1":0.21390684473408306,"MV3":0.4338803296943896,"CH1":0.6504151902345272}