{"MV1":0.8890584139536,"MV3":0.6104947835795799,"CH1":0.1927728823662802}