{"MV1":0.029941301864892744,"MV3":0.5175434419800203,"CH1":0.363720503055718}