{"MV1":0.6509914763406445,"MV3":0.20094280643543794,"CH1":0.5451466661469453}