{"MV1":0.7866489383489788,"MV3":0.44866342567113715,"CH1":0.4984829893930539}