{"MV1":0.7119378353446224,"MV3":0.7218798554647214,"CH1":0.9409875975538704}