{"MV1":0.973395995806584,"MV3":0.6328959421320475,"CH1":0.7746857331300369}