{"MV1":0.20169121963111347,"MV3":0.9898160010025779,"CH1":0.3834715384166171}