{"MV1":0.12044197088955821,"MV3":0.5325796952642667,"CH1":0.205643017575605}