{"MV1":0.5812242504149965,"MV3":0.795534470075353,"CH1":0.9769600845634749}