{"MV1":0.2660700025674638,"MV3":0.16323159757657224,"CH1":0.3103084635473845}