{"MV1":0.33651114146060535,"MV3":0.2602288410087342,"CH1":0.9272037253146389}