{"MV1":0.31217412290858515,"MV3":0.36226622582350887,"CH1":0.2537745496878743}