{"MV1":0.3431000591177771,"MV3":0.5431829154832167,"CH1":0.43904645491414274}