{"MV1":0.886650457637563,"MV3":0.2812244902264287,"CH1":0.41522512510997056}