{"MV1":0.2648596221762666,"MV3":0.02501651202960864,"CH1":0.7483387203245342}