{"MV1":0.975092173081065,"MV3":0.8800863234618305,"CH1":0.6144097439259785}