{"MV1":0.9243856956735791,"MV3":0.7548038086796708,"CH1":0.4664200437857464}