{"MV1":0.013782131940646258,"MV3":0.9626602896870051,"CH1":0.9779340490443149}