{"MV1":0.7657727674783069,"MV3":0.6900426286565828,"CH1":0.34518550255157965}