{"MV1":0.4625796324480611,"MV3":0.09773887455070973,"CH1":0.9626644181566031}