{"MV1":0.607911940133301,"MV3":0.6591176511355289,"CH1":0.6365088060471877}