{"MV1":0.3726361040850408,"MV3":0.04372888141897768,"CH1":0.09805542559673197}