{"MV1":0.6233987168164522,"MV3":0.9655160869589233,"CH1":0.06370463555523742}