{"MV1":0.5833094694361153,"MV3":0.4231381032801028,"CH1":0.5937213636906377}