{"MV1":0.2523369084035332,"MV3":0.30339198084541696,"CH1":0.9757928867805321}