{"MV1":0.23230185068679055,"MV3":0.6235424289635454,"CH1":0.7460920396716768}