{"MV1":0.9648072997804407,"MV3":0.9107045035754334,"CH1":0.35176778943199516}