{"MV1":0.8085439307365265,"MV3":0.6595938093255435,"CH1":0.21739148698481736}