{"MV1":0.22612276972200562,"MV3":0.7005483958211012,"CH1":0.48878681701610827}