{"MV1":0.4194311234617678,"MV3":0.8684121579554396,"CH1":0.7989066517970307}