{"MV1":0.8503068258474062,"MV3":0.5400413767435244,"CH1":0.21536335063435041}