{"MV1":0.9380262036980909,"MV3":0.47532404626525593,"CH1":0.4669437861046585}