{"MV1":0.1594227970813079,"MV3":0.03982647821064045,"CH1":0.7273647087703295}