{"MV1":0.6370562770290618,"MV3":0.050199358992055854,"CH1":0.4083600178294202}