{"MV1":0.7603142146869938,"MV3":0.4129411631172252,"CH1":0.9684001432784387}