{"MV1":0.6800779411570248,"MV3":0.10709929840433952,"CH1":0.8473122697396206}