{"MV1":0.04151963968916084,"MV3":0.5254744160582521,"CH1":0.47375991176094634}