{"MV1":0.8568248632531842,"MV3":0.958695498767253,"CH1":0.06672645904032948}