{"MV1":0.7597946106171921,"MV3":0.13544570048668503,"CH1":0.8817077290479374}