{"MV1":0.1055137831265428,"MV3":0.6292180027051347,"CH1":0.5920988822650104}