{"MV1":0.672858859298107,"MV3":0.1714586690941915,"CH1":0.5128545987539644}