{"MV1":0.5202893656563133,"MV3":0.947607981730828,"CH1":0.4963854429602592}