{"MV1":0.8158907525675939,"MV3":0.19534963742809053,"CH1":0.06480238479242728}