{"MV1":0.6150216130123107,"MV3":0.5005980503765953,"CH1":0.15463323309527477}