{"MV1":0.7269522499212434,"MV3":0.5929223943297595,"CH1":0.30126645217105963}