{"MV1":0.6680515876022931,"MV3":0.002601833881661353,"CH1":0.8117197157590881}