{"MV1":0.5009763967156321,"MV3":0.19928678318574788,"CH1":0.4741649287484353}