{"MV1":0.08629202305335526,"MV3":0.5568772895747479,"CH1":0.6082735663460511}