{"MV1":0.22996821479839868,"MV3":0.7265082256190614,"CH1":0.0985315273611318}