{"MV1":0.44245876482176705,"MV3":0.2931421588566777,"CH1":0.8119395211761826}