{"MV1":0.907643264052132,"MV3":0.34153508771538366,"CH1":0.4375811977818831}