{"MV1":0.06872063156164887,"MV3":0.7044416279830011,"CH1":0.6953571098193266}