{"MV1":0.12082570865020048,"MV3":0.4079016438242815,"CH1":0.4842946769103996}