{"MV1":0.8160111063761339,"MV3":0.5855479689676825,"CH1":0.949695988601914}