{"MV1":0.7906600136641001,"MV3":0.43495583022342565,"CH1":0.7502594949753469}