{"MV1":0.9312588857174924,"MV3":0.7384680215067122,"CH1":0.7557403073471451}