{"MV1":0.7687012645504002,"MV3":0.700158667972498,"CH1":0.47232352565468194}