{"MV1":0.0934816223064292,"MV3":0.7316739906212361,"CH1":0.8167185803949705}