{"MV1":0.5415544044030465,"MV3":0.44679818896538437,"CH1":0.955927603988229}