{"MV1":0.6955831746384823,"MV3":0.48802029606562314,"CH1":0.44910203700979334}