{"MV1":0.3897511489434322,"MV3":0.398645526940246,"CH1":0.8318715914713681}