{"MV1":0.6576059257988158,"MV3":0.3077823277310676,"CH1":0.4155437774330023}