{"MV1":0.37507379763686,"MV3":0.2879392427853429,"CH1":0.2393943135446598}