{"MV1":0.8054595739468492,"MV3":0.6496464016133591,"CH1":0.7299410757036641}