{"MV1":0.6886061337441637,"MV3":0.40742111444257767,"CH1":0.7987504708552686}