{"MV1":0.8679992031623948,"MV3":0.015543965406199067,"CH1":0.34433810802796627}