{"MV1":0.7863648130733539,"MV3":0.8948305856124628,"CH1":0.9714649917130228}