{"MV1":0.42117145000481804,"MV3":0.34131913300674044,"CH1":0.3899069174005654}