{"MV1":0.9120926299733102,"MV3":0.4599868863618878,"CH1":0.8860404043845116}