{"MV1":0.5893369231981173,"MV3":0.7787161022694782,"CH1":0.357510825266824}