{"MV1":0.6309458153008113,"MV3":0.9613850939633954,"CH1":0.9235366062610773}