{"MV1":0.8614461192436156,"MV3":0.11739968142446888,"CH1":0.2887534513561747}