{"MV1":0.47709089123853055,"MV3":0.6368118233824882,"CH1":0.9969383010296282}