{"MV1":0.7871916653510359,"MV3":0.8478035644018328,"CH1":0.5941469845944204}