{"MV1":0.1832001255454916,"MV3":0.9178278061153811,"CH1":0.8031954129843651}