{"MV1":0.07787286813575012,"MV3":0.19113946049286556,"CH1":0.5138868558344041}