{"MV1":0.21381609824180625,"MV3":0.8103344503018032,"CH1":0.6564533618430989}