{"MV1":0.16980259277666743,"MV3":0.08526889344927269,"CH1":0.06190173878703342}