{"MV1":0.9488700344039636,"MV3":0.8468460501842883,"CH1":0.09271369212490665}