{"MV1":0.9797379059723456,"MV3":0.4427221704622899,"CH1":0.8209190008176842}