{"MV1":0.7885468514336947,"MV3":0.0356946983841564,"CH1":0.20746739645679413}