{"MV1":0.011319674685452807,"MV3":0.2319622117596981,"CH1":0.17652489990620912}