{"MV1":0.17646189524500233,"MV3":0.20205181391110616,"CH1":0.47062366728316507}