{"MV1":0.36243560133257346,"MV3":0.46311388186346836,"CH1":0.23929857011606925}