{"MV1":0.2123749871084777,"MV3":0.3286086808923282,"CH1":0.8425681432272566}