{"MV1":0.8930244539436475,"MV3":0.435903427239101,"CH1":0.3832253545308898}