{"MV1":0.22518851594156797,"MV3":0.47558175921675216,"CH1":0.21118193172345368}