{"MV1":0.9956375008351546,"MV3":0.927480653642115,"CH1":0.8807717558467371}