{"MV1":0.48235728798286504,"MV3":0.2255084261118364,"CH1":0.4892663614612278}