{"MV1":0.4252418258105466,"MV3":0.9564926541738599,"CH1":0.39899544777881746}