{"MV1":0.28024540462015735,"MV3":0.6618812681548512,"CH1":0.5604882199723298}