{"MV1":0.056505386237288846,"MV3":0.41323930747302284,"CH1":0.08376971566445834}