{"MV1":0.07379373951853241,"MV3":0.25998491261791845,"CH1":0.49144074274966776}