{"MV1":0.6194012206837709,"MV3":0.8311871288550552,"CH1":0.21017588534137788}