{"MV1":0.7029878589788754,"MV3":0.7538249807646193,"CH1":0.04002865314574122}