{"MV1":0.42700253125915555,"MV3":0.846284599568158,"CH1":0.469896366890053}