{"MV1":0.6919231553792696,"MV3":0.01899592689098295,"CH1":0.1696112863815874}