{"MV1":0.780308725403633,"MV3":0.5566334131637896,"CH1":0.8713143980252384}