{"MV1":0.9882538088293926,"MV3":0.7492473880785561,"CH1":0.7127444355078834}