{"MV1":0.7405540843469932,"MV3":0.6728093677479428,"CH1":0.7743412219110908}