{"MV1":0.25120021984081153,"MV3":0.4881885062396595,"CH1":0.6250941164383136}