{"MV1":0.14756451392892345,"MV3":0.6794976246310674,"CH1":0.31014345292106693}