{"MV1":0.44622369789429384,"MV3":0.5203752738292458,"CH1":0.7794770759770377}