{"MV1":0.41319192166495733,"MV3":0.8588543487654998,"CH1":0.8155394391458464}