{"MV1":0.6867986392465507,"MV3":0.38914517580721986,"CH1":0.7562714754647939}