{"MV1":0.7084500495728443,"MV3":0.2333577793306093,"CH1":0.09759053714394739}