{"MV1":0.5425281349817737,"MV3":0.6191707464866487,"CH1":0.3907868455265341}