{"MV1":0.5331163673790238,"MV3":0.14589313557674466,"CH1":0.39677205687555694}