{"MV1":0.07024657503893494,"MV3":0.8701741308071285,"CH1":0.031169258034021596}