{"MV1":0.7213607122981134,"MV3":0.6993527138421854,"CH1":0.07791133999729316}