{"MV1":0.8036903726947541,"MV3":0.3408593468683164,"CH1":0.6175526669497936}