{"MV1":0.6878754692139624,"MV3":0.3501158731407713,"CH1":0.12011644826723245}