{"MV1":0.9139050979106963,"MV3":0.8004474437784759,"CH1":0.5069718861617196}