{"MV1":0.7501102696078789,"MV3":0.7802684504530579,"CH1":0.7835989760035398}