{"MV1":0.5842384177122577,"MV3":0.7178907727328795,"CH1":0.8999650183412065}