{"MV1":0.025613051451540025,"MV3":0.20254086829219597,"CH1":0.6439721191431079}