{"MV1":0.46515292914744866,"MV3":0.28702393388918723,"CH1":0.7033820148199429}