{"MV1":0.2748507809588663,"MV3":0.7947644725177571,"CH1":0.7001909305116435}