{"MV1":0.7874009235198927,"MV3":0.4050337421585952,"CH1":0.7097918884262787}