{"MV1":0.4557026448150979,"MV3":0.5770533727419592,"CH1":0.41063596730814544}