{"MV1":0.4892270130409089,"MV3":0.06392419881218225,"CH1":0.40257452172771646}