{"MV1":0.5112085074785957,"MV3":0.12107864958918757,"CH1":0.6897671054332486}