{"MV1":0.8951798314391219,"MV3":0.770499317064237,"CH1":0.31164486123858526}