{"MV1":0.9079843428445518,"MV3":0.5204563680889575,"CH1":0.38255769860762345}