{"MV1":0.4001344146143755,"MV3":0.25699261801165385,"CH1":0.22802373409434795}