{"MV1":0.280855231977408,"MV3":0.886543950835863,"CH1":0.9431006768163864}