{"MV1":0.7363941226519081,"MV3":0.8805289402350108,"CH1":0.9499126861495731}