{"MV1":0.6957204724965317,"MV3":0.4907388826578786,"CH1":0.7814923575734083}