{"MV1":0.45492199003259326,"MV3":0.3701007595145195,"CH1":0.9310774573350127}