{"MV1":0.8203949407353135,"MV3":0.5168393818816129,"CH1":0.9114080391576345}