{"MV1":0.8944401196138377,"MV3":0.5421835108563994,"CH1":0.9044625783224075}