{"MV1":0.383732956623009,"MV3":0.3736643979265978,"CH1":0.2537809087577868}