{"MV1":0.37604780102273416,"MV3":0.9663341083394014,"CH1":0.5472588385324194}