{"MV1":0.5568874367479284,"MV3":0.6555506302558488,"CH1":0.5415823002574188}