{"MV1":0.23816675648692565,"MV3":0.14128010546405434,"CH1":0.05998419537070221}