{"MV1":0.9235025930270243,"MV3":0.7537802955976429,"CH1":0.9699123094155688}