{"MV1":0.38771902641320866,"MV3":0.05168998487493093,"CH1":0.39984196751842827}