{"MV1":0.9169424764244952,"MV3":0.09719252610007278,"CH1":0.8066880782370744}