{"MV1":0.745737504508291,"MV3":0.473538392063825,"CH1":0.694159688417426}