{"MV1":0.44805144871089986,"MV3":0.8425652073365889,"CH1":0.3771031918694827}