{"MV1":0.8973478899994161,"MV3":0.7646341762495816,"CH1":0.26212629584773317}