{"MV1":0.4657686564618143,"MV3":0.1430396323775206,"CH1":0.6693314467799556}