{"MV1":0.9446472757983723,"MV3":0.25196943136958616,"CH1":0.6363037267140298}