{"MV1":0.04166051441346885,"MV3":0.3532706674257027,"CH1":0.7159564949269942}