{"MV1":0.9886048416828455,"MV3":0.7486218679307769,"CH1":0.23158864898528708}