{"MV1":0.9828340025982464,"MV3":0.8146055734589549,"CH1":0.5359422556942586}