{"MV1":0.8083143277363215,"MV3":0.40625867946086625,"CH1":0.48828664571950886}