{"MV1":0.09987840673121484,"MV3":0.6778213342944311,"CH1":0.35291089229352435}