{"MV1":0.2873912236157704,"MV3":0.002139182993706523,"CH1":0.18496449893657607}