{"MV1":0.4990085290550281,"MV3":0.5097402731720097,"CH1":0.7887836923570886}