{"MV1":0.6480110310538575,"MV3":0.36625685155248844,"CH1":0.5416539968735326}