{"MV1":0.21681964862551195,"MV3":0.04698646058615441,"CH1":0.35647416064230397}