{"MV1":0.716569534279045,"MV3":0.9997141114631268,"CH1":0.11933587120539546}