{"MV1":0.2966561623716025,"MV3":0.5812558382026984,"CH1":0.3572388894762668}