{"MV1":0.7679100351728655,"MV3":0.4412989529415495,"CH1":0.5112418182650001}