{"MV1":0.25792842380747805,"MV3":0.18182155627881125,"CH1":0.7932006418594668}