{"MV1":0.9378537665065685,"MV3":0.9135518531989945,"CH1":0.4152232199887621}