{"MV1":0.2448304971451365,"MV3":0.6910051076587717,"CH1":0.5117187292255017}