{"MV1":0.026199862987102418,"MV3":0.6825925773873579,"CH1":0.9015464076739276}