{"MV1":0.367028802200295,"MV3":0.8294881817469794,"CH1":0.2948564499122429}