{"MV1":0.6028154677192902,"MV3":0.5091569245823017,"CH1":0.7621105429133783}