{"MV1":0.16348440677491194,"MV3":0.4221728258533153,"CH1":0.42978550776944513}