{"MV1":0.23667154446421845,"MV3":0.1229058038651476,"CH1":0.24104779652454655}