{"MV1":0.48178108634643413,"MV3":0.4745766109521027,"CH1":0.7646565917421603}