{"MV1":0.6956278229309552,"MV3":0.4054399969720389,"CH1":0.18351446664941629}