{"MV1":0.44482281752835096,"MV3":0.9065339885398886,"CH1":0.8552978395520743}