{"MV1":0.5028795926219847,"MV3":0.5581391171155289,"CH1":0.013261729628268548}