{"MV1":0.07918337134531872,"MV3":0.8139292097130808,"CH1":0.09567179257990344}