{"MV1":0.8708137052196342,"MV3":0.5568723875423496,"CH1":0.8434580260548531}