{"MV1":0.3885327047184911,"MV3":0.13554018498766585,"CH1":0.18553597939892286}