{"MV1":0.47217734152305235,"MV3":0.29693377859117076,"CH1":0.9725381679784619}