{"MV1":0.03626301289201439,"MV3":0.8820011513795094,"CH1":0.6478240615348222}