{"MV1":0.808257295827578,"MV3":0.18568973470283168,"CH1":0.7798739685953175}