{"MV1":0.40085348875461957,"MV3":0.18132245331424313,"CH1":0.7362155101466907}