{"MV1":0.5480525358437449,"MV3":0.6194930954967522,"CH1":0.17543016982746495}