{"MV1":0.6353873269366939,"MV3":0.6577401610368436,"CH1":0.36856046865760717}