{"MV1":0.4318270863411604,"MV3":0.2767884546897582,"CH1":0.07140387608488685}