{"MV1":0.5155393611262199,"MV3":0.20909529275527472,"CH1":0.15601225641211403}