{"MV1":0.034316306277600406,"MV3":0.6658382688713761,"CH1":0.19791852306082858}