{"MV1":0.4978561140562401,"MV3":0.9783595820981487,"CH1":0.6018127720264662}