{"MV1":0.25727344571506816,"MV3":0.5381026278042679,"CH1":0.4438421955804155}