{"MV1":0.669143351559797,"MV3":0.8829558258304647,"CH1":0.12633531146897314}