{"MV1":0.35663663075468155,"MV3":0.7133570650271875,"CH1":0.4910250487657353}