{"MV1":0.39208601910438,"MV3":0.6202715940527078,"CH1":0.9862686860274108}