{"MV1":0.5531559736034777,"MV3":0.9759890685189047,"CH1":0.9958199773688068}