{"MV1":0.40561680472466266,"MV3":0.7425346339787077,"CH1":0.466813336342372}