{"MV1":0.5644364575698291,"MV3":0.18456529860924442,"CH1":0.5674838536920376}