{"MV1":0.2392634486243882,"MV3":0.2547006715276747,"CH1":0.8605289052759171}