{"MV1":0.06173649702253847,"MV3":0.21390837882756197,"CH1":0.14902523443426874}