{"MV1":0.7902249553008147,"MV3":0.0718109124905767,"CH1":0.25781036447804884}