{"MV1":0.5633690558557497,"MV3":0.7189098760899547,"CH1":0.8741004389023602}