{"MV1":0.9160311496066499,"MV3":0.4647172179719701,"CH1":0.3144823369149732}