{"MV1":0.7175656974872339,"MV3":0.9106912599240969,"CH1":0.9812342376409514}