{"MV1":0.38220524773776654,"MV3":0.24648158302956047,"CH1":0.45353999249866006}