{"MV1":0.2981454882797342,"MV3":0.22376520222326834,"CH1":0.649133170283761}