{"MV1":0.09736958802778262,"MV3":0.17169021362352999,"CH1":0.057573662011404014}