{"MV1":0.1140555379679209,"MV3":0.3830259325107679,"CH1":0.6585532944935113}