{"MV1":0.6731310884642513,"MV3":0.5069494698959589,"CH1":0.30663409285777954}