{"MV1":0.4758179730714255,"MV3":0.48191783871478167,"CH1":0.22891813835099994}