{"MV1":0.5188264659268053,"MV3":0.055855676791428555,"CH1":0.5548845413594999}