{"MV1":0.7067340706426687,"MV3":0.6226776505510793,"CH1":0.9177068361884367}