{"MV1":0.4287383183769772,"MV3":0.4676508044143145,"CH1":0.6246382337415034}