{"MV1":0.06330842694853855,"MV3":0.17278797125485856,"CH1":0.7080807809459168}