{"MV1":0.06303781008165388,"MV3":0.024547364185072085,"CH1":0.8550454294625675}