{"MV1":0.3216848811257923,"MV3":0.6542715712528989,"CH1":0.1557223641105986}