{"MV1":0.2924097663753684,"MV3":0.23695847828167382,"CH1":0.9111409602641478}