{"MV1":0.4871921750814321,"MV3":0.6483668731328127,"CH1":0.19671747834832476}