{"MV1":0.9216742059092848,"MV3":0.4001441581476267,"CH1":0.2488558347339952}