{"MV1":0.07179888857190986,"MV3":0.28736134721640705,"CH1":0.2702794295134253}