{"MV1":0.12118679460679849,"MV3":0.4774880990982652,"CH1":0.4124965805488766}