{"MV1":0.40806708537419223,"MV3":0.15230710564089733,"CH1":0.26907538469849535}