{"MV1":0.22359103243270773,"MV3":0.7551654371712405,"CH1":0.3586191815478412}