{"MV1":0.09126946444550432,"MV3":0.17177108659585505,"CH1":0.8342850508165514}