{"MV1":0.7445020055120984,"MV3":0.9036756444362748,"CH1":0.5073261253245647}