{"MV1":0.7143172924750042,"MV3":0.3997427554241013,"CH1":0.0891488983936185}