{"MV1":0.6919406132145435,"MV3":0.7029395990283823,"CH1":0.5405625960763443}