{"MV1":0.5553476788595924,"MV3":0.3446336160358391,"CH1":0.5520838456561956}