{"MV1":0.7995477708673062,"MV3":0.3090281456107654,"CH1":0.10476764316522302}