{"MV1":0.06157054429244302,"MV3":0.1974843982559812,"CH1":0.586389509315184}