{"MV1":0.27181851390593104,"MV3":0.8549832579344099,"CH1":0.48318510529250847}