{"MV1":0.5373153538775592,"MV3":0.06700427219610727,"CH1":0.05592236186343691}