{"MV1":0.6104540000421683,"MV3":0.20184171594883094,"CH1":0.9858682213698752}