{"MV1":0.0887480505528413,"MV3":0.9209518809108892,"CH1":0.18804810716478315}