{"MV1":0.618007950523795,"MV3":0.0918891460761575,"CH1":0.83890410214119}