{"MV1":0.12127091061802797,"MV3":0.46456118882988484,"CH1":0.03295374558760933}