{"MV1":0.6960091457603684,"MV3":0.8099777964502877,"CH1":0.06092297481876263}