{"MV1":0.9158320953468118,"MV3":0.8418363413431645,"CH1":0.5111824110850979}