{"MV1":0.22686064235178638,"MV3":0.6418407418335582,"CH1":0.3398980919798893}