{"MV1":0.3214047138000319,"MV3":0.7284569321352604,"CH1":0.4278861515472775}