{"MV1":0.19439519510567949,"MV3":0.44396338156298,"CH1":0.9783967159153301}