{"MV1":0.47491337310925996,"MV3":0.45507184618041985,"CH1":0.2674344200093336}