{"MV1":0.5190407888504699,"MV3":0.8481726967768177,"CH1":0.2802203762120993}