{"MV1":0.30918075220685526,"MV3":0.37997910271228996,"CH1":0.7887817513297282}