{"MV1":0.9891895688675902,"MV3":0.005035124785262801,"CH1":0.930886365003775}