{"MV1":0.1563209303635683,"MV3":0.5726873879593831,"CH1":0.10102505780680926}