{"MV1":0.31349566069925316,"MV3":0.4427843229684454,"CH1":0.6067916680297748}