{"MV1":0.8580605556418418,"MV3":0.9018823128426426,"CH1":0.3409772977711233}