{"MV1":0.36264787535767107,"MV3":0.2819240614797852,"CH1":0.2342954683135825}