{"MV1":0.41071958138543707,"MV3":0.2053001152681294,"CH1":0.09318666328986125}