{"MV1":0.9613061912927204,"MV3":0.07805888671624961,"CH1":0.9428713058443988}