{"MV1":0.17892146678035492,"MV3":0.7077785809707715,"CH1":0.2541362858770052}