{"MV1":0.4739205784461985,"MV3":0.42706919404997534,"CH1":0.4645694021029262}