{"MV1":0.6985677841630528,"MV3":0.7125460105192081,"CH1":0.8048987283632854}