{"MV1":0.9242511016309288,"MV3":0.003357626345571574,"CH1":0.6490760511070155}