{"MV1":0.05452232014171343,"MV3":0.3954369239293497,"CH1":0.3794494449758088}