{"MV1":0.3788583544422943,"MV3":0.10845591006012811,"CH1":0.620056587085743}