{"MV1":0.7841975480350667,"MV3":0.21576471805889574,"CH1":0.6991759638980165}