{"MV1":0.3783309739392188,"MV3":0.4407090431694267,"CH1":0.8520345972267119}