{"MV1":0.934603792815147,"MV3":0.4475914757111642,"CH1":0.9168114313538258}