{"MV1":0.8538084584009015,"MV3":0.41940968249063104,"CH1":0.2732974602644984}