{"MV1":0.16713344966610244,"MV3":0.3680407552378715,"CH1":0.5704946351345083}