{"MV1":0.719268971318984,"MV3":0.7010360689883413,"CH1":0.687304215940289}