{"MV1":0.7058521740403849,"MV3":0.763361724374286,"CH1":0.20145796650099923}