{"MV1":0.9836340163301458,"MV3":0.5213002363271979,"CH1":0.8381929228557107}