{"MV1":0.3520935768085961,"MV3":0.2698207717611253,"CH1":0.15312806232248688}