{"MV1":0.11935539947926477,"MV3":0.9247959757584352,"CH1":0.013847411015995625}