{"MV1":0.1516306494461097,"MV3":0.9276468915518655,"CH1":0.4952114343360168}