{"MV1":0.3712659376083255,"MV3":0.7539640837724338,"CH1":0.30665484192690784}