{"MV1":0.7302574965408934,"MV3":0.06382299426098681,"CH1":0.21521593605615108}