{"MV1":0.583108969675202,"MV3":0.45868538437299744,"CH1":0.36377456417333187}