{"MV1":0.001899853106354099,"MV3":0.3817873738820353,"CH1":0.7460751201397391}