{"MV1":0.5160787430112901,"MV3":0.6427037227392551,"CH1":0.561792313273522}