{"MV1":0.39613970076425,"MV3":0.6574275527025999,"CH1":0.20341386810604167}