{"MV1":0.6332057304378554,"MV3":0.8198040814496957,"CH1":0.20313976990355764}