{"MV1":0.6994901053656181,"MV3":0.36475969672506425,"CH1":0.33743772726782695}