{"MV1":0.663242488338406,"MV3":0.5810995894954438,"CH1":0.14540190159281363}