{"MV1":0.5553885638122148,"MV3":0.7006479287117283,"CH1":0.884733346840181}