{"MV1":0.047956129542257586,"MV3":0.22629280126502904,"CH1":0.8103542896927813}