{"MV1":0.8328574412732712,"MV3":0.44117738755663005,"CH1":0.07392792066426457}