{"MV1":0.1639579962636909,"MV3":0.7666237191734248,"CH1":0.9513188358514338}