{"MV1":0.03782239436060841,"MV3":0.044107331853301956,"CH1":0.2510830218910203}