{"MV1":0.7736058601592387,"MV3":0.15384408708001596,"CH1":0.4240918586629455}