{"MV1":0.45794846007963397,"MV3":0.877927167921364,"CH1":0.3657089716002777}