{"MV1":0.5615922353615749,"MV3":0.21523706414773247,"CH1":0.3446509446801572}