{"MV1":0.9560345000295601,"MV3":0.3864086277303814,"CH1":0.8589298229533575}