{"MV1":0.1860783363156665,"MV3":0.8176365728926294,"CH1":0.38954402187094306}