{"MV1":0.8591611667696963,"MV3":0.7217292891869929,"CH1":0.7057934817014466}