{"MV1":0.7206595527887516,"MV3":0.803306631099676,"CH1":0.5017560314435243}