{"MV1":0.2967350665118975,"MV3":0.7654489301715057,"CH1":0.26803432251101045}