{"MV1":0.008467804324270634,"MV3":0.7661933573013062,"CH1":0.7986413384966666}