{"MV1":0.11674602000165613,"MV3":0.7793194914073348,"CH1":0.8509894281207252}