{"MV1":0.7068401756945517,"MV3":0.29801826591536196,"CH1":0.4610534218350877}