{"MV1":0.7761700687024333,"MV3":0.6957439776600713,"CH1":0.5471363212126202}