{"MV1":0.12338762720083207,"MV3":0.6465614631874969,"CH1":0.7613557556740829}