{"MV1":0.588968307021666,"MV3":0.5632090540141697,"CH1":0.2502259938311341}