{"MV1":0.9338155894719676,"MV3":0.21131489463267783,"CH1":0.38393870878964953}