{"MV1":0.10763281461667129,"MV3":0.6938632513956982,"CH1":0.02776288235781521}