{"MV1":0.07712634542808927,"MV3":0.6651781805268926,"CH1":0.3485632179237108}