{"MV1":0.2358591306495631,"MV3":0.9092175354753003,"CH1":0.6257298595694948}