{"MV1":0.0367915283194995,"MV3":0.2406372050185065,"CH1":0.5496018440800988}