{"MV1":0.8452459179587778,"MV3":0.8866629091017248,"CH1":0.4877654301156026}