{"MV1":0.2981173167039334,"MV3":0.7963597605959817,"CH1":0.9968439269976546}