{"MV1":0.9702152214948047,"MV3":0.4891139516732651,"CH1":0.9294124431974675}