{"MV1":0.05665852872298438,"MV3":0.7597807753570939,"CH1":0.9809872136284541}