{"MV1":0.03846090539905733,"MV3":0.5144486529026243,"CH1":0.55289989337191}