{"MV1":0.928976126523164,"MV3":0.07931987581468825,"CH1":0.716966096872309}