{"MV1":0.8022886484717151,"MV3":0.887731163592178,"CH1":0.04645763034687944}