{"MV1":0.4710135466032297,"MV3":0.4586489169469158,"CH1":0.16230799899715365}