{"MV1":0.3944003204808595,"MV3":0.18551248348368188,"CH1":0.6523184420456605}