{"MV1":0.6823336334638745,"MV3":0.6705473768926813,"CH1":0.18518606200049403}