{"MV1":0.03870245013273743,"MV3":0.9562632834374293,"CH1":0.5110550799776703}