{"MV1":0.16177640833531237,"MV3":0.15142960170135866,"CH1":0.24209349781373868}