{"MV1":0.4534586368316529,"MV3":0.46646829715975524,"CH1":0.9566011214837614}