{"MV1":0.9976583204722743,"MV3":0.6502831131633069,"CH1":0.9596202027428714}