{"MV1":0.06452205445450654,"MV3":0.6529986436781315,"CH1":0.46244049358918726}