{"MV1":0.8558150366273785,"MV3":0.888173032101354,"CH1":0.9715882689759452}