{"MV1":0.7274013358872556,"MV3":0.9429507559910444,"CH1":0.17401901085334814}