{"MV1":0.25310668805486214,"MV3":0.4873020304540673,"CH1":0.6445572798881252}