{"MV1":0.7675234614597302,"MV3":0.8454889783002374,"CH1":0.6525692767604673}