{"MV1":0.10776798190667691,"MV3":0.06132449544961349,"CH1":0.1823007187691652}