{"MV1":0.4323863995729471,"MV3":0.5600061281425115,"CH1":0.5219480953590717}