{"MV1":0.6823228626168991,"MV3":0.4060244778523777,"CH1":0.7167008625011989}