{"MV1":0.8153680341734758,"MV3":0.5133065328772205,"CH1":0.7540115396795813}