{"MV1":0.383328512497664,"MV3":0.7968843388353857,"CH1":0.9009130024455491}