{"MV1":0.10779209708297965,"MV3":0.6751641530238183,"CH1":0.5928369133627257}