{"MV1":0.21245248391433214,"MV3":0.3502152849915937,"CH1":0.004058878066483751}