{"MV1":0.5269641330993184,"MV3":0.9946186665476853,"CH1":0.710077341183559}