{"MV1":0.3162639796849809,"MV3":0.4936639663397909,"CH1":0.8356491393138669}