{"MV1":0.6655324776669347,"MV3":0.3384228627005158,"CH1":0.44236852973716245}