{"MV1":0.47622516378380253,"MV3":0.5925744899140261,"CH1":0.2971142458923747}