{"MV1":0.21720158294187986,"MV3":0.5365074946848389,"CH1":0.6467235235403487}