{"MV1":0.5636057695945396,"MV3":0.7937061247891923,"CH1":0.32265398312706395}