{"MV1":0.45217161699893726,"MV3":0.9738982886594276,"CH1":0.6514263894860036}