{"MV1":0.3631925606485651,"MV3":0.34789829330844113,"CH1":0.37243637772557947}