{"MV1":0.7658224284497768,"MV3":0.6343635879798959,"CH1":0.5280346107247058}