{"MV1":0.01004146416473306,"MV3":0.6972077284598335,"CH1":0.5230509779408712}