{"MV1":0.7409009449345166,"MV3":0.7518629889999754,"CH1":0.7886601249721581}