{"MV1":0.5321780149650908,"MV3":0.5008870339064182,"CH1":0.29742699788833393}