{"MV1":0.522932933189537,"MV3":0.7553291987671286,"CH1":0.5854319529360371}