{"MV1":0.26120002916759344,"MV3":0.6653176822265963,"CH1":0.42650705853937854}