{"MV1":0.7419607208277892,"MV3":0.9665373721752023,"CH1":0.63939484796247}