{"MV1":0.5957223496310246,"MV3":0.3940419831494887,"CH1":0.46869477716269303}