{"MV1":0.9905730789359337,"MV3":0.7338021740269065,"CH1":0.6800603949433628}