{"MV1":0.8612542141408056,"MV3":0.6242037931694566,"CH1":0.25668136396345087}