{"MV1":0.9253537908972603,"MV3":0.7015622253932979,"CH1":0.43712818898973915}