{"MV1":0.08978896814548909,"MV3":0.9537739659822154,"CH1":0.49576948380385555}