{"MV1":0.8671695059121542,"MV3":0.057704537046574855,"CH1":0.4236284948564606}