{"MV1":0.5898273432271137,"MV3":0.9212653867675693,"CH1":0.6156318807979629}