{"MV1":0.16041156309507254,"MV3":0.9672113521170418,"CH1":0.8902396103422584}