{"MV1":0.18861937606772683,"MV3":0.16552375722687585,"CH1":0.15322937415366333}