{"MV1":0.07347635852404755,"MV3":0.9511057924577967,"CH1":0.17455820317588855}