{"MV1":0.4097806721547256,"MV3":0.8369229431972514,"CH1":0.8827661701569814}