{"MV1":0.46578605296254794,"MV3":0.8885704429114231,"CH1":0.04753734938690091}