{"MV1":0.11862684954448355,"MV3":0.6415070001237387,"CH1":0.01247917465403292}