{"MV1":0.0845037510808967,"MV3":0.20844835314172694,"CH1":0.27762583440612076}