{"MV1":0.8688011344200915,"MV3":0.09245424940362024,"CH1":0.8001049160246947}