{"MV1":0.1780622975234547,"MV3":0.8252256188784448,"CH1":0.530212499432229}