{"MV1":0.1918642359528584,"MV3":0.6962794537850019,"CH1":0.253921668274146}