{"MV1":0.062172551420524025,"MV3":0.32681523082460406,"CH1":0.7916305513582573}