{"MV1":0.2299125564266642,"MV3":0.5381559945470419,"CH1":0.6410345958344519}