{"MV1":0.317013487739604,"MV3":0.7089247557382635,"CH1":0.26924605234437926}