{"MV1":0.6537930514675614,"MV3":0.2426043975170632,"CH1":0.29641103984968176}