{"MV1":0.8815906558540997,"MV3":0.22485780060695026,"CH1":0.7960153264466382}