{"MV1":0.02211944626281348,"MV3":0.49092044659556533,"CH1":0.22253292381469247}