{"MV1":0.7483895124224652,"MV3":0.5600983805189261,"CH1":0.5865958968902134}