{"MV1":0.9053685256263132,"MV3":0.9813398642381184,"CH1":0.6921795123377372}