{"MV1":0.0935027473099228,"MV3":0.6760023661792792,"CH1":0.9068485016318855}