{"MV1":0.23958515174818817,"MV3":0.6152481326732433,"CH1":0.5477005656289783}