{"MV1":0.9532329016858309,"MV3":0.40884830163770014,"CH1":0.25401759418275494}