{"MV1":0.9021915001473053,"MV3":0.1858851572554744,"CH1":0.384051863430123}