{"MV1":0.3699355611171967,"MV3":0.6338431564034288,"CH1":0.7039059466720505}