{"MV1":0.09615113828866251,"MV3":0.20578078499409946,"CH1":0.2380266293007256}