{"MV1":0.27802638338402996,"MV3":0.401804658352917,"CH1":0.9596738762513419}