{"MV1":0.8467672921813129,"MV3":0.846637850704567,"CH1":0.4567487313074955}