{"MV1":0.2422148708400692,"MV3":0.04665823671914404,"CH1":0.3696575079068073}