{"MV1":0.14495265009073677,"MV3":0.5262165500995473,"CH1":0.13594256212520972}