{"MV1":0.5026739947410922,"MV3":0.9137628154634496,"CH1":0.5915950123605096}