{"MV1":0.5758550135245322,"MV3":0.3301615717891464,"CH1":0.4124447360524388}