{"MV1":0.9969501462792624,"MV3":0.26234208573854845,"CH1":0.9506769199860229}