{"MV1":0.5486641209844513,"MV3":0.010584337701567081,"CH1":0.5399336779283568}