{"MV1":0.4019227015449699,"MV3":0.854185762386467,"CH1":0.5757445199686952}