{"MV1":0.3565147565873883,"MV3":0.5935464133173838,"CH1":0.12992658367874244}