{"MV1":0.10114621410856561,"MV3":0.15835983575739743,"CH1":0.2819286920224725}