{"MV1":0.7699764502207401,"MV3":0.3315912061879096,"CH1":0.6438501594785775}