{"MV1":0.14119586969030828,"MV3":0.36335892637405265,"CH1":0.3841248027236158}