{"MV1":0.6942275716941558,"MV3":0.6478288998791901,"CH1":0.8982130252895085}