{"MV1":0.6911266602468109,"MV3":0.48181704544837123,"CH1":0.2028829414124126}