{"MV1":0.6021753109631324,"MV3":0.5502340347106832,"CH1":0.5286351491534202}