{"MV1":0.33175888249855645,"MV3":0.9914141626869475,"CH1":0.7465750681393537}