{"MV1":0.3174855952152381,"MV3":0.027218472385721726,"CH1":0.41506019746624956}