{"MV1":0.6334808682654044,"MV3":0.9929929639780987,"CH1":0.37368005680870175}