{"MV1":0.5487154197182617,"MV3":0.6618575493589501,"CH1":0.5215288511401297}