{"MV1":0.8036851273890521,"MV3":0.3339279822814315,"CH1":0.8933453075037634}