{"MV1":0.34527704463315023,"MV3":0.6766876861201524,"CH1":0.8633081916234673}