{"MV1":0.06786781944298892,"MV3":0.8487616974854502,"CH1":0.8327585200543444}