{"MV1":0.9397541109454329,"MV3":0.6061854112110353,"CH1":0.7416793859541736}