{"MV1":0.0884933813756974,"MV3":0.09079240847317505,"CH1":0.1574826533379483}