{"MV1":0.8404251740101187,"MV3":0.45204013549312494,"CH1":0.3104894513612698}