{"MV1":0.9223302858360812,"MV3":0.8817224802533967,"CH1":0.885057550260176}