{"MV1":0.4031673447818045,"MV3":0.5205270915835439,"CH1":0.07024624545263058}