{"MV1":0.019025543782161702,"MV3":0.30927137642742086,"CH1":0.7738757226640834}