{"MV1":0.725531304060167,"MV3":0.67137595488244,"CH1":0.5836991145523959}