{"MV1":0.9036370099302081,"MV3":0.5700332992406882,"CH1":0.3011614878072314}