{"MV1":0.6379495554696151,"MV3":0.22925499230252933,"CH1":0.9744644731450997}