{"MV1":0.16630680861901503,"MV3":0.8454020319158874,"CH1":0.7626643924361516}