{"MV1":0.4279067586072298,"MV3":0.9069026256999617,"CH1":0.35895198141251616}