{"MV1":0.3513420103912879,"MV3":0.839235385773226,"CH1":0.7808071817906348}