{"MV1":0.41642357969044186,"MV3":0.43774898992984035,"CH1":0.00478878934507776}