{"MV1":0.1442794552384985,"MV3":0.1622209086989207,"CH1":0.6675818477307652}