{"MV1":0.4683774365975184,"MV3":0.9728743608670246,"CH1":0.36133367021868557}