{"MV1":0.7888973177765303,"MV3":0.9573048606285433,"CH1":0.5284009222894723}