{"MV1":0.40616242358841204,"MV3":0.06756856362570152,"CH1":0.8535955405454803}