{"MV1":0.2982672148204131,"MV3":0.12111325612185708,"CH1":0.7121205466883574}