{"MV1":0.22379287686989324,"MV3":0.750901082209906,"CH1":0.03957279549174997}