{"MV1":0.6273969215075466,"MV3":0.4119125619208588,"CH1":0.6275129661985123}