{"MV1":0.28911027298813685,"MV3":0.6575369194546025,"CH1":0.043495804008077066}