{"MV1":0.8827784566689464,"MV3":0.13428212417325158,"CH1":0.6858663771399088}