{"MV1":0.15853920202205907,"MV3":0.4876071865407312,"CH1":0.8887443944835854}