{"MV1":0.873437770047463,"MV3":0.2930553323101357,"CH1":0.6738832497973305}