{"MV1":0.21388654062144408,"MV3":0.9633407392513931,"CH1":0.7134174817191419}