{"MV1":0.5178057561023082,"MV3":0.9845954662929745,"CH1":0.6488508329514263}