{"MV1":0.973024212668788,"MV3":0.20764544344261415,"CH1":0.6933032667703388}