{"MV1":0.6952982806418834,"MV3":0.5575746357340933,"CH1":0.29419197826244636}