{"MV1":0.9380837810165394,"MV3":0.8426467382311286,"CH1":0.5837416401177717}