{"MV1":0.471247924538843,"MV3":0.6471077491603796,"CH1":0.8897406381648263}