{"MV1":0.770302918211065,"MV3":0.11959618381851245,"CH1":0.15509017329164843}