{"MV1":0.6967538313003897,"MV3":0.5962517193828376,"CH1":0.8985649434132624}