{"MV1":0.6726880535027921,"MV3":0.773564011060158,"CH1":0.02921326635898258}