{"MV1":0.10828769213546852,"MV3":0.27364305049188553,"CH1":0.7777831019212975}