{"MV1":0.5055546531050286,"MV3":0.9793147930897005,"CH1":0.6075473501519149}