{"MV1":0.9052209858515826,"MV3":0.19057380314276806,"CH1":0.06684839002448484}