{"MV1":0.09213369929182735,"MV3":0.1299214295968858,"CH1":0.526401819823857}