{"MV1":0.391466627499665,"MV3":0.6380482478761885,"CH1":0.587091270968079}