{"MV1":0.11496198279439851,"MV3":0.6508739052855594,"CH1":0.6945834796985907}