{"MV1":0.8418744668820147,"MV3":0.8962402539348098,"CH1":0.28805639398736727}