{"MV1":0.7402505976058671,"MV3":0.022326602180817168,"CH1":0.8491004440938195}