{"MV1":0.4080749577755858,"MV3":0.5874769182950069,"CH1":0.5121460290247781}