{"MV1":0.8964766340653851,"MV3":0.25417633183627464,"CH1":0.3242428434133616}