{"MV1":0.9159540529413644,"MV3":0.6090588223656271,"CH1":0.49512192199553096}