{"MV1":0.42215691246433285,"MV3":0.06974647237692955,"CH1":0.3257626931089842}