{"MV1":0.24792692579510678,"MV3":0.14208296965894018,"CH1":0.03816994592307443}