{"MV1":0.3730164734090773,"MV3":0.883851609936979,"CH1":0.11501103786452205}