{"MV1":0.37326853134929405,"MV3":0.03943071894860173,"CH1":0.12280210820908766}