{"MV1":0.8021594042952479,"MV3":0.2777897131928613,"CH1":0.26377639601791036}