{"MV1":0.5286899957482913,"MV3":0.943771696193269,"CH1":0.5867434313777247}