{"MV1":0.35644780044291813,"MV3":0.3260105188340655,"CH1":0.23732727796103747}