{"MV1":0.18467447877085197,"MV3":0.12069752729954109,"CH1":0.4900782189365588}