{"MV1":0.6036583265305295,"MV3":0.1831977359776642,"CH1":0.9019237722921468}