{"MV1":0.9221713284041072,"MV3":0.8550477545744088,"CH1":0.5096809917515226}