{"MV1":0.040512438209972745,"MV3":0.5616686616265328,"CH1":0.837236923857178}