{"MV1":0.17312399553241853,"MV3":0.4565509109234245,"CH1":0.001180607240049092}