{"MV1":0.5606838729938576,"MV3":0.8394899278676127,"CH1":0.2587902252371179}