{"MV1":0.624154287009306,"MV3":0.08408151516219142,"CH1":0.3486480118829123}