{"MV1":0.6246014809655446,"MV3":0.03933630289406953,"CH1":0.0730079115706046}