{"MV1":0.3771910043890505,"MV3":0.9731889808176429,"CH1":0.28691903883408476}