{"MV1":0.830472094391506,"MV3":0.5307920568935101,"CH1":0.747691673150993}