{"MV1":0.2958553596248127,"MV3":0.6263997345392088,"CH1":0.14055714424851862}