{"MV1":0.8479994067411804,"MV3":0.13973456569795228,"CH1":0.08075829900185405}