{"MV1":0.73013503442309,"MV3":0.9884535082970876,"CH1":0.22125560540530953}