{"MV1":0.16686522980225638,"MV3":0.09352912488663179,"CH1":0.47714266431397945}