{"MV1":0.9817937651723162,"MV3":0.034836743184495034,"CH1":0.4736782555085174}