{"MV1":0.9497924999416921,"MV3":0.3735735699780648,"CH1":0.8475710977063307}