{"MV1":0.7333817489701062,"MV3":0.7799575338893813,"CH1":0.06258461506844959}