{"MV1":0.1041905173573422,"MV3":0.35635400101304193,"CH1":0.6058839783789773}