{"MV1":0.5349618256369827,"MV3":0.3466656418937871,"CH1":0.8263678197706634}