{"MV1":0.7914055934949306,"MV3":0.2782101989233786,"CH1":0.5964562426094945}