{"MV1":0.06070241875248927,"MV3":0.5860335633290784,"CH1":0.04860300997430955}