{"MV1":0.3648516963114916,"MV3":0.9595815278406965,"CH1":0.13986502950917823}