{"MV1":0.9373377964800966,"MV3":0.23465214263031997,"CH1":0.4442981519596655}