{"MV1":0.987791755818988,"MV3":0.06420210820019978,"CH1":0.05319966532786646}