{"MV1":0.9262960976362089,"MV3":0.7784546311819202,"CH1":0.22213457456800823}