{"MV1":0.2388810266792908,"MV3":0.8990329321299714,"CH1":0.46991761558261635}