{"MV1":0.5124216835317228,"MV3":0.13214020588245212,"CH1":0.9463020996048367}