{"MV1":0.14286930135833154,"MV3":0.9051443825862683,"CH1":0.41606495128798926}