{"MV1":0.7640980656796893,"MV3":0.35419584452391706,"CH1":0.4937039518393521}