{"MV1":0.22403540634591523,"MV3":0.9705576623690723,"CH1":0.8212491321545837}