{"MV1":0.00973113927743996,"MV3":0.09874761545769628,"CH1":0.9278213776543581}