{"MV1":0.2209376335820208,"MV3":0.4971479243173549,"CH1":0.9635341182403974}