{"MV1":0.18765557387037735,"MV3":0.8212702732649549,"CH1":0.6192818036527568}