{"MV1":0.007832637950550447,"MV3":0.8262674575369949,"CH1":0.004299077421713093}