{"MV1":0.09790785124022483,"MV3":0.08965620237115668,"CH1":0.6436356780472867}