{"MV1":0.9962231893637863,"MV3":0.7078161164674653,"CH1":0.8472226218034777}