{"MV1":0.25114257562519393,"MV3":0.9509994260872152,"CH1":0.8257538067054627}