{"MV1":0.12090944393240366,"MV3":0.8717303230046178,"CH1":0.0475286584659429}