{"MV1":0.31260161296410194,"MV3":0.0024891949912592137,"CH1":0.9856441937139694}