{"MV1":0.5581705744806171,"MV3":0.664856573750747,"CH1":0.9174490273070999}