{"MV1":0.23152881354131194,"MV3":0.3625480830295751,"CH1":0.9706712947720268}