{"MV1":0.836442650236721,"MV3":0.9571161394362956,"CH1":0.12418131073768968}