{"MV1":0.9634095566686376,"MV3":0.10022354617796025,"CH1":0.5706344933359954}