{"MV1":0.5675881103625804,"MV3":0.42955199302645186,"CH1":0.08666385557749645}