{"MV1":0.1010002854707035,"MV3":0.674115081435815,"CH1":0.004835879389287645}