{"MV1":0.48130620817463254,"MV3":0.40785602663795084,"CH1":0.7468542352335595}