{"MV1":0.5264979243488306,"MV3":0.5764153918198245,"CH1":0.9207641030162366}