{"MV1":0.5101748013196143,"MV3":0.7573244188770002,"CH1":0.6548709117239064}