{"MV1":0.8241230083814121,"MV3":0.4650294716706642,"CH1":0.07802337229378342}