{"MV1":0.7891368428582285,"MV3":0.3595103661408675,"CH1":0.02365270190142854}