{"MV1":0.43369362452189786,"MV3":0.06829523056532416,"CH1":0.6119698959707331}