{"MV1":0.12021059811726864,"MV3":0.40652684309661646,"CH1":0.24311222548976574}