{"MV1":0.3615899620960319,"MV3":0.09109480176304019,"CH1":0.94368740024772}