{"MV1":0.5627984570716678,"MV3":0.3449529055662618,"CH1":0.9208933422725664}