{"MV1":0.6285882758737539,"MV3":0.3610968443047836,"CH1":0.9447510570482084}