{"MV1":0.8453176387671624,"MV3":0.14387943307256246,"CH1":0.10545473891820234}