{"MV1":0.8535017545715516,"MV3":0.8073716516830625,"CH1":0.8335142197294919}