{"MV1":0.4006973156502157,"MV3":0.3118426681027947,"CH1":0.33037020048517884}