{"MV1":0.5164216533409107,"MV3":0.7984618205049547,"CH1":0.3275796893906827}