{"MV1":0.35935794522722986,"MV3":0.5694556880064363,"CH1":0.07675182438899053}