{"MV1":0.9648951955239143,"MV3":0.44421659382811196,"CH1":0.5442380140790678}