{"MV1":0.8255979439255849,"MV3":0.8182226526376328,"CH1":0.9004840352928597}