{"MV1":0.6861748841973835,"MV3":0.7434406217365639,"CH1":0.908416092990991}