{"MV1":0.5672595803912693,"MV3":0.1620441281732795,"CH1":0.8541803331192364}