{"MV1":0.24185186268289705,"MV3":0.46280310201236585,"CH1":0.5159215299114887}