{"MV1":0.8675589433327284,"MV3":0.8647845224006646,"CH1":0.007299238819867271}