{"MV1":0.8688628917101218,"MV3":0.20829086960172627,"CH1":0.4649848048780054}