{"MV1":0.9519038672613407,"MV3":0.2738498325659733,"CH1":0.28281635813360073}