{"MV1":0.28967032571275353,"MV3":0.057571046044104235,"CH1":0.6933432641722126}