{"MV1":0.6262275643906797,"MV3":0.9330210433599382,"CH1":0.6643843702343079}