{"MV1":0.4509828853384322,"MV3":0.6760005217469244,"CH1":0.6576748530019166}