{"MV1":0.7664302266705488,"MV3":0.36063601769631093,"CH1":0.26293884092757436}