{"MV1":0.5514372701732606,"MV3":0.3827375656126003,"CH1":0.07444010626097675}