{"MV1":0.6003703567378442,"MV3":0.7542637497475106,"CH1":0.5642256798300088}