{"MV1":0.018769285385986878,"MV3":0.786804898265727,"CH1":0.5402846229548607}