{"MV1":0.24151324208141767,"MV3":0.5265526713517229,"CH1":0.8099651641514004}