{"MV1":0.5866611127303438,"MV3":0.7086594806910059,"CH1":0.27241278229834665}