{"MV1":0.1394162148722864,"MV3":0.983526393727141,"CH1":0.05851315751701691}