{"MV1":0.07859791700146457,"MV3":0.5600189304080833,"CH1":0.5420850558283187}