{"MV1":0.32637645168747775,"MV3":0.3643925739590128,"CH1":0.7285516259605498}