{"MV1":0.8170007510712268,"MV3":0.41357587741912627,"CH1":0.7281469702493754}