{"MV1":0.9697298355740619,"MV3":0.3316245429565128,"CH1":0.0019064626379969862}