{"MV1":0.49068757985068234,"MV3":0.13514454803620823,"CH1":0.444480885521502}