{"MV1":0.5211413917627483,"MV3":0.6886427818851915,"CH1":0.3808953827452056}