{"MV1":0.15188213359458258,"MV3":0.9540497827924254,"CH1":0.9005904923452746}