{"MV1":0.5743604992347362,"MV3":0.5545938777497689,"CH1":0.9538642149640729}