{"MV1":0.5958350241407288,"MV3":0.6519421112428846,"CH1":0.26710392390779936}