{"MV1":0.8606367537107091,"MV3":0.3955247655623516,"CH1":0.34147729520533765}