{"MV1":0.19606397408134568,"MV3":0.2294987061785727,"CH1":0.7045034171696569}