{"MV1":0.5448161238170934,"MV3":0.6600482768728704,"CH1":0.04212188818801632}