{"MV1":0.8140458391596507,"MV3":0.9480475041864478,"CH1":0.7473489217872397}