{"MV1":0.6120987600670368,"MV3":0.3933147224113366,"CH1":0.9642681561640779}