{"MV1":0.11301671751247178,"MV3":0.04881045331845435,"CH1":0.5251904325320091}