{"MV1":0.6728424593956692,"MV3":0.49778624844850117,"CH1":0.0797060746843169}