{"MV1":0.8036948055867772,"MV3":0.18909027966233571,"CH1":0.7330886288808245}