{"MV1":0.9432870820322335,"MV3":0.0781739956349603,"CH1":0.5270009559328858}