{"MV1":0.5144422529868213,"MV3":0.8572493550510928,"CH1":0.8358276956631319}