{"MV1":0.13298971383673297,"MV3":0.27455633660019774,"CH1":0.061456494399235395}