{"MV1":0.6261187806787055,"MV3":0.18932881779557797,"CH1":0.8831087842798159}