{"MV1":0.8749265360868473,"MV3":0.5761817924329534,"CH1":0.062477735050148864}