{"MV1":0.10204343018432827,"MV3":0.2115937311368068,"CH1":0.0037413564139844313}