{"MV1":0.13872072900345056,"MV3":0.47132756215439753,"CH1":0.1383417881758262}