{"MV1":0.7322112756927998,"MV3":0.19913440296897766,"CH1":0.3729693248826409}