{"MV1":0.08431778830019587,"MV3":0.17037953521259153,"CH1":0.3039991118932158}