{"MV1":0.4610355638130046,"MV3":0.174349309309762,"CH1":0.050000215086794975}