{"MV1":0.2748145999282263,"MV3":0.46912239022366353,"CH1":0.4683401573930387}