{"MV1":0.7703743303282867,"MV3":0.7408941240856247,"CH1":0.5368335054611099}