{"MV1":0.8690156317710108,"MV3":0.7186295953893821,"CH1":0.007877424755284301}