{"MV1":0.6873280852389149,"MV3":0.8625976796482628,"CH1":0.038806965919526815}