{"MV1":0.27110258320100933,"MV3":0.22851261561879366,"CH1":0.7357106913548112}