{"MV1":0.8203163226004826,"MV3":0.8539565020317115,"CH1":0.5140119336805615}