{"MV1":0.6317646346294991,"MV3":0.7777409717475956,"CH1":0.6195153761735716}