{"MV1":0.44864002261530134,"MV3":0.4680157477095619,"CH1":0.9154667211257687}