{"MV1":0.8843524502203826,"MV3":0.8671717433877912,"CH1":0.3364363360920507}