{"MV1":0.6920158757752232,"MV3":0.1432953069509808,"CH1":0.18351358630924142}