{"MV1":0.5692890844390779,"MV3":0.19573991759453557,"CH1":0.41847302826483923}