{"MV1":0.737702300241885,"MV3":0.3058477518254821,"CH1":0.42359775407877975}