{"MV1":0.8457896690199432,"MV3":0.3475402268640265,"CH1":0.6850351892148502}