{"MV1":0.19898813207019594,"MV3":0.14619929441480206,"CH1":0.6738634488485193}