{"MV1":0.8483737552833306,"MV3":0.9852200832498674,"CH1":0.265729547499474}