{"MV1":0.02429852933503074,"MV3":0.7158881959275263,"CH1":0.5610073488101303}