{"MV1":0.544352943548555,"MV3":0.20550156033448008,"CH1":0.39867079512961956}