{"MV1":0.7584696541736053,"MV3":0.867670245046463,"CH1":0.2076599455630631}