{"MV1":0.22565094502225846,"MV3":0.4539784639133517,"CH1":0.28044406760749196}