{"MV1":0.9553726903084209,"MV3":0.11914125124085362,"CH1":0.3115950261219711}