{"MV1":0.5243057950933171,"MV3":0.07914769654567944,"CH1":0.43217975573141676}