{"MV1":0.40604819719034424,"MV3":0.6152586729062719,"CH1":0.2867525934056294}