{"MV1":0.040613553145521286,"MV3":0.9151656000295502,"CH1":0.9765870205285856}