{"MV1":0.3927352149972331,"MV3":0.06398465650767071,"CH1":0.3366143926919287}