{"MV1":0.6061674726884847,"MV3":0.6200737598887789,"CH1":0.08334608280368827}