{"MV1":0.4393288683751243,"MV3":0.2817330385053187,"CH1":0.6109655345654241}