{"MV1":0.5356721358472423,"MV3":0.011942529708826477,"CH1":0.25778385681713967}