{"MV1":0.5905021873866455,"MV3":0.35249726727801634,"CH1":0.21726829284668014}