{"MV1":0.9903001913717494,"MV3":0.03787733089709655,"CH1":0.27659853367951304}