{"MV1":0.39594060161029276,"MV3":0.20488683015156706,"CH1":0.13211147245261012}