{"MV1":0.13064338972721623,"MV3":0.6672810078658923,"CH1":0.8114137133833572}