{"MV1":0.7997817155878074,"MV3":0.2819855940264676,"CH1":0.12389016453604296}