{"MV1":0.5243073083258115,"MV3":0.9098236734015105,"CH1":0.3437674402838319}