{"MV1":0.2805161111442812,"MV3":0.9686371407495556,"CH1":0.3793471605466362}