{"MV1":0.498006417047573,"MV3":0.0439358028587048,"CH1":0.49841310541351247}