{"MV1":0.04230028238118955,"MV3":0.774255963973485,"CH1":0.6425381590629452}