{"MV1":0.05568936536592972,"MV3":0.5637935665628222,"CH1":0.028098916517894312}