{"MV1":0.6789852222366474,"MV3":0.48455254397452663,"CH1":0.5095878197792207}