{"MV1":0.8534404616001536,"MV3":0.3329366890883342,"CH1":0.28185788370769893}