{"MV1":0.3671029700495244,"MV3":0.6765390622511188,"CH1":0.4415071623698018}