{"MV1":0.5224799101888676,"MV3":0.41419890090568856,"CH1":0.25154198593874844}