{"MV1":0.6424620407967612,"MV3":0.2902000860734456,"CH1":0.1863214139928373}