{"MV1":0.1462235628380435,"MV3":0.870614964865101,"CH1":0.7249869374376479}