{"MV1":0.02543544732967218,"MV3":0.8996526716794437,"CH1":0.18840490303767932}