{"MV1":0.3591926921385866,"MV3":0.7321984891429252,"CH1":0.8730446995431485}