{"MV1":0.715566889630198,"MV3":0.6283296875684197,"CH1":0.5672184743036676}