{"MV1":0.1334204888113345,"MV3":0.8099544941520185,"CH1":0.9971749758610557}