{"MV1":0.007092938701790064,"MV3":0.0034289441778969643,"CH1":0.4945240259352083}