{"MV1":0.2605004059422167,"MV3":0.20976342965161754,"CH1":0.3986038287384087}