{"MV1":0.5341222069178964,"MV3":0.25009677249392426,"CH1":0.6214466394307978}