{"MV1":0.059995879289119536,"MV3":0.5360987446489239,"CH1":0.15506350033075977}