{"MV1":0.8490446357070581,"MV3":0.4788107988326187,"CH1":0.45534448760620183}