{"MV1":0.8975868346821784,"MV3":0.7581608437455356,"CH1":0.5632486493311948}