{"MV1":0.018843374068607255,"MV3":0.164472888277579,"CH1":0.3157883140906489}