{"MV1":0.36010906972616763,"MV3":0.04921641058556969,"CH1":0.9827525360252963}