{"MV1":0.8492449640139846,"MV3":0.44368477541411255,"CH1":0.9327405451957342}