{"MV1":0.44199570881647365,"MV3":0.6979445707957784,"CH1":0.3228747408141386}