{"MV1":0.017621428636882208,"MV3":0.34496636601090436,"CH1":0.2736021717439333}