{"MV1":0.0953925355802051,"MV3":0.36410322757496727,"CH1":0.5638448199276833}