{"MV1":0.8915996796982337,"MV3":0.014924972158704475,"CH1":0.576661863219359}