{"MV1":0.3241639879372106,"MV3":0.4460565642769555,"CH1":0.17709134415812255}