{"MV1":0.42814185862786125,"MV3":0.7388338688665228,"CH1":0.34129385415444846}