{"MV1":0.8123014254616501,"MV3":0.8703846631546768,"CH1":0.782638865214026}