{"MV1":0.4907000284022769,"MV3":0.703858931284567,"CH1":0.319511725909437}