{"MV1":0.020490224218640996,"MV3":0.36888196043173893,"CH1":0.8363851920825617}