{"MV1":0.7866549733626957,"MV3":0.45472444807560075,"CH1":0.8818174686754738}