{"MV1":0.922687802616177,"MV3":0.4029462948543293,"CH1":0.8258082003072115}