{"MV1":0.6010581970180457,"MV3":0.21779377144791945,"CH1":0.12839405530222336}