{"MV1":0.44599291414751197,"MV3":0.45444741046981996,"CH1":0.43997029124819065}