{"MV1":0.15083135814645632,"MV3":0.1476442087348726,"CH1":0.566037407742448}