{"MV1":0.7563218696675232,"MV3":0.6709622670455219,"CH1":0.9441729795309647}