{"MV1":0.38544052963670783,"MV3":0.5597179924623695,"CH1":0.7862335690044909}