{"MV1":0.43043433222239,"MV3":0.8822212075284384,"CH1":0.8055746626663411}