{"MV1":0.5346377697661794,"MV3":0.7462994041801402,"CH1":0.1306634589182769}