{"MV1":0.20958932707762212,"MV3":0.9869274275082602,"CH1":0.3692639532633609}