{"MV1":0.43184340446189684,"MV3":0.09909908667272682,"CH1":0.7393761218889918}