{"MV1":0.34521767365280975,"MV3":0.16322009685141647,"CH1":0.809309404453712}