{"MV1":0.5668194699413368,"MV3":0.9396836450393182,"CH1":0.25501660698815143}