{"MV1":0.1864285313586055,"MV3":0.8519405629291168,"CH1":0.15145810816517769}