{"MV1":0.5264306717988873,"MV3":0.9849695262440078,"CH1":0.8077246765720053}