{"MV1":0.7035357089711661,"MV3":0.1658416671422992,"CH1":0.16693702970420188}