{"MV1":0.6402481833450725,"MV3":0.18800774849653445,"CH1":0.38432503510454796}