{"MV1":0.7829968392859301,"MV3":0.4100124842966557,"CH1":0.2769660461366734}