{"MV1":0.5875243129106249,"MV3":0.7829252692103614,"CH1":0.050696638295739116}