{"MV1":0.3926900495022414,"MV3":0.19748992271204313,"CH1":0.5408204327182117}