{"MV1":0.5492626738700715,"MV3":0.9854602951402979,"CH1":0.29270979052522583}