{"MV1":0.8677295849035651,"MV3":0.604952822142161,"CH1":0.7705982980574753}