{"MV1":0.475545778333305,"MV3":0.11746440497130706,"CH1":0.9963786976830808}