{"MV1":0.328368273045452,"MV3":0.4680208497536077,"CH1":0.5029428067315196}