{"MV1":0.031221713730283707,"MV3":0.8314619549443256,"CH1":0.7293368426951031}