{"MV1":0.882023933636558,"MV3":0.14438417881969112,"CH1":0.2531150703471853}