{"MV1":0.7629181122857713,"MV3":0.4368877625037949,"CH1":0.6883542637740003}