{"MV1":0.709511789759002,"MV3":0.8312620823796083,"CH1":0.5994634295498052}