{"MV1":0.20524602611251908,"MV3":0.19114058232792452,"CH1":0.009828219211262756}