{"MV1":0.40471209749156944,"MV3":0.27979358536601884,"CH1":0.8180655440602804}