{"MV1":0.3415431601167387,"MV3":0.3894473586682261,"CH1":0.2077061927582171}