{"MV1":0.88405335794494,"MV3":0.15730080589203288,"CH1":0.8145284505798427}