{"MV1":0.9291557114532889,"MV3":0.7957730004927869,"CH1":0.9215528047698005}