{"MV1":0.81659617864573,"MV3":0.7121409549062702,"CH1":0.8495974475981899}