{"MV1":0.6371364402954234,"MV3":0.518688399359206,"CH1":0.9261535094920168}