{"MV1":0.025735316808691344,"MV3":0.4765605397991557,"CH1":0.7310580727536362}