{"MV1":0.45663053670546816,"MV3":0.5563335018373268,"CH1":0.24469803878289897}