{"MV1":0.871345056758716,"MV3":0.6797866755568478,"CH1":0.4157463338063394}