{"MV1":0.727852986212079,"MV3":0.07723326160521848,"CH1":0.6870622473745186}