{"MV1":0.5635178459240295,"MV3":0.4478343890121018,"CH1":0.08176292662288986}