{"MV1":0.20192748665914972,"MV3":0.24182064075270282,"CH1":0.34691692005323205}