{"MV1":0.5176704359617494,"MV3":0.3958025399792131,"CH1":0.49991479454125487}