{"MV1":0.6973932022460617,"MV3":0.32418549834633936,"CH1":0.28618741499601286}