{"MV1":0.42301044640436225,"MV3":0.2289411688207964,"CH1":0.13704861759608622}