{"MV1":0.4962507798918149,"MV3":0.25710171728536246,"CH1":0.38382574738831476}