{"MV1":0.7010941389283729,"MV3":0.23740211442646864,"CH1":0.19639087667449506}