{"MV1":0.7601322014023771,"MV3":0.12003214760272507,"CH1":0.14930695488275225}