{"MV1":0.7426260017338375,"MV3":0.25942162797860324,"CH1":0.7528277455894148}