{"MV1":0.02399168425724052,"MV3":0.2868824196094699,"CH1":0.08077586763564504}