{"MV1":0.13103487180220907,"MV3":0.021762612791530134,"CH1":0.755589348741001}