{"MV1":0.07721207605736657,"MV3":0.003032619088227384,"CH1":0.08262262415343713}