{"MV1":0.24278617332040597,"MV3":0.4152524899709541,"CH1":0.05595050597329443}