{"MV1":0.3363954478264267,"MV3":0.0636431175131068,"CH1":0.1614432748790725}