{"MV1":0.8788795628773965,"MV3":0.3076868368685727,"CH1":0.3880594622528557}