{"MV1":0.9748118479937908,"MV3":0.34715951749258167,"CH1":0.9318488777462804}