{"MV1":0.9000360948912398,"MV3":0.5852295299993541,"CH1":0.43115250354487455}