{"MV1":0.04360579737661596,"MV3":0.6565929282710267,"CH1":0.09497190224140561}