{"MV1":0.2774685484876688,"MV3":0.2473159569607678,"CH1":0.8071406590948569}