{"MV1":0.20881860673226182,"MV3":0.7959670348835312,"CH1":0.8883573668818456}