{"MV1":0.4821411349840511,"MV3":0.5058247666025153,"CH1":0.6940426690221363}