{"MV1":0.24426685980868745,"MV3":0.5487882207371615,"CH1":0.27018202719991724}