{"MV1":0.7930567565220089,"MV3":0.6498056365308278,"CH1":0.8278657250103911}