{"MV1":0.19749047806756792,"MV3":0.8855791763110379,"CH1":0.9497338557773911}