{"MV1":0.7455551589236417,"MV3":0.1601441445234063,"CH1":0.7333894228169107}