{"MV1":0.25643055642679546,"MV3":0.3171414352385652,"CH1":0.5005892735148237}