{"MV1":0.4605403509949676,"MV3":0.5685713154341969,"CH1":0.35712953004114756}