{"MV1":0.8681182358909136,"MV3":0.47435291446334427,"CH1":0.8102405163603121}