{"MV1":0.41095977344753765,"MV3":0.1375856660344471,"CH1":0.892374620972616}