{"MV1":0.9567602364324529,"MV3":0.3791977446254279,"CH1":0.47570603926198085}