{"MV1":0.06514584087593789,"MV3":0.3605246171230547,"CH1":0.4553731641847305}