{"MV1":0.4189016824240408,"MV3":0.00237192557495014,"CH1":0.5076915024728723}