{"MV1":0.38093738732567006,"MV3":0.18666220528043787,"CH1":0.77504495353107}