{"MV1":0.29368723906992633,"MV3":0.5811386904715357,"CH1":0.933656836976414}