{"MV1":0.6146359626781049,"MV3":0.7511608232631105,"CH1":0.7006682797849608}