{"MV1":0.36256028585026656,"MV3":0.6541811469237304,"CH1":0.3700661502019552}