{"MV1":0.21977522911821123,"MV3":0.002819761666719711,"CH1":0.7010696559247087}