{"MV1":0.7164897047666015,"MV3":0.5055288567397063,"CH1":0.29110518357802173}