{"MV1":0.19621831873136308,"MV3":0.38983334808567716,"CH1":0.7549806974866623}