{"MV1":0.9378370356191398,"MV3":0.4277864149991719,"CH1":0.28883157757316913}