{"MV1":0.08389692003001659,"MV3":0.68868880053828,"CH1":0.7294848484876769}