{"MV1":0.7275810472196017,"MV3":0.9038438731348719,"CH1":0.5344528536297097}