{"MV1":0.05645040812226754,"MV3":0.8604784277653156,"CH1":0.6757123985996558}