{"MV1":0.765985798224759,"MV3":0.3817347891109186,"CH1":0.38697761398399766}