{"MV1":0.48030136302405346,"MV3":0.9771491683133694,"CH1":0.822116898158423}