{"MV1":0.932264747379627,"MV3":0.6491741790717692,"CH1":0.09849372835692094}