{"MV1":0.7892629881029838,"MV3":0.1423242751768241,"CH1":0.8971188060711827}