{"MV1":0.027762178558408457,"MV3":0.2320256016454736,"CH1":0.3747590457385276}