{"MV1":0.19944936400846836,"MV3":0.6853383683384139,"CH1":0.24469642002282743}