{"MV1":0.1074963310713718,"MV3":0.6169185296808904,"CH1":0.2194028719378428}