{"MV1":0.6743697159158457,"MV3":0.5308350448364467,"CH1":0.6698783750887195}