{"MV1":0.1657081993152033,"MV3":0.0632030371918979,"CH1":0.8728631833454801}