{"MV1":0.941534673644888,"MV3":0.1126345214748371,"CH1":0.224458264612864}