{"MV1":0.44364086943943437,"MV3":0.7892271532161594,"CH1":0.18196908247515664}