{"MV1":0.29412049216578584,"MV3":0.3153343735020715,"CH1":0.1705173652680445}