{"MV1":0.3574830962797676,"MV3":0.9186062024412864,"CH1":0.574939044423139}