{"MV1":0.8615144439830557,"MV3":0.40723811612283667,"CH1":0.5985839647709034}