{"MV1":0.31395207256272606,"MV3":0.8009633874753346,"CH1":0.2925077334831895}