{"MV1":0.20502162365854315,"MV3":0.6430995533966536,"CH1":0.9654952681543784}