{"MV1":0.0830982203725471,"MV3":0.8441287516057316,"CH1":0.40677528728015067}