{"MV1":0.3503839422423707,"MV3":0.5707219128627845,"CH1":0.6978358239758724}