{"MV1":0.5196476002368345,"MV3":0.6471556473602743,"CH1":0.03984499493692728}