{"MV1":0.24237135724236336,"MV3":0.47111595167484954,"CH1":0.5661254702125763}