{"MV1":0.24151647313249702,"MV3":0.2518912796255185,"CH1":0.856789341376804}