{"MV1":0.2664401217582212,"MV3":0.5549653541355299,"CH1":0.7823011655286307}