{"MV1":0.9623182348266714,"MV3":0.6814919921844879,"CH1":0.8166971422790923}