{"MV1":0.39188714074929887,"MV3":0.37866900796132785,"CH1":0.7022320774674435}