{"MV1":0.5487808573791003,"MV3":0.9987501155807678,"CH1":0.4201729087723448}