{"MV1":0.3925827380790088,"MV3":0.003545978976544406,"CH1":0.8289822482901961}