{"MV1":0.17177575066723716,"MV3":0.8971438460955635,"CH1":0.5334418039178013}