{"MV1":0.6325515692091507,"MV3":0.5525570281040422,"CH1":0.8863191757337505}