{"MV1":0.4535533697716454,"MV3":0.7972517503145344,"CH1":0.8236557696121108}