{"MV1":0.9232208170926576,"MV3":0.21962214114655698,"CH1":0.7968499005244889}