{"MV1":0.4088162712197778,"MV3":0.2746883531972404,"CH1":0.1411516691439455}