{"MV1":0.17070099785534176,"MV3":0.47359056811405087,"CH1":0.9268495980159245}