{"MV1":0.2634308619263309,"MV3":0.5185850315579252,"CH1":0.051754570707160164}