{"MV1":0.7853877966225675,"MV3":0.9539374885048678,"CH1":0.17099685042443202}