{"MV1":0.5029983807025185,"MV3":0.6605271097835855,"CH1":0.46070066485232675}