{"MV1":0.3672525039944058,"MV3":0.5435618411378411,"CH1":0.4258474659484085}