{"MV1":0.49330593816611146,"MV3":0.8768666513350649,"CH1":0.8011173751479349}