{"MV1":0.531867510700638,"MV3":0.7660402143485685,"CH1":0.683126815378905}