{"MV1":0.07405984201447313,"MV3":0.3540485461209114,"CH1":0.34324545506851845}