{"MV1":0.973799532291565,"MV3":0.9408053629644937,"CH1":0.3214286774500298}