{"MV1":0.22238098847033239,"MV3":0.6066951772269727,"CH1":0.4706445307227741}