{"MV1":0.249244966304919,"MV3":0.515047827237372,"CH1":0.8258099094523809}