{"MV1":0.1438826944575864,"MV3":0.213902407365533,"CH1":0.9339903587360084}