{"MV1":0.09968037626091908,"MV3":0.13659181134550114,"CH1":0.3998888664223704}