{"MV1":0.27930338733617777,"MV3":0.3352689978976304,"CH1":0.662852822535171}