{"MV1":0.563881103415496,"MV3":0.6279909167587293,"CH1":0.33252902422729946}