{"MV1":0.5133397705566481,"MV3":0.5969595034262938,"CH1":0.6055117948649683}