{"MV1":0.6615278283599755,"MV3":0.14486766613996893,"CH1":0.5926864282000144}