{"MV1":0.45253778282788093,"MV3":0.9511688367061841,"CH1":0.7135932551404348}