{"MV1":0.9468724175521513,"MV3":0.6693149396167993,"CH1":0.08204700187778347}