{"MV1":0.6630867229465645,"MV3":0.21217251022442118,"CH1":0.0631119074810329}