{"MV1":0.48037634783859484,"MV3":0.29010154432949,"CH1":0.5356783660235401}