{"MV1":0.9492523453074817,"MV3":0.670802303757356,"CH1":0.4664362298135677}