{"MV1":0.0872236664090087,"MV3":0.761212123142033,"CH1":0.5016398354305309}