{"MV1":0.00029226112085989353,"MV3":0.03224277287327193,"CH1":0.743534468914426}