{"MV1":0.46451846834938226,"MV3":0.9584184957893522,"CH1":0.9803662687910739}