{"MV1":0.9975205057516543,"MV3":0.047480362856604286,"CH1":0.1503372959666046}