{"MV1":0.46876348991445405,"MV3":0.4206706159228262,"CH1":0.20423599942741932}