{"MV1":0.5633925848796917,"MV3":0.205263420802837,"CH1":0.4754406503096884}