{"MV1":0.7358950987253355,"MV3":0.2745652348932426,"CH1":0.20076688715943736}