{"MV1":0.8455562066121403,"MV3":0.7675835192330315,"CH1":0.9823183446404804}