{"MV1":0.9382961327112074,"MV3":0.8319569475367904,"CH1":0.23757716371272875}