{"MV1":0.10813487883151618,"MV3":0.39097972998926767,"CH1":0.8163608870276905}