{"MV1":0.6622040762025578,"MV3":0.2509717035988863,"CH1":0.4278142105022483}