{"MV1":0.16958524832778876,"MV3":0.32530331061904083,"CH1":0.27836654255056226}