{"MV1":0.8789204519684543,"MV3":0.0784582238574747,"CH1":0.9436841770367339}