{"MV1":0.0009715477938853079,"MV3":0.6099379415716957,"CH1":0.6400468800803253}