{"MV1":0.5492659976809295,"MV3":0.7759501345393208,"CH1":0.7848034668894384}