{"MV1":0.40256487468735813,"MV3":0.16182804644591464,"CH1":0.19294841215394343}