{"MV1":0.24509780943526382,"MV3":0.60833552592499,"CH1":0.9700471855603687}