{"MV1":0.7573945079010399,"MV3":0.3595122693781738,"CH1":0.058837281220655235}