{"MV1":0.4290378905953859,"MV3":0.4782894273971846,"CH1":0.5506010630436546}