{"MV1":0.9332951783276916,"MV3":0.45642653046982784,"CH1":0.8673102647116839}