{"MV1":0.7908413681939438,"MV3":0.3053775509104816,"CH1":0.739493405774778}