{"MV1":0.7455761577848193,"MV3":0.2076569954900208,"CH1":0.9465395797186535}