{"MV1":0.4723704101958123,"MV3":0.5885170488326993,"CH1":0.017257049338678665}