{"MV1":0.8639072655177127,"MV3":0.039427156181932266,"CH1":0.16402951657693032}