{"MV1":0.21201839742261241,"MV3":0.8702487986512711,"CH1":0.9862381778667821}