{"MV1":0.8595491051377561,"MV3":0.7236378044000056,"CH1":0.10543142558718244}