{"MV1":0.3330750415537955,"MV3":0.3470815728216887,"CH1":0.9654320431348064}