{"MV1":0.2627072582526301,"MV3":0.9509721973135776,"CH1":0.9481776698573537}