{"MV1":0.8722352995654593,"MV3":0.2556980792456576,"CH1":0.7766201766551907}