{"MV1":0.4360152427131718,"MV3":0.4635190140426436,"CH1":0.04627584656843575}