{"MV1":0.6978447058478194,"MV3":0.02562951591200402,"CH1":0.3351829586396209}