{"MV1":0.09566858233632736,"MV3":0.5868608196036819,"CH1":0.992235009335323}