{"MV1":0.7791206542194554,"MV3":0.6804048508703007,"CH1":0.8109515797804469}