{"MV1":0.6633908362030836,"MV3":0.603986975258165,"CH1":0.33537719134987665}