{"MV1":0.8285506648567093,"MV3":0.24378375769254068,"CH1":0.7925169159915281}