{"MV1":0.44355735280081354,"MV3":0.8714658918754871,"CH1":0.3711976337756343}