{"MV1":0.20933349085489517,"MV3":0.2683184980595885,"CH1":0.6108869134953897}