{"MV1":0.8406340417277401,"MV3":0.5640535111241424,"CH1":0.41652279521176816}