{"MV1":0.8167342929677235,"MV3":0.43225983379114885,"CH1":0.29429994213908883}