{"MV1":0.6694557623509421,"MV3":0.5818657700646525,"CH1":0.3407192397024653}