{"MV1":0.23938527365831774,"MV3":0.3968109838228251,"CH1":0.26696299901053056}