{"MV1":0.3187514805101386,"MV3":0.5344047245776429,"CH1":0.6096430340795762}