{"MV1":0.6877845767538675,"MV3":0.3409980055181532,"CH1":0.5567747189703299}