{"MV1":0.47119633057726173,"MV3":0.5233523217823217,"CH1":0.7351468596114626}