{"MV1":0.16213617107790523,"MV3":0.4174530380120295,"CH1":0.8163306726430791}