{"MV1":0.06826313851172972,"MV3":0.8047167219126521,"CH1":0.8360919452439949}