{"MV1":0.8567902885556719,"MV3":0.6991651756556913,"CH1":0.8153733640742995}