{"MV1":0.8653125621483414,"MV3":0.9472493713282808,"CH1":0.5979554066616826}