{"MV1":0.860380273536718,"MV3":0.09505235448110028,"CH1":0.3722729387114494}