{"MV1":0.6161485272111241,"MV3":0.08142087011356824,"CH1":0.9262078841520196}