{"MV1":0.9251230475741085,"MV3":0.799022042193051,"CH1":0.942607542499904}