{"MV1":0.813022099931777,"MV3":0.4123426156951533,"CH1":0.2660997611225997}