{"MV1":0.2124992767824364,"MV3":0.09797737128087591,"CH1":0.8674824200209791}