{"MV1":0.996591360906271,"MV3":0.9118359560437402,"CH1":0.960644885741043}