{"MV1":0.2759903656506283,"MV3":0.8139538829206121,"CH1":0.9928342206162079}