{"MV1":0.20233974475258143,"MV3":0.47289597784428006,"CH1":0.421952766420036}