{"MV1":0.3205393255100152,"MV3":0.5895566638186497,"CH1":0.9228971845685228}