{"MV1":0.3929221939100762,"MV3":0.12402213275322582,"CH1":0.8469072585086548}