{"MV1":0.22326925283203847,"MV3":0.5671587444356891,"CH1":0.5696815876167459}