{"MV1":0.38795693465813474,"MV3":0.47463407258305457,"CH1":0.3034461225337842}