{"MV1":0.9880206163494875,"MV3":0.26926995678501986,"CH1":0.3653655704437355}