{"MV1":0.35649571469514485,"MV3":0.6978033120817244,"CH1":0.5516268438548754}