{"MV1":0.1034263610887578,"MV3":0.7289877444376471,"CH1":0.5611482300006192}