{"MV1":0.8334675140717405,"MV3":0.5641072309077488,"CH1":0.13087223926565195}