{"MV1":0.8601839627719902,"MV3":0.5103814450194676,"CH1":0.7104761417676547}