{"MV1":0.44877628842321227,"MV3":0.07932774795205755,"CH1":0.6639316143039962}