{"MV1":0.018952905331342973,"MV3":0.32509578308922904,"CH1":0.5626792619395555}