{"MV1":0.8695530630219416,"MV3":0.5280872447668985,"CH1":0.3387395536017763}