{"MV1":0.3650281072503204,"MV3":0.6936761761759117,"CH1":0.7891651510862268}