{"MV1":0.040227352927918014,"MV3":0.604857824238369,"CH1":0.3057972038043938}