{"MV1":0.9380114252997435,"MV3":0.5154863794138962,"CH1":0.37341409261913794}