{"MV1":0.6938243076984227,"MV3":0.7981266305674081,"CH1":0.33042970121293547}