{"MV1":0.9492608880561126,"MV3":0.432048651891606,"CH1":0.9006424681883471}