{"MV1":0.41964191317056077,"MV3":0.6661548924102993,"CH1":0.9743956307403382}