{"MV1":0.025406456998660176,"MV3":0.8956519464199587,"CH1":0.8140985206360059}