{"MV1":0.17073294319048382,"MV3":0.6188384535590085,"CH1":0.5565985761083867}