{"MV1":0.8131036741751319,"MV3":0.4940941216665041,"CH1":0.09158981959360057}