{"MV1":0.7806097012925696,"MV3":0.040282185331100284,"CH1":0.3431539301522265}