{"MV1":0.2927436903337798,"MV3":0.3959748739839244,"CH1":0.3932126333358059}