{"MV1":0.13832487842294772,"MV3":0.602172908269463,"CH1":0.8771613991695103}