{"MV1":0.2683461229837959,"MV3":0.2891400855408427,"CH1":0.4443720765213751}