{"MV1":0.7728569763961318,"MV3":0.22910271548808447,"CH1":0.46941944572140126}