{"MV1":0.05132582556705456,"MV3":0.23763848049257197,"CH1":0.5470061742147058}