{"MV1":0.9762356049607543,"MV3":0.16576634044828675,"CH1":0.5294667058617339}