{"MV1":0.8658871064726296,"MV3":0.6093026499000679,"CH1":0.09135899590988505}