{"MV1":0.297145465639309,"MV3":0.058840239641195224,"CH1":0.5152377305063894}