{"MV1":0.5183403325195396,"MV3":0.3971550495023821,"CH1":0.6968979230001686}