{"MV1":0.3996176921653133,"MV3":0.8891322010767054,"CH1":0.28194916086599586}