{"MV1":0.2745572074869925,"MV3":0.5549065120574318,"CH1":0.22368340604144532}