{"MV1":0.436100558404498,"MV3":0.26910986049682195,"CH1":0.1285242094166159}