{"MV1":0.31554922113772155,"MV3":0.20582476180922848,"CH1":0.007991609154736734}