{"MV1":0.7787379426999865,"MV3":0.8536776204601496,"CH1":0.8902861769789873}