{"MV1":0.6559220777156995,"MV3":0.15483049021253548,"CH1":0.5700461445599553}