{"MV1":0.9242042630174554,"MV3":0.7073788865789123,"CH1":0.8065423517804666}