{"MV1":0.709779853878678,"MV3":0.644225103892228,"CH1":0.25668490573485503}