{"MV1":0.20137747325813826,"MV3":0.9949732474470083,"CH1":0.5286981104296669}