{"MV1":0.4379417522016714,"MV3":0.09594222227031624,"CH1":0.8979944428021022}