{"MV1":0.5009621079720848,"MV3":0.6817092149777433,"CH1":0.8870461840336061}