{"MV1":0.11547484160637822,"MV3":0.8493764726942742,"CH1":0.7281741827010156}