{"MV1":0.8482213164576357,"MV3":0.27844660621875916,"CH1":0.6256697128990651}