{"MV1":0.7862536899068867,"MV3":0.1450521633927242,"CH1":0.1645279354085415}