{"MV1":0.918803518008648,"MV3":0.16510624449545008,"CH1":0.2725508061703611}