{"MV1":0.2689105285368576,"MV3":0.34877513578916086,"CH1":0.46112151202361185}