{"MV1":0.6342489724361765,"MV3":0.3120170305632455,"CH1":0.6506203561918942}