{"MV1":0.39255374541463917,"MV3":0.0951010548554766,"CH1":0.5888342977404607}