{"MV1":0.7165008408647007,"MV3":0.8456402925235663,"CH1":0.4395936193201845}