{"MV1":0.4744519206782579,"MV3":0.08965752920448322,"CH1":0.24843790952988087}