{"MV1":0.4104323680402153,"MV3":0.4828944054523636,"CH1":0.2586681709037435}