{"MV1":0.21615136444239258,"MV3":0.5664139687608818,"CH1":0.3701459366821861}