{"MV1":0.7639162881756559,"MV3":0.9371224093916312,"CH1":0.9029709034437802}