{"MV1":0.6634058628360846,"MV3":0.11981828491327418,"CH1":0.3026234891610099}