{"MV1":0.6326783613678464,"MV3":0.7418305218615123,"CH1":0.23806106034942243}