{"MV1":0.4300879368105034,"MV3":0.8768034457819212,"CH1":0.20207651590139497}