{"MV1":0.7220370115808479,"MV3":0.5726604949876749,"CH1":0.9265516664857107}