{"MV1":0.7202179694531365,"MV3":0.4615290654887758,"CH1":0.10181229981412265}