{"MV1":0.12339341702689255,"MV3":0.09277147864823043,"CH1":0.8491467348615065}