{"MV1":0.07412767233928996,"MV3":0.956333966803088,"CH1":0.9922031280545225}