{"MV1":0.3543801592637219,"MV3":0.6562917417016767,"CH1":0.4140641102649001}