{"MV1":0.14808888060031256,"MV3":0.6447009723699595,"CH1":0.9734442890630565}