{"MV1":0.38044626305819074,"MV3":0.9809714852487551,"CH1":0.5218181610389631}