{"MV1":0.30620881561299207,"MV3":0.056837935665268624,"CH1":0.025927973245790326}