{"MV1":0.5051956294330384,"MV3":0.6335518636081535,"CH1":0.12780453044648565}