{"MV1":0.6376945814592301,"MV3":0.23275019575336853,"CH1":0.700858149778679}