{"MV1":0.1511954400060318,"MV3":0.20733964476735012,"CH1":0.8003438843716958}