{"MV1":0.7171659559962732,"MV3":0.27701136320080566,"CH1":0.35724890478001137}