{"MV1":0.3800231917127752,"MV3":0.7093745069806561,"CH1":0.7695057391523045}