{"MV1":0.6356991427305533,"MV3":0.1261807806668549,"CH1":0.29508809376087486}