{"MV1":0.3178156804700558,"MV3":0.1771571202734573,"CH1":0.4789336879478213}