{"MV1":0.09555729486310016,"MV3":0.7958161474572439,"CH1":0.8350538760572662}