{"MV1":0.7278143870202334,"MV3":0.7313516806676243,"CH1":0.5164940770763595}