{"MV1":0.775283911554086,"MV3":0.9097349072984801,"CH1":0.5944665297766538}