{"MV1":0.09306513063635191,"MV3":0.13479575796357535,"CH1":0.09258776102965982}