{"MV1":0.42232316317398577,"MV3":0.15314616963879624,"CH1":0.7781191407235505}