{"MV1":0.08552134123118915,"MV3":0.2545689955213034,"CH1":0.15399428494603162}