{"MV1":0.5460807001277888,"MV3":0.42399216196730916,"CH1":0.6034318719341994}