{"MV1":0.2658339226732048,"MV3":0.8004197745197354,"CH1":0.22161806407767926}