{"MV1":0.6391641381312402,"MV3":0.8625252797811745,"CH1":0.25265322705839266}