{"MV1":0.03641747386276939,"MV3":0.07459763787796625,"CH1":0.09650072043796609}