{"MV1":0.4310317831658904,"MV3":0.7394066327453283,"CH1":0.9645931186355746}