{"MV1":0.7151375597605681,"MV3":0.5777221926237607,"CH1":0.8859498617470472}