{"MV1":0.13258289014104196,"MV3":0.9838786475860364,"CH1":0.4801010946237423}