{"MV1":0.5155356803749085,"MV3":0.3618683143263688,"CH1":0.5626371169938141}