{"MV1":0.7099303854822416,"MV3":0.9309074243238726,"CH1":0.07728671227850303}