{"MV1":0.7289343495259513,"MV3":0.42003754446272257,"CH1":0.6652117260437018}