{"MV1":0.8606371723034876,"MV3":0.9611706945803965,"CH1":0.730477603374479}