{"MV1":0.2873305429171287,"MV3":0.2324016572365758,"CH1":0.4922251832076614}