{"MV1":0.6383032010735016,"MV3":0.04744528789345259,"CH1":0.02347552289372523}