{"MV1":0.6403671293109566,"MV3":0.4727568499106626,"CH1":0.26305330787550485}