{"MV1":0.5876978237246632,"MV3":0.06414024760568804,"CH1":0.809466319697228}