{"MV1":0.8772436662719175,"MV3":0.7134713823844078,"CH1":0.8665847238504817}