{"MV1":0.4130614200961945,"MV3":0.4593403257394255,"CH1":0.1397454237496446}