{"MV1":0.633573225108761,"MV3":0.2278350668471535,"CH1":0.3013801214359585}