{"MV1":0.7077089658996731,"MV3":0.7702907834030144,"CH1":0.06624985248922988}