{"MV1":0.31387986502457643,"MV3":0.3492273456951319,"CH1":0.8841879366807539}