{"MV1":0.4514044062813669,"MV3":0.4680048860008601,"CH1":0.9087282464024219}