{"MV1":0.578191185976601,"MV3":0.4962072155910726,"CH1":0.07085728084667553}