{"MV1":0.10514665317627514,"MV3":0.693712727668704,"CH1":0.07130057951440905}