{"MV1":0.789172694186554,"MV3":0.45897905658492943,"CH1":0.9380550021218391}