{"MV1":0.4747110003028988,"MV3":0.08413726092947216,"CH1":0.6715818348652655}