{"MV1":0.9109292638247074,"MV3":0.37287509043097067,"CH1":0.24073201582447912}