{"MV1":0.50215210199541,"MV3":0.8891463147562417,"CH1":0.692721074889579}