{"MV1":0.030292519250736505,"MV3":0.9332673117749132,"CH1":0.7823369941735352}