{"MV1":0.6926186614701422,"MV3":0.30934929562560554,"CH1":0.336374136306683}