{"MV1":0.7798243782538422,"MV3":0.47385951690643124,"CH1":0.9326656213748391}