{"MV1":0.07046059260348214,"MV3":0.7121276472385184,"CH1":0.8491421746603356}