{"MV1":0.8190092383100529,"MV3":0.6449831189795832,"CH1":0.004466017058237903}