{"MV1":0.7940243871604525,"MV3":0.526758741036221,"CH1":0.12810826750090043}