{"MV1":0.3697927591651704,"MV3":0.8173317832230322,"CH1":0.6264332783102348}