{"MV1":0.4232119154124433,"MV3":0.3915331436782611,"CH1":0.9050348406468415}