{"MV1":0.2994989644586584,"MV3":0.3404864823699125,"CH1":0.65940271977808}