{"MV1":0.1655204377860191,"MV3":0.30887160459671226,"CH1":0.6632804993244581}