{"MV1":0.0009224162097207778,"MV3":0.7521988476947502,"CH1":0.9710896871830779}