{"MV1":0.2651350046707256,"MV3":0.666280146362703,"CH1":0.5992950728503621}