{"MV1":0.670509931654139,"MV3":0.8116009828085534,"CH1":0.4110006816808789}