{"MV1":0.12874168387341045,"MV3":0.46458863295130326,"CH1":0.984885983785485}