{"MV1":0.7301330230106564,"MV3":0.26159281775433574,"CH1":0.07731242732510257}