{"MV1":0.1359452608303191,"MV3":0.7412294561223026,"CH1":0.6354545613615191}