{"MV1":0.0003089322709651787,"MV3":0.4625364862786222,"CH1":0.5924053591447819}