{"MV1":0.37308371172381183,"MV3":0.1690434702932433,"CH1":0.24703788970254648}