{"MV1":0.13175418118882432,"MV3":0.6736957002688304,"CH1":0.7102207046412378}