{"MV1":0.07643456357085365,"MV3":0.9880520987725527,"CH1":0.06414105173211126}