{"MV1":0.5694947982665328,"MV3":0.9125372044192833,"CH1":0.5291308722953723}