{"MV1":0.5917096123098654,"MV3":0.09357934258918199,"CH1":0.40654134657403584}