{"MV1":0.9590403480595031,"MV3":0.5477700967741507,"CH1":0.5502601855692667}