{"MV1":0.3315298642989438,"MV3":0.6865631209408963,"CH1":0.42555284398856885}