{"MV1":0.18824563190479593,"MV3":0.3855966011734804,"CH1":0.6264087672216161}