{"MV1":0.7386389418616733,"MV3":0.2780447465419048,"CH1":0.9924898810014267}