{"MV1":0.027536250187919165,"MV3":0.11014455314508786,"CH1":0.29778001512933727}