{"MV1":0.7195768137582532,"MV3":0.9403160984276553,"CH1":0.030747033692805625}