{"MV1":0.06193325031370678,"MV3":0.5732476484328533,"CH1":0.31955487896737444}