{"MV1":0.3101308473532495,"MV3":0.0375975931083824,"CH1":0.04856460769535187}