{"MV1":0.515153873160545,"MV3":0.32200962233436936,"CH1":0.23221033795181023}