{"MV1":0.11643704503050145,"MV3":0.5140980177836403,"CH1":0.8994002598054407}