{"MV1":0.8556675540924754,"MV3":0.05608972095116571,"CH1":0.4979952521466602}