{"MV1":0.5418382098060244,"MV3":0.7024233380459409,"CH1":0.9419069771992831}