{"MV1":0.6315595399042758,"MV3":0.8106003812379464,"CH1":0.06874135752984656}