{"MV1":0.9025901850603308,"MV3":0.7605128154988082,"CH1":0.7272001835092787}