{"MV1":0.695451708256876,"MV3":0.3455138781870347,"CH1":0.9275063509404831}