{"MV1":0.7287099119157981,"MV3":0.03957962962119754,"CH1":0.17780491176682545}