{"MV1":0.41459083626013493,"MV3":0.09062958837924506,"CH1":0.03240294456379622}