{"MV1":0.3664817643950715,"MV3":0.5031287630904885,"CH1":0.15746662620665086}