{"MV1":0.8825330658629555,"MV3":0.9198613616791738,"CH1":0.8510374523974372}