{"MV1":0.5019248832194828,"MV3":0.8108418260818424,"CH1":0.7016803144138796}