{"MV1":0.5125958542132177,"MV3":0.9188306288806859,"CH1":0.23845924717717382}