{"MV1":0.21768832817999473,"MV3":0.5539395894033519,"CH1":0.5023916596803178}