{"MV1":0.8276010672337175,"MV3":0.4393103799785367,"CH1":0.1267501408473254}