{"MV1":0.788987301791964,"MV3":0.35155014821474995,"CH1":0.16246945590201156}