{"MV1":0.922623027846362,"MV3":0.01348528290434936,"CH1":0.7045719549460908}