{"MV1":0.002700993141438457,"MV3":0.2517916438007264,"CH1":0.636461416699024}