{"MV1":0.2561118443113237,"MV3":0.15712484411252226,"CH1":0.08693262388710032}