{"MV1":0.8992491588988624,"MV3":0.03970428838568396,"CH1":0.7925670562961052}