{"MV1":0.9296111570400304,"MV3":0.15476969797153584,"CH1":0.918370161312591}