{"MV1":0.7418175639583633,"MV3":0.79856938597293,"CH1":0.6524160038875733}