{"MV1":0.7835708979725096,"MV3":0.6097906723136124,"CH1":0.6738481274199172}