{"MV1":0.2664497687659776,"MV3":0.7693271931581986,"CH1":0.4899432736403061}