{"MV1":0.7246374293671124,"MV3":0.8390650128243897,"CH1":0.3926222026196573}