{"MV1":0.067429681039332,"MV3":0.09542566734695301,"CH1":0.698042903718057}