{"MV1":0.7008682040956037,"MV3":0.4919307538713613,"CH1":0.20560707200879869}