{"MV1":0.9553103559845392,"MV3":0.8831026542054996,"CH1":0.13137077343757797}