{"MV1":0.371304476111611,"MV3":0.8625731125900129,"CH1":0.24695824753346585}