{"MV1":0.5419592917898564,"MV3":0.1470100466962181,"CH1":0.6189033207297798}