{"MV1":0.5665475401350812,"MV3":0.03846330332524217,"CH1":0.6720852889511886}