{"MV1":0.24505721012346948,"MV3":0.013230272625728956,"CH1":0.37138354183311717}