{"MV1":0.3582548917757904,"MV3":0.162638923908886,"CH1":0.8812800929689076}