{"MV1":0.7381230082418604,"MV3":0.9880062710180587,"CH1":0.5008572022038449}