{"MV1":0.2504468008052618,"MV3":0.03483070445130543,"CH1":0.0658933945162522}