{"MV1":0.45630208910219716,"MV3":0.6637117248526291,"CH1":0.32353255369662726}