{"MV1":0.6867744621008743,"MV3":0.4927281180023144,"CH1":0.6574646708494849}