{"MV1":0.5490473119319309,"MV3":0.873063457608003,"CH1":0.155810909243132}