{"MV1":0.24705457084801175,"MV3":0.4352232138721651,"CH1":0.050231795305084925}