{"MV1":0.5960953030908553,"MV3":0.46490101126995587,"CH1":0.014257527270384762}