{"MV1":0.7931189325039564,"MV3":0.6536097539866781,"CH1":0.6185758502745857}