{"MV1":0.06843118344468024,"MV3":0.5096031497790922,"CH1":0.8884377981291124}