{"MV1":0.9518063927328212,"MV3":0.3347682970380541,"CH1":0.4696662971765011}