{"MV1":0.6535344955975764,"MV3":0.3389564043013825,"CH1":0.09558655865677479}