{"MV1":0.9847997447445652,"MV3":0.9181545564643038,"CH1":0.5878007787813808}