{"MV1":0.5192852142668839,"MV3":0.5275767586824474,"CH1":0.3001787048137178}