{"MV1":0.4231567481236065,"MV3":0.7017675893068372,"CH1":0.7382480695471876}