{"MV1":0.14651729652216783,"MV3":0.49907412330005996,"CH1":0.09927196947691341}