{"MV1":0.514326999585906,"MV3":0.2118388394528986,"CH1":0.6977376799438536}