{"MV1":0.12316588887102975,"MV3":0.6992467185571962,"CH1":0.0018233218417151864}