{"MV1":0.17728982060761644,"MV3":0.9561960425661058,"CH1":0.13610994117342268}