{"MV1":0.570206893008876,"MV3":0.18889999835746218,"CH1":0.9011932856997942}