{"MV1":0.5353015997760092,"MV3":0.08599227670588538,"CH1":0.8316096872339533}