{"MV1":0.9147564742095929,"MV3":0.29871738976273765,"CH1":0.5695695731098012}