{"MV1":0.10157981000747818,"MV3":0.8991533959383193,"CH1":0.7571764591908039}