{"MV1":0.841037143633709,"MV3":0.6411375422005312,"CH1":0.09741389021570046}