{"MV1":0.8760002914929391,"MV3":0.5641256998396922,"CH1":0.7281977055488991}