{"MV1":0.41313244056883736,"MV3":0.22792915241038603,"CH1":0.49234678163290857}