{"MV1":0.11710695832498408,"MV3":0.4333434605361295,"CH1":0.35089796596888}