{"MV1":0.07042515631435353,"MV3":0.5937827956806572,"CH1":0.07001199631055455}