{"MV1":0.2651047629048535,"MV3":0.19189991532961836,"CH1":0.33912563631375414}