{"MV1":0.23012397665379458,"MV3":0.6148150812146297,"CH1":0.47705389856468006}