{"MV1":0.3821344463212044,"MV3":0.38056266512040693,"CH1":0.8901459598703331}