{"MV1":0.727147795471456,"MV3":0.14076846925668163,"CH1":0.7565237042490867}