{"MV1":0.517898159958558,"MV3":0.8954114949675517,"CH1":0.7564421922520356}