{"MV1":0.5151004770994104,"MV3":0.20359239853638278,"CH1":0.9902393298972485}