{"MV1":0.37257465359942843,"MV3":0.009690559748477323,"CH1":0.15994206672475975}