{"MV1":0.6367543223230608,"MV3":0.28616113500615614,"CH1":0.4250137885425629}