{"MV1":0.8061503954827343,"MV3":0.8726850459827586,"CH1":0.9147672760419019}