{"MV1":0.8963897137809503,"MV3":0.5741591211562522,"CH1":0.8114939030960148}