{"MV1":0.6040410192879314,"MV3":0.42814914068563703,"CH1":0.20107554158640606}