{"MV1":0.11614495475709785,"MV3":0.6483193596148124,"CH1":0.4353123714312491}