{"MV1":0.9161659975903323,"MV3":0.31947780216629373,"CH1":0.03629816389187435}