{"MV1":0.578130783761743,"MV3":0.11462896449122695,"CH1":0.38553204259315443}