{"MV1":0.29365562506886234,"MV3":0.15265158572732596,"CH1":0.17117664631086338}