{"MV1":0.3856931786095341,"MV3":0.8601655323955778,"CH1":0.8808064929561178}