{"MV1":0.678938035476075,"MV3":0.03339296861677166,"CH1":0.03225474709396148}