{"MV1":0.5903750621974807,"MV3":0.04050927379171587,"CH1":0.9462660262501306}