{"MV1":0.4567548506510274,"MV3":0.7367401900396879,"CH1":0.20726462920876387}