{"MV1":0.3044995310465697,"MV3":0.28800131405461316,"CH1":0.34799884895698674}