{"MV1":0.5628576999691479,"MV3":0.7285494381110957,"CH1":0.724546164348596}