{"MV1":0.21334285680394527,"MV3":0.7720830654471071,"CH1":0.4029930546277867}