{"MV1":0.8291647942521455,"MV3":0.01696000751249216,"CH1":0.05873580830080383}