{"MV1":0.11409361258001782,"MV3":0.4060886150812907,"CH1":0.783630046408879}