{"MV1":0.20002225442533772,"MV3":0.7070543780296387,"CH1":0.6325124782637148}