{"MV1":0.17490266518452424,"MV3":0.9507576151411231,"CH1":0.5267473974842489}