{"MV1":0.7689333753006826,"MV3":0.8914296326009706,"CH1":0.5743503670224408}