{"MV1":0.5128125405480114,"MV3":0.03272843326026176,"CH1":0.7429434314112939}