{"MV1":0.35786584423211676,"MV3":0.7576963874219456,"CH1":0.8556443709220368}