{"MV1":0.31962435289992097,"MV3":0.37362018551855414,"CH1":0.3512571807724816}