{"MV1":0.05080583869031807,"MV3":0.1607817141945348,"CH1":0.816385222054783}