{"MV1":0.11997043556940545,"MV3":0.31965846351673255,"CH1":0.40360078570174907}