{"MV1":0.10299247181245852,"MV3":0.8549407147146528,"CH1":0.3085046172335234}