{"MV1":0.7324550955683113,"MV3":0.18306377229364124,"CH1":0.4087210295965976}