{"MV1":0.2115267944018081,"MV3":0.3958229547580089,"CH1":0.012271643469891735}