{"MV1":0.3097755735004154,"MV3":0.9320680461358944,"CH1":0.3715366698760344}