{"MV1":0.052101018964819446,"MV3":0.44531494707837416,"CH1":0.15758483410238489}