{"MV1":0.9431371267244139,"MV3":0.3940504574132818,"CH1":0.7914593145879941}