{"MV1":0.10802227786243912,"MV3":0.4767841917292315,"CH1":0.5681978288078986}