{"MV1":0.7998800065939494,"MV3":0.23294716712051433,"CH1":0.7483958773696371}