{"MV1":0.31180028462631704,"MV3":0.8663239116575124,"CH1":0.3727906052872729}