{"MV1":0.1232941270760125,"MV3":0.9338335163561715,"CH1":0.8381010444596732}