{"MV1":0.2890208730656755,"MV3":0.6735863279595065,"CH1":0.9434971045666872}