{"MV1":0.7411037576581267,"MV3":0.500967365130182,"CH1":0.789873887963707}