{"MV1":0.42553213467969464,"MV3":0.2921614479041762,"CH1":0.5275242721408325}