{"MV1":0.17321767883852068,"MV3":0.850229551323018,"CH1":0.2748790827661445}