{"MV1":0.28223351524396945,"MV3":0.01570592418720873,"CH1":0.8558082541318089}