{"MV1":0.7567231895507738,"MV3":0.034973482001984246,"CH1":0.306441125606308}