{"MV1":0.16000829155048257,"MV3":0.5457154373904969,"CH1":0.4993547686076196}