{"MV1":0.36776896934910286,"MV3":0.8914262153430749,"CH1":0.9076340491112816}