{"MV1":0.6594438167915236,"MV3":0.38425455580615087,"CH1":0.40373593971563826}