{"MV1":0.4594198554789868,"MV3":0.6294234083339054,"CH1":0.6028738532219845}