{"MV1":0.5072511666661731,"MV3":0.6117889856386769,"CH1":0.9488949364535028}