{"MV1":0.44545557942968184,"MV3":0.6161610508677748,"CH1":0.04759731940428835}