{"MV1":0.8981021110364555,"MV3":0.9802972992752049,"CH1":0.9061302599815328}