{"MV1":0.6264373255611495,"MV3":0.8098170486313058,"CH1":0.8822715563152015}