{"MV1":0.7965689159704824,"MV3":0.5946990804679384,"CH1":0.2455594730073295}