{"MV1":0.45418144158426876,"MV3":0.0973631544944743,"CH1":0.7754700498631222}