{"MV1":0.5296456832353945,"MV3":0.5372426452973629,"CH1":0.663780865386729}