{"MV1":0.8151955354781992,"MV3":0.14996868902554594,"CH1":0.9601120462092714}