{"MV1":0.01158563606798746,"MV3":0.1426455674025281,"CH1":0.18438402937526044}