{"MV1":0.47209254768880404,"MV3":0.017764670214813538,"CH1":0.2830080373642926}