{"MV1":0.40533156874906007,"MV3":0.09957233871184168,"CH1":0.31415113708605547}