{"MV1":0.42739701904935223,"MV3":0.24036498330194767,"CH1":0.9927630618926626}