{"MV1":0.6336801211691333,"MV3":0.8455927880967534,"CH1":0.9743196279370757}