{"MV1":0.779658810972463,"MV3":0.24799431094781332,"CH1":0.7765014527315773}