{"MV1":0.49536072418888044,"MV3":0.8819194687877595,"CH1":0.2698107258492911}