{"MV1":0.3654396689694682,"MV3":0.9852541941172331,"CH1":0.873972082401931}