{"MV1":0.13461766884156312,"MV3":0.6787760333957428,"CH1":0.91073205385898}