{"MV1":0.13858771449803275,"MV3":0.8014189781575521,"CH1":0.12982243149283235}