{"MV1":0.17616959838295554,"MV3":0.0006736284044563945,"CH1":0.8495059084764871}