{"MV1":0.16933679048718397,"MV3":0.7993940130187633,"CH1":0.8424271246918265}