{"MV1":0.213579823280723,"MV3":0.8992780572881548,"CH1":0.6756903863379663}