{"MV1":0.9839368518147734,"MV3":0.38596867825752756,"CH1":0.45484876107371075}