{"MV1":0.19581151511042583,"MV3":0.7741029550075744,"CH1":0.7038609233974946}