{"MV1":0.5674785090944516,"MV3":0.9346150510917403,"CH1":0.8478831178059684}