{"MV1":0.2672112797660692,"MV3":0.6082769253857203,"CH1":0.7949819214245224}