{"MV1":0.5132438790211328,"MV3":0.8550188961611812,"CH1":0.9428029556958504}