{"MV1":0.27499726726669327,"MV3":0.2871814433118408,"CH1":0.2839699759135331}