{"MV1":0.12220857801629215,"MV3":0.5307658500243364,"CH1":0.7475249615285016}