{"MV1":0.9345105908940256,"MV3":0.42522116037276025,"CH1":0.6452302533192795}