{"MV1":0.2457297601190792,"MV3":0.04518544652547096,"CH1":0.09130141256274615}