{"MV1":0.9131831555697248,"MV3":0.3457863542834452,"CH1":0.3044823361846134}