{"MV1":0.9212563189716836,"MV3":0.8833377982453879,"CH1":0.4487588132487016}