{"MV1":0.31794195561028527,"MV3":0.6824316525968599,"CH1":0.6008124148287336}