{"MV1":0.6179114808680365,"MV3":0.12166165863265854,"CH1":0.1259948565225738}