{"MV1":0.20944578505780442,"MV3":0.7700154290652053,"CH1":0.10526921151527335}