{"MV1":0.590114724053327,"MV3":0.18600383400197806,"CH1":0.3426978721821281}