{"MV1":0.8482326942053211,"MV3":0.2347549981173107,"CH1":0.9176415549226737}