{"MV1":0.8606069488992718,"MV3":0.9209715737496857,"CH1":0.032371480777146466}