{"MV1":0.6785677418156533,"MV3":0.6388006189107291,"CH1":0.017921541480735104}