{"MV1":0.5110195048325287,"MV3":0.2840851066636183,"CH1":0.36797043220224357}