{"MV1":0.7868223379742315,"MV3":0.8617744188119124,"CH1":0.587495736422913}