{"MV1":0.7949872277967774,"MV3":0.92605280345189,"CH1":0.47126046207356054}