{"MV1":0.23954496827352678,"MV3":0.8479570495533787,"CH1":0.6898220524148492}