{"MV1":0.39438764480054456,"MV3":0.2276742740234423,"CH1":0.4963681526709337}