{"MV1":0.5347407922944185,"MV3":0.8427980739334875,"CH1":0.8372506839064608}