{"MV1":0.030529956132627212,"MV3":0.9438982158054877,"CH1":0.2967294583464779}