{"MV1":0.15501504971200453,"MV3":0.1557178399794633,"CH1":0.057493664306113246}