{"MV1":0.8941256999094233,"MV3":0.5043018260753737,"CH1":0.604246021729726}