{"MV1":0.6495002536909914,"MV3":0.3495917228691128,"CH1":0.5413237781668113}