{"MV1":0.12608240376191238,"MV3":0.7586195113089974,"CH1":0.6596825225596961}