{"MV1":0.9485005304502493,"MV3":0.7977705373608313,"CH1":0.7844097476676908}