{"MV1":0.3006242106396164,"MV3":0.41715524101348833,"CH1":0.10312544198550111}