{"MV1":0.12034484653335364,"MV3":0.10866727903676676,"CH1":0.800971817109915}