{"MV1":0.16591389161064907,"MV3":0.21502423371109303,"CH1":0.3367370881217191}