{"MV1":0.14193406652067708,"MV3":0.6260278360145727,"CH1":0.03903368206522495}