{"MV1":0.18556451174452737,"MV3":0.6000158594051701,"CH1":0.8878772016019288}