{"MV1":0.5998897464178063,"MV3":0.24047086689263997,"CH1":0.43905917660404736}