{"MV1":0.29700218474133533,"MV3":0.10687877101778531,"CH1":0.5384304791544113}