{"MV1":0.17964053158118765,"MV3":0.3025439869787925,"CH1":0.4325878023705053}