{"MV1":0.5557122997289761,"MV3":0.3193296219112537,"CH1":0.015449052684404108}