{"MV1":0.8711374238215834,"MV3":0.45335178221194183,"CH1":0.6034376374245691}