{"MV1":0.9181654457536932,"MV3":0.07865433989427528,"CH1":0.13733705886526093}