{"MV1":0.7983195859277885,"MV3":0.09065262567607257,"CH1":0.16226061285196347}