{"MV1":0.9999573852302953,"MV3":0.25810286939102933,"CH1":0.8569291126763121}