{"MV1":0.724370161112779,"MV3":0.07486298257275903,"CH1":0.4208615581452787}