{"MV1":0.2583237818681722,"MV3":0.306999721993942,"CH1":0.09879138214642735}