{"MV1":0.5932574398037795,"MV3":0.3079797684286245,"CH1":0.4475616314963371}