{"MV1":0.9327788765358802,"MV3":0.3464001694415544,"CH1":0.5819669567609047}