{"MV1":0.06878866829608288,"MV3":0.25378428228290817,"CH1":0.47628485137232457}