{"MV1":0.12188382072166937,"MV3":0.14158339966848899,"CH1":0.16786424077572437}