{"MV1":0.02646173388044981,"MV3":0.05711413592130865,"CH1":0.7130816734289592}