{"MV1":0.254956840242493,"MV3":0.46513835754808075,"CH1":0.6661384415971123}