{"MV1":0.42204139777339944,"MV3":0.3562766338284108,"CH1":0.9067448014205435}