{"MV1":0.9912584167792996,"MV3":0.001112980978177247,"CH1":0.8440067174979046}