{"MV1":0.04032260385435882,"MV3":0.4279107014825825,"CH1":0.9586351817291595}