{"MV1":0.8071110796657157,"MV3":0.11512390658961058,"CH1":0.9430213913273645}