{"MV1":0.06482592240762486,"MV3":0.8483662719083273,"CH1":0.889993203199216}