{"MV1":0.20364365840986975,"MV3":0.8153241722061126,"CH1":0.6847124694659384}