{"MV1":0.6472527238661594,"MV3":0.5693361522413091,"CH1":0.0832464180816408}