{"MV1":0.4466512617240206,"MV3":0.6790319864896761,"CH1":0.6379273441288178}