{"MV1":0.5344920276260543,"MV3":0.23545483665117284,"CH1":0.6978175930436893}