{"MV1":0.30965206614638163,"MV3":0.3200192896938997,"CH1":0.4777072391860462}