{"MV1":0.6830700955603474,"MV3":0.49661208046830085,"CH1":0.815113209651448}