{"MV1":0.935680290792509,"MV3":0.18126246039248062,"CH1":0.34481618011882365}