{"MV1":0.9082671486566678,"MV3":0.4132270973601343,"CH1":0.9912419152496592}