{"MV1":0.5317290771137406,"MV3":0.11374229563895932,"CH1":0.5742400073846026}