{"MV1":0.6744720020997271,"MV3":0.6723484220772886,"CH1":0.5155101728001893}