{"MV1":0.8455031359645383,"MV3":0.41755919122762186,"CH1":0.12792641605295862}