{"MV1":0.9488422518972189,"MV3":0.7687479001669956,"CH1":0.9350763761203356}