{"MV1":0.19563798891427575,"MV3":0.6467596249699442,"CH1":0.3747683803372598}