{"MV1":0.3666104779268259,"MV3":0.33421978239468564,"CH1":0.08159667762228151}