{"MV1":0.5369634408889793,"MV3":0.1874652275969867,"CH1":0.46598938299362336}