{"MV1":0.44027864921244664,"MV3":0.047460761673968954,"CH1":0.792923390748008}