{"MV1":0.4898004993460323,"MV3":0.10761256098845462,"CH1":0.49077158531500986}