{"MV1":0.961952356508359,"MV3":0.9848605991233423,"CH1":0.33959753669510795}