{"MV1":0.5555920538914307,"MV3":0.39681508793495457,"CH1":0.8723879431609534}