{"MV1":0.0468337019985402,"MV3":0.6159154279796195,"CH1":0.6976157701764635}