{"MV1":0.6575132217290858,"MV3":0.9312896463912326,"CH1":0.6178711126133443}