{"MV1":0.597730007458016,"MV3":0.08953292630501042,"CH1":0.5534978489036255}