{"MV1":0.8984124822823001,"MV3":0.37475491961909435,"CH1":0.840093459530549}