{"MV1":0.22057703539567342,"MV3":0.35148245637563247,"CH1":0.7333563617745721}