{"MV1":0.5558983091810127,"MV3":0.10011613821842757,"CH1":0.6251092578166246}