{"MV1":0.9497769813858441,"MV3":0.20377806059340486,"CH1":0.5124817411987649}