{"MV1":0.425824634895526,"MV3":0.652081756201431,"CH1":0.7532054544022977}