{"MV1":0.34739184428289904,"MV3":0.8410542075990295,"CH1":0.0043862998355279625}