{"MV1":0.30922867314707747,"MV3":0.8461788771254973,"CH1":0.9640836261143902}