{"MV1":0.06968692732040982,"MV3":0.9176685792210773,"CH1":0.7785741401793186}