{"MV1":0.9350350167374215,"MV3":0.012606426683600569,"CH1":0.015844156823816125}