{"MV1":0.715602386734719,"MV3":0.8468503660574696,"CH1":0.4003240965834942}