{"MV1":0.2608612793783627,"MV3":0.12620619984049686,"CH1":0.4533133477392449}