{"MV1":0.18623230469564933,"MV3":0.9336188853861325,"CH1":0.32465763023352123}