{"MV1":0.7307485374885861,"MV3":0.2557193673987249,"CH1":0.48029753241627626}