{"MV1":0.8679851565239848,"MV3":0.7945996124892225,"CH1":0.9173327889170164}