{"MV1":0.7974242029024324,"MV3":0.7111770916692305,"CH1":0.9348879971585052}