{"MV1":0.12418977630456107,"MV3":0.23825951070257245,"CH1":0.3714605223963191}