{"MV1":0.42686602198166346,"MV3":0.31898827721802747,"CH1":0.020035884000693893}