{"MV1":0.23377419792698195,"MV3":0.19318166333257514,"CH1":0.13447201648263096}