{"MV1":0.8855533559624665,"MV3":0.2979543891905301,"CH1":0.8659979181342021}