{"MV1":0.319002432838971,"MV3":0.5311121806434842,"CH1":0.24333486428806905}