{"MV1":0.17342305301250394,"MV3":0.19956041836589233,"CH1":0.6165788144251972}