{"MV1":0.34844341446336324,"MV3":0.050405818258068225,"CH1":0.05048402875869218}