{"MV1":0.14215435932285891,"MV3":0.49466199286459334,"CH1":0.40702840235336946}