{"MV1":0.2491540871656347,"MV3":0.9884735431025033,"CH1":0.29216377632005164}