{"MV1":0.7440093031717677,"MV3":0.9805224595967967,"CH1":0.00046224788807713857}