{"MV1":0.16761611865176818,"MV3":0.784335496136103,"CH1":0.9943096635306258}