{"MV1":0.06210600584046588,"MV3":0.9423477669638,"CH1":0.17290509559880485}