{"MV1":0.19657863316452073,"MV3":0.9513906817773822,"CH1":0.21495951434791238}