{"MV1":0.2457540154445481,"MV3":0.9606845964962835,"CH1":0.8566937321208101}