{"MV1":0.6252398487159136,"MV3":0.22540679358056837,"CH1":0.5996124282191109}