{"MV1":0.5070913983165092,"MV3":0.5709448905298387,"CH1":0.7310080661084467}