{"MV1":0.3292057182698387,"MV3":0.5824616609485107,"CH1":0.7604736286356504}