{"MV1":0.9369685525810667,"MV3":0.7895888282985074,"CH1":0.46658563379560714}