{"MV1":0.5986881833572335,"MV3":0.2360291882487643,"CH1":0.44667909384173443}