{"MV1":0.9551374555416146,"MV3":0.3525146993169336,"CH1":0.6149747256818339}