{"MV1":0.7333113163305016,"MV3":0.8599426531094176,"CH1":0.5619232015214324}