{"MV1":0.21442377412868896,"MV3":0.6737515673464578,"CH1":0.1905896787593293}