{"MV1":0.022636723725444785,"MV3":0.760305648879521,"CH1":0.2419129209275569}