{"MV1":0.9182138780729171,"MV3":0.3354550716138779,"CH1":0.6271144415761032}