{"MV1":0.4466355361393215,"MV3":0.7143604170467795,"CH1":0.7950010674913233}