{"MV1":0.8520128270751656,"MV3":0.5394167555719092,"CH1":0.988218699765005}