{"MV1":0.3556635636091553,"MV3":0.6173174307752719,"CH1":0.2553381763299757}