{"MV1":0.06894809469571239,"MV3":0.8350210194693021,"CH1":0.08964415727928698}