{"MV1":0.6674479823029078,"MV3":0.6291840180286546,"CH1":0.31777518940828364}