{"MV1":0.7906943368219671,"MV3":0.35311512070240625,"CH1":0.2861262118474498}