{"MV1":0.6417446517651468,"MV3":0.23144258750952762,"CH1":0.6049089207486543}