{"MV1":0.8478327112520754,"MV3":0.3438329791208614,"CH1":0.4316720121506217}