{"MV1":0.13408301650864696,"MV3":0.5536382640640314,"CH1":0.8769721246687865}