{"MV1":0.721394455117397,"MV3":0.29147116710488974,"CH1":0.4284645877775284}