{"MV1":0.4850625567982436,"MV3":0.9622159300090448,"CH1":0.535176281352591}