{"MV1":0.21847967575187033,"MV3":0.3431496287245569,"CH1":0.02955569001945013}