{"MV1":0.08165159513025455,"MV3":0.6448045712926487,"CH1":0.6732280799193118}