{"MV1":0.37495267396439114,"MV3":0.3572895012507671,"CH1":0.48799121346185936}