{"MV1":0.6148661621303759,"MV3":0.845736470874143,"CH1":0.6442594612905213}