{"MV1":0.6720990012658196,"MV3":0.3772703661764475,"CH1":0.02812078326247147}