{"MV1":0.4031562313415954,"MV3":0.9093321357965788,"CH1":0.30008976980786406}