{"MV1":0.5675567923390036,"MV3":0.9167714122586978,"CH1":0.30368935654934026}