{"MV1":0.6786191134239568,"MV3":0.012308630944774746,"CH1":0.45552377348859663}