{"MV1":0.1059086119793543,"MV3":0.868205922323151,"CH1":0.7786143580164647}