{"MV1":0.5344122537347367,"MV3":0.7157159259838188,"CH1":0.89268900733978}