{"MV1":0.35539460288974756,"MV3":0.932614084117856,"CH1":0.7875581104280442}