{"MV1":0.17617292743890667,"MV3":0.8560289187147985,"CH1":0.2522100248483313}