{"MV1":0.5379979488897959,"MV3":0.8144587255008545,"CH1":0.8377296466280183}