{"MV1":0.10699478435972176,"MV3":0.651819917133856,"CH1":0.9758978501993063}