{"MV1":0.2788346296110249,"MV3":0.9091000475691599,"CH1":0.1703608174982797}