{"MV1":0.18079661883746134,"MV3":0.018367539351476503,"CH1":0.5759017467155751}