{"MV1":0.9826342791633462,"MV3":0.7937047650711985,"CH1":0.9083693913079134}