{"MV1":0.5151307539066301,"MV3":0.28740653288303286,"CH1":0.1633908543497803}