{"MV1":0.16301027167983195,"MV3":0.6173132613807913,"CH1":0.48826999746331523}