{"MV1":0.24827267370356354,"MV3":0.5362495346853531,"CH1":0.46352153839757426}