{"MV1":0.30619817402935634,"MV3":0.928695465749065,"CH1":0.3721664491444988}