{"MV1":0.9084453880380692,"MV3":0.19813828262994637,"CH1":0.8522056904692586}