{"MV1":0.9872434583199309,"MV3":0.4210814808217258,"CH1":0.05645282280925212}