{"MV1":0.20341820048898696,"MV3":0.25813693005859917,"CH1":0.5608545488234596}