{"MV1":0.6630303902811159,"MV3":0.3638551501362678,"CH1":0.288285916471426}