{"MV1":0.7287275185731267,"MV3":0.28867221674328014,"CH1":0.6952209417426003}