{"MV1":0.5417489377725576,"MV3":0.3514025926388159,"CH1":0.4802368791756688}