{"MV1":0.4105663905601915,"MV3":0.10996043602783512,"CH1":0.4174734476960321}