{"MV1":0.751879698534304,"MV3":0.6182824456245226,"CH1":0.8203851376486291}