{"MV1":0.571138092363772,"MV3":0.8744156007929587,"CH1":0.02118055456779888}