{"MV1":0.6349616472745291,"MV3":0.034350277731189816,"CH1":0.32995396184263437}