{"MV1":0.2268006530304839,"MV3":0.5683489708143256,"CH1":0.13395626383354808}