{"MV1":0.800825435700827,"MV3":0.9230730283426618,"CH1":0.8274426585119276}