{"MV1":0.6962352764929076,"MV3":0.6881588282252338,"CH1":0.9719892333089809}