{"MV1":0.3110348888878486,"MV3":0.9613874134603774,"CH1":0.26214621162855867}