{"MV1":0.19606712434597628,"MV3":0.06922612467002331,"CH1":0.7591425952471693}