{"MV1":0.8119240948217135,"MV3":0.3753424643495461,"CH1":0.32155004913493856}