{"MV1":0.9598946746601462,"MV3":0.15358729195459941,"CH1":0.3994764197254024}