{"MV1":0.8318937575603791,"MV3":0.09821971414877007,"CH1":0.20538480476623555}