{"MV1":0.32550088339819494,"MV3":0.639392629315773,"CH1":0.6737266772993717}