{"MV1":0.5090256090077595,"MV3":0.7862222199842782,"CH1":0.19563354277785217}