{"MV1":0.4708850050785851,"MV3":0.16743032695758375,"CH1":0.36408017061852027}