{"MV1":0.1461175500785593,"MV3":0.7835083784338412,"CH1":0.49872363972374745}