{"MV1":0.4797597088916927,"MV3":0.11774226904123553,"CH1":0.4421004941677471}