{"MV1":0.46422954486383283,"MV3":0.27505353690759704,"CH1":0.605163550597545}