{"MV1":0.3657762728036258,"MV3":0.26917329254534317,"CH1":0.3326446948323203}