{"MV1":0.04338474740539544,"MV3":0.7386671766437253,"CH1":0.05328853676662626}