{"MV1":0.5325698836838867,"MV3":0.977987593147524,"CH1":0.8761566002042906}