{"MV1":0.43354043230131956,"MV3":0.21049326980169536,"CH1":0.8865148396600299}