{"MV1":0.40452876983603026,"MV3":0.6375948931001973,"CH1":0.904672559037365}