{"MV1":0.45945333705364233,"MV3":0.12085406954761024,"CH1":0.03937723134821758}