{"MV1":0.3874520912470194,"MV3":0.09059734127995311,"CH1":0.4573521949416143}