{"MV1":0.9208074599917422,"MV3":0.6291319038557445,"CH1":0.7445251394604563}