{"MV1":0.3114106546292139,"MV3":0.621613109152291,"CH1":0.31409747660821774}