{"MV1":0.8987366575483228,"MV3":0.913893935529334,"CH1":0.46526464978277926}