{"MV1":0.9136048171236572,"MV3":0.4214707365521626,"CH1":0.3045816652887776}