{"MV1":0.40115416156799644,"MV3":0.6692450797144338,"CH1":0.22462468265685143}