{"MV1":0.9904601682723676,"MV3":0.27876005814877314,"CH1":0.42928923422450094}