{"MV1":0.18256573222849615,"MV3":0.9948634766538282,"CH1":0.9167045619769836}