{"MV1":0.3819172321754364,"MV3":0.7721439495434156,"CH1":0.5835474081370822}