{"MV1":0.6319493051890266,"MV3":0.2070722316643061,"CH1":0.15790963181477158}