{"MV1":0.37087112943229705,"MV3":0.9098025959513835,"CH1":0.7848329856439888}