{"MV1":0.4544668354902318,"MV3":0.22468328085883837,"CH1":0.37915455353741556}