{"MV1":0.6202952402022861,"MV3":0.09660904204689735,"CH1":0.07269884448280661}