{"MV1":0.2884199475963468,"MV3":0.8207934622459477,"CH1":0.7328027549190214}