{"MV1":0.7155907218588299,"MV3":0.49706668699301915,"CH1":0.9815802343718795}