{"MV1":0.5077624187235666,"MV3":0.9605302904560008,"CH1":0.20422381523077315}