{"MV1":0.12025272553569888,"MV3":0.9381689149245948,"CH1":0.42672027086181463}