{"MV1":0.45649699255943477,"MV3":0.28212757572301195,"CH1":0.47447342654937086}