{"MV1":0.6620944996899998,"MV3":0.20799109251030556,"CH1":0.13193010882379852}