{"MV1":0.40232832660345574,"MV3":0.6047129315589493,"CH1":0.8868243991664949}