{"MV1":0.32673663493978633,"MV3":0.6810032421175066,"CH1":0.7868596880427231}