{"MV1":0.7210906060266268,"MV3":0.4564699171277177,"CH1":0.5273819145803258}