{"MV1":0.10817481130830464,"MV3":0.97892489925801,"CH1":0.491366302129687}