{"MV1":0.6264004346175126,"MV3":0.7459001118892163,"CH1":0.2847331370936612}