{"MV1":0.333888393767365,"MV3":0.6422226869899934,"CH1":0.6103168291082672}