{"MV1":0.8063873436689587,"MV3":0.4488244876710328,"CH1":0.005436404153424834}