{"MV1":0.24394587294650705,"MV3":0.02451006206389894,"CH1":0.6112688187561184}