{"MV1":0.3083740369858655,"MV3":0.4726434124616775,"CH1":0.6738270871026287}