{"MV1":0.5476945347956405,"MV3":0.23770334115263536,"CH1":0.7397898653518705}