{"MV1":0.34127985844006137,"MV3":0.5842348532617475,"CH1":0.26317702916388985}