{"MV1":0.5669089999711968,"MV3":0.8537875239252822,"CH1":0.9770975819579324}