{"MV1":0.6186006103254582,"MV3":0.2743717325314573,"CH1":0.53429233946937}