{"MV1":0.22671146606015924,"MV3":0.879653980175119,"CH1":0.10082673720162516}