{"MV1":0.3702413333590987,"MV3":0.4882914301782404,"CH1":0.6048733898133418}