{"MV1":0.8156779392355539,"MV3":0.45722994073023004,"CH1":0.33948451832853277}