{"MV1":0.8476615105119462,"MV3":0.6834499224676985,"CH1":0.5313642865202256}