{"MV1":0.2925079408805714,"MV3":0.6108722868976548,"CH1":0.8449919672869277}