{"MV1":0.5505782597864609,"MV3":0.8072177564562031,"CH1":0.6551918613579072}