{"MV1":0.64598896225216,"MV3":0.7402529835526934,"CH1":0.3964847260624902}