{"MV1":0.15630162043368478,"MV3":0.7795963761257171,"CH1":0.41776118641192084}