{"MV1":0.3962691906965846,"MV3":0.5846665832628072,"CH1":0.8708919716627886}