{"MV1":0.12533543308139306,"MV3":0.5778687055482172,"CH1":0.8552888691161783}