{"MV1":0.5490408160644414,"MV3":0.32934248531473,"CH1":0.6959693424729385}