{"MV1":0.3018272969992425,"MV3":0.0337572009888194,"CH1":0.5711523023918632}