{"MV1":0.8436204699992179,"MV3":0.11085009775037236,"CH1":0.8143180496448492}