{"MV1":0.9231003893169465,"MV3":0.02299135765786975,"CH1":0.24724756183018115}