{"MV1":0.3088592035323594,"MV3":0.45173320269065775,"CH1":0.8199729890221246}