{"MV1":0.7892801522689826,"MV3":0.8460902729032499,"CH1":0.8080220804849317}