{"MV1":0.8012349411935246,"MV3":0.8669877778452647,"CH1":0.3979959065510136}