{"MV1":0.3533174760553738,"MV3":0.5552864692012043,"CH1":0.6609741904490416}