{"MV1":0.8997106898319198,"MV3":0.9407737934871367,"CH1":0.41171050917824903}