{"MV1":0.0014570073125091954,"MV3":0.5766002124986904,"CH1":0.524736218362816}