{"MV1":0.17192179919539385,"MV3":0.501723031024631,"CH1":0.38706478737532224}