{"MV1":0.5327880159044229,"MV3":0.49985102781480795,"CH1":0.9690140709291569}