{"MV1":0.49563560146868957,"MV3":0.7334469446785482,"CH1":0.698932371132547}