{"MV1":0.3750829415198609,"MV3":0.655834733183516,"CH1":0.30534480849737966}