{"MV1":0.4009134002731244,"MV3":0.8431675421555114,"CH1":0.9613846746296795}