{"MV1":0.3739210953774065,"MV3":0.32418147395085284,"CH1":0.6691347248892124}