{"MV1":0.919348183326394,"MV3":0.25411839818066884,"CH1":0.963215398624927}