{"MV1":0.27777565172390506,"MV3":0.5975478744594955,"CH1":0.7515667425763382}