{"MV1":0.8741642790803804,"MV3":0.4204340190589503,"CH1":0.29861296731108233}