{"MV1":0.11760563159275306,"MV3":0.10065222300723631,"CH1":0.9642311035807507}