{"MV1":0.28945378854929227,"MV3":0.0622508038560301,"CH1":0.9003418793063064}