{"MV1":0.9578528063717513,"MV3":0.7833255406302543,"CH1":0.900004839247199}