{"MV1":0.41135853613623297,"MV3":0.5077607416272313,"CH1":0.5240206830598716}