{"MV1":0.49238151792930474,"MV3":0.3714464351036737,"CH1":0.8100990316695849}