{"MV1":0.49250779474363526,"MV3":0.7729874749051012,"CH1":0.9332459551404473}