{"MV1":0.6091663265716734,"MV3":0.13748478157792654,"CH1":0.29464362863173277}