{"MV1":0.012917303895127685,"MV3":0.5714998987905594,"CH1":0.580984379358886}