{"MV1":0.10084534161029535,"MV3":0.5221988030566209,"CH1":0.7691913471245136}