{"MV1":0.39989238850077724,"MV3":0.7809107437799158,"CH1":0.90877156517957}