{"MV1":0.08541772593629848,"MV3":0.5517017347089603,"CH1":0.76040469168095}