{"MV1":0.44733093654064815,"MV3":0.860020844747382,"CH1":0.695447682974463}