{"MV1":0.6423496085413304,"MV3":0.11687775373305176,"CH1":0.8724173364135377}