{"MV1":0.5718632002016979,"MV3":0.3066530877086434,"CH1":0.17272499875096703}