{"MV1":0.7106057890794932,"MV3":0.3668004027648878,"CH1":0.21735132754717224}