{"MV1":0.9111274389887342,"MV3":0.6699784873184926,"CH1":0.02115148270493794}