{"MV1":0.15862415407547037,"MV3":0.21076535530455487,"CH1":0.5193217961658497}