{"MV1":0.532688735705328,"MV3":0.7814591548134733,"CH1":0.5840046733013572}