{"MV1":0.02552034943398629,"MV3":0.08466939454008571,"CH1":0.9117514798141894}