{"MV1":0.4356937952233866,"MV3":0.5449127930600421,"CH1":0.3973291106059541}