{"MV1":0.6983835789942079,"MV3":0.12955288074965576,"CH1":0.8717893140117122}