{"MV1":0.8450429956313636,"MV3":0.19773602542767088,"CH1":0.5433911519945943}