{"MV1":0.3406179356084579,"MV3":0.8589869170789534,"CH1":0.35930532664289994}