{"MV1":0.15425277730768872,"MV3":0.515172359590726,"CH1":0.5395488335537223}