{"MV1":0.5471498444635158,"MV3":0.7694620244730266,"CH1":0.26368416521489113}