{"MV1":0.22858804268176725,"MV3":0.7156416015540041,"CH1":0.7915918327548004}