{"MV1":0.19968314565810918,"MV3":0.38597209186238235,"CH1":0.9723440577870834}