{"MV1":0.08335150247369472,"MV3":0.9761909302125253,"CH1":0.8841254677125298}