{"MV1":0.38461388038784317,"MV3":0.3133756452366768,"CH1":0.3338640424017155}