{"MV1":0.45785709250685946,"MV3":0.47088938264787306,"CH1":0.2885430731331803}