{"MV1":0.41833728405868764,"MV3":0.9220968512388446,"CH1":0.9925869554774445}