{"MV1":0.7387028600664075,"MV3":0.30348714500341345,"CH1":0.7200623875239678}