{"MV1":0.37848849486355707,"MV3":0.6143886460901801,"CH1":0.9627709193209033}