{"MV1":0.7611799396701958,"MV3":0.5592291823873179,"CH1":0.5682652979379801}