{"MV1":0.0006087704149734252,"MV3":0.7660758990933855,"CH1":0.03715116342400182}