{"MV1":0.08953764234010397,"MV3":0.40979182829146166,"CH1":0.4389102783370127}