{"MV1":0.10333478401713514,"MV3":0.16159874949092157,"CH1":0.6488686086210051}