{"MV1":0.4426097549641296,"MV3":0.1393626649885753,"CH1":0.46301061027306156}