{"MV1":0.26425096982660823,"MV3":0.7601768170120412,"CH1":0.8609864895646165}