{"MV1":0.8028530951318739,"MV3":0.001906995810700307,"CH1":0.030166288374463113}