{"MV1":0.4214728570678675,"MV3":0.3423405946892675,"CH1":0.4148407118675691}