{"MV1":0.24853068603501116,"MV3":0.6399164459286151,"CH1":0.599052996061193}