{"MV1":0.6052549767973,"MV3":0.2653836939643276,"CH1":0.34035508007285586}