{"MV1":0.5717102446720947,"MV3":0.658252164203392,"CH1":0.2743234993195387}