{"MV1":0.10011110528926903,"MV3":0.4200880644856402,"CH1":0.3777322936921552}