{"MV1":0.5835184397676899,"MV3":0.9615303417086077,"CH1":0.9409184842307164}