{"MV1":0.44060020582032766,"MV3":0.13338122984224354,"CH1":0.306793367899445}