{"MV1":0.8547474672121075,"MV3":0.42036335823124193,"CH1":0.8904689924522319}