{"MV1":0.8396003394111213,"MV3":0.6112848721180244,"CH1":0.9744357996809324}