{"MV1":0.8736086255524245,"MV3":0.24456502301777205,"CH1":0.905402760444749}