{"MV1":0.8292630075429813,"MV3":0.015959760394093636,"CH1":0.17874473818364855}