{"MV1":0.6726793661070681,"MV3":0.9176865707861223,"CH1":0.2350497051381819}