{"MV1":0.8720328613833425,"MV3":0.6675286004337981,"CH1":0.12079848115500647}