{"MV1":0.039494542169373315,"MV3":0.5832818736497231,"CH1":0.2818043462937643}