{"MV1":0.5383300731562715,"MV3":0.4620785203808552,"CH1":0.4460301100866868}