{"MV1":0.5344530570242236,"MV3":0.30203807243223146,"CH1":0.06619038894001594}