{"MV1":0.382131086106112,"MV3":0.00945285074105906,"CH1":0.4621976122358996}