{"MV1":0.4551219876980115,"MV3":0.4385464712586927,"CH1":0.1402340287336713}