{"MV1":0.4970513388488632,"MV3":0.21874852957247293,"CH1":0.6665409115390792}