{"MV1":0.18082908504711392,"MV3":0.7286222207359572,"CH1":0.8541177188781531}