{"MV1":0.9980865284548395,"MV3":0.4711711750125216,"CH1":0.4274842175550738}