{"MV1":0.3109949632466287,"MV3":0.27722152772307496,"CH1":0.11444759861922482}