{"MV1":0.7790389774543919,"MV3":0.24207658842128243,"CH1":0.14888061052950474}