{"MV1":0.20117847145028445,"MV3":0.24924417173228686,"CH1":0.5717484073027563}