{"MV1":0.2329661855046995,"MV3":0.017159334997915554,"CH1":0.04783995620407788}