{"MV1":0.330919982952829,"MV3":0.9703009269037552,"CH1":0.9589740811195268}