{"MV1":0.0226698608850201,"MV3":0.615780077323128,"CH1":0.1738237665647585}