{"MV1":0.7488018071781675,"MV3":0.5504636380705928,"CH1":0.41225003571993857}