{"MV1":0.29185621331883305,"MV3":0.1956425471086206,"CH1":0.8239906479135306}