{"MV1":0.6166222583971199,"MV3":0.963476895097273,"CH1":0.10673382564823108}