{"MV1":0.05056415728794339,"MV3":0.9516382918035076,"CH1":0.9990843349816033}