{"MV1":0.7136149703023954,"MV3":0.7280185078146854,"CH1":0.09874282409617396}