{"MV1":0.8810570711266095,"MV3":0.7709379897588451,"CH1":0.026143120956155896}