{"MV1":0.16517669982813654,"MV3":0.6596785605937027,"CH1":0.09989534066047712}