{"MV1":0.016505748539954346,"MV3":0.8712494308728667,"CH1":0.06267782128448063}