{"MV1":0.733071893357298,"MV3":0.41043781859078277,"CH1":0.2894508011024216}