{"MV1":0.09579006147248559,"MV3":0.09339798638202101,"CH1":0.709374465630123}