{"MV1":0.642536944611615,"MV3":0.3152804235978569,"CH1":0.27003319487089716}