{"MV1":0.22031833433878067,"MV3":0.07316201204754125,"CH1":0.2340744558333473}