{"MV1":0.883641087185739,"MV3":0.4237943470634068,"CH1":0.47022641928968534}