{"MV1":0.8301660789629802,"MV3":0.9053409136065345,"CH1":0.9194527449874937}