{"MV1":0.47975200366904913,"MV3":0.529349599231017,"CH1":0.38884839746924693}