{"MV1":0.30319236408349437,"MV3":0.1857074943793785,"CH1":0.7622821687112031}