{"MV1":0.8112879845196955,"MV3":0.8258931950115501,"CH1":0.13752664910282786}