{"MV1":0.557379578684612,"MV3":0.3978703280371466,"CH1":0.1836288103752597}