{"MV1":0.1631285997996782,"MV3":0.49025006058884313,"CH1":0.9020434234011555}