{"MV1":0.037269948695374255,"MV3":0.45155606828902406,"CH1":0.8728234384142871}