{"MV1":0.5412341321067964,"MV3":0.40827783287721786,"CH1":0.8113819555686776}