{"MV1":0.2876124082099487,"MV3":0.35019265144708256,"CH1":0.5515681397736197}