{"MV1":0.5222336100414293,"MV3":0.6605820136047574,"CH1":0.7042096149109492}