{"MV1":0.8380284896838457,"MV3":0.4239019733013708,"CH1":0.27546445735482605}