{"MV1":0.9334686734867189,"MV3":0.8398354130633904,"CH1":0.18723349348452933}