{"MV1":0.15536003432342538,"MV3":0.5588130028440286,"CH1":0.24199419591820615}