{"MV1":0.03506446172578914,"MV3":0.2538676787481421,"CH1":0.0035815626540545153}