{"MV1":0.8640452617520175,"MV3":0.3438120935826732,"CH1":0.7190936545829272}