{"MV1":0.17253548625817294,"MV3":0.15762054642890977,"CH1":0.9049972775212566}