{"MV1":0.15569999554341918,"MV3":0.465201039212915,"CH1":0.6027355068963934}