{"MV1":0.8079329193227512,"MV3":0.24568281296785488,"CH1":0.6328758111909243}