{"MV1":0.5177461306444356,"MV3":0.8932123040379059,"CH1":0.6109060838590972}