{"MV1":0.11214189391864426,"MV3":0.7919111607614403,"CH1":0.17259496037199873}