{"MV1":0.3599289894573725,"MV3":0.7883397848343507,"CH1":0.9180573229920792}