{"MV1":0.23897472332501946,"MV3":0.07992516671299377,"CH1":0.31602364837824615}