{"MV1":0.7830985846183222,"MV3":0.9013749141636651,"CH1":0.1875309834527087}