{"MV1":0.10682668227876546,"MV3":0.28227201319608874,"CH1":0.05256726916645227}