{"MV1":0.32777423476075895,"MV3":0.6256162036679246,"CH1":0.08508175307974741}