{"MV1":0.5679381963428114,"MV3":0.5304066415322615,"CH1":0.20689995785801052}