{"MV1":0.7660087109835828,"MV3":0.6954259317404728,"CH1":0.8292617188140539}