{"MV1":0.6906646989782032,"MV3":0.6446431212333867,"CH1":0.4617221945673561}