{"MV1":0.0033437512849919804,"MV3":0.44205286308138747,"CH1":0.4496977607568249}