{"MV1":0.5933902587166473,"MV3":0.9854263189551179,"CH1":0.819552907476886}