{"MV1":0.2500434152806196,"MV3":0.21046208864816351,"CH1":0.14143054912296815}