{"MV1":0.1466605393910554,"MV3":0.3143261617548162,"CH1":0.3278481520432971}