{"MV1":0.3542181975647959,"MV3":0.16288655117279582,"CH1":0.18723057525861764}