{"MV1":0.18747186265810645,"MV3":0.19971605858169683,"CH1":0.7978144466792265}