{"MV1":0.8957597993967306,"MV3":0.2500491894932667,"CH1":0.6093665579097527}