{"MV1":0.8607989550864512,"MV3":0.5039083915507142,"CH1":0.25760249549376724}