{"MV1":0.014264560520909075,"MV3":0.8274836100540194,"CH1":0.9945038998935356}