{"MV1":0.8600849495212588,"MV3":0.935562278809569,"CH1":0.13648282131654044}