{"MV1":0.18628956106162864,"MV3":0.5343405816854883,"CH1":0.4321393616935535}