{"MV1":0.790766848143161,"MV3":0.7359789204913115,"CH1":0.2345022601594724}