{"MV1":0.580131985302079,"MV3":0.8474051354427369,"CH1":0.1348416442581727}