{"MV1":0.026952808307691534,"MV3":0.44549568823884633,"CH1":0.8524046380939408}