{"MV1":0.258802766882252,"MV3":0.46999283767098443,"CH1":0.029650246423492232}