{"MV1":0.2747230411112599,"MV3":0.5641249001251485,"CH1":0.29019806564522754}