{"MV1":0.8727040899193419,"MV3":0.7797566685475696,"CH1":0.9467168344145387}