{"MV1":0.4216136012370679,"MV3":0.48763094647525296,"CH1":0.5397985955731639}