{"MV1":0.971112680176047,"MV3":0.931885285975091,"CH1":0.9645655035370512}