{"MV1":0.47251737738209876,"MV3":0.9719011700129526,"CH1":0.7199177383786386}