{"MV1":0.059646658504660666,"MV3":0.789144847183717,"CH1":0.5984416365671061}