{"MV1":0.46152854768632323,"MV3":0.9359593262646468,"CH1":0.8802168658269015}