{"MV1":0.8098905181287929,"MV3":0.3166948211960563,"CH1":0.8200914443987616}