{"MV1":0.8582622549634796,"MV3":0.9506802514280227,"CH1":0.6894256981848265}