{"MV1":0.9661969677323052,"MV3":0.25657813166017807,"CH1":0.14625084326309823}