{"MV1":0.7559332766571061,"MV3":0.962292903255482,"CH1":0.8093357548695912}