{"MV1":0.0339779376818109,"MV3":0.38083849037771955,"CH1":0.07605783745838945}