{"MV1":0.881025552830419,"MV3":0.7560349361311641,"CH1":0.8791471207469224}