{"MV1":0.3394244950662977,"MV3":0.23737797500407687,"CH1":0.1437343619186574}