{"MV1":0.4578479834203596,"MV3":0.5640226747817897,"CH1":0.9724452996584809}