{"MV1":0.0747219321057131,"MV3":0.14215244947758332,"CH1":0.31244484939534967}