{"MV1":0.8338122377035773,"MV3":0.7205231041533341,"CH1":0.2502777470507911}