{"MV1":0.6796527780028513,"MV3":0.6332713822700183,"CH1":0.7572094098860381}