{"MV1":0.6643725421605511,"MV3":0.3381269531485298,"CH1":0.3686693407409146}