{"MV1":0.12265062164842833,"MV3":0.25236831010195304,"CH1":0.9941712648231514}