{"MV1":0.12881949258152603,"MV3":0.6352450851002396,"CH1":0.2179109718525053}