{"MV1":0.7855766842238101,"MV3":0.6663465633210446,"CH1":0.8231651637205386}