{"MV1":0.5169012738035657,"MV3":0.029149559972433403,"CH1":0.2837882355294169}