{"MV1":0.45854588076862013,"MV3":0.1542323673831909,"CH1":0.5846118484769685}