{"MV1":0.7074906220172908,"MV3":0.972987026652907,"CH1":0.26058761062671465}