{"MV1":0.23496712565943667,"MV3":0.988572528603401,"CH1":0.9540853700614592}