{"MV1":0.8236370406029367,"MV3":0.08764948981825671,"CH1":0.8449796947742657}