{"MV1":0.3090138080929892,"MV3":0.34521681880989163,"CH1":0.515934046986331}