{"MV1":0.7899817332189242,"MV3":0.4051241140760118,"CH1":0.937507001004101}