{"MV1":0.05216195389915379,"MV3":0.9522101003801723,"CH1":0.5393773331063952}