{"MV1":0.38309918454708347,"MV3":0.9674982387852855,"CH1":0.8570063385696951}