{"MV1":0.9979527858139648,"MV3":0.18181030915559382,"CH1":0.0786488229011848}