{"MV1":0.21459442590065536,"MV3":0.07664248235253346,"CH1":0.46892513852653606}