{"MV1":0.6379358976045052,"MV3":0.2841206501946545,"CH1":0.03727657301125964}