{"MV1":0.21021999267490354,"MV3":0.9962460799101472,"CH1":0.0044656736911705686}