{"MV1":0.14060467701984103,"MV3":0.5877069184672451,"CH1":0.7591921386565302}