{"MV1":0.6114648206862132,"MV3":0.7063417633784593,"CH1":0.2683544398891111}