{"MV1":0.6452901754108452,"MV3":0.9755334305194351,"CH1":0.4266773938853359}