{"MV1":0.7201908350526096,"MV3":0.5831141074131541,"CH1":0.5757431366421004}