{"MV1":0.2785315478906012,"MV3":0.5417289363785291,"CH1":0.3427487129543697}