{"MV1":0.648325584653576,"MV3":0.2297440290277042,"CH1":0.5173387132374025}