{"MV1":0.8547634148059939,"MV3":0.005391340223016239,"CH1":0.6348065583265853}