{"MV1":0.2555016994493824,"MV3":0.10951457865366143,"CH1":0.30658180577797123}