{"MV1":0.4192494538598125,"MV3":0.20628280037535296,"CH1":0.3274330425061803}