{"MV1":0.4534945352433354,"MV3":0.7570930060233257,"CH1":0.2841727087412772}