{"MV1":0.8398867658725139,"MV3":0.050711548763698766,"CH1":0.4350192060887712}