{"MV1":0.14128743269754118,"MV3":0.959208000228311,"CH1":0.3728948446144038}