{"MV1":0.8760317279354825,"MV3":0.09798604920597087,"CH1":0.910338073337645}