{"MV1":0.07431045883327603,"MV3":0.7782602659934533,"CH1":0.5095813753982331}