{"MV1":0.3068847458206019,"MV3":0.9499713704700529,"CH1":0.7010171416935561}