{"MV1":0.9261625678098033,"MV3":0.7279149873502968,"CH1":0.8704488539116448}