{"MV1":0.9437353229746338,"MV3":0.9141524916726288,"CH1":0.6656708218630862}