{"MV1":0.7652049903095273,"MV3":0.3031616266365653,"CH1":0.4530429293257502}