{"MV1":0.9609358764336112,"MV3":0.318209943865574,"CH1":0.9576135630144869}