{"MV1":0.043647820416163774,"MV3":0.7319974504399408,"CH1":0.9831284133710587}