{"MV1":0.3584078859061419,"MV3":0.30480695088231924,"CH1":0.8260082480258565}