{"MV1":0.8392811022077162,"MV3":0.6572887832480094,"CH1":0.703223949717986}