{"MV1":0.9512673540630625,"MV3":0.03121656226893421,"CH1":0.6386460412047309}