{"MV1":0.7341510916467431,"MV3":0.7213149415275765,"CH1":0.8638644785759153}