{"MV1":0.7123581555592955,"MV3":0.2696053027012637,"CH1":0.056750466814971645}