{"MV1":0.32811848790175024,"MV3":0.961092479849754,"CH1":0.6454545650641187}