{"MV1":0.9025681800272906,"MV3":0.6734946951229802,"CH1":0.5155882911733864}