{"MV1":0.055922513486663994,"MV3":0.05178562019480282,"CH1":0.08361964069512162}