{"MV1":0.09567367797408421,"MV3":0.3190798526136398,"CH1":0.30557722092769657}