{"MV1":0.09345730888411763,"MV3":0.08589317540431907,"CH1":0.42959626681741603}