{"MV1":0.5361846206797096,"MV3":0.9841333075379517,"CH1":0.2042110462298049}