{"MV1":0.5823967384769888,"MV3":0.8439766485640782,"CH1":0.6373297404638155}