{"MV1":0.8654286848757728,"MV3":0.7066346741345264,"CH1":0.008462396559218432}