{"MV1":0.8771621588273926,"MV3":0.293521023739002,"CH1":0.2959803144962241}