{"MV1":0.972351718548217,"MV3":0.9916688307453185,"CH1":0.3657753609163332}