{"MV1":0.4590874254670595,"MV3":0.7828019664910102,"CH1":0.2385607911167441}