{"MV1":0.7926010111608878,"MV3":0.8299733554231117,"CH1":0.38027606899788535}