{"MV1":0.5818235047858312,"MV3":0.1110298982203155,"CH1":0.20138453071610074}