{"MV1":0.5131662932218086,"MV3":0.9381135840134529,"CH1":0.24487040018988548}