{"MV1":0.9716855084165786,"MV3":0.1755235949825913,"CH1":0.6655948875768416}