{"MV1":0.28331210695436226,"MV3":0.876142952542904,"CH1":0.7258806906457688}