{"MV1":0.876091401080442,"MV3":0.315322896081619,"CH1":0.6193885271442651}