{"MV1":0.3733063976017308,"MV3":0.29222484685136174,"CH1":0.38485238836192426}