{"MV1":0.9436285887179567,"MV3":0.7718898232612695,"CH1":0.23124485824227392}