{"MV1":0.4369698040911897,"MV3":0.20705136443855732,"CH1":0.7347106612823294}