{"MV1":0.6554429906576211,"MV3":0.42039927947474576,"CH1":0.8458767192794227}