{"MV1":0.8838029846928512,"MV3":0.20829900611741392,"CH1":0.8628395276318965}