{"MV1":0.8259561273738537,"MV3":0.9510119611455389,"CH1":0.014650295433299654}