{"MV1":0.09479165164467596,"MV3":0.5932786363392424,"CH1":0.2509564670401634}