{"MV1":0.2009445982738305,"MV3":0.18278039666623558,"CH1":0.9928356757731746}