{"MV1":0.8810717760651314,"MV3":0.8248083180120533,"CH1":0.6491097007577284}