{"MV1":0.2618572502054394,"MV3":0.6099045149768317,"CH1":0.4083714787866669}