{"MV1":0.6132499614563728,"MV3":0.3408361991662724,"CH1":0.5970858520973422}