{"MV1":0.5024261397107666,"MV3":0.20075291082601576,"CH1":0.9666362882814142}