{"MV1":0.7910974154728116,"MV3":0.008356905385830449,"CH1":0.5822887177033639}