{"MV1":0.9759039012151751,"MV3":0.31271317478356586,"CH1":0.3034448633694099}