{"MV1":0.43173679366293904,"MV3":0.7925955202141041,"CH1":0.9354751333313687}