{"MV1":0.5837123811297464,"MV3":0.7121821358855273,"CH1":0.786596098161198}