{"MV1":0.42285125660357403,"MV3":0.2624325131345283,"CH1":0.5212216246863749}