{"MV1":0.5730664629042036,"MV3":0.5261753522783235,"CH1":0.6532979396750259}