{"MV1":0.2656737785041817,"MV3":0.9541834433486194,"CH1":0.16446472025401704}