{"MV1":0.7343181296882022,"MV3":0.6194904793774569,"CH1":0.3040148133434567}