{"MV1":0.047830468031955786,"MV3":0.588065376420784,"CH1":0.05968686565222048}