{"MV1":0.9476561729196346,"MV3":0.9365011031982359,"CH1":0.8567013542012415}