{"MV1":0.900930120258362,"MV3":0.3108375465541441,"CH1":0.6000134788110553}