{"MV1":0.1443389735208256,"MV3":0.6300684767303466,"CH1":0.9952867018427233}