{"MV1":0.041707263792529425,"MV3":0.8087860351096591,"CH1":0.07573045934039724}