{"MV1":0.20921233749896273,"MV3":0.862246989497104,"CH1":0.24972656208464772}