{"MV1":0.14163010241583918,"MV3":0.1961010764941319,"CH1":0.10618903197819063}