{"MV1":0.8052365432620113,"MV3":0.022140855551686323,"CH1":0.42059483597809055}