{"MV1":0.06833991099970627,"MV3":0.6397013597126636,"CH1":0.2563901495150912}