{"MV1":0.8825199968251115,"MV3":0.19833527076612545,"CH1":0.6911180586304192}