{"MV1":0.6796849148669218,"MV3":0.8240150552462826,"CH1":0.5785365229706068}