{"MV1":0.27169586111460964,"MV3":0.6299354402701518,"CH1":0.06009748095410716}