{"MV1":0.6524420775474984,"MV3":0.13839557740802866,"CH1":0.3585007340724926}