{"MV1":0.8877580284316597,"MV3":0.95830223035514,"CH1":0.7661199002914358}