{"MV1":0.9355867326099485,"MV3":0.5366973107544732,"CH1":0.13298123842541387}