{"MV1":0.3142965176225474,"MV3":0.7527159821048698,"CH1":0.21072447409050965}