{"MV1":0.7414629766276254,"MV3":0.5243521441241098,"CH1":0.5665995698752336}