{"MV1":0.8987598756306423,"MV3":0.3013498567166948,"CH1":0.33336519000604403}