{"MV1":0.6153104951287799,"MV3":0.7731902283422011,"CH1":0.5360941607864049}