{"MV1":0.33524754669605983,"MV3":0.31816244370069335,"CH1":0.7910086725100788}