{"MV1":0.36619707183866224,"MV3":0.2792240881105452,"CH1":0.9171694824525924}