{"MV1":0.5449541664973568,"MV3":0.031218327628103837,"CH1":0.42247710242423697}