{"MV1":0.4719587252817806,"MV3":0.15335479388539497,"CH1":0.3282181577330431}