{"MV1":0.9374535368556605,"MV3":0.7146853978974964,"CH1":0.07188961822283157}