{"MV1":0.7182355797476123,"MV3":0.8367959082602853,"CH1":0.7453599786629018}