{"MV1":0.11620097735493795,"MV3":0.7851775476553142,"CH1":0.34906951212919324}