{"MV1":0.704000212179032,"MV3":0.44635190934571767,"CH1":0.22796336612185786}