{"MV1":0.6011740414611988,"MV3":0.7631254269529567,"CH1":0.11455119564056282}