{"MV1":0.1607659094695828,"MV3":0.04265875018993481,"CH1":0.7937199544335413}