{"MV1":0.5801467616709534,"MV3":0.09449029745417326,"CH1":0.7715765038198497}