{"MV1":0.9241637293402438,"MV3":0.8365225982004197,"CH1":0.6686682964302527}