{"MV1":0.5361530372472567,"MV3":0.4183363865558555,"CH1":0.9290871298720372}