{"MV1":0.9099521304532269,"MV3":0.8246856890394517,"CH1":0.7336490701004587}