{"MV1":0.3543678985202381,"MV3":0.2344755762906413,"CH1":0.08068391116682427}