{"MV1":0.43391200078212344,"MV3":0.31144189406052736,"CH1":0.5841444476571018}