{"MV1":0.45822335248284984,"MV3":0.5268688210824182,"CH1":0.40253811297335085}