{"MV1":0.8468448392189714,"MV3":0.570919844114307,"CH1":0.9310134550902688}