{"MV1":0.8220416653974104,"MV3":0.6368799538331202,"CH1":0.17202840252885931}