{"MV1":0.25015538778282653,"MV3":0.605087927762014,"CH1":0.22901896259660248}