{"MV1":0.8701903127594967,"MV3":0.6939778099003242,"CH1":0.3089584453825185}