{"MV1":0.4788256784683146,"MV3":0.965608989701784,"CH1":0.5386330732939368}