{"MV1":0.2593359510622585,"MV3":0.15627482462539355,"CH1":0.4073104861783975}