{"MV1":0.0377207471008576,"MV3":0.20265777150974207,"CH1":0.9962333714128339}