{"MV1":0.2507597163778702,"MV3":0.6598508094525185,"CH1":0.02655719028162351}