{"MV1":0.12073634353262508,"MV3":0.987173806885026,"CH1":0.8100233397400084}