{"MV1":0.13956107571021414,"MV3":0.8891298966334529,"CH1":0.932272485158681}