{"MV1":0.69955078062961,"MV3":0.8726871296772248,"CH1":0.1557786664015134}