{"MV1":0.0386022664637905,"MV3":0.47592564571824114,"CH1":0.09931211393714334}