{"MV1":0.29519009002290864,"MV3":0.8486085545586094,"CH1":0.9018037895183523}