{"MV1":0.5557731746837401,"MV3":0.9013166934694881,"CH1":0.3725409795227115}