{"MV1":0.18952450418445788,"MV3":0.9092237535114754,"CH1":0.21293927273997337}