{"MV1":0.2001766832805706,"MV3":0.70800714966239,"CH1":0.0476245904630298}