{"MV1":0.3583613383355876,"MV3":0.052986385798098556,"CH1":0.5651385424176408}