{"MV1":0.534484915593052,"MV3":0.3825979250669076,"CH1":0.6200837838486095}