{"MV1":0.46316317678565144,"MV3":0.6995070496177752,"CH1":0.4544529877246205}