{"MV1":0.3399889070912885,"MV3":0.18082508130094666,"CH1":0.3880406870010016}