{"MV1":0.5027871060441852,"MV3":0.35550392285463683,"CH1":0.5301342210164828}