{"MV1":0.08781574184240892,"MV3":0.06874290079611278,"CH1":0.6429326409449455}