{"MV1":0.555818362798429,"MV3":0.1298800541448092,"CH1":0.5378583495942592}