{"MV1":0.5153098445095512,"MV3":0.5350458091484835,"CH1":0.5277562205752281}