{"MV1":0.4935273184917953,"MV3":0.858600598337544,"CH1":0.23070408786816798}