{"MV1":0.38028376976625566,"MV3":0.5603647221098643,"CH1":0.8975918145987678}