{"MV1":0.425357138494878,"MV3":0.9298258156988999,"CH1":0.39361873578011064}