{"MV1":0.26632155477052055,"MV3":0.6185999043999039,"CH1":0.35062468500878596}