{"MV1":0.2620324419097998,"MV3":0.7163278375115323,"CH1":0.2690384782419267}