{"MV1":0.4538028527747162,"MV3":0.7504792570490879,"CH1":0.29165811463366664}