{"MV1":0.9086453799596464,"MV3":0.3860659376314326,"CH1":0.36478353581826983}