{"MV1":0.5096592207560944,"MV3":0.5875242058900161,"CH1":0.6229571951063824}