{"MV1":0.04793349731422214,"MV3":0.23329334041549776,"CH1":0.2743110597607903}