{"MV1":0.5747518389640132,"MV3":0.12187029982527586,"CH1":0.2566411355129474}