{"MV1":0.43034515082404856,"MV3":0.24213467962546253,"CH1":0.010104227329888471}