{"MV1":0.261295674263348,"MV3":0.2029059662395627,"CH1":0.653451282681119}