{"MV1":0.9496627655588528,"MV3":0.20585476740130515,"CH1":0.9982587789304996}