{"MV1":0.08022760396543394,"MV3":0.8183615213949001,"CH1":0.48427958845130237}