{"MV1":0.1989024035954413,"MV3":0.7266939253645724,"CH1":0.4066374190672434}