{"MV1":0.06023968086625742,"MV3":0.6952551738330253,"CH1":0.988193914819326}