{"MV1":0.5754025661513337,"MV3":0.6660959474120762,"CH1":0.1345227704434283}