{"MV1":0.2587694022179222,"MV3":0.5596109788819852,"CH1":0.320777933872502}