{"MV1":0.5542016423740268,"MV3":0.0378071309938548,"CH1":0.8548804699493687}