{"MV1":0.9335374678518775,"MV3":0.9777910414377062,"CH1":0.737880500348444}