{"MV1":0.09867314004417416,"MV3":0.7354942102400884,"CH1":0.10373998913647664}