{"MV1":0.008792533450111106,"MV3":0.8662484565660866,"CH1":0.9623323437238992}