{"MV1":0.6742555336308992,"MV3":0.4663289248738456,"CH1":0.041074657884944465}