{"MV1":0.2571763222369605,"MV3":0.5761613934110053,"CH1":0.09839872558606766}