{"MV1":0.9011735129104982,"MV3":0.3956096958872267,"CH1":0.7350254273078158}