{"MV1":0.7148825721220251,"MV3":0.4076475759428151,"CH1":0.03395295003660381}