{"MV1":0.8125538564839067,"MV3":0.8959882351727704,"CH1":0.008919647437929168}