{"MV1":0.6948438572514668,"MV3":0.9891042922302814,"CH1":0.7458465564723822}