{"MV1":0.5533467589590488,"MV3":0.6020635672981994,"CH1":0.5637205387602163}