{"MV1":0.15836457453071373,"MV3":0.01806057129751415,"CH1":0.7636552127978591}