{"MV1":0.7580214433768372,"MV3":0.8164571913172923,"CH1":0.6152925148660451}