{"MV1":0.9337787169316349,"MV3":0.034827401151162674,"CH1":0.3685892889291209}