{"MV1":0.8987121795342744,"MV3":0.49836281998297904,"CH1":0.888320760132261}