{"MV1":0.20033517219490393,"MV3":0.2510116644000129,"CH1":0.6130444941424549}