{"MV1":0.546827904710372,"MV3":0.34028927929553787,"CH1":0.6455284783201907}