{"MV1":0.42150292714960147,"MV3":0.9499315776210241,"CH1":0.7269115465864832}