{"MV1":0.7827432684522782,"MV3":0.8374235280471691,"CH1":0.30711462278463486}