{"MV1":0.6657926038324258,"MV3":0.38747029717707515,"CH1":0.42856050453092187}