{"MV1":0.6534921572970972,"MV3":0.2196357295411494,"CH1":0.057100379659465794}