{"MV1":0.8969211403355708,"MV3":0.27259829643242806,"CH1":0.8845612677337265}