{"MV1":0.9759684091020919,"MV3":0.7625258237425375,"CH1":0.5254203713687308}