{"MV1":0.8050173157694759,"MV3":0.6398691297930872,"CH1":0.9817045467335257}