{"MV1":0.4830461711909121,"MV3":0.7031147012415049,"CH1":0.4817107682020553}