{"MV1":0.6752821588438412,"MV3":0.7678425453398358,"CH1":0.05850087660355141}