{"MV1":0.2820900308981439,"MV3":0.028526387008717458,"CH1":0.43499906021260726}