{"MV1":0.48899876384690355,"MV3":0.6388544436777285,"CH1":0.9853083519674667}