{"MV1":0.30689764553153465,"MV3":0.6211868771298641,"CH1":0.1533135421272922}