{"MV1":0.5236822574221579,"MV3":0.6474610384797916,"CH1":0.11749453764971418}