{"MV1":0.4940252396998127,"MV3":0.7619292760104774,"CH1":0.9006131383505342}