{"MV1":0.24841022557667736,"MV3":0.8795110233208348,"CH1":0.5040038001735094}