{"MV1":0.7380874831722072,"MV3":0.15771219348769494,"CH1":0.735543930576758}