{"MV1":0.34639450117116033,"MV3":0.09231739829492014,"CH1":0.6916751237743398}