{"MV1":0.28998579309320227,"MV3":0.5809668417108175,"CH1":0.6032375854942454}