{"MV1":0.644726425742121,"MV3":0.9690980294502304,"CH1":0.4420149062099662}