{"MV1":0.4158375158128619,"MV3":0.6976979522412314,"CH1":0.3415341573113302}