{"MV1":0.07670625819353682,"MV3":0.1255130462812677,"CH1":0.8069845539810379}