{"MV1":0.7570780123132533,"MV3":0.684049209638823,"CH1":0.8073648972447366}