{"MV1":0.8914969077185233,"MV3":0.6617219333664537,"CH1":0.1611653173269343}