{"MV1":0.6974999267779474,"MV3":0.004856185968182936,"CH1":0.731605069803123}