{"MV1":0.02872595667719957,"MV3":0.6021326770451731,"CH1":0.19164988772253777}