{"MV1":0.4970256850258623,"MV3":0.638351657092585,"CH1":0.8460238788542732}