{"MV1":0.6719115495735885,"MV3":0.911747187134857,"CH1":0.8100198492998649}