{"MV1":0.1357831612745568,"MV3":0.7504384974359165,"CH1":0.023086564325706216}