{"MV1":0.30055893659845134,"MV3":0.27759490847130774,"CH1":0.7212472505260915}