{"MV1":0.32807822396776165,"MV3":0.24223401405471046,"CH1":0.37946293273695186}