{"MV1":0.0659282502377938,"MV3":0.6705195634574704,"CH1":0.9082227048768396}