{"MV1":0.7074209951156418,"MV3":0.41908175940118575,"CH1":0.5101054986552189}