{"MV1":0.3950644223448534,"MV3":0.2106212065017059,"CH1":0.6831901576948742}