{"MV1":0.33765859640546614,"MV3":0.799685124273807,"CH1":0.11030792283330249}