{"MV1":0.8257726990207291,"MV3":0.6167661959098618,"CH1":0.4890649841036624}