{"MV1":0.4010688593770325,"MV3":0.12326164247941462,"CH1":0.3897011412737914}