{"MV1":0.06185050229028999,"MV3":0.8504466589958177,"CH1":0.3705989416073753}