{"MV1":0.7817955837262425,"MV3":0.14222548361519405,"CH1":0.5373462747012492}