{"MV1":0.8715944555823089,"MV3":0.8533940471661997,"CH1":0.616349707663979}