{"MV1":0.3924812308466854,"MV3":0.7791631648611828,"CH1":0.1960906889123546}