{"MV1":0.9235691908508455,"MV3":0.37638779877438977,"CH1":0.10167634741583165}