{"MV1":0.546546377331512,"MV3":0.860748271555739,"CH1":0.6382463562551471}