{"MV1":0.9440282838700261,"MV3":0.8187490777535492,"CH1":0.6628348376748479}