{"MV1":0.9223250850108705,"MV3":0.011888828081794811,"CH1":0.977363078220826}