{"MV1":0.5183087110562766,"MV3":0.17773060277791508,"CH1":0.035176765149720346}