{"MV1":0.8930036196114529,"MV3":0.21475436582016827,"CH1":0.28793816000355776}