{"MV1":0.5894417175014557,"MV3":0.1744426066052599,"CH1":0.5147520120014197}