{"MV1":0.16378307396035352,"MV3":0.06383476698257207,"CH1":0.8750712630178789}