{"MV1":0.6871562294219147,"MV3":0.18339239249267336,"CH1":0.9510739458130617}