{"MV1":0.08101389820420624,"MV3":0.10942885775275779,"CH1":0.7567242255376083}