{"MV1":0.13374243885777437,"MV3":0.907105205108562,"CH1":0.5252864470551909}