{"MV1":0.01403964581611239,"MV3":0.8951290026921926,"CH1":0.7858760605404065}