{"MV1":0.07770776326705942,"MV3":0.7051110736882094,"CH1":0.9439022689494977}