{"MV1":0.8524055702932308,"MV3":0.47752067633575146,"CH1":0.10289145689173196}