{"MV1":0.8792669609445616,"MV3":0.9013332095725302,"CH1":0.05846001096153308}