{"MV1":0.712523058629633,"MV3":0.06102570926076545,"CH1":0.29381578274576825}