{"MV1":0.18181082596471776,"MV3":0.19326052268942162,"CH1":0.865510562812657}