{"MV1":0.395454551643423,"MV3":0.4724281615367716,"CH1":0.8479418612407522}