{"MV1":0.9369348823529928,"MV3":0.0028999823480186926,"CH1":0.1803128119142493}