{"MV1":0.22319593006601124,"MV3":0.6297248766633193,"CH1":0.8052452492268629}