{"MV1":0.20498433466116084,"MV3":0.6907387158559504,"CH1":0.4207180188470171}