{"MV1":0.4491055787043182,"MV3":0.6729305016786882,"CH1":0.15233270818754474}