{"MV1":0.43048924398859756,"MV3":0.6724404846912035,"CH1":0.17809801960694505}