{"MV1":0.4311461986631484,"MV3":0.6995711682502102,"CH1":0.45197407291038894}