{"MV1":0.34723498981328793,"MV3":0.669932522074343,"CH1":0.9280057229484013}