{"MV1":0.07031448392940864,"MV3":0.06241326064480934,"CH1":0.05152088512554487}