{"MV1":0.4553511758537031,"MV3":0.9093661278722164,"CH1":0.9839096276911196}