{"MV1":0.8087950419185196,"MV3":0.09052639639129678,"CH1":0.4818540090898772}