{"MV1":0.5847556493459516,"MV3":0.9576902331760379,"CH1":0.06524010140581793}