{"MV1":0.4504709144714223,"MV3":0.18401919378675546,"CH1":0.8636904956218996}