{"MV1":0.09455820393298064,"MV3":0.47551053705818946,"CH1":0.9134020273623179}