{"MV1":0.699293615064151,"MV3":0.9484947791298712,"CH1":0.782413643536659}