{"MV1":0.14719585648312838,"MV3":0.2791459246864556,"CH1":0.796310415697534}