{"MV1":0.659022216720033,"MV3":0.03809767212957216,"CH1":0.1492993199483591}