{"MV1":0.4797232266597885,"MV3":0.8238993154673214,"CH1":0.8911233058485211}