{"MV1":0.9755573255992522,"MV3":0.5568977952952971,"CH1":0.3195844979011968}