{"MV1":0.5580157711455964,"MV3":0.21633104551234383,"CH1":0.3567609642073153}