{"MV1":0.16310229182360292,"MV3":0.10289033699295891,"CH1":0.07692145355790192}