{"MV1":0.4182100800005979,"MV3":0.8235886127674032,"CH1":0.796521015476911}