{"MV1":0.7220286027244964,"MV3":0.02407177074784439,"CH1":0.5103475853744225}