{"MV1":0.3036557829257148,"MV3":0.11762598985116435,"CH1":0.8672042989290552}