{"MV1":0.2120479924446489,"MV3":0.32308492187835613,"CH1":0.6159122005249877}