{"MV1":0.8031720882628595,"MV3":0.6610196066097365,"CH1":0.8288994330443223}