{"MV1":0.7609284710712748,"MV3":0.711425692682902,"CH1":0.9671223236310419}