{"MV1":0.40444252553170157,"MV3":0.4966983821061858,"CH1":0.2033085196800002}