{"MV1":0.00557723268848509,"MV3":0.5444640877209199,"CH1":0.5479424348862532}