{"MV1":0.002483622328259716,"MV3":0.8542252057841198,"CH1":0.8527485631590443}