{"MV1":0.557927174756545,"MV3":0.724853457877157,"CH1":0.4800620173306356}