{"MV1":0.3748816869460534,"MV3":0.6058736481722709,"CH1":0.9252245951057377}