{"MV1":0.2261864892433284,"MV3":0.27023578349135946,"CH1":0.3178092149211522}