{"MV1":0.19848347681258272,"MV3":0.12412963038598923,"CH1":0.09032975721900216}