{"MV1":0.18389741272178373,"MV3":0.14324986315105326,"CH1":0.2193674561692307}