{"MV1":0.34449884646909146,"MV3":0.7436124781295379,"CH1":0.8522610064981658}