{"MV1":0.9895193864126143,"MV3":0.42982291174055487,"CH1":0.44131420971270185}