{"MV1":0.4398144535053413,"MV3":0.919399824739874,"CH1":0.22336566294785953}