{"MV1":0.6049794054644456,"MV3":0.11839895595704286,"CH1":0.35801063390601773}