{"MV1":0.9613446657041667,"MV3":0.4544930742467419,"CH1":0.22510916845388174}