{"MV1":0.7907674326919686,"MV3":0.9228760359534611,"CH1":0.8735772670085975}