{"MV1":0.5602924354159966,"MV3":0.09262028530137134,"CH1":0.08078393350635471}