{"MV1":0.16762319973854645,"MV3":0.7883671101108435,"CH1":0.6931552937742779}