{"MV1":0.030285947365904953,"MV3":0.5602455929851541,"CH1":0.7034490986880737}