{"MV1":0.44541244600985097,"MV3":0.6590494005076251,"CH1":0.5108428670515938}