{"MV1":0.976160474035202,"MV3":0.47396871348378367,"CH1":0.35488721217723607}