{"MV1":0.7726711340901516,"MV3":0.16325228911462542,"CH1":0.6331325470390852}