{"MV1":0.01963671871787631,"MV3":0.4258602894790091,"CH1":0.6748609762003097}