{"MV1":0.7400216107056593,"MV3":0.8145684046677715,"CH1":0.5106934760933838}