{"MV1":0.9940628865190307,"MV3":0.03710037914428266,"CH1":0.1778984530577601}