{"MV1":0.7742329031087607,"MV3":0.07632151147206645,"CH1":0.9377885177136094}