{"MV1":0.36480337082132563,"MV3":0.049420822747755055,"CH1":0.714607989699511}