{"MV1":0.0652064879905242,"MV3":0.926663242722054,"CH1":0.7078718045050862}