{"MV1":0.20047700375298816,"MV3":0.2252710294393817,"CH1":0.26641479019515124}