{"MV1":0.8510961712840392,"MV3":0.930512294775333,"CH1":0.3059874701570041}