{"MV1":0.5863397105649494,"MV3":0.21687541892652829,"CH1":0.8361510142427198}