{"MV1":0.07592298231914785,"MV3":0.41094956779701486,"CH1":0.015947447582025043}