{"MV1":0.017232188188382458,"MV3":0.3152882945212593,"CH1":0.4367411800034182}