{"MV1":0.46397034482369526,"MV3":0.9297146994120175,"CH1":0.8504367124835321}