{"MV1":0.3386674747646067,"MV3":0.45832567997384366,"CH1":0.8630950472860077}