{"MV1":0.05480440192727376,"MV3":0.6130532885560838,"CH1":0.9030167996091825}