{"MV1":0.07127265095434032,"MV3":0.4101733064442904,"CH1":0.6401507178401581}