{"MV1":0.922656231742299,"MV3":0.05828715325311329,"CH1":0.15816783118675481}