{"MV1":0.9325220925219935,"MV3":0.219935673907644,"CH1":0.3261338314900868}