{"MV1":0.8338383323922357,"MV3":0.6078392416981436,"CH1":0.8312562867910134}