{"MV1":0.46081466466396837,"MV3":0.3001575664928834,"CH1":0.8711633004454775}