{"MV1":0.11143207443742875,"MV3":0.5365605552625964,"CH1":0.12398762520982465}