{"MV1":0.7983946494165357,"MV3":0.44332802114649605,"CH1":0.034726403981987564}