{"MV1":0.7672238214600476,"MV3":0.9630100714919839,"CH1":0.5496296529336221}