{"MV1":0.24072142757227577,"MV3":0.21370826940331422,"CH1":0.37857159663980056}