{"MV1":0.9159753790276359,"MV3":0.17326195330797722,"CH1":0.19339167899868448}