{"MV1":0.7970607586261892,"MV3":0.8647068454252183,"CH1":0.7562376570711834}