{"MV1":0.6343059144164699,"MV3":0.359595098759936,"CH1":0.20829486497844907}