{"MV1":0.9222660248019345,"MV3":0.36759766287906726,"CH1":0.3427517091607095}