{"MV1":0.33220798996253675,"MV3":0.7892010862016517,"CH1":0.3611407805026622}