{"MV1":0.9888769739215254,"MV3":0.10596848491867805,"CH1":0.1623527283935462}