{"MV1":0.16164385660748504,"MV3":0.2987238607845385,"CH1":0.12145910552280337}