{"MV1":0.8873155405933923,"MV3":0.5915888274309953,"CH1":0.055887202070454944}