{"MV1":0.8503077193927037,"MV3":0.3646783702404034,"CH1":0.07735589910311835}