{"MV1":0.6570464000624778,"MV3":0.8500279554407455,"CH1":0.2966968232802004}