{"MV1":0.18673352653152664,"MV3":0.9852599140413661,"CH1":0.3711086464351223}