{"MV1":0.9994424513694943,"MV3":0.22942068236250868,"CH1":0.5186892482753951}