{"MV1":0.9867223633507008,"MV3":0.07076677375447427,"CH1":0.29907730983951686}