{"MV1":0.7691481168739014,"MV3":0.6374181159309273,"CH1":0.8493119651790421}