{"MV1":0.4493798392036641,"MV3":0.8722457174417959,"CH1":0.009185669416207132}