{"MV1":0.8083216469047031,"MV3":0.9891757162422982,"CH1":0.5658505832334261}