{"MV1":0.7846548359884938,"MV3":0.7979419443128721,"CH1":0.880392236005474}