{"MV1":0.3250405583236403,"MV3":0.7304473109721628,"CH1":0.27993744226493067}