{"MV1":0.16433091367659258,"MV3":0.9563932543513586,"CH1":0.22763090202680447}