{"MV1":0.04758906021036746,"MV3":0.7881492417152481,"CH1":0.4454467258304754}