{"MV1":0.11339375462106538,"MV3":0.07531993749845112,"CH1":0.1580929361952721}