{"MV1":0.8219977688506624,"MV3":0.8040585978633799,"CH1":0.5794252574806805}