{"MV1":0.015467139525154439,"MV3":0.6024225269152563,"CH1":0.5406536360165636}