{"MV1":0.8789688319432539,"MV3":0.45021773761457073,"CH1":0.6892159527433375}