{"MV1":0.3582265821139735,"MV3":0.7791466593035398,"CH1":0.016584748429417706}