{"MV1":0.2932024909957798,"MV3":0.4826976631247387,"CH1":0.250309382677666}