{"MV1":0.5679666369566373,"MV3":0.7914869130054693,"CH1":0.7856709232400071}