{"MV1":0.1879949397406575,"MV3":0.1198769217090655,"CH1":0.09529574089126536}