{"MV1":0.10785009248707766,"MV3":0.6958483490795268,"CH1":0.9001493623986188}