{"MV1":0.16667739163140805,"MV3":0.46622286828270365,"CH1":0.6122765303082405}