{"MV1":0.8502088905384932,"MV3":0.5894158699161471,"CH1":0.32709067101552214}