{"MV1":0.5949728001318334,"MV3":0.7024573717345575,"CH1":0.9767976398554064}