{"MV1":0.03237440222294896,"MV3":0.9696810495123918,"CH1":0.23227016147357415}