{"MV1":0.8571422137779883,"MV3":0.43284357562236186,"CH1":0.7950175781030464}