{"MV1":0.18821253543400251,"MV3":0.3966177344191464,"CH1":0.0654433530971339}