{"MV1":0.47727693623825185,"MV3":0.996794177150754,"CH1":0.6437811399655117}