{"MV1":0.05826103594278953,"MV3":0.3553182401441134,"CH1":0.664274249919847}