{"MV1":0.14815842162759496,"MV3":0.408870855674229,"CH1":0.11923206037135026}