{"MV1":0.9463262522574516,"MV3":0.20215974888915,"CH1":0.8364345905684627}