{"MV1":0.9492486564071205,"MV3":0.1795767567826867,"CH1":0.5284014280154767}