{"MV1":0.2979706694120905,"MV3":0.4793906708175272,"CH1":0.5829569948492336}