{"MV1":0.3455787896850311,"MV3":0.8527511831601556,"CH1":0.11141789655684964}