{"MV1":0.9086619642208624,"MV3":0.02329294443911567,"CH1":0.4075997271867543}