{"MV1":0.1483389837346909,"MV3":0.3385031286362624,"CH1":0.6816512588220321}