{"MV1":0.9035355511224482,"MV3":0.9880640643431144,"CH1":0.16470199490175563}