{"MV1":0.913457207099014,"MV3":0.6819184891534961,"CH1":0.4724279048190214}