{"MV1":0.5555749481366747,"MV3":0.9613811605630472,"CH1":0.23369309023094487}