{"MV1":0.030550425679032545,"MV3":0.9664284449340157,"CH1":0.8941290148595016}