{"MV1":0.8122428691966386,"MV3":0.430650026710241,"CH1":0.31074941093945785}