{"MV1":0.530944046690411,"MV3":0.4364858027797127,"CH1":0.43712606348324445}