{"MV1":0.40671358697940696,"MV3":0.6994146224999522,"CH1":0.32703289684255166}