{"MV1":0.7574446926304458,"MV3":0.32692128501356255,"CH1":0.3778777832201915}