{"MV1":0.22988125462421016,"MV3":0.3768221855149311,"CH1":0.3688578248561729}