{"MV1":0.33619567073588963,"MV3":0.4109168067214577,"CH1":0.898993953062306}