{"MV1":0.3273197259412134,"MV3":0.18796798334775644,"CH1":0.8412617245478688}