{"MV1":0.4524487908464391,"MV3":0.739935243578896,"CH1":0.5335954033510184}