{"MV1":0.25108309008458785,"MV3":0.46443801578909905,"CH1":0.07517863110193246}