{"MV1":0.2970000065717614,"MV3":0.8584014235746389,"CH1":0.565947770288866}