{"MV1":0.7943745840077403,"MV3":0.9427618223365506,"CH1":0.7899939303572486}