{"MV1":0.7712831782876867,"MV3":0.19019475743661807,"CH1":0.1592834520102061}