{"MV1":0.6824613547828642,"MV3":0.15470142536043385,"CH1":0.06705620617030605}