{"MV1":0.8635890905919612,"MV3":0.5269149129084368,"CH1":0.027785513507192383}