{"MV1":0.3675156780484664,"MV3":0.431963462387151,"CH1":0.47132394560487034}