{"MV1":0.9794401945825112,"MV3":0.4515775214180575,"CH1":0.5165432054071125}