{"MV1":0.8984617249514608,"MV3":0.7268731074669739,"CH1":0.08907508802254993}