{"MV1":0.10047251202895657,"MV3":0.9868645568054298,"CH1":0.25476861236622017}