{"MV1":0.6012475935328133,"MV3":0.5363572495447294,"CH1":0.49232750109740087}