{"MV1":0.2972046409232829,"MV3":0.28848343018266587,"CH1":0.8234132592348523}