{"MV1":0.2068260237948354,"MV3":0.956396399991392,"CH1":0.04177969364431289}