{"MV1":0.8858495138781711,"MV3":0.1458012585605729,"CH1":0.875764967569208}