{"MV1":0.25929274569887717,"MV3":0.6470106700779958,"CH1":0.033990362137216956}