{"MV1":0.4208471585938637,"MV3":0.3450619755157992,"CH1":0.6504748132187189}