{"MV1":0.7162057550759829,"MV3":0.8039820420841282,"CH1":0.11480852502644767}