{"MV1":0.8313159102934644,"MV3":0.09654471942230003,"CH1":0.15580681911927186}