{"MV1":0.6046971296385629,"MV3":0.4670319169852507,"CH1":0.8363758722045448}