{"MV1":0.10020406664933024,"MV3":0.09565264321590772,"CH1":0.4238485699554734}