{"MV1":0.7676794105366564,"MV3":0.4360947190609833,"CH1":0.14761074176578637}