{"MV1":0.5054120095703405,"MV3":0.12352327683662556,"CH1":0.45382879175979063}