{"MV1":0.9400486987155512,"MV3":0.4402863505885395,"CH1":0.4935527461271424}