{"MV1":0.7762346703407482,"MV3":0.47844275409385006,"CH1":0.042102040124501916}