{"MV1":0.20222881822968586,"MV3":0.07455263909680854,"CH1":0.6041063391836755}