{"MV1":0.407552983035121,"MV3":0.6072177315999412,"CH1":0.9413072598249961}