{"MV1":0.7057684826791283,"MV3":0.47883939897635086,"CH1":0.8031070561129622}