{"MV1":0.18038922425972792,"MV3":0.7860070113139056,"CH1":0.5158402353634746}