{"MV1":0.37317640572067867,"MV3":0.10137146677978237,"CH1":0.3860732548149929}