{"MV1":0.27633846355677893,"MV3":0.9938616379286653,"CH1":0.2329225905263761}