{"MV1":0.7478398783219505,"MV3":0.6012472507048863,"CH1":0.14094315269537738}