{"MV1":0.27619878601104375,"MV3":0.9722169074609607,"CH1":0.6987085580869847}