{"MV1":0.10016690570681652,"MV3":0.7098173699305331,"CH1":0.2467451928863612}