{"MV1":0.7633876226539958,"MV3":0.9969807503494309,"CH1":0.7822114848938978}