{"MV1":0.20103450474636975,"MV3":0.312850051675441,"CH1":0.7706928733231794}