{"MV1":0.6457261406253747,"MV3":0.1324949040616935,"CH1":0.9301581925494794}