{"MV1":0.5548733259430698,"MV3":0.33624680134727414,"CH1":0.9574880332528034}