{"MV1":0.404494234706665,"MV3":0.17076574713049664,"CH1":0.9643057123797933}