{"MV1":0.9964765202078415,"MV3":0.7755229929389691,"CH1":0.8353168380515702}