{"MV1":0.3074855729171937,"MV3":0.4561100778872157,"CH1":0.18571669861291829}