{"MV1":0.7235926580579303,"MV3":0.06572988920486533,"CH1":0.6017691361537957}