{"MV1":0.48301011258586135,"MV3":0.1580843957261605,"CH1":0.2399887364188671}