{"MV1":0.133885757873077,"MV3":0.683297788058904,"CH1":0.465690687716096}