{"MV1":0.038250079803498926,"MV3":0.4856076503020169,"CH1":0.31483921345462995}