{"MV1":0.3423699327301847,"MV3":0.9082620860146914,"CH1":0.1297841191470429}