{"MV1":0.38404749021408313,"MV3":0.8996252216839425,"CH1":0.9549731817900723}