{"MV1":0.2685063783634727,"MV3":0.24394528624937117,"CH1":0.9105670274696676}