{"MV1":0.5273966005102741,"MV3":0.556413718817309,"CH1":0.27588325716442497}