{"MV1":0.8203585618262862,"MV3":0.6491465980889197,"CH1":0.544114449642906}