{"MV1":0.5164010420659172,"MV3":0.17782763877381103,"CH1":0.19115187211254347}