{"MV1":0.3977193528093592,"MV3":0.39209875088823765,"CH1":0.29111614452384293}