{"MV1":0.40561500029784814,"MV3":0.8835623792141394,"CH1":0.8270236988628166}