{"MV1":0.43010552970274774,"MV3":0.5442467699571791,"CH1":0.12454343202470963}