{"MV1":0.6463196586793707,"MV3":0.42267442279382883,"CH1":0.4997262979805617}