{"MV1":0.9676408630967469,"MV3":0.1852537525900042,"CH1":0.040351889571985544}