{"MV1":0.7747751470469932,"MV3":0.9080866381955408,"CH1":0.4778790951583739}