{"MV1":0.3672898691063379,"MV3":0.09811920028472165,"CH1":0.23252558807742163}