{"MV1":0.5226802600495118,"MV3":0.4140125978243827,"CH1":0.001965754109665152}