{"MV1":0.8020487252950879,"MV3":0.005850102076796149,"CH1":0.0493975856842227}