{"MV1":0.5910886377116421,"MV3":0.6951564045608138,"CH1":0.23241311937171227}