{"MV1":0.035673556927477534,"MV3":0.30454424847909534,"CH1":0.7637436258171528}