{"MV1":0.9320624480300888,"MV3":0.5522845102046189,"CH1":0.8915956031142908}