{"MV1":0.23862638297524386,"MV3":0.8495630707626999,"CH1":0.5791901875818994}