{"MV1":0.015224901645054967,"MV3":0.08352677973616018,"CH1":0.8413960076753211}