{"MV1":0.03935016944345626,"MV3":0.8291491485636082,"CH1":0.7445673318715845}