{"MV1":0.22201547343666184,"MV3":0.4640358906080587,"CH1":0.43952301306014807}