{"MV1":0.6628856967227565,"MV3":0.05893154593946082,"CH1":0.27793047535830673}