{"MV1":0.13137201064111625,"MV3":0.43376087484852865,"CH1":0.5943901377735952}