{"MV1":0.3656769576896025,"MV3":0.7140089460948377,"CH1":0.06416727397770361}