{"MV1":0.506672736068026,"MV3":0.8192191091313622,"CH1":0.4505952009812928}