{"MV1":0.8234813254785778,"MV3":0.7121380448564766,"CH1":0.5724044969041852}