{"MV1":0.25641066594507733,"MV3":0.24572070918687627,"CH1":0.5746281950847942}