{"MV1":0.10886773618291723,"MV3":0.23288277476705999,"CH1":0.761699628485501}