{"MV1":0.4244459760913527,"MV3":0.20772986092103862,"CH1":0.6929805799776415}