{"MV1":0.6782232474798545,"MV3":0.45392344574229915,"CH1":0.6884466670784879}