{"MV1":0.6839184544742248,"MV3":0.47924017906014216,"CH1":0.4101966244886388}