{"MV1":0.19987872435910847,"MV3":0.9809283864935671,"CH1":0.6585420823709538}