{"MV1":0.2164677191890525,"MV3":0.00909187282668833,"CH1":0.23450511182410483}