{"MV1":0.9457409864692937,"MV3":0.8102290455365696,"CH1":0.30192405848295467}