{"MV1":0.9488878867239442,"MV3":0.07863887968605499,"CH1":0.13428232972061527}