{"MV1":0.5310141809170644,"MV3":0.9212822872497807,"CH1":0.8706650580201286}