{"MV1":0.8952887356380209,"MV3":0.0544537176578308,"CH1":0.7613509309189673}