{"MV1":0.6158087109212633,"MV3":0.12902168081942023,"CH1":0.1254396451770815}