{"MV1":0.7407806976939378,"MV3":0.958094014484466,"CH1":0.3332598376144039}