{"MV1":0.4552100041303402,"MV3":0.4748578071826456,"CH1":0.9136252344211226}