{"MV1":0.6609669025058851,"MV3":0.5892257795222552,"CH1":0.35879098646438323}