{"MV1":0.02298923410939968,"MV3":0.5973301168425338,"CH1":0.4542480607423095}