{"MV1":0.3325663688498507,"MV3":0.9028403832966814,"CH1":0.7630340421521757}