{"MV1":0.5213010999974106,"MV3":0.7507440956504396,"CH1":0.5745668105601078}