{"MV1":0.6858863090131042,"MV3":0.3705621562157121,"CH1":0.6264141899276952}