{"MV1":0.7512708799063761,"MV3":0.8551387785285071,"CH1":0.10068532030618793}