{"MV1":0.9097770857329994,"MV3":0.5005588539408771,"CH1":0.6173484993256454}