{"MV1":0.7158603183280106,"MV3":0.20873258209711132,"CH1":0.4315866646385803}