{"MV1":0.2940633319793492,"MV3":0.31417048213803267,"CH1":0.23712954884106496}