{"MV1":0.04077219287410305,"MV3":0.8501305439208962,"CH1":0.7209941156902264}