{"MV1":0.4305168562318905,"MV3":0.8492897952320856,"CH1":0.9031900476248184}