{"MV1":0.960535752768982,"MV3":0.6094974953984124,"CH1":0.8024270069341862}