{"MV1":0.4092995013889835,"MV3":0.9770649769861728,"CH1":0.011378952967008193}