{"MV1":0.9207652987182051,"MV3":0.1788693510707654,"CH1":0.10984163642215827}