{"MV1":0.5142437093513395,"MV3":0.6855092249647831,"CH1":0.15364120713950247}