{"MV1":0.16129792705289747,"MV3":0.342935044270156,"CH1":0.24173612822349877}