{"MV1":0.11413703272643227,"MV3":0.8130150802065336,"CH1":0.7071607555941355}