{"MV1":0.8436350533130105,"MV3":0.08086595057958768,"CH1":0.6478795601170846}