{"MV1":0.7216506940355845,"MV3":0.5387013054069141,"CH1":0.9563687005573271}