{"MV1":0.8105419158585936,"MV3":0.7313288054299918,"CH1":0.814205606979003}