{"MV1":0.6814596031403974,"MV3":0.04493474587377,"CH1":0.30662056580206976}