{"MV1":0.09277021006269448,"MV3":0.25021122995938216,"CH1":0.6163229557877818}