{"MV1":0.04874563737018689,"MV3":0.05888968818507612,"CH1":0.17257676948600698}