{"MV1":0.7179808304805737,"MV3":0.9299548012141776,"CH1":0.5325689231122617}