{"MV1":0.8914894574666274,"MV3":0.9912736350833887,"CH1":0.01605361035097541}