{"MV1":0.7290241797052328,"MV3":0.010176733766196322,"CH1":0.705948720871574}