{"MV1":0.6876119402892468,"MV3":0.02930065329590692,"CH1":0.2700664482138687}