{"MV1":0.36811154509608635,"MV3":0.4104314924363418,"CH1":0.7003531648585231}