{"MV1":0.46661701159175106,"MV3":0.3380676658241616,"CH1":0.9804204857147518}