{"MV1":0.8274168910779705,"MV3":0.6309607174207718,"CH1":0.472249622177471}