{"MV1":0.2581909630543806,"MV3":0.8648579544035608,"CH1":0.5022133199253093}