{"MV1":0.758438459124398,"MV3":0.8722518779369479,"CH1":0.3164425927283684}