{"MV1":0.30380334283292587,"MV3":0.6439297891968367,"CH1":0.09545077737005458}