{"MV1":0.4122999123532487,"MV3":0.8342856800201787,"CH1":0.11807486419317437}