{"MV1":0.5316728491012005,"MV3":0.4977206661851724,"CH1":0.5362987348129489}