{"MV1":0.32391693388836884,"MV3":0.2977048966584769,"CH1":0.8882757823959051}