{"MV1":0.4771321488416439,"MV3":0.36552643589373446,"CH1":0.3640595949730039}