{"MV1":0.8929912077472786,"MV3":0.288019901237651,"CH1":0.036656466947309285}