{"MV1":0.9205973184704536,"MV3":0.5537827335222462,"CH1":0.8459583079857703}