{"MV1":0.7524142532623531,"MV3":0.6214899420442732,"CH1":0.6430870946807179}