{"MV1":0.5169089142966498,"MV3":0.32695631210037346,"CH1":0.25505518351393464}