{"MV1":0.37886964854869487,"MV3":0.7120995509742865,"CH1":0.23775768698171096}