{"MV1":0.4157142565559062,"MV3":0.551340779536123,"CH1":0.739276689717229}