{"MV1":0.3649938674556754,"MV3":0.20836800377889497,"CH1":0.9945557271652433}