{"MV1":0.762466296161179,"MV3":0.07136247597003631,"CH1":0.7310144501421662}