{"MV1":0.14151434145711428,"MV3":0.2766616526171656,"CH1":0.42308208503635425}