{"MV1":0.809993735619859,"MV3":0.27653338397956995,"CH1":0.679833599273913}