{"MV1":0.7613308263647941,"MV3":0.1042593097888248,"CH1":0.4854495513262709}