{"MV1":0.38523195088642703,"MV3":0.48262203335586107,"CH1":0.7516189668951143}