{"MV1":0.6800385560748464,"MV3":0.9143487384516918,"CH1":0.9738753481478727}