{"MV1":0.8793184816387074,"MV3":0.4775107431333705,"CH1":0.08619972346472282}