{"MV1":0.384396089085539,"MV3":0.28313954880318315,"CH1":0.049887421134937604}