{"MV1":0.8382372042677989,"MV3":0.5008254317903856,"CH1":0.2883373464522567}