{"MV1":0.0005370921452051425,"MV3":0.3621344945586712,"CH1":0.2964389224676949}