{"MV1":0.11260557984664987,"MV3":0.07363601790759666,"CH1":0.8748762645743142}