{"MV1":0.1111586034966463,"MV3":0.6136268345580248,"CH1":0.6264958369925078}