{"MV1":0.18718759912022453,"MV3":0.5630379918344535,"CH1":0.043995046416666406}