{"MV1":0.14632781494503888,"MV3":0.504895782236148,"CH1":0.1471140173243648}