{"MV1":0.03294093738322057,"MV3":0.38367759837916837,"CH1":0.41446006677239877}