{"MV1":0.1887971157568601,"MV3":0.43217791886641954,"CH1":0.47688095954216525}