{"MV1":0.7706775233440764,"MV3":0.9688859034568862,"CH1":0.09314128080517636}