{"MV1":0.8342624441037567,"MV3":0.37421567219322893,"CH1":0.13704059348677178}