{"MV1":0.6909992279244084,"MV3":0.060458582752964674,"CH1":0.7238567717166445}