{"MV1":0.65219206584238,"MV3":0.5530680385812208,"CH1":0.30258472413730286}