{"MV1":0.874376712361583,"MV3":0.5676175376594657,"CH1":0.9807467454918807}