{"MV1":0.6134846911387345,"MV3":0.64811174085556,"CH1":0.434653273514792}