{"MV1":0.5575263523751891,"MV3":0.09670016144328042,"CH1":0.9169355103155042}