{"MV1":0.9420668287116251,"MV3":0.05213612393393385,"CH1":0.5538038611107646}