{"MV1":0.6524786096414603,"MV3":0.7196239944684043,"CH1":0.7275629350171873}