{"MV1":0.5221077255155885,"MV3":0.8085029525160302,"CH1":0.13653405791111295}