{"MV1":0.784115049069222,"MV3":0.41580551896913653,"CH1":0.6127028656999203}