{"MV1":0.5299915619503237,"MV3":0.7922137730859379,"CH1":0.4322038792440934}