{"MV1":0.9279140539672879,"MV3":0.8388755672776733,"CH1":0.115170387918061}