{"MV1":0.9166980569775199,"MV3":0.1193691346163428,"CH1":0.4796475868088814}