{"MV1":0.15302462992576527,"MV3":0.5403895400161269,"CH1":0.7831341629155355}