{"MV1":0.27622768904363537,"MV3":0.29187090053460574,"CH1":0.4277333514572622}