{"MV1":0.46124793120605667,"MV3":0.5737517321505832,"CH1":0.3162234239032039}