{"MV1":0.894300282771968,"MV3":0.37553119532962576,"CH1":0.684869653065219}