{"MV1":0.4517741166215321,"MV3":0.9919101250336613,"CH1":0.6573764780909364}