{"MV1":0.46139082038949475,"MV3":0.6020555944886893,"CH1":0.12155166982480248}