{"MV1":0.25560006572770766,"MV3":0.3702544495831177,"CH1":0.4981778391839763}