{"MV1":0.41332715376518947,"MV3":0.7722597707205058,"CH1":0.659251570286065}