{"MV1":0.7714651070743499,"MV3":0.862425283892627,"CH1":0.9715596754775828}