{"MV1":0.3681566391850203,"MV3":0.9531447418175004,"CH1":0.784217081255984}