{"MV1":0.39761550438993387,"MV3":0.34711752224770875,"CH1":0.6103563552539378}