{"MV1":0.71360672819299,"MV3":0.41095734114343496,"CH1":0.432730007863113}