{"MV1":0.0003958764465247233,"MV3":0.4946351228218153,"CH1":0.4536613212311821}