{"MV1":0.31172349473743466,"MV3":0.9115343545526365,"CH1":0.9620724182816036}