{"MV1":0.8531902177077945,"MV3":0.3465805462657775,"CH1":0.38964370045851493}