{"MV1":0.018744279072690273,"MV3":0.40321870931091097,"CH1":0.26662140463224815}