{"MV1":0.044358966462268334,"MV3":0.2130966476661298,"CH1":0.9231988433635341}