{"MV1":0.6705543222556861,"MV3":0.5965899253489494,"CH1":0.9618603946458287}