{"MV1":0.2601281764134795,"MV3":0.7006794798994546,"CH1":0.004789815417751364}