{"MV1":0.8941147257149314,"MV3":0.0719647533911486,"CH1":0.8669327629256446}