{"MV1":0.579876577191532,"MV3":0.7831656907751992,"CH1":0.6587556308077744}