{"MV1":0.6612932632078269,"MV3":0.5961739142957039,"CH1":0.27018634361737426}