{"MV1":0.11666978143607909,"MV3":0.6051877749717837,"CH1":0.6944962590003422}