{"MV1":0.6435378266882019,"MV3":0.9688658343678499,"CH1":0.7645327756480239}