{"MV1":0.6587202573890415,"MV3":0.03831129063519245,"CH1":0.5740606976137527}