{"MV1":0.1328862813618551,"MV3":0.7515506870159255,"CH1":0.6442905769657458}