{"MV1":0.6338124526078313,"MV3":0.7775929595183182,"CH1":0.9865734324743124}