{"MV1":0.41529585884840836,"MV3":0.6134066292259661,"CH1":0.3297273626313554}