{"MV1":0.1677962930040674,"MV3":0.668895885759013,"CH1":0.4276260656042091}