{"MV1":0.7035063294634328,"MV3":0.6902370118968072,"CH1":0.8865276725768919}