{"MV1":0.844515576796799,"MV3":0.0961085427535795,"CH1":0.3140239750773567}