{"MV1":0.8786686980278531,"MV3":0.0809796501553679,"CH1":0.3095994834655892}