{"MV1":0.6029841535783855,"MV3":0.7016407347826947,"CH1":0.39207653257707664}