{"MV1":0.35573353925536666,"MV3":0.2278068560735177,"CH1":0.48641877425281466}