{"MV1":0.2595583606296217,"MV3":0.9380301782648739,"CH1":0.047126741075145806}