{"MV1":0.26845695971306194,"MV3":0.6676481862825816,"CH1":0.06982179457499682}