{"MV1":0.6472371540959486,"MV3":0.6112482587713545,"CH1":0.6677535780288374}