{"MV1":0.991956126671816,"MV3":0.04394454741172871,"CH1":0.4997186941280445}