{"MV1":0.9943868443427821,"MV3":0.44510729715854824,"CH1":0.6312480287706169}