{"MV1":0.6534715160700593,"MV3":0.8115836983540499,"CH1":0.7471473389980843}