{"MV1":0.556720095220483,"MV3":0.6921780302906981,"CH1":0.529293433709052}