{"MV1":0.3130870754973373,"MV3":0.7564096325709156,"CH1":0.7134618854537483}