{"MV1":0.40599791092314386,"MV3":0.9706785456970454,"CH1":0.26464745592926864}