{"MV1":0.47212753848424416,"MV3":0.8679846664984585,"CH1":0.35139934157128194}