{"MV1":0.2729090046640812,"MV3":0.6835538578609408,"CH1":0.462006524089168}