{"MV1":0.8121302779434982,"MV3":0.47052911109069584,"CH1":0.17668045899599516}