{"MV1":0.8434424659172802,"MV3":0.3836846277920988,"CH1":0.7357425723666363}