{"MV1":0.849870323555634,"MV3":0.32519187633652935,"CH1":0.28054447871577426}