{"MV1":0.014494598070343367,"MV3":0.6383212174978856,"CH1":0.5629160676783244}