{"MV1":0.0004919197620757432,"MV3":0.17396377769739813,"CH1":0.8992754180076946}