{"MV1":0.295776634557694,"MV3":0.20606434003013185,"CH1":0.6554232952043325}