{"MV1":0.11674526823592912,"MV3":0.34641608279716474,"CH1":0.9772029360562051}