{"MV1":0.4494950209808355,"MV3":0.4072657862632182,"CH1":0.3937125220510932}