{"MV1":0.24515693889682233,"MV3":0.8640887725029124,"CH1":0.17071276805436608}