{"MV1":0.855148519033816,"MV3":0.24387228956333118,"CH1":0.8704373340870858}