{"MV1":0.5591008030694983,"MV3":0.9986435451967579,"CH1":0.1375020866592197}