{"MV1":0.35261087579986006,"MV3":0.35884971132999255,"CH1":0.709091713901072}