{"MV1":0.8348281279722235,"MV3":0.5432500589457295,"CH1":0.867924406566214}