{"MV1":0.05864402266182245,"MV3":0.8554408830498117,"CH1":0.4384256252020309}