{"MV1":0.9947487662472363,"MV3":0.07503453472764254,"CH1":0.25295184948061045}