{"MV1":0.23704427224317282,"MV3":0.1484471341634156,"CH1":0.6024997124454124}