{"MV1":0.9554133571517038,"MV3":0.578654513748135,"CH1":0.15813457044287293}