{"MV1":0.11396242376942844,"MV3":0.6403470256781425,"CH1":0.60945290668952}