{"MV1":0.13099483751676544,"MV3":0.8918029273013738,"CH1":0.5993915670839111}