{"MV1":0.5184838670367589,"MV3":0.9394874599801394,"CH1":0.34974104753180923}