{"MV1":0.376431266505623,"MV3":0.2826839364177588,"CH1":0.15160894722377172}