{"MV1":0.5853263508069616,"MV3":0.008417785628923924,"CH1":0.9086133958016993}