{"MV1":0.5034283683584357,"MV3":0.7586209250513088,"CH1":0.7373591953027954}