{"MV1":0.8494716005768539,"MV3":0.0929260078901446,"CH1":0.47932207008097705}