{"MV1":0.6960634512810271,"MV3":0.5329109537270619,"CH1":0.29829034886009365}