{"MV1":0.5718626785081198,"MV3":0.2320602154192657,"CH1":0.4470740610104541}