{"MV1":0.4705434016765303,"MV3":0.6158861225607938,"CH1":0.622439131450051}