{"MV1":0.33563380616918603,"MV3":0.056567478650997094,"CH1":0.3632292265925321}