{"MV1":0.6061696199546478,"MV3":0.6376026714077322,"CH1":0.6388396840808848}