{"MV1":0.17732378907779467,"MV3":0.3968418539845129,"CH1":0.67949083059847}