{"MV1":0.20700750247882416,"MV3":0.23756281019259617,"CH1":0.998799464793749}