{"MV1":0.6184145437982758,"MV3":0.15479237514101452,"CH1":0.16770649601543386}