{"MV1":0.9013065202836642,"MV3":0.6676163352222044,"CH1":0.4245555616742872}