{"MV1":0.6646078782863613,"MV3":0.8666648783437768,"CH1":0.8367460303704906}