{"MV1":0.0031084226434719975,"MV3":0.6754991952247539,"CH1":0.03487427307483848}