{"MV1":0.7246622930850273,"MV3":0.6498888033301271,"CH1":0.5106660212233731}