{"MV1":0.17692021419406367,"MV3":0.21364293287087588,"CH1":0.46174221635980706}