{"MV1":0.99399061270939,"MV3":0.38661053795278244,"CH1":0.748755069608085}