{"MV1":0.11007727006063794,"MV3":0.7372003954146,"CH1":0.3712809089078811}