{"MV1":0.22902447492848188,"MV3":0.9886845249798596,"CH1":0.8668988233040549}