{"MV1":0.9817355249304475,"MV3":0.03783847532225071,"CH1":0.3481193828201139}