{"MV1":0.9070043433311269,"MV3":0.06964240055048387,"CH1":0.7931403714292944}