{"MV1":0.7845832996637797,"MV3":0.37438058557905807,"CH1":0.6627495005260029}