{"MV1":0.30325702701292157,"MV3":0.6128568195734709,"CH1":0.1501361383959271}