{"MV1":0.5561701675178611,"MV3":0.2935834758975604,"CH1":0.7865428394136217}