{"MV1":0.2600320226582803,"MV3":0.2500634689955169,"CH1":0.8729410060899127}