{"MV1":0.03869884964452719,"MV3":0.39822244436360554,"CH1":0.08501598005312239}