{"MV1":0.4544111368174484,"MV3":0.08829071658990117,"CH1":0.801706390398502}