{"MV1":0.3153036549872559,"MV3":0.7992771125534895,"CH1":0.05639885740331663}