{"MV1":0.037461436535542236,"MV3":0.31814559874477677,"CH1":0.24137453726080227}