{"MV1":0.8459051371567712,"MV3":0.4209026222559771,"CH1":0.9563790483295356}