{"MV1":0.038041646508374494,"MV3":0.8651243146562363,"CH1":0.1553574284457675}