{"MV1":0.41619702672000136,"MV3":0.6314193133787205,"CH1":0.2211483637072168}