{"MV1":0.5285620736331906,"MV3":0.06221429280629709,"CH1":0.2303020445479712}