{"MV1":0.7514213909578159,"MV3":0.34377331434151004,"CH1":0.6218196940384134}