{"MV1":0.06299879653938123,"MV3":0.8745991031092172,"CH1":0.5610202698265347}