{"MV1":0.9671650912915499,"MV3":0.6606113785013625,"CH1":0.6762054391407512}