{"MV1":0.9351220850820767,"MV3":0.9585305055504963,"CH1":0.6610793254893664}