{"MV1":0.9575959504465085,"MV3":0.524169272357802,"CH1":0.14202514522569598}