{"MV1":0.1109809023513989,"MV3":0.993437228930721,"CH1":0.7821051922658993}