{"MV1":0.7910823922225804,"MV3":0.21037728487924656,"CH1":0.3674037786915315}