{"MV1":0.8580859953942553,"MV3":0.17122797306976578,"CH1":0.9541447026993259}