{"MV1":0.8267611369754633,"MV3":0.533608596354164,"CH1":0.2785104400393219}