{"MV1":0.7659516036279254,"MV3":0.7521688778922553,"CH1":0.9510431397898989}