{"MV1":0.5656397388619303,"MV3":0.9523090925143979,"CH1":0.181671895158943}