{"MV1":0.1797213178782291,"MV3":0.6363655719561316,"CH1":0.03481267987366565}