{"MV1":0.7151119911491931,"MV3":0.5783292656998645,"CH1":0.14835413179520385}