{"MV1":0.16914142385924225,"MV3":0.5388416466560483,"CH1":0.7044181367479554}