{"MV1":0.25947979526189746,"MV3":0.2915585643923331,"CH1":0.5567728984422506}