{"MV1":0.6883082277772236,"MV3":0.11788942286178805,"CH1":0.823546138041307}