{"MV1":0.2811909037509245,"MV3":0.8243927617631157,"CH1":0.19148560109730184}