{"MV1":0.21371060444061563,"MV3":0.7949267830025112,"CH1":0.29633517127606546}