{"MV1":0.9262507071976087,"MV3":0.8560038225101326,"CH1":0.5028206508885272}