{"MV1":0.9671101947649899,"MV3":0.7251215318558611,"CH1":0.6190750382196575}