{"MV1":0.13333448002593784,"MV3":0.3782907261838372,"CH1":0.6622670850276453}