{"MV1":0.7993785013306156,"MV3":0.7078047951231009,"CH1":0.6429933944628355}