{"MV1":0.19408200094206507,"MV3":0.08209251462239564,"CH1":0.9320332340859117}