{"MV1":0.9365556764305892,"MV3":0.9350757541338054,"CH1":0.6271491017246972}