{"MV1":0.6551767566281511,"MV3":0.7169160783354043,"CH1":0.21005432064507568}