{"MV1":0.9423414230809863,"MV3":0.19779952247011123,"CH1":0.6774949346668938}