{"MV1":0.5221073994474991,"MV3":0.4418841386897686,"CH1":0.6061294028807147}