{"MV1":0.9304911679748767,"MV3":0.9623907469617866,"CH1":0.9385114726677117}