{"MV1":0.062285820988004836,"MV3":0.47334474647135627,"CH1":0.9378030520836059}