{"MV1":0.40578723015622675,"MV3":0.6659765254123039,"CH1":0.05326444283028153}