{"MV1":0.4120797972888979,"MV3":0.8822457917713258,"CH1":0.13342393554323928}