{"MV1":0.6122127534227856,"MV3":0.7096232362196425,"CH1":0.2465064930852885}