{"MV1":0.4425137556892076,"MV3":0.5488910117708045,"CH1":0.13061271891734305}