{"MV1":0.19102741651041566,"MV3":0.707295749955304,"CH1":0.3414854840143138}