{"MV1":0.48274531537376353,"MV3":0.7380351389821875,"CH1":0.7603018936349535}