{"MV1":0.6816959343225034,"MV3":0.5159426238887179,"CH1":0.23144344110852078}