{"MV1":0.4151288408039828,"MV3":0.4210943810416641,"CH1":0.65397822455029}