{"MV1":0.8778559003736418,"MV3":0.1401865798149624,"CH1":0.463986906978732}