{"MV1":0.025749291253496343,"MV3":0.5805950558553462,"CH1":0.13162946639924822}