{"MV1":0.9862936626326343,"MV3":0.31372643952959545,"CH1":0.9650656318487767}