{"MV1":0.26966138553524255,"MV3":0.49921687984068985,"CH1":0.552330237300349}