{"MV1":0.9614944619233303,"MV3":0.5578036796492042,"CH1":0.0038887953350582594}