{"MV1":0.9384273219697337,"MV3":0.9786663984863363,"CH1":0.5283444557014134}