{"MV1":0.20981184554312093,"MV3":0.30811764621679394,"CH1":0.9660598449788491}