{"MV1":0.6903427637468865,"MV3":0.5976484615169438,"CH1":0.8259559906845165}