{"MV1":0.9938559654211431,"MV3":0.7031865142499948,"CH1":0.464366142321494}