{"MV1":0.6035456850692583,"MV3":0.8421004616941109,"CH1":0.3584453434869652}