{"MV1":0.11641739681741359,"MV3":0.9514428621241892,"CH1":0.32399885440007026}