{"MV1":0.45474171925577145,"MV3":0.6316632292786168,"CH1":0.4249953121375746}