{"MV1":0.5627458981472554,"MV3":0.6122269321799026,"CH1":0.2616138426247582}