{"MV1":0.3217622887708965,"MV3":0.332277428768856,"CH1":0.6237310120059033}