{"MV1":0.37945697306371073,"MV3":0.3454200464879662,"CH1":0.05324748047810135}