{"MV1":0.1519210523480603,"MV3":0.09107073772670393,"CH1":0.17409972195661572}