{"MV1":0.5015692232965235,"MV3":0.6792626095793306,"CH1":0.8754243581539451}