{"MV1":0.2319059544125992,"MV3":0.43189016688347115,"CH1":0.6058341868697233}