{"MV1":0.7508721508656383,"MV3":0.15426631045990113,"CH1":0.4922729617045093}