{"MV1":0.5783676244598707,"MV3":0.2797887903284161,"CH1":0.7401544315942272}