{"MV1":0.8205112909426697,"MV3":0.5363627685968566,"CH1":0.5928610203685378}