{"MV1":0.869929838637733,"MV3":0.04191262551933672,"CH1":0.3400402767561521}