{"MV1":0.1338099105527717,"MV3":0.23403354425167966,"CH1":0.8033940520385575}