{"MV1":0.445596624665783,"MV3":0.8426677075944536,"CH1":0.39830690084417186}