{"MV1":0.09170452375046312,"MV3":0.393145808709243,"CH1":0.5922573659546143}