{"MV1":0.336700312831378,"MV3":0.6100872789494045,"CH1":0.5772590108821447}