{"MV1":0.5740936121367717,"MV3":0.47009182124064586,"CH1":0.24526434790171647}