{"MV1":0.6539300092267011,"MV3":0.9824721607714516,"CH1":0.531859568752664}