{"MV1":0.6995217416369134,"MV3":0.25515966723385197,"CH1":0.6266124758665649}