{"MV1":0.31184375489508653,"MV3":0.020541343797742417,"CH1":0.9946867107671167}