{"MV1":0.4289332352254125,"MV3":0.23010670650958798,"CH1":0.4781147003291484}