{"MV1":0.8277861664383956,"MV3":0.17147529626962665,"CH1":0.3699914545045081}