{"MV1":0.28447999706801297,"MV3":0.34874297551817834,"CH1":0.532614821776687}