{"MV1":0.44482606720709994,"MV3":0.6461137654039885,"CH1":0.003440209256388882}