{"MV1":0.1846449874477577,"MV3":0.053475332993739744,"CH1":0.8006707872602872}