{"MV1":0.20597314882707718,"MV3":0.9741520511986667,"CH1":0.8553639042567259}