{"MV1":0.16737899247770782,"MV3":0.2831830204641721,"CH1":0.9376933894278772}