{"MV1":0.3184213505322505,"MV3":0.12125668991341843,"CH1":0.41565570126849016}