{"MV1":0.8573247391365435,"MV3":0.32777057497186934,"CH1":0.6019041205143846}