{"MV1":0.8724593765788882,"MV3":0.09050917529942826,"CH1":0.34113735471097106}