{"MV1":0.6089224352663442,"MV3":0.5571852127564055,"CH1":0.7985314932620455}