{"MV1":0.3410600638215019,"MV3":0.5935487953377263,"CH1":0.47403277375333}