{"MV1":0.7488801449010423,"MV3":0.8565681435707294,"CH1":0.3580692820396141}