{"MV1":0.4962303250533211,"MV3":0.032517381922433364,"CH1":0.7967084746712196}