{"MV1":0.8960769758669384,"MV3":0.4822142512586348,"CH1":0.9919210285423751}