{"MV1":0.27955539519762884,"MV3":0.4647767997207509,"CH1":0.26813820113445164}