{"MV1":0.5029805195864772,"MV3":0.7130204614036926,"CH1":0.31741303880940264}