{"MV1":0.6871908986166314,"MV3":0.2773420487974291,"CH1":0.019822156632783194}