{"MV1":0.37128976594764773,"MV3":0.9119613030397165,"CH1":0.9777251404019174}