{"MV1":0.40889896508481105,"MV3":0.4893585557633817,"CH1":0.23854865186571295}