{"MV1":0.4765794376411694,"MV3":0.5510353230644793,"CH1":0.551734206299468}