{"MV1":0.3969092445914032,"MV3":0.03962718842417179,"CH1":0.31864024396125246}