{"MV1":0.17173488081827992,"MV3":0.15440673640373037,"CH1":0.9752344742904369}