{"MV1":0.5886004929696956,"MV3":0.37161350780209357,"CH1":0.6254092490164512}