{"MV1":0.5243772737364896,"MV3":0.42859179468245023,"CH1":0.5572589154928761}