{"MV1":0.37736743582136434,"MV3":0.36291163622294575,"CH1":0.10305963380331495}