{"MV1":0.22570951873158218,"MV3":0.6566476759956108,"CH1":0.04005580429429134}