{"MV1":0.5596780737989606,"MV3":0.7579400577540528,"CH1":0.43775592865689517}