{"MV1":0.46105476913773213,"MV3":0.9550992283583515,"CH1":0.9569324647222909}