{"MV1":0.10340899261351755,"MV3":0.879266891606903,"CH1":0.9477094964589405}