{"MV1":0.5884128272700656,"MV3":0.5681173276032386,"CH1":0.30896033042666793}