{"MV1":0.4883251838917432,"MV3":0.9368368571916,"CH1":0.5942784032626466}