{"MV1":0.1242078159266663,"MV3":0.4478631854145647,"CH1":0.23494280164639725}