{"MV1":0.18625460860748277,"MV3":0.9415855303546298,"CH1":0.42872385851123074}