{"MV1":0.43485720687521323,"MV3":0.8033623866089339,"CH1":0.25353252496678735}