{"MV1":0.19372920020066275,"MV3":0.6700749919438341,"CH1":0.03539486719305218}