{"MV1":0.9118479400669108,"MV3":0.721410566178047,"CH1":0.15377811124828467}