{"MV1":0.08919648430161498,"MV3":0.4653440650597592,"CH1":0.8517043142448795}