{"MV1":0.3252520043593218,"MV3":0.6025028457061801,"CH1":0.8319673064309477}