{"MV1":0.23828915451852584,"MV3":0.2530947012278246,"CH1":0.7795601631401989}