{"MV1":0.2434885914852437,"MV3":0.009085399771776137,"CH1":0.8080696183791067}