{"MV1":0.3677410005713093,"MV3":0.16413114224105563,"CH1":0.8642804201643156}