{"MV1":0.9199699932237003,"MV3":0.33766564370914076,"CH1":0.9280775402020973}