{"MV1":0.7406842316803588,"MV3":0.7988140420760237,"CH1":0.6543021457058532}