{"MV1":0.48704101517482823,"MV3":0.3371724096276293,"CH1":0.8339096033941844}