{"MV1":0.8661222586621798,"MV3":0.9446520212827415,"CH1":0.8735114023295465}