{"MV1":0.15646071650441473,"MV3":0.2662274463767518,"CH1":0.9648879186793118}