{"MV1":0.08138460813861637,"MV3":0.8305597912349865,"CH1":0.3035756078683264}