{"MV1":0.6963111514598705,"MV3":0.6514596710807171,"CH1":0.5087307989847748}