{"MV1":0.38990511687353757,"MV3":0.7026871193848435,"CH1":0.5954434453625007}