{"MV1":0.7383077494386762,"MV3":0.5045766734938546,"CH1":0.9360979981778078}