{"MV1":0.5483176799814826,"MV3":0.7544463285184343,"CH1":0.14189722256017046}