{"MV1":0.1762689257325728,"MV3":0.6688156049793845,"CH1":0.670709204250501}