{"MV1":0.5053452007625401,"MV3":0.7720812798447229,"CH1":0.5913063217195617}