{"MV1":0.018303823919683326,"MV3":0.8458351042543277,"CH1":0.5514348751633906}