{"MV1":0.12410395675566677,"MV3":0.915044621311418,"CH1":0.7509322630317257}