{"MV1":0.20941947913540804,"MV3":0.744200278206813,"CH1":0.9897455430398883}