{"MV1":0.46871603091965364,"MV3":0.12673034100809655,"CH1":0.5526583298162288}