{"MV1":0.7844395162784858,"MV3":0.4603252943923315,"CH1":0.7599900326881395}