{"MV1":0.1368330836408067,"MV3":0.8687560410371669,"CH1":0.04640906323477334}