{"MV1":0.5935602922933138,"MV3":0.2362983562374188,"CH1":0.7755821567832988}