{"MV1":0.9277982059868953,"MV3":0.10447495193555123,"CH1":0.7492060520110299}