{"MV1":0.7717247346444325,"MV3":0.2660658653568009,"CH1":0.30119395476427824}