{"MV1":0.24063571858979138,"MV3":0.015106422894868632,"CH1":0.6637997049387233}