{"MV1":0.006935916315474966,"MV3":0.6833945557043671,"CH1":0.010845077925223157}