{"MV1":0.28000935753895484,"MV3":0.2152161233918798,"CH1":0.8708830602025419}