{"MV1":0.8952841810591446,"MV3":0.7898008562446692,"CH1":0.5506112210539649}