{"MV1":0.28727564700817454,"MV3":0.024144278331517777,"CH1":0.8433968805989873}