{"MV1":0.8487273857537572,"MV3":0.3918565233087171,"CH1":0.7048119101785617}