{"MV1":0.14125674379193476,"MV3":0.5159789204470402,"CH1":0.025901771384290728}