{"MV1":0.36517311728890556,"MV3":0.05168490051660091,"CH1":0.16136015471067955}