{"MV1":0.41673117287638184,"MV3":0.6686174806936708,"CH1":0.7988152616237821}