{"MV1":0.6075373512423239,"MV3":0.36841433494150355,"CH1":0.5691829607018976}