{"MV1":0.5849532216438127,"MV3":0.5842832251068469,"CH1":0.9269894535461686}