{"MV1":0.3478980089493786,"MV3":0.46068044476738745,"CH1":0.9861551372235347}