{"MV1":0.29837382237171595,"MV3":0.7349878312939858,"CH1":0.537499049277609}