{"MV1":0.3902159470182769,"MV3":0.14658593887281424,"CH1":0.2300575904045069}