{"MV1":0.5207199780500407,"MV3":0.0694052034039917,"CH1":0.5224815038605786}