{"MV1":0.3403356892010201,"MV3":0.6744725299728755,"CH1":0.030595465188220095}