{"MV1":0.5740035414059689,"MV3":0.8391628725313542,"CH1":0.72190619249984}