{"MV1":0.9649116051518365,"MV3":0.2976866007262646,"CH1":0.7860477734838953}