{"MV1":0.012611408935802926,"MV3":0.37103381756357845,"CH1":0.703291824009386}