{"MV1":0.29953802694554443,"MV3":0.6763097965227095,"CH1":0.6698238007605273}