{"MV1":0.3870021789199848,"MV3":0.7475068077526541,"CH1":0.5477670617608424}