{"MV1":0.7536412709747329,"MV3":0.5559309226972341,"CH1":0.6599762729259684}