{"MV1":0.15132193776389202,"MV3":0.7384711142481593,"CH1":0.1948387087155412}