{"MV1":0.15824531085603988,"MV3":0.8406650029936698,"CH1":0.9422495699423372}