{"MV1":0.1386477787886642,"MV3":0.15089241187997526,"CH1":0.925548509552298}