{"MV1":0.12348557746763178,"MV3":0.5101406498008983,"CH1":0.7205355485072616}