{"MV1":0.49392553549284857,"MV3":0.7120206527078837,"CH1":0.9927926114250796}