{"MV1":0.44574861699183077,"MV3":0.5453852096787688,"CH1":0.024792610334733012}