{"MV1":0.3632341980841991,"MV3":0.4244388841751958,"CH1":0.8900913715344407}