{"MV1":0.7141870127397737,"MV3":0.3587706361202667,"CH1":0.6606455097316648}