{"MV1":0.9525771336156207,"MV3":0.5409440895388685,"CH1":0.7809938661016832}