{"MV1":0.15587637453656067,"MV3":0.6563696734380908,"CH1":0.7511615942595101}