{"MV1":0.4187296728813116,"MV3":0.26646976822707746,"CH1":0.18257158211498237}