{"MV1":0.845572015032225,"MV3":0.9837207844924681,"CH1":0.856629518033178}