{"MV1":0.1628841717690096,"MV3":0.12639031989690108,"CH1":0.4574186021979809}