{"MV1":0.382786227575571,"MV3":0.6433725669481899,"CH1":0.2907859568234997}