{"MV1":0.1993572164674804,"MV3":0.627879060136259,"CH1":0.4952794218848594}