{"MV1":0.11689656863335751,"MV3":0.8252752243400546,"CH1":0.14471464131790812}