{"MV1":0.3184682738309714,"MV3":0.5709670013479518,"CH1":0.3759902388582156}