{"MV1":0.17565193358610864,"MV3":0.5967748157051315,"CH1":0.8862183063873724}