{"MV1":0.8063935918091275,"MV3":0.8698351553521219,"CH1":0.644101047295107}