{"MV1":0.15597528274325234,"MV3":0.8703328391780477,"CH1":0.8316251488264284}