{"MV1":0.3728121926035667,"MV3":0.8060479518348815,"CH1":0.501381080136861}