{"MV1":0.05060247113339811,"MV3":0.6422230371477763,"CH1":0.0411906517553805}