{"MV1":0.6360130212842159,"MV3":0.4819973499690592,"CH1":0.9328986526312356}