{"MV1":0.2749051874806966,"MV3":0.6676240782951095,"CH1":0.05533138801200166}