{"MV1":0.39165700390828273,"MV3":0.7784028216156941,"CH1":0.9745666909489274}