{"MV1":0.9287257003394385,"MV3":0.8603704692553159,"CH1":0.6614100175049809}