{"MV1":0.18914646811577862,"MV3":0.9386104624939234,"CH1":0.7766859711397047}