{"MV1":0.8481472818346357,"MV3":0.830057349196077,"CH1":0.892341339362058}