{"MV1":0.16951265733999088,"MV3":0.6757006842521115,"CH1":0.9975516238877761}