{"MV1":0.5134286780759644,"MV3":0.9000945201912419,"CH1":0.899008744026449}