{"MV1":0.7181281934340241,"MV3":0.4638319969229088,"CH1":0.7886769264493835}