{"MV1":0.41896990062778905,"MV3":0.491961197089019,"CH1":0.8544533300232754}