{"MV1":0.4641131366299043,"MV3":0.39751107035817357,"CH1":0.39822573247012416}