{"MV1":0.29495427884471903,"MV3":0.5140286319871328,"CH1":0.8281362983065425}