{"MV1":0.5923918856951829,"MV3":0.17395767845023846,"CH1":0.10660416885345159}