{"MV1":0.30039871336712853,"MV3":0.34155003741819867,"CH1":0.43249746487467267}