{"MV1":0.9701111179594215,"MV3":0.4766530922205936,"CH1":0.09018295224421258}