{"MV1":0.6847315344236466,"MV3":0.19128824042803994,"CH1":0.6594725926173738}