{"MV1":0.1478718196883767,"MV3":0.6477563611466349,"CH1":0.3579233997361182}