{"MV1":0.6296214078731335,"MV3":0.43248326127990977,"CH1":0.7158601201336341}