{"MV1":0.6267897383937472,"MV3":0.1659478478459243,"CH1":0.3253054466354919}