{"MV1":0.031106037082988203,"MV3":0.006971413157911832,"CH1":0.12832572861272196}