{"MV1":0.9111582054181364,"MV3":0.22030675430178437,"CH1":0.9189759729830174}