{"MV1":0.6858390810038435,"MV3":0.12362654568665099,"CH1":0.17698012922111372}