{"MV1":0.9846510665620237,"MV3":0.9724733103103173,"CH1":0.04871991668489428}