{"MV1":0.507211107448308,"MV3":0.5503947493140144,"CH1":0.8669446190446733}