{"MV1":0.5281454197771058,"MV3":0.8302466195468716,"CH1":0.3325418167232784}