{"MV1":0.3674307291613105,"MV3":0.8337729463244774,"CH1":0.4659630916463352}