{"MV1":0.019479983338143048,"MV3":0.3004698298163452,"CH1":0.7670543145890171}