{"MV1":0.637391394679655,"MV3":0.019236991641666035,"CH1":0.3196554925966607}