{"MV1":0.2529089971546645,"MV3":0.654828983260912,"CH1":0.6063727032697694}