{"MV1":0.034095621733777004,"MV3":0.6860081170087676,"CH1":0.3403865100720834}