{"MV1":0.9113200791086402,"MV3":0.08979959719131347,"CH1":0.162642546446495}