{"MV1":0.14340915927382114,"MV3":0.4995672890078414,"CH1":0.20026420654799748}