{"MV1":0.793109639643687,"MV3":0.039523821655307656,"CH1":0.6770258450842106}