{"MV1":0.45345320557812463,"MV3":0.6676177448823506,"CH1":0.39678628699746143}