{"MV1":0.6528682585029884,"MV3":0.14971962161950758,"CH1":0.7088023027947775}