{"MV1":0.5274092907154326,"MV3":0.8773182944103612,"CH1":0.771449472810095}