{"MV1":0.5714805127109539,"MV3":0.3043383275266828,"CH1":0.6689959223250809}