{"MV1":0.21152088735688857,"MV3":0.6379076108977608,"CH1":0.6569446014131635}