{"MV1":0.9313528620398304,"MV3":0.6362423761882512,"CH1":0.14477541323725351}