{"MV1":0.7395215267862096,"MV3":0.038657622340780184,"CH1":0.41546607524430934}