{"MV1":0.34443829646474877,"MV3":0.879321244913654,"CH1":0.9242057020119745}