{"MV1":0.38195812582796496,"MV3":0.4749987297626468,"CH1":0.013061531969448148}