{"MV1":0.3781839962061848,"MV3":0.02406848305583087,"CH1":0.8760231132906222}