{"MV1":0.3488036089634001,"MV3":0.7238862844926431,"CH1":0.29640074580439935}