{"MV1":0.6344970474098077,"MV3":0.3408603849676378,"CH1":0.7462850518365027}