{"MV1":0.6458057143566839,"MV3":0.2690531446684207,"CH1":0.41971251176011715}