{"MV1":0.8824915631884996,"MV3":0.8630731986402168,"CH1":0.49898637456235506}