{"MV1":0.7954037832774434,"MV3":0.40672862440527424,"CH1":0.6755519251052885}