{"MV1":0.2398457459165203,"MV3":0.48518235305739876,"CH1":0.8046266759079084}