{"MV1":0.8213686582021329,"MV3":0.9869076118167066,"CH1":0.0645775173731783}