{"MV1":0.895444658641882,"MV3":0.9951618116006091,"CH1":0.6123844712789468}