{"MV1":0.35967061377431486,"MV3":0.5729100058927951,"CH1":0.5450868015742999}