{"MV1":0.4164089066231361,"MV3":0.5613158669446284,"CH1":0.2924893571019087}