{"MV1":0.4270295997373318,"MV3":0.11757804456185006,"CH1":0.5753003172241837}