{"MV1":0.8165386827379845,"MV3":0.26567240907100675,"CH1":0.02562541150654163}