{"MV1":0.5527290141164929,"MV3":0.432381717233148,"CH1":0.22966357468215082}