{"MV1":0.6679106984127938,"MV3":0.9612839903116844,"CH1":0.33726256174325464}