{"MV1":0.6041312508943127,"MV3":0.30771534707760795,"CH1":0.26952554156536024}