{"MV1":0.7584850607212958,"MV3":0.6402322795939479,"CH1":0.8876369562642318}