{"MV1":0.26306291867679754,"MV3":0.16073237473612645,"CH1":0.3868151830639742}