{"MV1":0.6668525056966457,"MV3":0.06275853348272542,"CH1":0.045570278615411186}