{"MV1":0.4202538078439808,"MV3":0.5915926332988203,"CH1":0.6667476767469792}