{"MV1":0.22714671969193911,"MV3":0.4153978234996716,"CH1":0.3452227379968926}