{"MV1":0.41374742644514884,"MV3":0.00693502016366232,"CH1":0.20213496568645706}