{"MV1":0.6120963496965721,"MV3":0.3375423689115745,"CH1":0.03245296810640452}