{"MV1":0.5754229764481558,"MV3":0.07667595237208413,"CH1":0.2700818883431969}