{"MV1":0.07305653166349058,"MV3":0.784120255713056,"CH1":0.760324607758603}