{"MV1":0.625272008533425,"MV3":0.5914904240942997,"CH1":0.2045105702043003}