{"MV1":0.09621182378394677,"MV3":0.43088638998801143,"CH1":0.7565506542485395}