{"MV1":0.19812620226348987,"MV3":0.5537345820920014,"CH1":0.29174651541197916}