{"MV1":0.8314347872793247,"MV3":0.24995290545296012,"CH1":0.0029484757290416663}