{"MV1":0.855751098779021,"MV3":0.2664014664340614,"CH1":0.17901206294070093}