{"MV1":0.8721699780658995,"MV3":0.30870804288000075,"CH1":0.8047330760251677}