{"MV1":0.7551791610443779,"MV3":0.827198353230261,"CH1":0.9092974979763363}