{"MV1":0.12165857914000444,"MV3":0.9722011832788562,"CH1":0.41131140563075264}