{"MV1":0.6422691421724092,"MV3":0.8213858365532132,"CH1":0.4061538764798437}