{"MV1":0.025348488900274635,"MV3":0.7271151837148722,"CH1":0.007541232305396717}