{"MV1":0.4214927132079913,"MV3":0.625013358767309,"CH1":0.8510204460027534}