{"MV1":0.16522496143012422,"MV3":0.8923552285649057,"CH1":0.9490447707534518}