{"MV1":0.3020902324875402,"MV3":0.5736370661107102,"CH1":0.33731493187314476}