{"MV1":0.8076474460418712,"MV3":0.8536980432708627,"CH1":0.40214930202472654}