{"MV1":0.38248464180091213,"MV3":0.7942651783240062,"CH1":0.9488671192891138}