{"MV1":0.12224681753684374,"MV3":0.09473207633884317,"CH1":0.3846991893434487}