{"MV1":0.7406559135829615,"MV3":0.5802650987790585,"CH1":0.07006575236334622}