{"MV1":0.37642527490592725,"MV3":0.5827668225126875,"CH1":0.12644529666008975}