{"MV1":0.5968647050335752,"MV3":0.025824527864976354,"CH1":0.2019118150546061}