{"MV1":0.9249872668001257,"MV3":0.8810485643649462,"CH1":0.3006542287433974}