{"MV1":0.9184199641420918,"MV3":0.0597343768098656,"CH1":0.689551147431103}