{"MV1":0.2967139305559554,"MV3":0.45242801665276855,"CH1":0.7236331883233907}