{"MV1":0.2733829739973689,"MV3":0.5190937404439637,"CH1":0.6980432124687417}