{"MV1":0.7590338126596059,"MV3":0.5083228392779008,"CH1":0.28307782808382986}