{"MV1":0.19901984941981965,"MV3":0.8595571442958003,"CH1":0.952549734214361}