{"MV1":0.08649611293612036,"MV3":0.5057522273792248,"CH1":0.182193543536465}