{"MV1":0.7766985619991006,"MV3":0.3176513545080557,"CH1":0.10030554011181803}