{"MV1":0.16908267631837504,"MV3":0.4243558294355453,"CH1":0.4952597215655469}