{"MV1":0.8858897208965022,"MV3":0.3338173276998482,"CH1":0.4137812667045444}