{"MV1":0.05173479294621941,"MV3":0.9802004364174544,"CH1":0.02003104392153332}