{"MV1":0.4240969595438836,"MV3":0.8084377441892008,"CH1":0.41053719247293197}