{"MV1":0.7017855025533618,"MV3":0.1511620000650703,"CH1":0.1912493890059147}