{"MV1":0.10236098437107344,"MV3":0.40664535103153654,"CH1":0.891188865764873}