{"MV1":0.3215469018471929,"MV3":0.0840544984831586,"CH1":0.6469618962322975}