{"MV1":0.7028125003713286,"MV3":0.07369629444341719,"CH1":0.9583630462222471}