{"MV1":0.4449899273953952,"MV3":0.622547531866102,"CH1":0.011401943078070187}