{"MV1":0.4659960169589352,"MV3":0.0457367743887348,"CH1":0.23479940616756267}