{"MV1":0.6818978173540897,"MV3":0.023565376850127828,"CH1":0.3582819320673146}