{"MV1":0.9135139452620924,"MV3":0.7485206151232935,"CH1":0.5530823586624485}