{"MV1":0.4232341405965052,"MV3":0.7934499405220018,"CH1":0.6005801592195533}