{"MV1":0.6179047478619686,"MV3":0.7237033976824501,"CH1":0.8439617632975235}