{"MV1":0.1179534069740591,"MV3":0.8682663269292062,"CH1":0.1028469423136611}