{"MV1":0.9763456040621387,"MV3":0.3797479688914469,"CH1":0.7871836327697239}