{"MV1":0.4324520949319335,"MV3":0.46006038546365247,"CH1":0.9745437029816165}