{"MV1":0.1020528223820637,"MV3":0.583828201860231,"CH1":0.7450579964645985}