{"MV1":0.7860245132734377,"MV3":0.9086134103642336,"CH1":0.17841946723560076}