{"MV1":0.3359625829853288,"MV3":0.6971172819932305,"CH1":0.987414335440181}