{"MV1":0.6224963265602443,"MV3":0.5378307746557163,"CH1":0.08771628043901902}