{"MV1":0.2849319380534664,"MV3":0.47286438970051803,"CH1":0.579431560161499}