{"MV1":0.3248963315830019,"MV3":0.053875801996794315,"CH1":0.9146487582747979}