{"MV1":0.026404409064669676,"MV3":0.6826674128867866,"CH1":0.8133697051036206}