{"MV1":0.9939558160593921,"MV3":0.7481425045404975,"CH1":0.9632373668125597}