{"MV1":0.9749350181836984,"MV3":0.8065452593825437,"CH1":0.47029939329837434}