{"MV1":0.270372449636889,"MV3":0.324777163762211,"CH1":0.7712899813510145}