{"MV1":0.190416573142,"MV3":0.21214300586864965,"CH1":0.23748129482287295}