{"MV1":0.2639578079676418,"MV3":0.17715369893534993,"CH1":0.6544154725633372}