{"MV1":0.4126236106365573,"MV3":0.9698636472539687,"CH1":0.035531148981548855}