{"MV1":0.13062416025347,"MV3":0.08956222826765037,"CH1":0.47160914589839786}