{"MV1":0.6666896778500149,"MV3":0.44281855832521844,"CH1":0.6930459885132565}