{"MV1":0.20003821667472466,"MV3":0.7556948393271493,"CH1":0.019534259864851466}