{"MV1":0.7463070911875319,"MV3":0.814138893655667,"CH1":0.935755009296693}