{"MV1":0.1028407625861133,"MV3":0.7101285065895045,"CH1":0.03525979008104607}