{"MV1":0.003396216160721721,"MV3":0.6258429886955942,"CH1":0.712537239060975}