{"MV1":0.5478686723610462,"MV3":0.41340350596391473,"CH1":0.7173124207916249}