{"MV1":0.516989717085519,"MV3":0.44675713137114914,"CH1":0.8065089329904931}