{"MV1":0.7948335833099,"MV3":0.8923221728391779,"CH1":0.48811552279873194}