{"MV1":0.4074088165420935,"MV3":0.9480904642719881,"CH1":0.13932880262729808}