{"MV1":0.1672628273378195,"MV3":0.22930824763418778,"CH1":0.29895244317920333}