{"MV1":0.44627805319429714,"MV3":0.8699120229473196,"CH1":0.6694936752070054}