{"MV1":0.6351646971291754,"MV3":0.9916950886017487,"CH1":0.1523033926481041}