{"MV1":0.4857490736746177,"MV3":0.13788799872072544,"CH1":0.8376955537910704}