{"MV1":0.2562276821993149,"MV3":0.4158155760979202,"CH1":0.8986683549450455}