{"MV1":0.4078489994248523,"MV3":0.2745015923280315,"CH1":0.9059996707671414}