{"MV1":0.5372949522424232,"MV3":0.720234224081971,"CH1":0.25293623616127103}