{"MV1":0.7372641912357271,"MV3":0.4120910277836606,"CH1":0.002732707558498748}