{"MV1":0.8724950117858299,"MV3":0.5779930445545878,"CH1":0.08648113127001167}