{"MV1":0.4533558577645248,"MV3":0.30255677166806083,"CH1":0.9318121707518826}