{"MV1":0.08812028243289605,"MV3":0.08010004937789461,"CH1":0.9493452023051904}