{"MV1":0.14662012677707248,"MV3":0.6803974226312003,"CH1":0.15944003543929197}