{"MV1":0.5997927734859856,"MV3":0.0476859570566166,"CH1":0.23350406446172645}