{"MV1":0.3927044039032951,"MV3":0.6084371720891688,"CH1":0.8330393301167969}