{"MV1":0.8899223974548214,"MV3":0.7335005846160361,"CH1":0.8751095831889246}