{"MV1":0.6175188548028383,"MV3":0.06344922643114459,"CH1":0.6465939096126062}