{"MV1":0.5966678982998734,"MV3":0.5544234053819672,"CH1":0.655740864219697}