{"MV1":0.9507682602467654,"MV3":0.372404387654922,"CH1":0.27697147650320575}