{"MV1":0.04938815319780543,"MV3":0.040562243913417895,"CH1":0.8925994930463448}