{"MV1":0.9115257006336266,"MV3":0.7009648633529815,"CH1":0.010281886252128114}