{"MV1":0.6054007192784746,"MV3":0.06878645605931621,"CH1":0.20721162863889098}