{"MV1":0.018983851809309726,"MV3":0.40269743099096367,"CH1":0.4669604610028999}