{"MV1":0.19437332957010645,"MV3":0.4661132285851982,"CH1":0.15875258427490413}