{"MV1":0.32897831681722534,"MV3":0.6013656895867123,"CH1":0.14607374659254502}