{"MV1":0.6526201975967731,"MV3":0.06702707521454898,"CH1":0.8203388789432734}