{"MV1":0.9982432961690032,"MV3":0.9141545321433046,"CH1":0.4700807334613957}