{"MV1":0.26076949291915663,"MV3":0.31838334719726014,"CH1":0.20423882507922964}