{"MV1":0.52254654651472,"MV3":0.13662792038506033,"CH1":0.8563415422304417}