{"MV1":0.3988001022380596,"MV3":0.046854474609950514,"CH1":0.3718597269328745}