{"MV1":0.046649016733209536,"MV3":0.4197836075192043,"CH1":0.22884877848560348}