{"MV1":0.927716503643027,"MV3":0.5697492010721794,"CH1":0.8101516972791986}