{"MV1":0.29103151241030145,"MV3":0.9209884789402394,"CH1":0.5404800133965312}