{"MV1":0.5175846946125301,"MV3":0.5749909192382581,"CH1":0.30624205379597336}