{"MV1":0.6110764480174332,"MV3":0.5223969633989117,"CH1":0.5749101294169434}