{"MV1":0.3299269090485766,"MV3":0.4083646811032804,"CH1":0.8900138029342785}