{"MV1":0.3647130876330045,"MV3":0.6909921390573934,"CH1":0.5668139146687619}