{"MV1":0.21563208327403216,"MV3":0.6663141445572546,"CH1":0.9815734898467345}