{"MV1":0.9425512454742029,"MV3":0.9338970515919768,"CH1":0.8388785759530016}