{"MV1":0.21753698901772578,"MV3":0.4236768307746295,"CH1":0.7481257545861446}