{"MV1":0.709387712229476,"MV3":0.41201754888937514,"CH1":0.48693988605322536}