{"MV1":0.8025983621480993,"MV3":0.6383232842951713,"CH1":0.4305281522129366}