{"MV1":0.7026988575240407,"MV3":0.5160813735813379,"CH1":0.49604511342561775}