{"MV1":0.4204004872311895,"MV3":0.23406536770737274,"CH1":0.7897649896427197}