{"MV1":0.25011942242452545,"MV3":0.18212415828116524,"CH1":0.11520844918761008}