{"MV1":0.05512639495823046,"MV3":0.6000640803216774,"CH1":0.28095441299556156}