{"MV1":0.1709464537267149,"MV3":0.5370552237061555,"CH1":0.6963103503385485}