{"MV1":0.9567215258509387,"MV3":0.5420104781960237,"CH1":0.21244807208507976}