{"MV1":0.5625744932602491,"MV3":0.6828389681001239,"CH1":0.3008935328938448}