{"MV1":0.007090399008180759,"MV3":0.8436029099158985,"CH1":0.880635872890283}