{"MV1":0.4530673097888587,"MV3":0.2123555590313949,"CH1":0.33919903280808916}