{"MV1":0.570145625727423,"MV3":0.7114826622584702,"CH1":0.16337003376604442}