{"MV1":0.3061815501684294,"MV3":0.41760362742996715,"CH1":0.5315150987085377}