{"MV1":0.7216419176191352,"MV3":0.04283354077579038,"CH1":0.15204632057370493}