{"MV1":0.3043688809869691,"MV3":0.4788705705980496,"CH1":0.35729482445369465}