{"MV1":0.5206242806749406,"MV3":0.9713882698400547,"CH1":0.01575713542328394}