{"MV1":0.9693286940077063,"MV3":0.4186730934878554,"CH1":0.06792325661187104}