{"MV1":0.1255904097885524,"MV3":0.28276501212233074,"CH1":0.7105259370503363}