{"MV1":0.6294574229614539,"MV3":0.7347777484973405,"CH1":0.42585699642077257}