{"MV1":0.7757355099681614,"MV3":0.46154121293750716,"CH1":0.7812975067391874}