{"MV1":0.5378680946873532,"MV3":0.7583129222361509,"CH1":0.8554997847488018}