{"MV1":0.3352655399261868,"MV3":0.6353253350232645,"CH1":0.9699218758162017}