{"MV1":0.7468771966409522,"MV3":0.9595536296394842,"CH1":0.7082924463711523}