{"MV1":0.0865915194926109,"MV3":0.2900862414536042,"CH1":0.21314961103400454}