{"MV1":0.010488249201431876,"MV3":0.8238625768315536,"CH1":0.5165349054094445}