{"MV1":0.6593334341553279,"MV3":0.3601450372722662,"CH1":0.3771803624749219}