{"MV1":0.9850642929860856,"MV3":0.9974003894809789,"CH1":0.5984816523474461}