{"MV1":0.5429430106145102,"MV3":0.5249948932961757,"CH1":0.9522181100546402}