{"MV1":0.3559924756547881,"MV3":0.08360154658742225,"CH1":0.6721609184258676}