{"MV1":0.5280731498633532,"MV3":0.37822718033457203,"CH1":0.9200775473727665}