{"MV1":0.11945264474024087,"MV3":0.6114545952355013,"CH1":0.6963773562647156}