{"MV1":0.5982470914607008,"MV3":0.23228972453088748,"CH1":0.6422614816339824}