{"MV1":0.5675400352075688,"MV3":0.6549883842229866,"CH1":0.9705853586455706}