{"MV1":0.8667383779307056,"MV3":0.6491554724769089,"CH1":0.6238544741198299}