{"MV1":0.8640572513517044,"MV3":0.5528435364515853,"CH1":0.5984252749528696}