{"MV1":0.2857178358678132,"MV3":0.8278084312439952,"CH1":0.01138623059602517}