{"MV1":0.033325173082197734,"MV3":0.47203024847818886,"CH1":0.0438635128255177}