{"MV1":0.29415351655875377,"MV3":0.5442338208566345,"CH1":0.6941382120928481}