{"MV1":0.31532726403728994,"MV3":0.7449700068535502,"CH1":0.1253013161601676}