{"MV1":0.08653555981586936,"MV3":0.5207608334629663,"CH1":0.5192487643569869}