{"MV1":0.4615293109797435,"MV3":0.8270091983556443,"CH1":0.7531424676579858}