{"MV1":0.8684825759188539,"MV3":0.7719179043828686,"CH1":0.09298386960231686}