{"MV1":0.039547030017134666,"MV3":0.42282415911767524,"CH1":0.3744154911235331}