{"MV1":0.11547135193833635,"MV3":0.967351915022184,"CH1":0.44179348968846255}