{"MV1":0.12144701530335678,"MV3":0.8365965716439783,"CH1":0.6215886076484687}