{"MV1":0.284277965329065,"MV3":0.8774562040507501,"CH1":0.7735788790884162}