{"MV1":0.629531358566873,"MV3":0.4469151912907159,"CH1":0.6347911149454798}