{"MV1":0.3293995364368443,"MV3":0.30430959485767906,"CH1":0.07954589515936128}