{"MV1":0.05896107268685713,"MV3":0.21511541962441982,"CH1":0.5347590402033638}