{"MV1":0.4837374267118425,"MV3":0.2689416873878617,"CH1":0.3303721993772768}