{"MV1":0.35331176216096827,"MV3":0.9054991906964893,"CH1":0.8874439046328941}