{"MV1":0.21946930282293564,"MV3":0.2275023759331608,"CH1":0.7092354905544438}