{"MV1":0.06170829479620532,"MV3":0.19820343207133628,"CH1":0.05911951603030152}