{"MV1":0.01638662522629486,"MV3":0.3429983077686314,"CH1":0.42962406092173056}