{"MV1":0.2650661034195002,"MV3":0.31683218544835867,"CH1":0.31029833244778005}