{"MV1":0.2076891788422539,"MV3":0.5971626567475916,"CH1":0.3885558766561449}