{"MV1":0.6491277912798924,"MV3":0.40489364087821555,"CH1":0.023401085286548717}