{"MV1":0.6281267428665526,"MV3":0.3201755809096499,"CH1":0.7782790171399021}