{"MV1":0.6425693941982641,"MV3":0.36803905655024216,"CH1":0.6021189098526722}