{"MV1":0.3046876351764902,"MV3":0.7699050329095906,"CH1":0.13425562941474256}