{"MV1":0.8440335340181327,"MV3":0.2687278538587601,"CH1":0.3411500899135922}