{"MV1":0.8300556290784287,"MV3":0.24715536436002206,"CH1":0.6785887891605139}