{"MV1":0.19841245615999492,"MV3":0.48740457287330696,"CH1":0.9767173514371381}