{"MV1":0.44376394846298794,"MV3":0.006508093795580372,"CH1":0.1850010563082981}