{"MV1":0.43219689832178,"MV3":0.6215597982597922,"CH1":0.8497357260451731}