{"MV1":0.34303500390457464,"MV3":0.5425380419864368,"CH1":0.9158564527256515}