{"MV1":0.46479865704578893,"MV3":0.1493523140635472,"CH1":0.03741248715776446}