{"MV1":0.5933902738861092,"MV3":0.9631247646482105,"CH1":0.5506417271175948}