{"MV1":0.09478818952490065,"MV3":0.75518568985816,"CH1":0.9525159165104473}