{"MV1":0.21660607500873552,"MV3":0.7247926662261593,"CH1":0.9499899313985313}