{"MV1":0.9025675362550277,"MV3":0.2114823482255651,"CH1":0.4232002594006502}