{"MV1":0.6449241423885145,"MV3":0.9357529702581161,"CH1":0.7631582406249112}