{"MV1":0.07404454146320238,"MV3":0.6184025638197073,"CH1":0.6580150210353831}