{"MV1":0.12105777045408095,"MV3":0.7706982485762639,"CH1":0.09156352790109434}