{"MV1":0.10972192119489077,"MV3":0.266735268774995,"CH1":0.8959593069986496}