{"MV1":0.42811653781487324,"MV3":0.030517919169908092,"CH1":0.5544195235317113}