{"MV1":0.10356345516784327,"MV3":0.8210701510842688,"CH1":0.8678635023275459}