{"MV1":0.6849201019298703,"MV3":0.6684750563154399,"CH1":0.8494767540851591}