{"MV1":0.45305546131087515,"MV3":0.8450551339311968,"CH1":0.10975615382223347}