{"MV1":0.3366453755242772,"MV3":0.47027433605849367,"CH1":0.11487465420620369}