{"MV1":0.3930703538329793,"MV3":0.9273594828503993,"CH1":0.9773513297127732}