{"MV1":0.004871548209942733,"MV3":0.9934287374730305,"CH1":0.9010684072209479}