{"MV1":0.2858053629611127,"MV3":0.41987265292111753,"CH1":0.2645115339495534}