{"MV1":0.45620612798797955,"MV3":0.6150895172465652,"CH1":0.32199256434184276}