{"MV1":0.16007446542755188,"MV3":0.4582641855839563,"CH1":0.13633630560621923}