{"MV1":0.6008853540138879,"MV3":0.21873670654077437,"CH1":0.04461434644189466}