{"MV1":0.8378860340284566,"MV3":0.03015096284865526,"CH1":0.5543026145030556}