{"MV1":0.53790915201024,"MV3":0.4600598054603148,"CH1":0.6840023267104851}