{"MV1":0.755881962309234,"MV3":0.012305497069909577,"CH1":0.929844167627398}