{"MV1":0.05066864003179494,"MV3":0.40581581682457957,"CH1":0.1961487722759656}