{"MV1":0.013882070987546014,"MV3":0.9534815350597597,"CH1":0.0890450306506545}