{"MV1":0.4540690950006425,"MV3":0.14355460687290622,"CH1":0.5078739464968974}