{"MV1":0.23047951237340403,"MV3":0.4878838663378541,"CH1":0.23386287962549845}