{"MV1":0.05892079037813447,"MV3":0.01566081075220427,"CH1":0.42069564872318355}