{"MV1":0.8621064166423401,"MV3":0.5714914750033081,"CH1":0.6102783919259462}