{"MV1":0.8251207929550529,"MV3":0.8714722676161475,"CH1":0.22347800110356963}