{"MV1":0.605038987109256,"MV3":0.6285382822129444,"CH1":0.9638813543201425}