{"MV1":0.8814522261712501,"MV3":0.6375396561221673,"CH1":0.45785145960998663}