{"MV1":0.863593410065249,"MV3":0.9427628160060719,"CH1":0.23408608355135718}