{"MV1":0.7900749054769294,"MV3":0.36950701777678296,"CH1":0.16663494281264235}