{"MV1":0.3000881474707462,"MV3":0.9303065535578048,"CH1":0.3531381195163289}