{"MV1":0.028003581698005098,"MV3":0.43966012346359507,"CH1":0.9604397227216512}