{"MV1":0.33930349803379367,"MV3":0.6183306541106897,"CH1":0.04867920044525009}