{"MV1":0.480864634882992,"MV3":0.1281732455331983,"CH1":0.33692882744152186}