{"MV1":0.1969417465054878,"MV3":0.17819208710580126,"CH1":0.8732072620869744}