{"MV1":0.919796863316637,"MV3":0.28340953572186134,"CH1":0.2802881369576139}