{"MV1":0.21676568707422061,"MV3":0.4764629875269758,"CH1":0.6988779301439344}