{"MV1":0.4161187637444781,"MV3":0.18148523840220587,"CH1":0.6857724132003389}