{"MV1":0.653006643474102,"MV3":0.9599328115899732,"CH1":0.8317646086161652}