{"MV1":0.6423064696041036,"MV3":0.9040962748947573,"CH1":0.7053281367378051}