{"MV1":0.37989022511856396,"MV3":0.8238534611089452,"CH1":0.015326851117010376}