{"MV1":0.4536273390999651,"MV3":0.2294239402028887,"CH1":0.036818264094477415}