{"MV1":0.6732033664069019,"MV3":0.034581760428622266,"CH1":0.6712420802209028}