{"MV1":0.7678484929568223,"MV3":0.9296582204646109,"CH1":0.8716482046285607}