{"MV1":0.3226550687926648,"MV3":0.7918538196196122,"CH1":0.7475623450108814}