{"MV1":0.6092083450167671,"MV3":0.937344223580951,"CH1":0.25803283046309067}