{"MV1":0.393376127041294,"MV3":0.9370951452047346,"CH1":0.9148032038458948}