{"MV1":0.23570381609122104,"MV3":0.08374148855237185,"CH1":0.008746062516223008}