{"MV1":0.4178461998855467,"MV3":0.5472323643603506,"CH1":0.34600803356729337}