{"MV1":0.7622860324488587,"MV3":0.007560531113074531,"CH1":0.8135416443561634}