{"MV1":0.896611750425672,"MV3":0.24778790226865888,"CH1":0.41054134259873054}