{"MV1":0.9861627763735313,"MV3":0.7901163864167187,"CH1":0.7146926008504252}