{"MV1":0.3941067945605854,"MV3":0.5811849945068611,"CH1":0.9821936414954175}