{"MV1":0.7133058545064066,"MV3":0.5947924000108684,"CH1":0.996601908931698}