{"MV1":0.1503474587539375,"MV3":0.653070745957107,"CH1":0.21271830653863033}