{"MV1":0.15820691432570733,"MV3":0.4705387878486128,"CH1":0.8789127200272064}