{"MV1":0.39008895093998597,"MV3":0.4135757419634307,"CH1":0.06224778105174311}