{"MV1":0.8403698009011309,"MV3":0.09032155761521865,"CH1":0.09491992360936263}