{"MV1":0.8608433070865567,"MV3":0.5060996320974324,"CH1":0.5094942604567088}