{"MV1":0.8843961783298473,"MV3":0.602765397231972,"CH1":0.5724020527429227}