{"MV1":0.1126022795837367,"MV3":0.9692313079474627,"CH1":0.8849414963530028}