{"MV1":0.20930853956325735,"MV3":0.7388407077465192,"CH1":0.07252944030992747}