{"MV1":0.45782337871866374,"MV3":0.16146371491046763,"CH1":0.5669965770047122}