{"MV1":0.4374478973448337,"MV3":0.34416235116681193,"CH1":0.048619156532992314}