{"MV1":0.47011128316491246,"MV3":0.7615703676327318,"CH1":0.5760476517790013}