{"MV1":0.7887987306278409,"MV3":0.24215327077730986,"CH1":0.5702186056524029}