{"MV1":0.7695071150259224,"MV3":0.9222779470947442,"CH1":0.13421093042434207}