{"MV1":0.7905094938492617,"MV3":0.4707431820878757,"CH1":0.7288729544381971}