{"MV1":0.5822667329718955,"MV3":0.5958666053569053,"CH1":0.125933224167611}