{"MV1":0.7244756398178774,"MV3":0.6659492862563221,"CH1":0.7781546592954574}