{"MV1":0.509760959941916,"MV3":0.44039072505652277,"CH1":0.19959915870756795}