{"MV1":0.14758799067825445,"MV3":0.7154468561577031,"CH1":0.10735765648136131}