{"MV1":0.931658569203012,"MV3":0.22383233211647247,"CH1":0.7106368898211155}