{"MV1":0.9979785153394081,"MV3":0.8268287264188005,"CH1":0.18787824895334992}