{"MV1":0.7189806337057054,"MV3":0.5656060197840002,"CH1":0.68164271181974}