{"MV1":0.1392764025521388,"MV3":0.012451875389002498,"CH1":0.652016836859789}