{"MV1":0.6355667979713391,"MV3":0.7557466381932834,"CH1":0.8811830521294544}