{"MV1":0.6359974854090984,"MV3":0.23743538770548334,"CH1":0.2969566479696514}