{"MV1":0.22340488275839898,"MV3":0.17977511532346102,"CH1":0.6492904286731765}