{"MV1":0.3603837761798844,"MV3":0.17055407013549906,"CH1":0.0050305763400826375}