{"MV1":0.6171523864105869,"MV3":0.5586009702377279,"CH1":0.2631516848678711}