{"MV1":0.8335522859604899,"MV3":0.7225642766453664,"CH1":0.4074078252232667}