{"MV1":0.18305396092150306,"MV3":0.7360846572454683,"CH1":0.5105240349012192}