{"MV1":0.7000328015849258,"MV3":0.8479035877967575,"CH1":0.9379991885582386}