{"MV1":0.7279338046903558,"MV3":0.887653758639384,"CH1":0.521039418858303}