{"MV1":0.9830091874909949,"MV3":0.22289849858305266,"CH1":0.9556400418147085}