{"MV1":0.9926889786107069,"MV3":0.8776962130289755,"CH1":0.8370275233764599}