{"MV1":0.5152676330982353,"MV3":0.03262341908010513,"CH1":0.8754549173786758}