{"MV1":0.8342216757363963,"MV3":0.38087506884927824,"CH1":0.6965630222390402}