{"MV1":0.13600958527401164,"MV3":0.17215549061364377,"CH1":0.16212939231372192}