{"MV1":0.2021132673160737,"MV3":0.4797236161498124,"CH1":0.38691192874552915}