{"MV1":0.9365407066266512,"MV3":0.2102215067871933,"CH1":0.6227788469307372}