{"MV1":0.25738949804347744,"MV3":0.8381792109836026,"CH1":0.96973651244206}