{"MV1":0.6336739041758771,"MV3":0.7242823022346929,"CH1":0.674999056961846}