{"MV1":0.7266443108599058,"MV3":0.9086944607267562,"CH1":0.7247372714645056}