{"MV1":0.28367085810056725,"MV3":0.2776944073653367,"CH1":0.40733820804509746}