{"MV1":0.33418239853117304,"MV3":0.5909075964215819,"CH1":0.05940395908422191}