{"MV1":0.2751156967642505,"MV3":0.33904794838321695,"CH1":0.7631007947215208}