{"MV1":0.6362551384766282,"MV3":0.6539807003626765,"CH1":0.08080660876351564}