{"MV1":0.7387878204345518,"MV3":0.5616507758198562,"CH1":0.2196959395978333}