{"MV1":0.10028483667890642,"MV3":0.9593056702116538,"CH1":0.8466951371864552}