{"MV1":0.449486024774722,"MV3":0.10814996727688664,"CH1":0.8588637555453699}