{"MV1":0.44499573845203444,"MV3":0.48968869541557225,"CH1":0.5326876268711516}