{"MV1":0.7620288874441524,"MV3":0.613089013268734,"CH1":0.6562777045382335}