{"MV1":0.6371167940674554,"MV3":0.3266435491673292,"CH1":0.854718545424056}