{"MV1":0.9003016311419787,"MV3":0.23753187839277778,"CH1":0.9168546133897726}