{"MV1":0.6777822011735436,"MV3":0.9276581352558938,"CH1":0.6152918758476306}