{"MV1":0.6541280219060579,"MV3":0.316750847480186,"CH1":0.21005667682851892}