{"MV1":0.6048151689832424,"MV3":0.7680105409745327,"CH1":0.7078604840861569}