{"MV1":0.1790264575008098,"MV3":0.7493965575233463,"CH1":0.7769211876611751}