{"MV1":0.691391378653733,"MV3":0.5854895578539325,"CH1":0.019452662159625045}