{"MV1":0.8366551266831415,"MV3":0.9295123775132781,"CH1":0.19487912319959666}