{"MV1":0.6020519109159045,"MV3":0.5908643669713497,"CH1":0.2796718808011067}