{"MV1":0.2789701363141094,"MV3":0.9714741918297221,"CH1":0.9219577915243535}