{"MV1":0.049180283816814385,"MV3":0.6527029264461703,"CH1":0.8015964948631108}