{"MV1":0.03305327209107467,"MV3":0.34229824210524695,"CH1":0.36236885073039393}