{"MV1":0.11432203519757389,"MV3":0.8064799655199947,"CH1":0.9232984560160681}