{"MV1":0.25277887577340996,"MV3":0.09522161906444693,"CH1":0.152506766793303}