{"MV1":0.5749032522816414,"MV3":0.45960340467076455,"CH1":0.839289911455686}