{"MV1":0.6439832979735711,"MV3":0.2745902131976379,"CH1":0.9354700720733318}