{"MV1":0.8705708629516719,"MV3":0.8014532597575105,"CH1":0.03320647879775085}