{"MV1":0.4487235123979778,"MV3":0.4193582518730875,"CH1":0.34950191166892475}