{"MV1":0.1601961158676669,"MV3":0.1524859681659091,"CH1":0.3898355405814027}