{"MV1":0.4085173252629387,"MV3":0.1052659872172057,"CH1":0.0410036681640531}