{"MV1":0.42895994915765545,"MV3":0.10748470766975726,"CH1":0.4866582968623472}