{"MV1":0.8392836034511387,"MV3":0.5733291834333416,"CH1":0.4879527014436227}