{"MV1":0.4057498244618837,"MV3":0.2169848259849716,"CH1":0.32753084716123915}