{"MV1":0.10616782970614858,"MV3":0.057325784226159526,"CH1":0.8890352865804482}