{"MV1":0.7285796014079198,"MV3":0.9553176043917311,"CH1":0.25328544427831934}