{"MV1":0.792083052297411,"MV3":0.6094459379357798,"CH1":0.635729265794804}