{"MV1":0.7609106204395099,"MV3":0.5156707016282434,"CH1":0.7545386478035163}