{"MV1":0.17020432588933665,"MV3":0.8091576743320511,"CH1":0.38501344643941315}