{"MV1":0.0468382059687088,"MV3":0.8191682803135073,"CH1":0.6215373300092373}