{"MV1":0.5294872276084988,"MV3":0.8735102310412084,"CH1":0.7218592751408717}