{"MV1":0.4414236930153096,"MV3":0.2890579717540034,"CH1":0.6824736828375517}