{"MV1":0.34111885037610334,"MV3":0.8747996806095066,"CH1":0.14464022733403958}