{"MV1":0.17576773752073482,"MV3":0.23293939556693843,"CH1":0.25266910115490937}