{"MV1":0.11010353668066375,"MV3":0.29090506087564705,"CH1":0.5171957284073553}