{"MV1":0.5497748299967253,"MV3":0.7942115625240235,"CH1":0.9389584303141743}