{"MV1":0.5961584716962778,"MV3":0.8172743708695533,"CH1":0.5314242958060599}