{"MV1":0.43586929299759847,"MV3":0.8486524750555092,"CH1":0.9941822853545069}