{"MV1":0.3854288239142827,"MV3":0.26548235537109366,"CH1":0.3186008326709048}