{"MV1":0.46766392602265616,"MV3":0.5525705865664494,"CH1":0.5058545499276317}