{"MV1":0.2599319052803222,"MV3":0.5810321744820987,"CH1":0.9588292901555724}