{"MV1":0.5308371261671174,"MV3":0.525419466687508,"CH1":0.10485753029112965}