{"MV1":0.030162602179514275,"MV3":0.8055621252007835,"CH1":0.7185897877232517}