{"MV1":0.08701443487150429,"MV3":0.5730824529842801,"CH1":0.49784123621158927}