{"MV1":0.8052132563379063,"MV3":0.75842396272446,"CH1":0.8456966843962597}