{"MV1":0.5474605692984711,"MV3":0.743926459532869,"CH1":0.4082235390233464}