{"MV1":0.17404524891463125,"MV3":0.10951988688433378,"CH1":0.4593811831093204}