{"MV1":0.5004176512603752,"MV3":0.0768211694162163,"CH1":0.04936853981675671}