{"MV1":0.6845163438823373,"MV3":0.6568799635331333,"CH1":0.16550911473713803}