{"MV1":0.387163832437442,"MV3":0.23480680103260498,"CH1":0.5473935793090791}