{"MV1":0.974567648560604,"MV3":0.6321328478582652,"CH1":0.12431874194939707}