{"MV1":0.1028694087371671,"MV3":0.28582763526415345,"CH1":0.3050616741342038}