{"MV1":0.14419809497027902,"MV3":0.8227444854770776,"CH1":0.9326228807237239}