{"MV1":0.16136293608482066,"MV3":0.5952797048088271,"CH1":0.8097464720463502}