{"MV1":0.8169584923390729,"MV3":0.23366773419734632,"CH1":0.532153229478667}