{"MV1":0.8908979750812059,"MV3":0.24411618867292162,"CH1":0.42707702954208815}