{"MV1":0.31097998501091284,"MV3":0.09218610354262735,"CH1":0.1145016223965245}