{"MV1":0.033053570050341374,"MV3":0.1968584865370625,"CH1":0.3451479580089317}