{"MV1":0.28056789391164216,"MV3":0.9223722672175814,"CH1":0.12281995130663215}