{"MV1":0.034041698680932986,"MV3":0.325045334632709,"CH1":0.20330863719317205}