{"MV1":0.3451622224033606,"MV3":0.6943856171008088,"CH1":0.8429297939821085}