{"MV1":0.8049325370041713,"MV3":0.5937124532486115,"CH1":0.7800457679757186}