{"MV1":0.3507874951246157,"MV3":0.73782451975972,"CH1":0.43010131486909864}