{"MV1":0.31135233438997767,"MV3":0.6155977630662876,"CH1":0.6500833009048296}