{"MV1":0.8830965566808321,"MV3":0.5729338338763114,"CH1":0.2415085994547317}