{"MV1":0.45914763993815255,"MV3":0.9135266377960614,"CH1":0.5298377840890871}