{"MV1":0.13617590323722661,"MV3":0.7484891517425132,"CH1":0.4135343720170864}