{"MV1":0.2509672436916288,"MV3":0.401300003575354,"CH1":0.48364067092915763}