{"MV1":0.7594974998721551,"MV3":0.16540388636737935,"CH1":0.3082180280142144}