{"MV1":0.381115065153679,"MV3":0.7281341607129576,"CH1":0.2554417201271165}