{"MV1":0.028127676332545537,"MV3":0.8326983476636718,"CH1":0.06425832862788705}