{"MV1":0.852982076451984,"MV3":0.881336850938658,"CH1":0.509392813704053}