{"MV1":0.9772920332649497,"MV3":0.8594737999639483,"CH1":0.05426080802492739}