{"MV1":0.8334694742177688,"MV3":0.8697967553363878,"CH1":0.571871711215686}