{"MV1":0.7927348051988783,"MV3":0.7423643682653939,"CH1":0.1254759046187921}