{"MV1":0.34979094554100887,"MV3":0.14531052194894012,"CH1":0.19325319104608873}