{"MV1":0.24636861978844726,"MV3":0.6983916849244233,"CH1":0.1610120963165509}