{"MV1":0.38468573836277786,"MV3":0.6285745288311282,"CH1":0.17559213834630127}