{"MV1":0.32543290909303124,"MV3":0.6154230993324872,"CH1":0.33159323483331404}