{"MV1":0.2667448180327605,"MV3":0.1906782746804575,"CH1":0.47995568956335544}