{"MV1":0.04618846849000802,"MV3":0.7470528095606318,"CH1":0.9257388000785712}