{"MV1":0.09071152625349266,"MV3":0.04892791351892123,"CH1":0.8059372102197918}