{"MV1":0.6313753086767995,"MV3":0.5282982987785055,"CH1":0.568382896528694}