{"MV1":0.560128520241429,"MV3":0.3550163472877319,"CH1":0.5739813820605039}