{"MV1":0.3718167966800696,"MV3":0.5165602663266304,"CH1":0.4276965437930652}