{"MV1":0.8457377292512944,"MV3":0.07530043055323865,"CH1":0.8181167129776047}