{"MV1":0.6086762270843079,"MV3":0.24847030113344282,"CH1":0.05619387573551016}