{"MV1":0.9471952102591149,"MV3":0.9139046726505169,"CH1":0.6935963207083883}