{"MV1":0.28720303286745597,"MV3":0.20760077176125946,"CH1":0.6225239821343342}