{"MV1":0.8911215190546169,"MV3":0.21991869608917114,"CH1":0.055252400231629806}