{"MV1":0.6794325577201702,"MV3":0.6428232675868703,"CH1":0.9389656754811435}