{"MV1":0.6702476330769077,"MV3":0.7786455317480625,"CH1":0.7715435707033446}