{"MV1":0.748574150651212,"MV3":0.5155812860187878,"CH1":0.6000630609084622}