{"MV1":0.039543617623982175,"MV3":0.32913671958727875,"CH1":0.3725925585899784}