{"MV1":0.40800210152560057,"MV3":0.20035161570816518,"CH1":0.7750967046225363}