{"MV1":0.10743879255726718,"MV3":0.4042341432244998,"CH1":0.76966145950375}