{"MV1":0.6637940811354712,"MV3":0.18084479188939073,"CH1":0.3540550171395178}