{"MV1":0.32550150803446865,"MV3":0.5506967566731036,"CH1":0.8295711059418529}