{"MV1":0.8567491173087011,"MV3":0.511897868668936,"CH1":0.436326308340539}