{"MV1":0.80636920702865,"MV3":0.41252525199752577,"CH1":0.14985254251509394}