{"MV1":0.055037710062707856,"MV3":0.35196697603755445,"CH1":0.7745782825622609}