{"MV1":0.4557645241142986,"MV3":0.03343297652045363,"CH1":0.5932317680743965}