{"MV1":0.3339018619823423,"MV3":0.6323258450585431,"CH1":0.898525657715577}