{"MV1":0.6447996477061319,"MV3":0.8367617471181955,"CH1":0.30418799038307087}