{"MV1":0.19467667501011654,"MV3":0.505999535611353,"CH1":0.20284913942057736}