{"MV1":0.8547953085847619,"MV3":0.3649050757041874,"CH1":0.6790037883033939}