{"MV1":0.09522725442112978,"MV3":0.6113821770738486,"CH1":0.7959513926694205}