{"MV1":0.41510327216646825,"MV3":0.9049458435067047,"CH1":0.4441480665670299}