{"MV1":0.9825751851404089,"MV3":0.09052149095870676,"CH1":0.1540730369634984}