{"MV1":0.5710461245751872,"MV3":0.8206613511442069,"CH1":0.011096308668565591}