{"MV1":0.5727634389634877,"MV3":0.43177846355647964,"CH1":0.2092018653173181}