{"MV1":0.5863610688327003,"MV3":0.2548262950186114,"CH1":0.41029647595919916}