{"MV1":0.646756571338988,"MV3":0.03882634836233989,"CH1":0.6391594824935747}