{"MV1":0.08155587659133134,"MV3":0.4465044581705935,"CH1":0.47694489883952784}