{"MV1":0.35565252249806456,"MV3":0.7362097335484095,"CH1":0.3431300628187042}