{"MV1":0.1601735701750172,"MV3":0.3549785545558488,"CH1":0.3020778431953681}