{"MV1":0.5345242215803615,"MV3":0.5939819631846897,"CH1":0.32823100098412317}