{"MV1":0.2538933953652087,"MV3":0.02196294716993863,"CH1":0.3583247220816248}