{"MV1":0.15599292306531276,"MV3":0.3145957001105478,"CH1":0.29904485961029403}