{"MV1":0.33994735490273187,"MV3":0.5570601316733681,"CH1":0.47150876093696104}