{"MV1":0.16670971613493668,"MV3":0.3528309122621318,"CH1":0.1998201501193012}