{"MV1":0.2890933282125633,"MV3":0.09927837885240942,"CH1":0.05061129321049462}