{"MV1":0.17810683874915145,"MV3":0.5095479349804084,"CH1":0.4048148657839803}