{"MV1":0.015785494806662137,"MV3":0.730118275710374,"CH1":0.624501077393276}