{"MV1":0.39876839035757783,"MV3":0.00646120422387042,"CH1":0.08787159067501438}