{"MV1":0.03201478044457151,"MV3":0.1556883581002051,"CH1":0.11359161233946091}