{"MV1":0.07984085866628254,"MV3":0.3703451915123781,"CH1":0.5464479473973118}