{"MV1":0.47537166797025165,"MV3":0.41046273670750444,"CH1":0.23707542732324838}