{"MV1":0.5438292431326364,"MV3":0.5581177073995292,"CH1":0.277887323905075}