{"MV1":0.7395617836302445,"MV3":0.9662625036464079,"CH1":0.5442731037340327}