{"MV1":0.768654877532398,"MV3":0.8378272351168345,"CH1":0.752039961119686}