{"MV1":0.7936571971599832,"MV3":0.3910682145313895,"CH1":0.9287208206548385}