{"MV1":0.9296442242658969,"MV3":0.8725185233853322,"CH1":0.7832753888840644}