{"MV1":0.6722898263233171,"MV3":0.6730567803732286,"CH1":0.05362416349400978}