{"MV1":0.11272845415210542,"MV3":0.19293321223391513,"CH1":0.26591926538721067}