{"MV1":0.23479222548856404,"MV3":0.582220517866253,"CH1":0.7900614245925716}