{"MV1":0.0786340529433458,"MV3":0.18201320009436828,"CH1":0.5034592062023784}