{"MV1":0.21823400651565295,"MV3":0.26005771157745605,"CH1":0.5926867031190708}