{"MV1":0.7471497983813244,"MV3":0.8909536505431314,"CH1":0.5568611948943428}