{"MV1":0.7062755051323214,"MV3":0.21043166476994202,"CH1":0.7066091398024059}