{"MV1":0.3772512298893549,"MV3":0.9337705459226764,"CH1":0.7943695202996973}