{"MV1":0.7317760040557033,"MV3":0.47027619110518426,"CH1":0.8420643825503045}