{"MV1":0.9877685157238053,"MV3":0.350477541536911,"CH1":0.20200808882585752}