{"MV1":0.9545531730792579,"MV3":0.18883211842266623,"CH1":0.40256046812066837}