{"MV1":0.002302767598058364,"MV3":0.051980129438520484,"CH1":0.812426726297169}