{"MV1":0.0288476375742992,"MV3":0.9457817061646834,"CH1":0.2603402011717638}