{"MV1":0.5742112773487813,"MV3":0.16890196393839518,"CH1":0.9061311201957034}