{"MV1":0.14269076744029907,"MV3":0.13961165783105267,"CH1":0.8631729364987498}