{"MV1":0.8003561968711944,"MV3":0.37956801672835283,"CH1":0.1332714190827845}