{"MV1":0.19433948687222447,"MV3":0.1256880976770841,"CH1":0.5835620554761927}