{"MV1":0.4955814360372274,"MV3":0.25127988594336803,"CH1":0.7696336601014891}