{"MV1":0.9722148258929528,"MV3":0.6527709116260334,"CH1":0.4140655193063304}