{"MV1":0.0979857761044357,"MV3":0.9793364845585374,"CH1":0.35168512680918684}