{"MV1":0.6552132610778059,"MV3":0.44942936947589673,"CH1":0.6514275395128465}