{"MV1":0.8202627469809154,"MV3":0.5459746392271176,"CH1":0.9862049436952792}