{"MV1":0.7523153695880845,"MV3":0.9635447204687879,"CH1":0.22744542156812741}