{"MV1":0.1436097338735305,"MV3":0.9651474678254985,"CH1":0.7411477553080353}