{"MV1":0.6019497243137166,"MV3":0.6105511713463365,"CH1":0.2132920448272102}