{"MV1":0.39774489266285007,"MV3":0.8011654573941958,"CH1":0.6625611707772793}