{"MV1":0.8734936596785183,"MV3":0.5737509749331177,"CH1":0.5008835360051772}