{"MV1":0.9249050734990891,"MV3":0.9476437832665546,"CH1":0.9440848639340865}