{"MV1":0.9614323518946973,"MV3":0.48447838974453006,"CH1":0.2578889512828235}