{"MV1":0.3218209843539107,"MV3":0.868600757743196,"CH1":0.439248441547072}