{"MV1":0.7852414594972943,"MV3":0.8650739670859442,"CH1":0.8832763096375182}