{"MV1":0.21215848886884203,"MV3":0.44983393431792074,"CH1":0.423256531529107}