{"MV1":0.09474349711192476,"MV3":0.3100023586279246,"CH1":0.5836161043116109}