{"MV1":0.5088303933171748,"MV3":0.39158566805865347,"CH1":0.5733424900337507}