{"MV1":0.10756012954103544,"MV3":0.04778011486262079,"CH1":0.7167767569477107}