{"MV1":0.26826940373252695,"MV3":0.7778944910390518,"CH1":0.18995162143860356}