{"MV1":0.794486951890761,"MV3":0.20328059435485102,"CH1":0.8408750842254451}