{"MV1":0.9655539919122136,"MV3":0.50034453527901,"CH1":0.43411422812096456}