{"MV1":0.3286550912168199,"MV3":0.9407466410561347,"CH1":0.1019412719255186}