{"MV1":0.17318854180691534,"MV3":0.9588671823386119,"CH1":0.0006997363023446557}