{"MV1":0.7370691182286547,"MV3":0.8423195904796763,"CH1":0.8279933609922824}