{"MV1":0.557409710964898,"MV3":0.9713031012998686,"CH1":0.10580416250026958}