{"MV1":0.44582686580894026,"MV3":0.7475869838860986,"CH1":0.2591194750031084}