{"MV1":0.82697314525633,"MV3":0.6825429073493379,"CH1":0.31556414595192783}