{"MV1":0.22304636082319296,"MV3":0.10386793194330357,"CH1":0.8496204163873181}