{"MV1":0.9655119054825395,"MV3":0.2839591562566367,"CH1":0.01092594237558464}