{"MV1":0.7050686873864214,"MV3":0.7991639716005334,"CH1":0.01751434401393903}