{"MV1":0.9663104757947228,"MV3":0.123681629711202,"CH1":0.026325269327761358}