{"MV1":0.9727043977033929,"MV3":0.30118142360514755,"CH1":0.290478774206231}