{"MV1":0.06007770386174671,"MV3":0.5781401489643183,"CH1":0.2235513457551549}