{"MV1":0.8132018547589757,"MV3":0.29946401128539013,"CH1":0.12443441145094858}