{"MV1":0.6622713285020656,"MV3":0.07762116563816968,"CH1":0.07423682769444984}