{"MV1":0.4115033222268436,"MV3":0.7367526312880587,"CH1":0.4534639625963882}