{"MV1":0.04078071863100574,"MV3":0.07292305236588792,"CH1":0.4470672813847675}