{"MV1":0.23081519707594622,"MV3":0.3333862889226248,"CH1":0.48318290262373986}