{"MV1":0.17594506538501364,"MV3":0.7843894566174524,"CH1":0.5272957356043458}