{"MV1":0.5568382958742952,"MV3":0.9212655601206275,"CH1":0.8620652503197397}