{"MV1":0.88497504744492,"MV3":0.8916995459092656,"CH1":0.606211043506077}