{"MV1":0.8649639794065651,"MV3":0.38479124376575347,"CH1":0.7247641529376666}