{"MV1":0.6722090483535643,"MV3":0.09769032675575817,"CH1":0.8282217924814081}