{"MV1":0.261644312725526,"MV3":0.7832228570506209,"CH1":0.6445367781623547}