{"MV1":0.5848541806475204,"MV3":0.8793037661551755,"CH1":0.173604602927229}