{"MV1":0.8881409669088183,"MV3":0.7757827920711861,"CH1":0.32433789325425566}