{"MV1":0.41668588282718166,"MV3":0.06839004578481067,"CH1":0.5542608483119759}