{"MV1":0.5809792591923878,"MV3":0.9014698422482982,"CH1":0.07846133002589717}