{"MV1":0.3756242472153256,"MV3":0.9347213196481519,"CH1":0.7679003612291601}