{"MV1":0.2839516656564276,"MV3":0.9979090434323169,"CH1":0.07708901457956219}