{"MV1":0.2082175992520814,"MV3":0.6233405008308172,"CH1":0.6876666164595315}