{"MV1":0.11025685923106432,"MV3":0.7628822144992066,"CH1":0.4691524900945766}