{"MV1":0.6778753490917262,"MV3":0.4428961604508894,"CH1":0.4130032907258063}