{"MV1":0.4988379223014735,"MV3":0.8204444762378433,"CH1":0.4406577288670033}