{"MV1":0.6192463131636438,"MV3":0.4097069356687514,"CH1":0.5706969182104584}