{"MV1":0.724586595304792,"MV3":0.06242102785249293,"CH1":0.6053852178299446}