{"MV1":0.47047073317800425,"MV3":0.6962990343117508,"CH1":0.9898657352764862}