{"MV1":0.32964438283860176,"MV3":0.6439789125185857,"CH1":0.04006166397533295}