{"MV1":0.08113759654917263,"MV3":0.35759653085036436,"CH1":0.2345537952400042}