{"MV1":0.7437079457487711,"MV3":0.7183352085253295,"CH1":0.7168294757071216}