{"MV1":0.6043839522438463,"MV3":0.7934662027084824,"CH1":0.1121295140211247}