{"MV1":0.5555799238395226,"MV3":0.20848239679424352,"CH1":0.35683065644477174}