{"MV1":0.8493799449249967,"MV3":0.8192362001450015,"CH1":0.9459887410134986}