{"MV1":0.2571928594550694,"MV3":0.4374598444474834,"CH1":0.045029329069623536}