{"MV1":0.5243482329834508,"MV3":0.7234794418527524,"CH1":0.19472084625773}