{"MV1":0.02316671927521674,"MV3":0.6004764121632784,"CH1":0.5404688207025711}