{"MV1":0.060300627442997135,"MV3":0.8951651297720731,"CH1":0.009130674438935116}