{"MV1":0.07642605196950025,"MV3":0.9254926394808662,"CH1":0.6730941664387357}