{"MV1":0.5441837408562127,"MV3":0.05495527136256928,"CH1":0.2368470383196175}