{"MV1":0.3651395569394855,"MV3":0.6863499734398938,"CH1":0.3733973825781808}