{"MV1":0.5507831494077329,"MV3":0.6547190771985946,"CH1":0.09112646355801435}