{"MV1":0.18394388139565276,"MV3":0.4315787678901788,"CH1":0.38196619247705343}