{"MV1":0.7413003745747393,"MV3":0.8394927759293549,"CH1":0.04302640994066731}