{"MV1":0.6979254890408,"MV3":0.7772488976098076,"CH1":0.9292591625725704}