{"MV1":0.9530466387666282,"MV3":0.5879138514528198,"CH1":0.9139677291110777}