{"MV1":0.6552953595998289,"MV3":0.9462060739946794,"CH1":0.3432254918073525}