{"MV1":0.06089771495567775,"MV3":0.5392369305342719,"CH1":0.8120029910154034}