{"MV1":0.3629335689642573,"MV3":0.20103929779890017,"CH1":0.07294609462968915}