{"MV1":0.8439653878711756,"MV3":0.5936651125458968,"CH1":0.7818181883284735}