{"MV1":0.05302942068832561,"MV3":0.6342328189985033,"CH1":0.13026155884593127}