{"MV1":0.9249450924991128,"MV3":0.2743853676903558,"CH1":0.007409255915361457}