{"MV1":0.3205836440000145,"MV3":0.1702216055911332,"CH1":0.3878166136112735}