{"MV1":0.6117667917846334,"MV3":0.00331558102153795,"CH1":0.06950809502141031}