{"MV1":0.3108365179867194,"MV3":0.15095081742805538,"CH1":0.8731372865642566}