{"MV1":0.5060759118633676,"MV3":0.8042751892745417,"CH1":0.8490464497112834}