{"MV1":0.7171985353435755,"MV3":0.5446476683260932,"CH1":0.19190565992180386}