{"MV1":0.8616596255726647,"MV3":0.2811693870108771,"CH1":0.23231105779153816}