{"MV1":0.8165839629682184,"MV3":0.3632029465128932,"CH1":0.08017725880094984}