{"MV1":0.6498058648048972,"MV3":0.016555237878599693,"CH1":0.35631095307435845}