{"MV1":0.9214384133454886,"MV3":0.018430095578161776,"CH1":0.8990316898416324}