{"MV1":0.8847467989824928,"MV3":0.5478535629998126,"CH1":0.9095071384743808}