{"MV1":0.5260993070375959,"MV3":0.33290409565658463,"CH1":0.8874695246758348}