{"MV1":0.5205610858976534,"MV3":0.8955118125179337,"CH1":0.5839240456357738}