{"MV1":0.10309641388720836,"MV3":0.9433691379119308,"CH1":0.06255926584570715}