{"MV1":0.9538716681350711,"MV3":0.2510095680217601,"CH1":0.997646270221012}