{"MV1":0.5233719185440523,"MV3":0.49913622244472056,"CH1":0.1471369275940949}