{"MV1":0.6281337404881139,"MV3":0.9863887272057538,"CH1":0.9575604095511607}