{"MV1":0.5975973257831838,"MV3":0.6838379976504954,"CH1":0.438430325988275}