{"MV1":0.9056353896897106,"MV3":0.4708561855964837,"CH1":0.4973692796574636}