{"MV1":0.5150316783936435,"MV3":0.009914491069062059,"CH1":0.6449642424429222}