{"MV1":0.9055189752956623,"MV3":0.31175915235842044,"CH1":0.01002166494842538}