{"MV1":0.30034664903661124,"MV3":0.8263134956592391,"CH1":0.2347586058638349}