{"MV1":0.420137095243157,"MV3":0.31283179778547787,"CH1":0.6092755830918456}