{"MV1":0.7479121526759442,"MV3":0.04977722419604058,"CH1":0.6841640340600386}