{"MV1":0.6628908203518514,"MV3":0.19398626748815329,"CH1":0.9990485221783085}