{"MV1":0.06399429242782084,"MV3":0.8637994967367508,"CH1":0.3052306208047906}