{"MV1":0.5284146854766506,"MV3":0.2240928053009339,"CH1":0.7197330870239659}