{"MV1":0.07797741962500282,"MV3":0.29553047141717526,"CH1":0.5360329407468585}