{"MV1":0.7692703790493187,"MV3":0.5605622247248028,"CH1":0.1874549964202652}