{"MV1":0.06783863815821689,"MV3":0.6090621119517305,"CH1":0.33781927265154554}