{"MV1":0.5181777544038587,"MV3":0.9593795835214783,"CH1":0.6906543255704003}