{"MV1":0.8045986020440239,"MV3":0.08534643747565607,"CH1":0.05276528445031625}