{"MV1":0.2906466290693611,"MV3":0.7005118732839927,"CH1":0.39810635881416834}