{"MV1":0.9784772682897981,"MV3":0.39525954008181674,"CH1":0.21506068343706108}