{"MV1":0.38644410829031384,"MV3":0.658292531580322,"CH1":0.6436503799843303}