{"MV1":0.6925530062783681,"MV3":0.33638030398500274,"CH1":0.7751147419582259}