{"MV1":0.24939445097647217,"MV3":0.31563760117372075,"CH1":0.6491417548439057}