{"MV1":0.6692532776670739,"MV3":0.8257304146151282,"CH1":0.45707166452137205}