{"MV1":0.27730984554258564,"MV3":0.39467686209069497,"CH1":0.5840225914142988}