{"MV1":0.199683383076927,"MV3":0.5740502279493453,"CH1":0.3373411372111925}