{"MV1":0.022080609589748557,"MV3":0.9690649921475348,"CH1":0.44194460960005344}