{"MV1":0.5650328339369366,"MV3":0.9859810990341205,"CH1":0.4604707133500626}