{"MV1":0.8703210546664643,"MV3":0.6386333549779623,"CH1":0.9572251268212347}