{"MV1":0.3859046527476817,"MV3":0.7156568811516557,"CH1":0.6763102065654043}