{"MV1":0.09729917858654236,"MV3":0.41830434673312633,"CH1":0.6905562903579924}