{"MV1":0.08655986898485923,"MV3":0.18519633553976667,"CH1":0.851335605135064}