{"MV1":0.5139081388844704,"MV3":0.5025773348915272,"CH1":0.2974622431212792}