{"MV1":0.6925532310741371,"MV3":0.2110746948448221,"CH1":0.8957077142159059}