{"MV1":0.4068273507354042,"MV3":0.9127659980631058,"CH1":0.4741474705201172}