{"MV1":0.9328709706038623,"MV3":0.3805340850818236,"CH1":0.4707510830164481}