{"MV1":0.5138421132794775,"MV3":0.1451280135584503,"CH1":0.49825494321153097}