{"MV1":0.47489277786416506,"MV3":0.6499489717991083,"CH1":0.9860898693091269}