{"MV1":0.403122501015845,"MV3":0.6134193959678786,"CH1":0.40472439011357364}