{"MV1":0.5741960253444274,"MV3":0.4309491071139836,"CH1":0.7605751692836361}