{"MV1":0.34448719562660557,"MV3":0.6000219717670188,"CH1":0.645397726704379}