{"MV1":0.06964191253930929,"MV3":0.13715697958845818,"CH1":0.7838299718783523}