{"MV1":0.3219245235296202,"MV3":0.4559756508132582,"CH1":0.6258720170124425}