{"MV1":0.3212043659272803,"MV3":0.740733994233289,"CH1":0.4744384781436397}