{"MV1":0.6245253187550319,"MV3":0.01253141406955871,"CH1":0.1831381853858708}