{"MV1":0.5942139559954142,"MV3":0.13021262358235952,"CH1":0.19073816382413855}