{"MV1":0.6908334619467267,"MV3":0.2171689543160512,"CH1":0.7246489187076373}