{"MV1":0.18241190555614617,"MV3":0.5334552668054291,"CH1":0.20519116754965183}