{"MV1":0.535577388221257,"MV3":0.3591781567508696,"CH1":0.848500020787019}