{"MV1":0.42767407412125225,"MV3":0.7399603899784669,"CH1":0.8691613979305721}