{"MV1":0.8828158647272479,"MV3":0.7019644765443395,"CH1":0.5225237354583496}