{"MV1":0.8540044467377671,"MV3":0.9870168480438279,"CH1":0.5128978569692799}