{"MV1":0.1146912305967126,"MV3":0.19335003630780234,"CH1":0.05476019824264555}