{"MV1":0.8812792524254697,"MV3":0.27325243693788326,"CH1":0.38340530049757904}