{"MV1":0.6700368347746193,"MV3":0.5750097207300628,"CH1":0.5474779254707383}