{"MV1":0.524830925057887,"MV3":0.880888012383663,"CH1":0.2810689578113956}