{"MV1":0.9016207308464973,"MV3":0.33532501243057555,"CH1":0.20823559262136992}