{"MV1":0.15927274104461164,"MV3":0.41221859448165077,"CH1":0.19010690096230143}