{"MV1":0.5616126302418921,"MV3":0.4382031931247432,"CH1":0.6185915909012986}