{"MV1":0.18900664363824826,"MV3":0.060714137254993306,"CH1":0.8081417454008353}