{"MV1":0.9218358457880925,"MV3":0.4693895247277874,"CH1":0.07812224377005006}