{"MV1":0.1294369245860928,"MV3":0.8163500182731624,"CH1":0.14105885527728512}