{"MV1":0.8606464723262274,"MV3":0.7126116034125058,"CH1":0.9304446482307492}