{"MV1":0.8994906056366495,"MV3":0.9791209066283795,"CH1":0.1750764152115366}