{"MV1":0.4473832103789188,"MV3":0.6090447014527577,"CH1":0.2999875800933395}