{"MV1":0.3640280446055383,"MV3":0.020304367492465447,"CH1":0.12077163344357045}