{"MV1":0.5806345288326988,"MV3":0.6010343722682809,"CH1":0.2986960039845762}