{"MV1":0.6039589076837582,"MV3":0.46730118716453484,"CH1":0.6009766019336488}