{"MV1":0.29857054682090967,"MV3":0.43172261388824595,"CH1":0.984402370277788}