{"MV1":0.02872157419014898,"MV3":0.9935400371481309,"CH1":0.09417544733913674}