{"MV1":0.33874782995127284,"MV3":0.3931401332480968,"CH1":0.13280603170353644}