{"MV1":0.30814378464555736,"MV3":0.6705071360746936,"CH1":0.7923586548380895}