{"MV1":0.4060096794210749,"MV3":0.51861997686409,"CH1":0.6783693794287211}