{"MV1":0.7882869756509534,"MV3":0.45190564475322226,"CH1":0.0035855369762830547}