{"MV1":0.8667450022309982,"MV3":0.7273652125900505,"CH1":0.01780935671512851}