{"MV1":0.9701359694830063,"MV3":0.7734821211291836,"CH1":0.015562171826375981}