{"MV1":0.8833681850441235,"MV3":0.9686612020885627,"CH1":0.4946936961303271}