{"MV1":0.8552354943363425,"MV3":0.763184588432036,"CH1":0.9484242984831582}