{"MV1":0.005165344987189124,"MV3":0.16033353961865948,"CH1":0.4946002291073086}