{"MV1":0.21389302386785414,"MV3":0.7677876325244891,"CH1":0.13754273956501384}