{"MV1":0.13939497095924813,"MV3":0.10075280144633492,"CH1":0.06382532503903804}