{"MV1":0.7463234244857027,"MV3":0.434205226463672,"CH1":0.7216432327904623}