{"MV1":0.23039397039641496,"MV3":0.3583994243700793,"CH1":0.2587331402832215}