{"MV1":0.3814907853855386,"MV3":0.7821122062245897,"CH1":0.19767076164545105}