{"MV1":0.051656968439309,"MV3":0.01774019289127038,"CH1":0.873774584756265}