{"MV1":0.13683480177620166,"MV3":0.5176073598269245,"CH1":0.6246357150859477}