{"MV1":0.653267533706635,"MV3":0.5371439736883687,"CH1":0.08715710811665456}