{"MV1":0.21599431052765627,"MV3":0.5132947564282693,"CH1":0.6419726821584752}