{"MV1":0.8706042119259582,"MV3":0.7672791928481097,"CH1":0.20957628503588677}