{"MV1":0.766288081171747,"MV3":0.9198705783008835,"CH1":0.16493855770110522}