{"MV1":0.8561586610754034,"MV3":0.5287065694349128,"CH1":0.38013378585375646}