{"MV1":0.1183059228724197,"MV3":0.3262408311124816,"CH1":0.44970043862069464}