{"MV1":0.5348333414019657,"MV3":0.482439955576891,"CH1":0.3658624437343502}