{"MV1":0.015909702735389164,"MV3":0.3381645371352362,"CH1":0.5937189923929049}