{"MV1":0.70925578025156,"MV3":0.6698614606126944,"CH1":0.10166558273825477}