{"MV1":0.9215960452959266,"MV3":0.5848526252826183,"CH1":0.15058130508472567}