{"MV1":0.6310103213909425,"MV3":0.39573723243212244,"CH1":0.9734873384760501}