{"MV1":0.6232104068377787,"MV3":0.07914716604930683,"CH1":0.8465055825519546}