{"MV1":0.3909713297253917,"MV3":0.7293955142653429,"CH1":0.9309286869401259}