{"MV1":0.8059643146098895,"MV3":0.6297825770569893,"CH1":0.1427594645779645}