{"MV1":0.644675873361733,"MV3":0.13929854689818943,"CH1":0.329793981369502}