{"MV1":0.057849402984736065,"MV3":0.29106313672644335,"CH1":0.7213525127799169}