{"MV1":0.1165777040129321,"MV3":0.5777914002757571,"CH1":0.3118617704340507}