{"MV1":0.995964958065475,"MV3":0.6753802619420483,"CH1":0.14122353356158646}