{"MV1":0.41979905952349317,"MV3":0.26965129748773664,"CH1":0.7397281599601623}