{"MV1":0.3465320520903765,"MV3":0.24884503915392653,"CH1":0.00761862948434755}