{"MV1":0.663963001946223,"MV3":0.012688020061600191,"CH1":0.010971755109700276}