{"MV1":0.3627492432549081,"MV3":0.6597458443085363,"CH1":0.7143205963861952}