{"MV1":0.3442755058003426,"MV3":0.5856096090090065,"CH1":0.24715654624782635}