{"MV1":0.5331174870877192,"MV3":0.22704399846285483,"CH1":0.9721712299760724}