{"MV1":0.07990566906911423,"MV3":0.2419520118600823,"CH1":0.9351540864364293}