{"MV1":0.3936365988406181,"MV3":0.8393357857080403,"CH1":0.03549515720588614}