{"MV1":0.20491930976903028,"MV3":0.6436802757216812,"CH1":0.7628851429454412}