{"MV1":0.3798936169254056,"MV3":0.5141140475859899,"CH1":0.00048179474685572377}