{"MV1":0.7893949204767555,"MV3":0.6702880224203633,"CH1":0.25958338661532077}