{"MV1":0.039298204570053175,"MV3":0.9389627638945417,"CH1":0.943658551966986}