{"MV1":0.09299771403607648,"MV3":0.7386330348695334,"CH1":0.2832828764843136}