{"MV1":0.40738577769997886,"MV3":0.44417139070629885,"CH1":0.9580026422688518}