{"MV1":0.05353610548941157,"MV3":0.827469486584897,"CH1":0.28669047541865456}