{"MV1":0.5435900966581004,"MV3":0.28559095220616293,"CH1":0.37735042091739435}