{"MV1":0.5910807899226205,"MV3":0.8780960871587887,"CH1":0.6383424225675932}