{"MV1":0.7588353666134853,"MV3":0.33913826484434184,"CH1":0.9486577569257733}