{"MV1":0.1994157905342856,"MV3":0.21621142012860073,"CH1":0.9632881232948207}