{"MV1":0.452657877453398,"MV3":0.3351259688584596,"CH1":0.6375081265739092}