{"MV1":0.669312497795809,"MV3":0.6053354402307562,"CH1":0.4206855413730176}