{"MV1":0.9749424217709772,"MV3":0.3918331642500058,"CH1":0.24067295857619864}