{"MV1":0.11414528579660277,"MV3":0.16006354744071805,"CH1":0.49096574901318213}