{"MV1":0.819378674255242,"MV3":0.89289164195849,"CH1":0.6730201603916371}