{"MV1":0.5689054187065036,"MV3":0.5490881049443824,"CH1":0.9252045393196024}