{"MV1":0.24765776740696765,"MV3":0.4111235424015045,"CH1":0.8394241453607393}