{"MV1":0.6973563483091871,"MV3":0.8901639728072264,"CH1":0.035651590529434674}