{"MV1":0.28082490835564267,"MV3":0.5920980939789863,"CH1":0.28597381223111906}