{"MV1":0.8757555529345016,"MV3":0.8257102671070595,"CH1":0.5647275677185195}