{"MV1":0.7502145940113485,"MV3":0.7444200705248312,"CH1":0.7419426575210989}