{"MV1":0.9722328588750425,"MV3":0.8937139762359364,"CH1":0.6689657849323346}