{"MV1":0.08803866411502503,"MV3":0.9124263282906752,"CH1":0.9008042560014722}