{"MV1":0.5217604436305796,"MV3":0.9207097257884455,"CH1":0.7109195363614936}