{"MV1":0.6623019997300191,"MV3":0.625523457690756,"CH1":0.08209994332160386}