{"MV1":0.8898764013928735,"MV3":0.29546903172898675,"CH1":0.7077062488721014}