{"MV1":0.36697404932433786,"MV3":0.15800843045313273,"CH1":0.5831884470381865}