{"MV1":0.9053985824686483,"MV3":0.7623851323430596,"CH1":0.26446290932709615}