{"MV1":0.9457300105551028,"MV3":0.8871658289012168,"CH1":0.7664250793279398}