{"MV1":0.7052117870008777,"MV3":0.8109663462700003,"CH1":0.3335198913149645}