{"MV1":0.4260869170201791,"MV3":0.9139422402332235,"CH1":0.7999639779442882}