{"MV1":0.49435489337946437,"MV3":0.8421723088148981,"CH1":0.5732508568974016}