{"MV1":0.3182206167898798,"MV3":0.1458233478307729,"CH1":0.24353533159167695}