{"MV1":0.207100587570191,"MV3":0.47777240225698536,"CH1":0.12100667417815092}