{"MV1":0.6046035239850627,"MV3":0.1503733908186502,"CH1":0.5847055498446403}