{"MV1":0.9107582744826461,"MV3":0.5046921483492232,"CH1":0.3206490498247182}