{"MV1":0.46784790005110266,"MV3":0.9447792963798134,"CH1":0.634594296147587}