{"MV1":0.13116351057003628,"MV3":0.9970860004137897,"CH1":0.7839047567801946}