{"MV1":0.9365460433191474,"MV3":0.8174784717505308,"CH1":0.9503413462574082}