{"MV1":0.7296702721481072,"MV3":0.5659675997760389,"CH1":0.8735888102878004}