{"MV1":0.7380894157807756,"MV3":0.9161972938395084,"CH1":0.1236382040263887}