{"MV1":0.6987668741219607,"MV3":0.08801648690987962,"CH1":0.38025772682599235}