{"MV1":0.25307246280896123,"MV3":0.58260760898332,"CH1":0.6492004064772533}