{"MV1":0.5363068757003726,"MV3":0.7265725585089081,"CH1":0.26794938893454223}