{"MV1":0.9028359664885682,"MV3":0.6649744703854801,"CH1":0.9031989732367565}