{"MV1":0.9968515320447229,"MV3":0.20813001127630715,"CH1":0.07994758441929706}