{"MV1":0.18456341418483901,"MV3":0.5071239342246782,"CH1":0.8879027875645815}