{"MV1":0.13939190537776014,"MV3":0.4037145033218631,"CH1":0.12844615965571804}