{"MV1":0.14736185228495535,"MV3":0.1539985968198172,"CH1":0.8547173604577611}