{"MV1":0.7366959425547405,"MV3":0.422645502383743,"CH1":0.9649948089181563}