{"MV1":0.6831844733400797,"MV3":0.034950217866457245,"CH1":0.24234675881929613}