{"MV1":0.8805967615897674,"MV3":0.34252915382092963,"CH1":0.02013529290723093}