{"MV1":0.6644912055206356,"MV3":0.06423818591198704,"CH1":0.11582923970413739}