{"MV1":0.5090796546382127,"MV3":0.555104421679742,"CH1":0.8972814556834334}