{"MV1":0.04170931318087645,"MV3":0.8227784482270332,"CH1":0.09558026368086536}