{"MV1":0.03876510510634479,"MV3":0.9695329410822416,"CH1":0.7740515996062785}