{"MV1":0.285429847921824,"MV3":0.2625398440191482,"CH1":0.10501558163536873}