{"MV1":0.27539312795344073,"MV3":0.43513793008111923,"CH1":0.1871115438458394}