{"MV1":0.6806016770964285,"MV3":0.07085084132152963,"CH1":0.2592311280353039}