{"MV1":0.0837463125603587,"MV3":0.8500090167879273,"CH1":0.3103482275015863}