{"MV1":0.3864275169306731,"MV3":0.805917121070412,"CH1":0.2544379775485214}