{"MV1":0.259679622627078,"MV3":0.897856007266814,"CH1":0.8488795468912945}