{"MV1":0.17128104241840791,"MV3":0.17853685019873677,"CH1":0.14741232178133923}