{"MV1":0.639544705658534,"MV3":0.46375433849355063,"CH1":0.3819679967206767}