{"MV1":0.15204622245042665,"MV3":0.04382738727169566,"CH1":0.7730262076967592}