{"MV1":0.21760735000749254,"MV3":0.9292939917385277,"CH1":0.7756085476676556}