{"MV1":0.0663956892360863,"MV3":0.8241208918143436,"CH1":0.7841706974807867}