{"MV1":0.3736064143778024,"MV3":0.48037992264351514,"CH1":0.5140147562419605}