{"MV1":0.48297686724189526,"MV3":0.9036494160974212,"CH1":0.8121757081879587}