{"MV1":0.9540752823224069,"MV3":0.6313048750224448,"CH1":0.015383063357263027}