{"MV1":0.6504052583116245,"MV3":0.8158225004041424,"CH1":0.8418960269402804}