{"MV1":0.7899497411451258,"MV3":0.3896369217398532,"CH1":0.7163302923631455}