{"MV1":0.7885440052727404,"MV3":0.2771260456146204,"CH1":0.34224790120809767}