{"MV1":0.42803013750114804,"MV3":0.3654929347043677,"CH1":0.9993046252860603}