{"MV1":0.3321655018806017,"MV3":0.2782854736713216,"CH1":0.9181154358077709}