{"MV1":0.6094541006851003,"MV3":0.9129235889501126,"CH1":0.015436794646104812}