{"MV1":0.5353099799689676,"MV3":0.3843237961700833,"CH1":0.9857929614751112}