{"MV1":0.17632051001545035,"MV3":0.12237269740961354,"CH1":0.3533826283480017}