{"MV1":0.9286026062233951,"MV3":0.6969555173107737,"CH1":0.12851071006695358}