{"MV1":0.030672644149453032,"MV3":0.6234059153931022,"CH1":0.7738550664438065}