{"MV1":0.7436027508603974,"MV3":0.1660127502664236,"CH1":0.5876726169435789}