{"MV1":0.40427482718970076,"MV3":0.7200605754301103,"CH1":0.4081042210827277}