{"MV1":0.04091518973538688,"MV3":0.43987571509998424,"CH1":0.38510071302710236}