{"MV1":0.022924405287287453,"MV3":0.380094123098088,"CH1":0.8488297862534041}