{"MV1":0.7347794020693658,"MV3":0.6671584827581603,"CH1":0.28833866940319064}