{"MV1":0.39543780245526483,"MV3":0.8011978260130199,"CH1":0.6574465617122021}