{"MV1":0.48397258004673205,"MV3":0.5802466894546776,"CH1":0.5163903452316826}