{"MV1":0.38032979773465103,"MV3":0.39488407157670424,"CH1":0.27690983881268916}