{"MV1":0.49986336606399195,"MV3":0.2887575439245583,"CH1":0.3810999097370631}