{"MV1":0.9825280924275227,"MV3":0.8509338644214112,"CH1":0.04821859790735139}