{"MV1":0.1416686492465371,"MV3":0.8296211552037885,"CH1":0.31813920580085553}