{"MV1":0.22942857841958642,"MV3":0.23896547771167376,"CH1":0.5938530459890642}