{"MV1":0.6981117892005563,"MV3":0.7973247780891856,"CH1":0.8313067655862275}