{"MV1":0.20477447430990248,"MV3":0.7930306158437779,"CH1":0.833147386039884}