{"MV1":0.29446261932563034,"MV3":0.5943602981930046,"CH1":0.3481234907708779}