{"MV1":0.2939614257910115,"MV3":0.930772495113932,"CH1":0.6568003669699699}