{"MV1":0.9751853763060115,"MV3":0.7071093731018424,"CH1":0.40610006075728555}