{"MV1":0.6661271364608902,"MV3":0.7687005008656532,"CH1":0.39835156914268033}