{"MV1":0.49797630529440284,"MV3":0.33688781810978685,"CH1":0.8949348499881118}