{"MV1":0.9414593498192577,"MV3":0.6555388041434111,"CH1":0.11492412525712514}