{"MV1":0.6500180448856041,"MV3":0.27777416734439864,"CH1":0.5835047765805498}