{"MV1":0.18772903295668408,"MV3":0.5346245725974511,"CH1":0.19642119204633712}