{"MV1":0.2100784259960088,"MV3":0.49805857969911616,"CH1":0.04981766338117166}