{"MV1":0.04716903842036069,"MV3":0.33951739087673627,"CH1":0.7880763119335971}