{"MV1":0.18857697431258869,"MV3":0.29553145604548836,"CH1":0.5787801041370189}