{"MV1":0.012632326385501491,"MV3":0.9601681548914898,"CH1":0.09460120166062691}