{"MV1":0.8203049842149052,"MV3":0.3881583423213626,"CH1":0.9065745369047512}