{"MV1":0.44655017719684986,"MV3":0.5607255812459936,"CH1":0.7899842909355196}