{"MV1":0.900165825499617,"MV3":0.34056746286027917,"CH1":0.41855084834572576}