{"MV1":0.8990286097316348,"MV3":0.018477573188990792,"CH1":0.3099081810535341}