{"MV1":0.9576168731189411,"MV3":0.06274565418064093,"CH1":0.05134258024476912}