{"MV1":0.3642833905630679,"MV3":0.326871950893867,"CH1":0.9060486797296439}