{"MV1":0.7748281306857361,"MV3":0.984480274173139,"CH1":0.5853880913268834}