{"MV1":0.28816894846386276,"MV3":0.25400034896338763,"CH1":0.9602236899649781}