{"MV1":0.5751140280470298,"MV3":0.9252870479672685,"CH1":0.23346985131815323}