{"MV1":0.64395285612872,"MV3":0.024037578504818025,"CH1":0.31418844926032574}