{"MV1":0.8523572537289764,"MV3":0.24430270598120007,"CH1":0.801809534655894}