{"MV1":0.6830928562366282,"MV3":0.2796149537417806,"CH1":0.565661760206974}