{"MV1":0.9198156439264186,"MV3":0.18111324249677652,"CH1":0.3014599312941243}