{"MV1":0.3127063062053602,"MV3":0.8791544183881459,"CH1":0.29559147975557154}