{"MV1":0.8966089002059118,"MV3":0.5910482477416255,"CH1":0.5276723817137087}