{"MV1":0.7105607564643781,"MV3":0.08193360396595561,"CH1":0.5290993935520591}