{"MV1":0.6004058569879226,"MV3":0.7149582275199228,"CH1":0.4826269182175619}