{"MV1":0.6156766401084843,"MV3":0.793234498223294,"CH1":0.7807325111793181}