{"MV1":0.26309150739435194,"MV3":0.6359560432900859,"CH1":0.9200985600260027}