{"MV1":0.8390910173419769,"MV3":0.10968071751946717,"CH1":0.09171460116108587}