{"MV1":0.6497430964440881,"MV3":0.3443083469598913,"CH1":0.8118761920975404}