{"MV1":0.1301651369119443,"MV3":0.36682125092064877,"CH1":0.5665722569357389}