{"MV1":0.057914126568432645,"MV3":0.41869552591321146,"CH1":0.5170696214749172}