{"MV1":0.2876088183863418,"MV3":0.24028611194823557,"CH1":0.15751181444743256}