{"MV1":0.11426834416563925,"MV3":0.3495566544410049,"CH1":0.8412625373934572}