{"MV1":0.789193207048019,"MV3":0.41507959549231843,"CH1":0.8075253864419853}