{"MV1":0.28687511560026446,"MV3":0.7002717538456874,"CH1":0.30567324401417895}