{"MV1":0.6346581261944215,"MV3":0.5378159870548176,"CH1":0.35995878350635235}