{"MV1":0.6594992801438752,"MV3":0.701328273199527,"CH1":0.4121532175690015}