{"MV1":0.05376731413893421,"MV3":0.8881788297071906,"CH1":0.6802835762428981}