{"MV1":0.64128922578606,"MV3":0.12715900737536023,"CH1":0.4626373037220517}