{"MV1":0.16969654384371025,"MV3":0.953306387173106,"CH1":0.9911014779510305}