{"MV1":0.21222795375454806,"MV3":0.6528853229151436,"CH1":0.21734516107632884}