{"MV1":0.6544299031807252,"MV3":0.5261345576452673,"CH1":0.3020308788416749}