{"MV1":0.07661316922058392,"MV3":0.33853047717130214,"CH1":0.6107583094471352}