{"MV1":0.48489244021559064,"MV3":0.8718776372079197,"CH1":0.3975389957747322}