{"MV1":0.6269002790247855,"MV3":0.22233917784107116,"CH1":0.41108065670039984}