{"MV1":0.7955775651017649,"MV3":0.6211576501166082,"CH1":0.572939605177186}