{"MV1":0.6791408327740512,"MV3":0.6673869018116916,"CH1":0.9323246998271967}