{"MV1":0.830054495965742,"MV3":0.624041149567477,"CH1":0.7594848394170614}