{"MV1":0.04631469885472461,"MV3":0.4333972266846874,"CH1":0.28693910992138494}