{"MV1":0.8839298543084753,"MV3":0.32262190008105596,"CH1":0.0500711267848537}