{"MV1":0.3329129673243407,"MV3":0.22737377906754375,"CH1":0.14569921866231927}