{"MV1":0.26022063786194227,"MV3":0.3365176431734501,"CH1":0.8401146019510726}