{"MV1":0.5665148113368577,"MV3":0.6685290142042967,"CH1":0.07842165195907702}