{"MV1":0.33102985569506427,"MV3":0.7114399790565075,"CH1":0.39211928005045626}