{"MV1":0.7758483682565689,"MV3":0.8159729644524013,"CH1":0.25358999158189033}