{"MV1":0.7576308242211893,"MV3":0.646497707262532,"CH1":0.35441415306189206}