{"MV1":0.2250296778366968,"MV3":0.45331774477976294,"CH1":0.9625584530342421}