{"MV1":0.11294024113460766,"MV3":0.30581934154788226,"CH1":0.7247606298671408}