{"MV1":0.3347209932252224,"MV3":0.2588338756141484,"CH1":0.45376020755257584}