{"MV1":0.5907541860754308,"MV3":0.5151849127987166,"CH1":0.9014938705005775}