{"MV1":0.5503999383640601,"MV3":0.8950337613604987,"CH1":0.29759490059380544}