{"MV1":0.32510666541511046,"MV3":0.22132910427196517,"CH1":0.011530643747339475}