{"MV1":0.39494712737525295,"MV3":0.5491202467487817,"CH1":0.3977099580640687}