{"MV1":0.8167030064552676,"MV3":0.334098198403179,"CH1":0.5758058870374552}