{"MV1":0.049059357295406336,"MV3":0.26106970131242646,"CH1":0.900565342378808}