{"MV1":0.5301010841888767,"MV3":0.3645900055446576,"CH1":0.7914586243844984}