{"MV1":0.1016457920030065,"MV3":0.8305637017469398,"CH1":0.6717577185775168}