{"MV1":0.11129907920364668,"MV3":0.9840481577953689,"CH1":0.7781682289429319}