{"MV1":0.749024162827243,"MV3":0.032970406209246295,"CH1":0.5788414644679369}