{"MV1":0.039940165116261195,"MV3":0.41518900801121805,"CH1":0.16787136829929006}