{"MV1":0.003868254119872905,"MV3":0.4563107110900736,"CH1":0.9810444444100215}