{"MV1":0.4857433119576757,"MV3":0.8316876535310828,"CH1":0.5169390820689865}