{"MV1":0.7302155640973759,"MV3":0.8282609633404037,"CH1":0.11943060483713808}