{"MV1":0.6513016947035605,"MV3":0.643186484289027,"CH1":0.9051007393728776}