{"MV1":0.1489229186500063,"MV3":0.7510918233355892,"CH1":0.615018797354956}