{"MV1":0.33027383536247124,"MV3":0.11259078851991622,"CH1":0.4265014628910955}