{"MV1":0.5934373923050024,"MV3":0.581863439223112,"CH1":0.4412078900059335}