{"MV1":0.7623842834160449,"MV3":0.5843978151227588,"CH1":0.9666845226721947}