{"MV1":0.6401780171926036,"MV3":0.8717607047935073,"CH1":0.20233179655654798}