{"MV1":0.6704153037452049,"MV3":0.9841126598869926,"CH1":0.11332799899690815}