{"MV1":0.5493262809019868,"MV3":0.5783342762681456,"CH1":0.39182840001818275}