{"MV1":0.27607114942026056,"MV3":0.22254356882381698,"CH1":0.08335546807104643}