{"MV1":0.11598950053053214,"MV3":0.9726461871254993,"CH1":0.6908354988639794}