{"MV1":0.9858402387555308,"MV3":0.8238494281464689,"CH1":0.07024882750876815}