{"MV1":0.3726919015471578,"MV3":0.14189035999156674,"CH1":0.9711983820208773}