{"MV1":0.7859517755483106,"MV3":0.24600848768063666,"CH1":0.052877194605013056}