{"MV1":0.40050937645874796,"MV3":0.38429360016323433,"CH1":0.8139454839711663}