{"MV1":0.5234262617799935,"MV3":0.2748912703703641,"CH1":0.1809122858452118}