{"MV1":0.30925803586781364,"MV3":0.29573776340566127,"CH1":0.5983422438495775}