{"MV1":0.8971019045083592,"MV3":0.698170575160322,"CH1":0.10429874107443216}