{"MV1":0.3950985653128848,"MV3":0.1531879731624859,"CH1":0.48023176308990523}