{"MV1":0.815124179877333,"MV3":0.03669288162951834,"CH1":0.705928255336917}