{"MV1":0.7728376874502902,"MV3":0.02634328156225707,"CH1":0.49825684331630915}