{"MV1":0.16519840156693333,"MV3":0.5550509055806753,"CH1":0.9841219539070656}