{"MV1":0.837899270908755,"MV3":0.3453387509605631,"CH1":0.3587329032323652}