{"MV1":0.030958120785611998,"MV3":0.7086371772036942,"CH1":0.01831739020957801}