{"MV1":0.05603080886929568,"MV3":0.4156124966646405,"CH1":0.04236198158231397}