{"MV1":0.31792507024427863,"MV3":0.15935103079630886,"CH1":0.6651732565814261}