{"MV1":0.3223199418910776,"MV3":0.21833806305620407,"CH1":0.7779359386493339}