{"MV1":0.9910026191847489,"MV3":0.7613632795889839,"CH1":0.14989130987206856}