{"MV1":0.69079596012768,"MV3":0.38550637119181086,"CH1":0.9130622402079392}