{"MV1":0.1351374009961145,"MV3":0.32317675711124405,"CH1":0.5337153766458367}