{"MV1":0.7464739063683329,"MV3":0.4136822571609826,"CH1":0.8088621268339773}