{"MV1":0.006188148787271253,"MV3":0.952859346492187,"CH1":0.27734299466544365}