{"MV1":0.8274313372882013,"MV3":0.04274411553044433,"CH1":0.477142895918373}