{"MV1":0.05550866017080114,"MV3":0.8704560048572694,"CH1":0.5292995103453757}