{"MV1":0.7032593999171511,"MV3":0.814438748781015,"CH1":0.39737376701207394}