{"MV1":0.16762387888094776,"MV3":0.5042492057747203,"CH1":0.8277901633366122}