{"MV1":0.47498044748271007,"MV3":0.8626341582869069,"CH1":0.38342035523979157}