{"MV1":0.4716091597765738,"MV3":0.12060247636316102,"CH1":0.8251261561579347}