{"MV1":0.6066898805261371,"MV3":0.04023546370701814,"CH1":0.2748995101582824}