{"MV1":0.4713885286782429,"MV3":0.7743174699367055,"CH1":0.49572336561514796}