{"MV1":0.4859994425799803,"MV3":0.02455671528378145,"CH1":0.16640920138244042}