{"MV1":0.2502055025773724,"MV3":0.275122413992389,"CH1":0.004253945297208905}