{"MV1":0.3762976639348755,"MV3":0.2847400554552597,"CH1":0.46656162369134646}