{"MV1":0.13430936120992631,"MV3":0.15906411099199547,"CH1":0.2868388284141147}