{"MV1":0.018830074427140686,"MV3":0.595603047508222,"CH1":0.9013878881224736}