{"MV1":0.5901866510604138,"MV3":0.5600786230497614,"CH1":0.5796795111236687}