{"MV1":0.04520113736370324,"MV3":0.1331180090787344,"CH1":0.3209980412459489}