{"MV1":0.8671223720546369,"MV3":0.9789969992057085,"CH1":0.39893401203914314}