{"MV1":0.24338277507550166,"MV3":0.22034113627201135,"CH1":0.12384891353721339}