{"MV1":0.6942951904420903,"MV3":0.21051777822111895,"CH1":0.45955679703056806}