{"MV1":0.07306363833168783,"MV3":0.9291218453078689,"CH1":0.14987059888585885}