{"MV1":0.3025107009685827,"MV3":0.9418939971053926,"CH1":0.7755337107371272}