{"MV1":0.006575894637905089,"MV3":0.7489512596224521,"CH1":0.769129026125451}