{"MV1":0.8048902391521188,"MV3":0.22895868331407176,"CH1":0.8713628192473528}