{"MV1":0.12433491223322668,"MV3":0.847307617985286,"CH1":0.5844110972338722}