{"MV1":0.4901835316912886,"MV3":0.2628058911412524,"CH1":0.33251336892006944}