{"MV1":0.47057668702374866,"MV3":0.5464611610043045,"CH1":0.7039657158259626}