{"MV1":0.5975064130628936,"MV3":0.04577308943112113,"CH1":0.6161894589449377}