{"MV1":0.8900805754437928,"MV3":0.1061166477930463,"CH1":0.6430591688226148}