{"MV1":0.8636470141450163,"MV3":0.5843857595028882,"CH1":0.7414746401723477}