{"MV1":0.5938616063504714,"MV3":0.5019004544156287,"CH1":0.8868489612056131}