{"MV1":0.3988032571245992,"MV3":0.7800125124762967,"CH1":0.9301192203629188}