{"MV1":0.5085806179300221,"MV3":0.8925127979202542,"CH1":0.9554835961853775}