{"MV1":0.9042105976635965,"MV3":0.7078718619701682,"CH1":0.5905587982415149}