{"MV1":0.5581480524648508,"MV3":0.7178258626337406,"CH1":0.11561724497636794}