{"MV1":0.2512001302899092,"MV3":0.7262505299364288,"CH1":0.6865406733288559}