{"MV1":0.9330577854610077,"MV3":0.08599332496195677,"CH1":0.2767286915303958}