{"MV1":0.7798347372578471,"MV3":0.2802388272573135,"CH1":0.7058083552781803}