{"MV1":0.3368342446282707,"MV3":0.13313982161424365,"CH1":0.6833745969770609}