{"MV1":0.14691167023478824,"MV3":0.16304820402785458,"CH1":0.6025668413606999}