{"MV1":0.3457649392767943,"MV3":0.2032237935314637,"CH1":0.6269605919056381}