{"MV1":0.10969195307990554,"MV3":0.268737266240899,"CH1":0.8199207635098295}