{"MV1":0.6528626147445405,"MV3":0.9338945421345967,"CH1":0.5970248287531271}