{"MV1":0.997800730928641,"MV3":0.5999272891242251,"CH1":0.08809786545762877}