{"MV1":0.33126418631252286,"MV3":0.4956231165649858,"CH1":0.9435365694965707}