{"MV1":0.4265991020302021,"MV3":0.13233844273329998,"CH1":0.1559451943085871}