{"MV1":0.4370492558619994,"MV3":0.057711065377272774,"CH1":0.8715128280329145}