{"MV1":0.5963562838763544,"MV3":0.09274641261072736,"CH1":0.43385641378684414}