{"MV1":0.6395389407799412,"MV3":0.9905702982436644,"CH1":0.5815518738395369}