{"MV1":0.14894551100782805,"MV3":0.6920105481699205,"CH1":0.3205467340857393}