{"MV1":0.1385672377947874,"MV3":0.6394525530926493,"CH1":0.05367586235822441}