{"MV1":0.768157377776697,"MV3":0.4419462905830456,"CH1":0.8478681675036613}