{"MV1":0.8089028074941963,"MV3":0.6243024304623634,"CH1":0.7428646940427823}