{"MV1":0.9482027392992153,"MV3":0.26373063417938236,"CH1":0.22321044087558728}