{"MV1":0.9794475068846528,"MV3":0.10019510055790637,"CH1":0.7309931713368476}