{"MV1":0.07108109092268067,"MV3":0.22358657336221965,"CH1":0.13221126098214042}