{"MV1":0.7401175255470782,"MV3":0.17446706269746803,"CH1":0.4160152272641866}