{"MV1":0.15420506241021792,"MV3":0.6044687518321575,"CH1":0.9359861536459161}