{"MV1":0.40448988938758945,"MV3":0.9281730884061433,"CH1":0.7904113683839004}