{"MV1":0.39003759621175416,"MV3":0.42877159106972806,"CH1":0.15502866000663817}