{"MV1":0.7897782981726628,"MV3":0.3576092376252361,"CH1":0.056858247077129054}