{"MV1":0.21837216697202033,"MV3":0.14151701128353844,"CH1":0.02895059121365151}