{"MV1":0.17398205555901491,"MV3":0.7293709192691264,"CH1":0.5776877541371042}