{"MV1":0.6838281841870346,"MV3":0.07120572082627441,"CH1":0.6535496503411113}