{"MV1":0.779524189128326,"MV3":0.6839837262379688,"CH1":0.05450910606843418}