{"MV1":0.48999345363380487,"MV3":0.4918140056829131,"CH1":0.5315957083328708}