{"MV1":0.8401347692098342,"MV3":0.8054253701209462,"CH1":0.4829355311939848}