{"MV1":0.48517078968704797,"MV3":0.41292055412949313,"CH1":0.6708698289405258}