{"MV1":0.5828762496878475,"MV3":0.16444228146212148,"CH1":0.6846562808760165}