{"MV1":0.4725661217168998,"MV3":0.4629828199241627,"CH1":0.0677014888463161}