{"MV1":0.006033820940625323,"MV3":0.3162767563471762,"CH1":0.6714423681282614}