{"MV1":0.4540395620983345,"MV3":0.3960703857407206,"CH1":0.6041770899849124}