{"MV1":0.4244026094044011,"MV3":0.4378424178556599,"CH1":0.010957023076731631}