{"MV1":0.2694994961307493,"MV3":0.12798157381542763,"CH1":0.5662299823967882}