{"MV1":0.8928505446638427,"MV3":0.33231379229314917,"CH1":0.5107079161082404}