{"MV1":0.3561035425276756,"MV3":0.2962747039076844,"CH1":0.44765258119369}