{"MV1":0.02614962102638918,"MV3":0.6359016089085133,"CH1":0.5146971150621005}