{"MV1":0.08240251966617596,"MV3":0.24025187944497506,"CH1":0.04144133029327357}