{"MV1":0.8841324204047258,"MV3":0.41024412864390536,"CH1":0.2790245042936529}