{"MV1":0.8280123956520087,"MV3":0.8300374967186527,"CH1":0.5466177450551146}