{"MV1":0.006376277958843324,"MV3":0.4638457721892184,"CH1":0.9681571792423828}