{"MV1":0.9768572720167885,"MV3":0.6685508103619859,"CH1":0.5106029379243238}