{"MV1":0.6829372959314003,"MV3":0.45763318048429147,"CH1":0.21857083985506598}