{"MV1":0.8792675629364994,"MV3":0.4199285313576281,"CH1":0.6087087983158004}