{"MV1":0.29574783047838293,"MV3":0.6851701389356784,"CH1":0.396056738559984}