{"MV1":0.24472221776773795,"MV3":0.5255423998626388,"CH1":0.3022669166061176}