{"MV1":0.501153287378678,"MV3":0.011701184054996094,"CH1":0.5370161106405001}