{"MV1":0.8099382604770891,"MV3":0.2995019842431117,"CH1":0.16287977648777185}