{"MV1":0.7270453766613194,"MV3":0.8673016751444028,"CH1":0.46534019919465597}