{"MV1":0.8207201344848728,"MV3":0.8714509688528046,"CH1":0.7971375563855408}