{"MV1":0.7233398123022672,"MV3":0.7401286010749256,"CH1":0.7469572649849864}