{"MV1":0.7036874123172392,"MV3":0.4059676142540717,"CH1":0.4281206875337876}