{"MV1":0.7554329501376601,"MV3":0.38822089085490175,"CH1":0.5456901054733548}