{"MV1":0.9025235321800981,"MV3":0.8593673363537623,"CH1":0.24781438172852188}