{"MV1":0.5919699005342658,"MV3":0.6427892738658086,"CH1":0.10109215849504016}