{"MV1":0.24966769105524922,"MV3":0.6658992153563186,"CH1":0.0617481025476162}