{"MV1":0.15135659935137535,"MV3":0.4106940899799233,"CH1":0.15329973328669388}