{"MV1":0.13577054593836324,"MV3":0.0017454865010679832,"CH1":0.34619431361920894}