{"MV1":0.5969765550781201,"MV3":0.2825838986797041,"CH1":0.25056100493205924}