{"MV1":0.6136084758354745,"MV3":0.7474522842709864,"CH1":0.8648489904237632}