{"MV1":0.3344541941571363,"MV3":0.181306680157852,"CH1":0.6055064363864827}