{"MV1":0.6178555260110397,"MV3":0.32814483865522703,"CH1":0.6786332710173484}