{"MV1":0.25579998766825673,"MV3":0.5649032762210742,"CH1":0.9312156862406713}