{"MV1":0.01798158759588353,"MV3":0.35705264146578386,"CH1":0.2970553370064578}