{"MV1":0.9827823499838225,"MV3":0.5221465426218744,"CH1":0.29390567113829813}