{"MV1":0.2300917571664849,"MV3":0.2702283081239506,"CH1":0.2920965211973644}