{"MV1":0.4142009949413197,"MV3":0.9320750764425946,"CH1":0.842650563428923}