{"MV1":0.824287782544835,"MV3":0.16953805415232903,"CH1":0.45327880219838734}