{"MV1":0.13603643179489167,"MV3":0.3852021716587486,"CH1":0.5316815313570848}