{"MV1":0.37128513771115734,"MV3":0.12163198423230959,"CH1":0.1986166215475179}