{"MV1":0.4735235313575812,"MV3":0.991128424641442,"CH1":0.12621211619512207}