{"MV1":0.3016043070672434,"MV3":0.4697017573200504,"CH1":0.3910218016791376}