{"MV1":0.2795324821594024,"MV3":0.5801000793129085,"CH1":0.3544844484641251}