{"MV1":0.7051151167527486,"MV3":0.9959841497162857,"CH1":0.29250372476314157}