{"MV1":0.44877247727375535,"MV3":0.8027902935899188,"CH1":0.32473689757266155}