{"MV1":0.4629978360894581,"MV3":0.5286181021490775,"CH1":0.09665989195947211}