{"MV1":0.043271654634605916,"MV3":0.759837998678443,"CH1":0.35306804633030564}