{"MV1":0.9417890790963096,"MV3":0.4551921881662355,"CH1":0.009812499305629552}