{"MV1":0.43775606656221344,"MV3":0.2884410323988934,"CH1":0.37945417823180594}