{"MV1":0.9010851085323922,"MV3":0.4051125671163397,"CH1":0.5301841489781256}