{"MV1":0.34963616820961574,"MV3":0.4616003695519437,"CH1":0.6433346708527294}