{"MV1":0.0970532850335355,"MV3":0.1275457191740541,"CH1":0.6672867504844001}