{"MV1":0.09460686346676617,"MV3":0.6340445367761466,"CH1":0.08356073033930855}