{"MV1":0.1307952571618246,"MV3":0.4950308382149905,"CH1":0.6090195319306904}