{"MV1":0.19570317424372852,"MV3":0.904411627868863,"CH1":0.15627270140217808}