{"MV1":0.2622441414922244,"MV3":0.07021857782183527,"CH1":0.254145628186468}