{"MV1":0.43079847476265687,"MV3":0.24003850824689543,"CH1":0.7487046968281806}