{"MV1":0.08751765163182512,"MV3":0.01587363969083888,"CH1":0.904202789795352}