{"MV1":0.5219105281501013,"MV3":0.9759883541060785,"CH1":0.9050613581080829}