{"MV1":0.41679441772133285,"MV3":0.4563656685252998,"CH1":0.825758643813227}