{"MV1":0.8004611899969745,"MV3":0.7826300660538114,"CH1":0.008868079278477325}