{"MV1":0.41285789046773813,"MV3":0.17549454570570067,"CH1":0.9482266664452127}