{"MV1":0.1382806644301724,"MV3":0.5165808518014012,"CH1":0.2761267541831116}