{"MV1":0.5776097992926456,"MV3":0.91480412926036,"CH1":0.6801516280548182}