{"MV1":0.5934922985364577,"MV3":0.16010860959966855,"CH1":0.5492315929803918}