{"MV1":0.5036673241098861,"MV3":0.7089192117773709,"CH1":0.2365098575504574}