{"MV1":0.5797506552910763,"MV3":0.8136059225054967,"CH1":0.7407701221356257}