{"MV1":0.4111853839091034,"MV3":0.6514324712410433,"CH1":0.1460596849815199}