{"MV1":0.3516190996080475,"MV3":0.9997513971707017,"CH1":0.18281085708739808}