{"MV1":0.36164928054363854,"MV3":0.030528988259353684,"CH1":0.7600083173629133}