{"MV1":0.5224833307390715,"MV3":0.3301814598282474,"CH1":0.31121147038041563}