{"MV1":0.4825981725618569,"MV3":0.7107143194025987,"CH1":0.032811254767164066}