{"MV1":0.6447109524302148,"MV3":0.20178865418635084,"CH1":0.00711589229427001}