{"MV1":0.6094763100775538,"MV3":0.12428436863350256,"CH1":0.8181193512653645}