{"MV1":0.5450141473535787,"MV3":0.3520286181755321,"CH1":0.8264771379195771}