{"MV1":0.2679274414395675,"MV3":0.9384504283304979,"CH1":0.1534580858537784}