{"MV1":0.08717809347685368,"MV3":0.47555340841183524,"CH1":0.22218005733942503}