{"MV1":0.7757389487435604,"MV3":0.023483693786685578,"CH1":0.4946520592698015}