{"MV1":0.9794216075305539,"MV3":0.39262425154454406,"CH1":0.4734590642514245}