{"MV1":0.7159796376494967,"MV3":0.03374462230531561,"CH1":0.8028573799292311}