{"MV1":0.19677137163590652,"MV3":0.7127577551584832,"CH1":0.3713190115071865}