{"MV1":0.5894567224908128,"MV3":0.8541649476580851,"CH1":0.8082829678678198}