{"MV1":0.3185354948723843,"MV3":0.9457484714211112,"CH1":0.7508180561714077}