{"MV1":0.47785601268931555,"MV3":0.2524421856789807,"CH1":0.8472500343874743}