{"MV1":0.7395030034626822,"MV3":0.5955369651730376,"CH1":0.4438854054984217}