{"MV1":0.08806595991825894,"MV3":0.9633619100284976,"CH1":0.559387602611295}