{"MV1":0.2000667158838828,"MV3":0.7379010805414524,"CH1":0.9172937411629521}