{"MV1":0.19236755383443915,"MV3":0.702905344455273,"CH1":0.5377035542269335}