{"MV1":0.9276649533989239,"MV3":0.17561735694270764,"CH1":0.2809109873931026}