{"MV1":0.6388164785005793,"MV3":0.20718168314571805,"CH1":0.02830722914739614}