{"MV1":0.28770042013149144,"MV3":0.8802977806071542,"CH1":0.43906615982599984}