{"MV1":0.20820423459673798,"MV3":0.6344095036994227,"CH1":0.08442329258064696}