{"MV1":0.376465559815399,"MV3":0.5870618175509541,"CH1":0.5466868217349133}