{"MV1":0.6835955329673903,"MV3":0.7696487046438764,"CH1":0.7250448728584967}