{"MV1":0.6064071174643157,"MV3":0.1456296354248987,"CH1":0.8043190876538708}