{"MV1":0.45744963160499175,"MV3":0.3231269029587205,"CH1":0.7176154386012259}