{"MV1":0.04238336802073073,"MV3":0.2627313129028698,"CH1":0.12390871306915185}