{"MV1":0.8112901805844793,"MV3":0.06612654362801529,"CH1":0.12555181876116905}