{"MV1":0.38786327949464394,"MV3":0.7185797124831389,"CH1":0.4058624770001772}