{"MV1":0.9952913226218133,"MV3":0.567603035334162,"CH1":0.4559321230805252}