{"MV1":0.5495408721744675,"MV3":0.0777588508300121,"CH1":0.0834724184899982}