{"MV1":0.009384549528192232,"MV3":0.21566225826725305,"CH1":0.01312612076538644}