{"MV1":0.12296503939602166,"MV3":0.0667962157273394,"CH1":0.6424359663907233}