{"MV1":0.07791873767714241,"MV3":0.474157774327301,"CH1":0.8235742737232573}