{"MV1":0.5665631616325102,"MV3":0.19435549262635632,"CH1":0.9986558558867459}