{"MV1":0.4414671531822827,"MV3":0.20470161229238093,"CH1":0.5569788496401653}