{"MV1":0.5025331005373538,"MV3":0.15443042970101573,"CH1":0.36364137700810584}