{"MV1":0.3280926065154759,"MV3":0.18935734442118624,"CH1":0.6409178479363457}