{"MV1":0.8743770176959961,"MV3":0.3949539055725193,"CH1":0.43418993469332734}