{"MV1":0.48833696020711304,"MV3":0.004547461408091702,"CH1":0.13043514186372995}