{"MV1":0.6300403395205996,"MV3":0.40205749713411243,"CH1":0.03142898581784681}