{"MV1":0.41190997136388807,"MV3":0.49801820165650845,"CH1":0.9098895800718472}