{"MV1":0.6595176650609318,"MV3":0.8057686809688638,"CH1":0.7666257962596894}