{"MV1":0.5555015767676942,"MV3":0.3517037531966667,"CH1":0.7673681969115357}