{"MV1":0.12391512664529525,"MV3":0.1748223573641292,"CH1":0.09249480715585046}