{"MV1":0.5036244486520656,"MV3":0.15436611876203454,"CH1":0.6626478274672523}