{"MV1":0.5257052120571759,"MV3":0.46812756156739876,"CH1":0.9089807625695401}