{"MV1":0.15531953626222172,"MV3":0.4082566963791139,"CH1":0.19636922801153145}