{"MV1":0.65004215439526,"MV3":0.9051140283347092,"CH1":0.3825933873399271}