{"MV1":0.8486307683426173,"MV3":0.023444082920431764,"CH1":0.3536370429573198}