{"MV1":0.35499326700653466,"MV3":0.591216565429344,"CH1":0.20243967880942126}