{"MV1":0.17020875840954608,"MV3":0.4218857491265029,"CH1":0.8473355916755148}