{"MV1":0.04446743040998713,"MV3":0.24839567798997397,"CH1":0.7360638753744679}