{"MV1":0.8998312525139714,"MV3":0.8867620009512805,"CH1":0.6465411420495446}