{"MV1":0.45607908477755044,"MV3":0.8686806630691339,"CH1":0.17721583006488817}