{"MV1":0.013033120124054665,"MV3":0.39919930537543147,"CH1":0.5736469521708351}