{"MV1":0.9598720036444232,"MV3":0.21357278967803206,"CH1":0.7206551385509664}