{"MV1":0.02682620628739618,"MV3":0.8185604696552459,"CH1":0.23499284442119728}