{"MV1":0.28072527597517805,"MV3":0.5667884622206135,"CH1":0.4868504496904721}