{"MV1":0.4053075174859009,"MV3":0.05899658307149269,"CH1":0.37092655498372584}