{"MV1":0.25973965871821225,"MV3":0.04301164347926123,"CH1":0.04071037100923702}