{"MV1":0.4502794763393396,"MV3":0.6137743306861465,"CH1":0.2280075909536844}