{"MV1":0.6089417845853969,"MV3":0.5538807612997934,"CH1":0.3916364506347153}