{"MV1":0.7460843412069711,"MV3":0.32717769384378725,"CH1":0.26732899412146793}