{"MV1":0.08712219979606506,"MV3":0.7562957268652136,"CH1":0.5961653727082624}