{"MV1":0.8149070852513978,"MV3":0.5687392318964413,"CH1":0.8135218786794851}