{"MV1":0.5791599125751985,"MV3":0.32666454460584715,"CH1":0.8851498775718285}