{"MV1":0.9524798233856256,"MV3":0.7373831831339992,"CH1":0.7618562294939104}