{"MV1":0.780287375685427,"MV3":0.7657437349799485,"CH1":0.5108416569937717}