{"MV1":0.7750463350009204,"MV3":0.12488523305142285,"CH1":0.9604978984167172}