{"MV1":0.5729523568108451,"MV3":0.8556855733600535,"CH1":0.5681113479484343}