{"MV1":0.35648832230275573,"MV3":0.7665938943462822,"CH1":0.8610910876341599}