{"MV1":0.4856803952452916,"MV3":0.39417614309642324,"CH1":0.47409024935361144}