{"MV1":0.5258503350016329,"MV3":0.5961884217685264,"CH1":0.7146129767943206}