{"MV1":0.1831636954874558,"MV3":0.10635748868321027,"CH1":0.07451075915044636}