{"MV1":0.4229667371967706,"MV3":0.6228498121698013,"CH1":0.4878474462806932}