{"MV1":0.6396728827297841,"MV3":0.32918109692866393,"CH1":0.36839447301084316}