{"MV1":0.19141830773699953,"MV3":0.8518198340681674,"CH1":0.28969212682849055}