{"MV1":0.6069456911861104,"MV3":0.5164498304296717,"CH1":0.23308470309656926}