{"MV1":0.019780654303156897,"MV3":0.5244930270689598,"CH1":0.04199406958607377}