{"MV1":0.22320293976949945,"MV3":0.5361540111852527,"CH1":0.5873440997685635}