{"MV1":0.4316594102273079,"MV3":0.6332766324413812,"CH1":0.0246620009234485}