{"MV1":0.34060872043608437,"MV3":0.5652250691110338,"CH1":0.2395776904672582}