{"MV1":0.8756915589688167,"MV3":0.9344785164538626,"CH1":0.3229368390874241}