{"MV1":0.08288644145894275,"MV3":0.8551848950301302,"CH1":0.830850669526696}