{"MV1":0.7787403283516339,"MV3":0.427211513896962,"CH1":0.6963858388681766}