{"MV1":0.3599347676849418,"MV3":0.9632824548238792,"CH1":0.9824531417257163}