{"MV1":0.1909414773530297,"MV3":0.9128294508058357,"CH1":0.20636377517438653}