{"MV1":0.7278224759596854,"MV3":0.7789159916158594,"CH1":0.6870893590129069}