{"MV1":0.10739217226790054,"MV3":0.562189457493117,"CH1":0.14732137929086364}