{"MV1":0.21777915838318507,"MV3":0.8607592301626058,"CH1":0.2058389774165733}