{"MV1":0.7975905369475087,"MV3":0.6516541826084757,"CH1":0.3415972849922755}