{"MV1":0.15503376198407437,"MV3":0.7833837526875113,"CH1":0.12795348532089978}