{"MV1":0.5514142262292084,"MV3":0.5904388921020732,"CH1":0.40529546767549607}