{"MV1":0.9278142965101795,"MV3":0.9068986087629344,"CH1":0.09623170535029135}