{"MV1":0.012103617193306437,"MV3":0.4156634842363598,"CH1":0.03498255702706621}