{"MV1":0.7289222978756497,"MV3":0.08996075651336144,"CH1":0.3598021880209131}