{"MV1":0.15142078258703262,"MV3":0.023489181701124573,"CH1":0.4642691692831201}