{"MV1":0.5879362855839062,"MV3":0.7276674102796586,"CH1":0.9368902661908667}