{"MV1":0.6743415328351602,"MV3":0.02510711119854714,"CH1":0.5097117035182901}