{"MV1":0.5634216654547675,"MV3":0.6745176599976441,"CH1":0.07780612399953912}