{"MV1":0.23554068392538452,"MV3":0.6830514290553651,"CH1":0.9425642808367383}