{"MV1":0.19807709188058797,"MV3":0.47083482536918997,"CH1":0.7220400783468288}