{"MV1":0.1021733931414972,"MV3":0.0013577687872561306,"CH1":0.45110188376595894}