{"MV1":0.4620547140465642,"MV3":0.9773304984563822,"CH1":0.534002527333678}