{"MV1":0.036079324780184496,"MV3":0.21544454207591213,"CH1":0.3419597585267635}