{"MV1":0.97887208811284,"MV3":0.9659671750449279,"CH1":0.5678549352880763}