{"MV1":0.019928053167515336,"MV3":0.7031880432609654,"CH1":0.15617189639714235}