{"MV1":0.39135498238273625,"MV3":0.7183565877440803,"CH1":0.5897259304519035}