{"MV1":0.2153234745970002,"MV3":0.7981258741195878,"CH1":0.18682017141145646}