{"MV1":0.8646896718482318,"MV3":0.7429826777668814,"CH1":0.8390076695908232}