{"MV1":0.7767747463497187,"MV3":0.15955961475289915,"CH1":0.27581072353289293}