{"MV1":0.8191389969647401,"MV3":0.16522604093531612,"CH1":0.9779190582647329}