{"MV1":0.5586715230406274,"MV3":0.4425310196804191,"CH1":0.15274170940166076}