{"MV1":0.6845593704654427,"MV3":0.13887922057393765,"CH1":0.8156565058588793}