{"MV1":0.5516910968358067,"MV3":0.6277594643543446,"CH1":0.46996459697099935}