{"MV1":0.6828267870118419,"MV3":0.8115493672175468,"CH1":0.8137754334057602}