{"MV1":0.29196554004909436,"MV3":0.05680472156716221,"CH1":0.1774799853689859}