{"MV1":0.36652847434018343,"MV3":0.2416030357235457,"CH1":0.8270108750222542}