{"MV1":0.789297218093971,"MV3":0.8251792512810433,"CH1":0.5998900115747207}