{"MV1":0.7247934697639928,"MV3":0.4428623139856338,"CH1":0.7278340327631192}