{"MV1":0.8507571230103755,"MV3":0.5558726429483513,"CH1":0.7228756847352977}