{"MV1":0.0005279078687453476,"MV3":0.8971531273532161,"CH1":0.3894393645164774}