{"MV1":0.37607174630570606,"MV3":0.9618028808048839,"CH1":0.4493799970463239}