{"MV1":0.8913469528546846,"MV3":0.11982618628285902,"CH1":0.9253263731950762}