{"MV1":0.9106783415554554,"MV3":0.10850661946095308,"CH1":0.0922258121395555}