{"MV1":0.27078706082594217,"MV3":0.41147348511645354,"CH1":0.04996708718098197}