{"MV1":0.4396394258849664,"MV3":0.4462414419802837,"CH1":0.5932499636746631}