{"MV1":0.47863286476400757,"MV3":0.31197785049792826,"CH1":0.8337476053625981}