{"MV1":0.5027894838012408,"MV3":0.8161913795251216,"CH1":0.613764438335496}