{"MV1":0.3543711410616519,"MV3":0.2867839865357942,"CH1":0.2255651126497299}