{"MV1":0.4522746574673119,"MV3":0.17361867901541916,"CH1":0.3604311162207662}