{"MV1":0.5188066391379524,"MV3":0.557875844102278,"CH1":0.47555736552698646}