{"MV1":0.3486017237274517,"MV3":0.20803162310691425,"CH1":0.5653421020084168}