{"MV1":0.3870949937679554,"MV3":0.5742102270798429,"CH1":0.21510958442695982}