{"MV1":0.8134717336966719,"MV3":0.6630669338303126,"CH1":0.19559933477430447}