{"MV1":0.6853557922302748,"MV3":0.07886180420843714,"CH1":0.03838684504893286}