{"MV1":0.18148509191965856,"MV3":0.8404972003799741,"CH1":0.6114799154071195}