{"MV1":0.742834215728836,"MV3":0.6962830173399129,"CH1":0.9664659008205755}