{"MV1":0.9979265039374685,"MV3":0.28838184428983515,"CH1":0.9098311044788993}