{"MV1":0.5880678007211612,"MV3":0.7500910421909686,"CH1":0.4149980309260125}