{"MV1":0.4860815996180242,"MV3":0.7536728767402169,"CH1":0.5208270367588834}