{"MV1":0.6988252556092387,"MV3":0.32597889711066075,"CH1":0.753030847554765}