{"MV1":0.38192026967269554,"MV3":0.932981209988328,"CH1":0.7872095774703929}