{"MV1":0.5541768237200438,"MV3":0.05605201539814775,"CH1":0.25124091788372305}