{"MV1":0.4102264492252389,"MV3":0.19108122510219905,"CH1":0.728159905640084}