{"MV1":0.015913880289043947,"MV3":0.9211511001546021,"CH1":0.5856976328343596}