{"MV1":0.42216326490926104,"MV3":0.045339709431430286,"CH1":0.7133195033386595}