{"MV1":0.02258691274064495,"MV3":0.7345056199384757,"CH1":0.06583441571168502}