{"MV1":0.0491863001136259,"MV3":0.4751125613781736,"CH1":0.09896580092602147}