{"MV1":0.10600815086646431,"MV3":0.06314590639321305,"CH1":0.983216127268703}