{"MV1":0.3760150728292969,"MV3":0.9581590996004106,"CH1":0.8891925489563788}