{"MV1":0.30317246622963334,"MV3":0.4955182043063837,"CH1":0.0266710443099063}