{"MV1":0.6917394784137982,"MV3":0.0031500694527187845,"CH1":0.010564052839377669}