{"MV1":0.9084383428852376,"MV3":0.6947093453859633,"CH1":0.5361326211642524}