{"MV1":0.04844644857544467,"MV3":0.14337759322096966,"CH1":0.040909027779169715}