{"MV1":0.9192285400355631,"MV3":0.8605316644322532,"CH1":0.5706598224582751}