{"MV1":0.10617935094863984,"MV3":0.7999906905847338,"CH1":0.9935252521262304}