{"MV1":0.5263617611629484,"MV3":0.4079396264314784,"CH1":0.9647182899872543}