{"MV1":0.378589053470734,"MV3":0.14731104081308122,"CH1":0.672192418818287}