{"MV1":0.2439296439007912,"MV3":0.9440593117031895,"CH1":0.16275673636406363}