{"MV1":0.5661278987413644,"MV3":0.7548172549757667,"CH1":0.4637827787338712}