{"MV1":0.3854214063072937,"MV3":0.9233794218096535,"CH1":0.7587719877543064}