{"MV1":0.9978836740375799,"MV3":0.3045089961379994,"CH1":0.3323432566081228}