{"MV1":0.8821349834860595,"MV3":0.8342475243136074,"CH1":0.20382082251888367}