{"MV1":0.12208417422948414,"MV3":0.49516034419602706,"CH1":0.6500733071462105}