{"MV1":0.7213884025723021,"MV3":0.011929981689271951,"CH1":0.24002766754418403}