{"MV1":0.10228958879923289,"MV3":0.11416351527248636,"CH1":0.019642967184684168}