{"MV1":0.7610711805576955,"MV3":0.2663565298894237,"CH1":0.8148052630185562}