{"MV1":0.9390023406112131,"MV3":0.09844181571851729,"CH1":0.6918119146561028}