{"MV1":0.026321577714846334,"MV3":0.6947026598461432,"CH1":0.6706155969115796}