{"MV1":0.3548857593903382,"MV3":0.4596879876614258,"CH1":0.6537002597586665}