{"MV1":0.12792075756217014,"MV3":0.4866951916464769,"CH1":0.7214372133221262}