{"MV1":0.03987913735828508,"MV3":0.3242383334136121,"CH1":0.12209972678491976}