{"MV1":0.2530430052326136,"MV3":0.3484372523726389,"CH1":0.09695492832478025}