{"MV1":0.7481025904294004,"MV3":0.5791276739992218,"CH1":0.16389609740458544}