{"MV1":0.4152989198611393,"MV3":0.26233155223377935,"CH1":0.6568818494650597}