{"MV1":0.3874759564022704,"MV3":0.1891339712414959,"CH1":0.27436231315838755}