{"MV1":0.23891150497166436,"MV3":0.17507454657432175,"CH1":0.4449965910547282}