{"MV1":0.17068051410322382,"MV3":0.28288700106678044,"CH1":0.2747688820773878}