{"MV1":0.5692525162806502,"MV3":0.7024744195305096,"CH1":0.03409543544914473}