{"MV1":0.18936455384490836,"MV3":0.9499836642671446,"CH1":0.31015639707848897}