{"MV1":0.8840089498290304,"MV3":0.7731189349121592,"CH1":0.43336956008110117}