{"MV1":0.02497658894898036,"MV3":0.09630614278170968,"CH1":0.7218520518301919}