{"MV1":0.8126170947355817,"MV3":0.09544050018764605,"CH1":0.7099600663334538}