{"MV1":0.9741831564290876,"MV3":0.13526190287704776,"CH1":0.04977929022324368}