{"MV1":0.2162587252160012,"MV3":0.9529597885251818,"CH1":0.6017050092789691}