{"MV1":0.5404397905870997,"MV3":0.5672795855637657,"CH1":0.29454448612673334}