{"MV1":0.7602969817927303,"MV3":0.2714010074776064,"CH1":0.9749202813335526}