{"MV1":0.4890608262971511,"MV3":0.10265023400321172,"CH1":0.4665835937078766}