{"MV1":0.7488907736378787,"MV3":0.22365062155402804,"CH1":0.5468692794607857}