{"MV1":0.6861530481782463,"MV3":0.36362720628490686,"CH1":0.37910339985702923}