{"MV1":0.5868600412808171,"MV3":0.6044375617181509,"CH1":0.617777789404529}