{"MV1":0.7971040480008862,"MV3":0.6871337648191347,"CH1":0.8454261299818318}