{"MV1":0.907740452078376,"MV3":0.7120872839564041,"CH1":0.123730688525866}