{"MV1":0.49560632979833763,"MV3":0.5399249441709432,"CH1":0.2148002651194142}