{"MV1":0.7881726014216296,"MV3":0.1842416231895585,"CH1":0.18789476713078768}