{"MV1":0.2536319183110225,"MV3":0.13213359199595498,"CH1":0.050778401355556224}