{"MV1":0.9868755905827478,"MV3":0.4036201766875174,"CH1":0.5086959060496655}