{"MV1":0.721297508538334,"MV3":0.661389328161904,"CH1":0.0845179056597124}