{"MV1":0.36587602440156863,"MV3":0.08287392784974768,"CH1":0.49027159752839133}