{"MV1":0.009975166509442301,"MV3":0.8680522820189139,"CH1":0.20357320175262728}