{"MV1":0.428946369282615,"MV3":0.146725821242917,"CH1":0.9000986301106729}