{"MV1":0.02539413276074476,"MV3":0.33221475535474143,"CH1":0.26431878395104613}