{"MV1":0.7523887447480169,"MV3":0.01801940535947466,"CH1":0.5511077750845197}