{"MV1":0.49351607789440854,"MV3":0.5396343378064788,"CH1":0.3019845635273787}