{"MV1":0.35766900571788574,"MV3":0.32064259798434636,"CH1":0.23073347504689468}