{"MV1":0.9757414010843601,"MV3":0.2334215704138668,"CH1":0.5473337996295085}