{"MV1":0.0625375015620454,"MV3":0.22877501109058251,"CH1":0.6461127704857695}