{"MV1":0.5847051031252501,"MV3":0.30694186081738584,"CH1":0.6300433867279566}