{"MV1":0.7345846020794061,"MV3":0.9540702422682957,"CH1":0.9863832558831803}