{"MV1":0.2069330358344479,"MV3":0.1889102326680645,"CH1":0.6153391978534545}