{"MV1":0.23938587512222853,"MV3":0.37242395566492537,"CH1":0.3235570438795906}