{"MV1":0.3660404266865266,"MV3":0.5739133032423323,"CH1":0.3259047707386429}