{"MV1":0.7479616275604464,"MV3":0.604407116226671,"CH1":0.6335029760201427}