{"MV1":0.4136602727119273,"MV3":0.9719669307839779,"CH1":0.7706228602851571}