{"MV1":0.4242943270693289,"MV3":0.8396751564846984,"CH1":0.7998143899255964}