{"MV1":0.1606544675478836,"MV3":0.21079315158898393,"CH1":0.9828782550310193}