{"MV1":0.5947912058912904,"MV3":0.4437259777446848,"CH1":0.86408729832773}