{"MV1":0.1877684724742782,"MV3":0.3780677942271361,"CH1":0.18947417455127413}