{"MV1":0.6631420808442029,"MV3":0.10566637676984558,"CH1":0.6896336910497481}