{"MV1":0.8022162654372442,"MV3":0.8952600495662804,"CH1":0.20411365941285453}