{"MV1":0.9849427298867872,"MV3":0.14814924206086078,"CH1":0.1640189623566073}