{"MV1":0.43861231968157,"MV3":0.5209300124055963,"CH1":0.1641439642881266}