{"MV1":0.12145745126209484,"MV3":0.647045517264459,"CH1":0.8347854178172496}