{"MV1":0.8379062608524536,"MV3":0.22611209004991284,"CH1":0.18121282399878302}