{"MV1":0.7356017528420031,"MV3":0.6293311902222831,"CH1":0.9280028909288274}