{"MV1":0.9511133306278753,"MV3":0.07334359501831889,"CH1":0.6373362042115892}