{"MV1":0.5880656885026238,"MV3":0.1774094681128252,"CH1":0.2931088399298669}