{"MV1":0.6096339193583498,"MV3":0.6711769625510251,"CH1":0.735729938134474}