{"MV1":0.30183056924806717,"MV3":0.11244206625269404,"CH1":0.56597982488261}