{"MV1":0.456491296476903,"MV3":0.46935194463294294,"CH1":0.3665291585156448}