{"MV1":0.4351352066376596,"MV3":0.025293180153778683,"CH1":0.10513957511211391}