{"MV1":0.25192172344532293,"MV3":0.45667449380872294,"CH1":0.34381981519055904}