{"MV1":0.08630020870546007,"MV3":0.6347063851888168,"CH1":0.05099392730758556}