{"MV1":0.09476990349167502,"MV3":0.6563985961634632,"CH1":0.509954775795418}