{"MV1":0.02074275718042773,"MV3":0.3094254934468348,"CH1":0.4936143676387619}