{"MV1":0.40687225316221476,"MV3":0.618612122697521,"CH1":0.735061664239808}