{"MV1":0.21747618108787337,"MV3":0.37021236050633,"CH1":0.1983572566536539}