{"MV1":0.7390725453115194,"MV3":0.35983777894400637,"CH1":0.7873703605153587}