{"MV1":0.14250389473228686,"MV3":0.1570490851241929,"CH1":0.0876431447463828}