{"MV1":0.6374824683536604,"MV3":0.05127301793452366,"CH1":0.2441124320850966}