{"MV1":0.5110793144424091,"MV3":0.7059972613359397,"CH1":0.031077788854185773}