{"MV1":0.02231600063056871,"MV3":0.9054080461913361,"CH1":0.09568713154932207}