{"MV1":0.45747737811917233,"MV3":0.7414612507279018,"CH1":0.393303939057309}