{"MV1":0.09228790298839906,"MV3":0.3103015021151989,"CH1":0.6337996726369841}