{"MV1":0.760904893082804,"MV3":0.049246397038185785,"CH1":0.7911262162800387}