{"MV1":0.38680907114986596,"MV3":0.28777957114941,"CH1":0.9271447299826442}