{"MV1":0.04500410307551195,"MV3":0.9956532793246669,"CH1":0.44814106959099154}