{"MV1":0.8111993135717255,"MV3":0.8847100899011427,"CH1":0.6389176348481305}