{"MV1":0.11101366355545561,"MV3":0.24818402245868332,"CH1":0.7053866409880931}