{"MV1":0.5718908406758639,"MV3":0.263958365387468,"CH1":0.34454391843625565}