{"MV1":0.11261067810523562,"MV3":0.10787786714464498,"CH1":0.4515388997851303}