{"MV1":0.2429004413762389,"MV3":0.5382964791386585,"CH1":0.27229115781559965}