{"MV1":0.10591224466430538,"MV3":0.4173630672759505,"CH1":0.41708326375602534}