{"MV1":0.6172040814172721,"MV3":0.1411782781174259,"CH1":0.24475521886882667}