{"MV1":0.8132521374025058,"MV3":0.7277304837313046,"CH1":0.6900199649015901}