{"MV1":0.8516050764370383,"MV3":0.10857630757526304,"CH1":0.11522636558907451}