{"MV1":0.7408730907678227,"MV3":0.8227685798742816,"CH1":0.4710752955013422}