{"MV1":0.31789238353908067,"MV3":0.6378138537882583,"CH1":0.40704999109038464}