{"MV1":0.20164182099739913,"MV3":0.10987977045371644,"CH1":0.733554135671692}