{"MV1":0.06203123542468292,"MV3":0.5432358191691702,"CH1":0.8742613197511343}