{"MV1":0.9006706620886111,"MV3":0.4178357408141341,"CH1":0.16222228249574822}