{"MV1":0.6944487076554454,"MV3":0.9894719026608584,"CH1":0.11484560574964597}