{"MV1":0.02364923862959112,"MV3":0.04514320095412494,"CH1":0.30511077445744395}