{"MV1":0.7270663737534059,"MV3":0.8833710466440354,"CH1":0.5217259303737355}