{"MV1":0.8387186544973341,"MV3":0.5971940893880033,"CH1":0.5428603369044228}