{"MV1":0.029735905006290198,"MV3":0.06803208881803169,"CH1":0.2303589055487828}