{"MV1":0.5298293995323706,"MV3":0.22451178808135475,"CH1":0.8529298988819393}