{"MV1":0.7418923843374232,"MV3":0.1911812585553584,"CH1":0.1820717497992843}