{"MV1":0.1975809275381354,"MV3":0.3964246518008694,"CH1":0.8916155513277952}