{"MV1":0.6219563177423727,"MV3":0.23694434258453634,"CH1":0.779326620531329}