{"MV1":0.8156469453325007,"MV3":0.40656907511675366,"CH1":0.713314255102287}