{"MV1":0.18173589876520313,"MV3":0.40362827667920187,"CH1":0.04168092180956906}