{"MV1":0.8148175964250486,"MV3":0.9031814707223108,"CH1":0.4945148822319908}