{"MV1":0.9630465140184085,"MV3":0.5675153406422287,"CH1":0.13246078379130077}