{"MV1":0.2572328070464849,"MV3":0.4048733941199456,"CH1":0.23956321218253296}