{"MV1":0.8448300349618427,"MV3":0.5460496340481958,"CH1":0.19224646136542756}