{"MV1":0.5882274422356546,"MV3":0.921990809642244,"CH1":0.04949070036752645}