{"MV1":0.09863460380930722,"MV3":0.7777885179283126,"CH1":0.5833844947268628}