{"MV1":0.8374435952022838,"MV3":0.5213848842632509,"CH1":0.3409522649577248}