{"MV1":0.2030483199838623,"MV3":0.5112700620181598,"CH1":0.30800095156598095}