{"MV1":0.7862655654901931,"MV3":0.8801439763807313,"CH1":0.03473543494739728}