{"MV1":0.30189788241011783,"MV3":0.44876134128460665,"CH1":0.19074908951375236}