{"MV1":0.8082214832389506,"MV3":0.054496305131966793,"CH1":0.4440103062136931}