{"MV1":0.37317418267885516,"MV3":0.8286310610151509,"CH1":0.5608078778419537}