{"MV1":0.00013673584379791937,"MV3":0.6318322794994131,"CH1":0.431324169571218}