{"MV1":0.817935825376194,"MV3":0.6759832380232935,"CH1":0.8665084843876192}