{"MV1":0.2705955200405955,"MV3":0.37803059911230985,"CH1":0.21307701769103016}