{"MV1":0.7488419035087249,"MV3":0.2019099353734275,"CH1":0.28937051788877177}