{"MV1":0.033558715070972966,"MV3":0.2856834990182753,"CH1":0.22725202760083096}