{"MV1":0.274873204685679,"MV3":0.9789664686278131,"CH1":0.4876955145909022}