{"MV1":0.22346585672020935,"MV3":0.48096001249873277,"CH1":0.9297836682067031}