{"MV1":0.8844600349351948,"MV3":0.27277718096532433,"CH1":0.04107575785224793}