{"MV1":0.8418588804118728,"MV3":0.6001376563834063,"CH1":0.6143288412338651}