{"MV1":0.5284080044742174,"MV3":0.9105565943424008,"CH1":0.45854251290893167}