{"MV1":0.005826480582602378,"MV3":0.03376525282294707,"CH1":0.7778063771869146}