{"MV1":0.6386422735189469,"MV3":0.3060169667097621,"CH1":0.030715779032589152}