{"MV1":0.9409472834035876,"MV3":0.5321946004287279,"CH1":0.3413402123560705}