{"MV1":0.6743317196630622,"MV3":0.8173395963504628,"CH1":0.7609792459826005}