{"MV1":0.23599465059647184,"MV3":0.7943844168635146,"CH1":0.35844505184220177}