{"MV1":0.5032892548880882,"MV3":0.6308155453611533,"CH1":0.07164306630548412}