{"MV1":0.8880154260045412,"MV3":0.1576822640562452,"CH1":0.9242338545644182}