{"MV1":0.8897534675212061,"MV3":0.1467888306626287,"CH1":0.8088495453076502}