{"MV1":0.8319844812949142,"MV3":0.4649515989600468,"CH1":0.46314244062319254}