{"MV1":0.7518930453935868,"MV3":0.04313575116951884,"CH1":0.11186100678167565}