{"MV1":0.17162399240172332,"MV3":0.6085693987875489,"CH1":0.06487822477658456}