{"MV1":0.6805492245153326,"MV3":0.17421170398454566,"CH1":0.9580191929030096}