{"MV1":0.012531882408617245,"MV3":0.4051970458288482,"CH1":0.5531339709662663}