{"MV1":0.36114852260753005,"MV3":0.49804429474167033,"CH1":0.3436874738172917}