{"MV1":0.308418400571254,"MV3":0.6802882517106581,"CH1":0.01661054216601976}