{"MV1":0.6873610481276031,"MV3":0.3883510308749305,"CH1":0.4066870767243501}