{"MV1":0.5466081474015058,"MV3":0.651021752927605,"CH1":0.45299353186474667}