{"MV1":0.6938074641902211,"MV3":0.47250429486492596,"CH1":0.9689095305938711}