{"MV1":0.744602206565105,"MV3":0.5704797855642936,"CH1":0.9345133602707365}