{"MV1":0.9363703156370277,"MV3":0.8579257586428523,"CH1":0.3495335909396613}