{"MV1":0.08376104614872659,"MV3":0.11675289257712995,"CH1":0.42518388533077767}