{"MV1":0.38591800273339916,"MV3":0.5550747863928783,"CH1":0.9480489675216249}