{"MV1":0.40350036849183835,"MV3":0.9062030305361388,"CH1":0.934322920627429}