{"MV1":0.44763587531076077,"MV3":0.8187306757209226,"CH1":0.09195816908131493}