{"MV1":0.06019079824053797,"MV3":0.70237040887397,"CH1":0.6110543070642266}