{"MV1":0.0041052342778625794,"MV3":0.8346774969958208,"CH1":0.5790270643111451}