{"MV1":0.853579656922517,"MV3":0.6839028035165714,"CH1":0.3755458539964195}