{"MV1":0.9926887730928854,"MV3":0.5294331283772818,"CH1":0.42322617201904156}