{"MV1":0.5659193977738416,"MV3":0.12505088915041818,"CH1":0.16918493270717438}