{"MV1":0.6240123191515002,"MV3":0.2657455916195893,"CH1":0.9234827280246934}