{"MV1":0.35318944309457045,"MV3":0.8790415295807308,"CH1":0.9508186982092858}