{"MV1":0.32942916883247975,"MV3":0.39429125555027844,"CH1":0.5026161229790033}