{"MV1":0.2104491906147381,"MV3":0.9480470448369219,"CH1":0.3444610099809693}