{"MV1":0.0946969911550547,"MV3":0.6274258423468214,"CH1":0.7073875330228293}