{"MV1":0.9405911154651596,"MV3":0.816158384001604,"CH1":0.9744475328766328}