{"MV1":0.0020706094583982093,"MV3":0.5368376603012904,"CH1":0.3661730332001709}