{"MV1":0.725497673800679,"MV3":0.5550500681305525,"CH1":0.5205100910578254}