{"MV1":0.5419732039185291,"MV3":0.7251743911354763,"CH1":0.05975615412398383}