{"MV1":0.045171999688010556,"MV3":0.9426942480282128,"CH1":0.8478437857580657}