{"MV1":0.6895100949387278,"MV3":0.31878452618305986,"CH1":0.797378604411181}