{"MV1":0.27181004115961205,"MV3":0.09566921171778808,"CH1":0.2869570625553426}