{"MV1":0.5988957280130821,"MV3":0.40511002923533423,"CH1":0.7191567491227463}