{"MV1":0.4410072232611144,"MV3":0.2749332266656561,"CH1":0.14445101263652826}