{"MV1":0.4945148217426544,"MV3":0.5233112467544958,"CH1":0.6209849802647088}