{"MV1":0.33679253744752446,"MV3":0.9387770965123797,"CH1":0.602846333249327}