{"MV1":0.5514119549734657,"MV3":0.03756097644968304,"CH1":0.2705025899996619}