{"MV1":0.6816426852525085,"MV3":0.7082109237286569,"CH1":0.21876332752628802}