{"MV1":0.3870644507715253,"MV3":0.7086595662330953,"CH1":0.45417744869675936}