{"MV1":0.3794130414111687,"MV3":0.06534132546402194,"CH1":0.2768220807141255}