{"MV1":0.5884395490004701,"MV3":0.9677225077161529,"CH1":0.8785074034497043}