{"MV1":0.46677563540790534,"MV3":0.010387029177936546,"CH1":0.9084570503940694}