{"MV1":0.6585730673696326,"MV3":0.31744759139326406,"CH1":0.18647459957808987}