{"MV1":0.015111105880362463,"MV3":0.5630720743286052,"CH1":0.9273075793385913}