{"MV1":0.6838527623473782,"MV3":0.4645829556841319,"CH1":0.8507012591348502}