{"MV1":0.48388943324589606,"MV3":0.5697443958666087,"CH1":0.48634032483829026}