{"MV1":0.852914318375486,"MV3":0.30218375758055793,"CH1":0.7496025047035348}