{"MV1":0.3746465956452568,"MV3":0.9768799098822011,"CH1":0.32547754013170804}