{"MV1":0.16053866896567315,"MV3":0.16494122240789322,"CH1":0.6168577206484807}