{"MV1":0.6387872016752959,"MV3":0.614054810819915,"CH1":0.7588371809068222}