{"MV1":0.7598953076818502,"MV3":0.5778521358117203,"CH1":0.9863122289080493}