{"MV1":0.4475193635418053,"MV3":0.9887019513716788,"CH1":0.9260834441528046}