{"MV1":0.9028369000138264,"MV3":0.5722214898912684,"CH1":0.8660390686694035}