{"MV1":0.32857404647389576,"MV3":0.9562132214389216,"CH1":0.8125886205149339}