{"MV1":0.6450059613975442,"MV3":0.7576574416192798,"CH1":0.9601312903211076}