{"MV1":0.42719130964289287,"MV3":0.18132443863095582,"CH1":0.9838512748335934}