{"MV1":0.2708425561836352,"MV3":0.33251588439511026,"CH1":0.319002673432486}