{"MV1":0.08034569386081336,"MV3":0.13639992310797966,"CH1":0.739242558850558}