{"MV1":0.022043628681272853,"MV3":0.2277664718310184,"CH1":0.8789092827984855}