{"MV1":0.5764015509858518,"MV3":0.2716639796086985,"CH1":0.3282581121043431}