{"MV1":0.8353996874592418,"MV3":0.4355025784303751,"CH1":0.6417695423942625}