{"MV1":0.42618999842558025,"MV3":0.39245851562165734,"CH1":0.9590164236067117}