{"MV1":0.5548772446213286,"MV3":0.33830606382791517,"CH1":0.8665286120579059}