{"MV1":0.5666295309886604,"MV3":0.29799361715611195,"CH1":0.5363182281734106}