{"MV1":0.16677449499426544,"MV3":0.659963268787903,"CH1":0.5477076423855195}