{"MV1":0.9901483079325476,"MV3":0.26211903401798664,"CH1":0.5067574741717789}