{"MV1":0.6512168824088802,"MV3":0.4549559023392741,"CH1":0.042867650153435743}