{"MV1":0.19047014441197796,"MV3":0.9224485660737406,"CH1":0.7591945026504539}