{"MV1":0.3496979762571818,"MV3":0.6527649385218464,"CH1":0.5273861850932897}