{"MV1":0.3850527782843748,"MV3":0.6433098613390003,"CH1":0.47400894667822935}