{"MV1":0.061437914136246,"MV3":0.9686813766074034,"CH1":0.8364024880955773}