{"MV1":0.5348686901354066,"MV3":0.9114562191243576,"CH1":0.8155347395475465}