{"MV1":0.9328971697899513,"MV3":0.12862070191989428,"CH1":0.4471991541282302}