{"MV1":0.6798740664739688,"MV3":0.6459547548659833,"CH1":0.6948826697434942}