{"MV1":0.4746475419067523,"MV3":0.5373016609571892,"CH1":0.3738085950296941}