{"MV1":0.13870939209798938,"MV3":0.10769950040003462,"CH1":0.05357600325943357}