{"MV1":0.6790293490000097,"MV3":0.5820183948341355,"CH1":0.40121749591919154}