{"MV1":0.10378675042014762,"MV3":0.27559035580501556,"CH1":0.9195651672470405}