{"MV1":0.11866831011007217,"MV3":0.25711551517263687,"CH1":0.7934481621525163}