{"MV1":0.48137590310438616,"MV3":0.9719854108088178,"CH1":0.1543797214876642}