{"MV1":0.8964713399431365,"MV3":0.7393127353212762,"CH1":0.7225282939378211}