{"MV1":0.2992213798480037,"MV3":0.8377301225676979,"CH1":0.002725329258192466}