{"MV1":0.9707609205661322,"MV3":0.3334149136891713,"CH1":0.6308150264365324}