{"MV1":0.04811950023328959,"MV3":0.21000248860495296,"CH1":0.6871108514521223}