{"MV1":0.3415358921377084,"MV3":0.3903198890131746,"CH1":0.03562479750515368}