{"MV1":0.8297157973590203,"MV3":0.13280522345836965,"CH1":0.6726405768206956}