{"MV1":0.9120161373148186,"MV3":0.7565307850498324,"CH1":0.15422132151055445}