{"MV1":0.889433302428109,"MV3":0.5368561895773445,"CH1":0.7674504248787096}