{"MV1":0.9780542206174392,"MV3":0.8004553668890748,"CH1":0.4270407672498536}