{"MV1":0.9829826474762486,"MV3":0.8655719499158386,"CH1":0.4875009445109807}