{"MV1":0.5418617976610297,"MV3":0.7483366529891723,"CH1":0.9369944003409706}