{"MV1":0.43260913659839517,"MV3":0.7069162592318892,"CH1":0.5868549957136435}