{"MV1":0.7195328239417621,"MV3":0.5674219647798315,"CH1":0.4683110094047428}