{"MV1":0.6575034725067099,"MV3":0.8504286617861608,"CH1":0.317485519575332}