{"MV1":0.39607922057806566,"MV3":0.02810625074160722,"CH1":0.38201478017114443}