{"MV1":0.8846981422175825,"MV3":0.5693352094221581,"CH1":0.9080473133185223}