{"MV1":0.9741747900069849,"MV3":0.2517097153031894,"CH1":0.12213047966897206}