{"MV1":0.7372445287499485,"MV3":0.47042549730506644,"CH1":0.43059239244077685}