{"MV1":0.5365554633063182,"MV3":0.9261790188172021,"CH1":0.6794091956226042}