{"MV1":0.1980378874538462,"MV3":0.9356899927932703,"CH1":0.460790305091654}