{"MV1":0.5651853644600567,"MV3":0.20360971103545844,"CH1":0.21252775646860333}