{"MV1":0.15914687040481268,"MV3":0.08571732186556269,"CH1":0.8094470621166059}