{"MV1":0.8396674270708914,"MV3":0.05414673979692419,"CH1":0.48032701603926586}