{"MV1":0.37468779988173884,"MV3":0.4601603657431086,"CH1":0.8539278850924898}