{"MV1":0.2748989135509585,"MV3":0.6703841611855885,"CH1":0.615651621068323}