{"MV1":0.5694654371471886,"MV3":0.7078398139038363,"CH1":0.5517891110869512}