{"MV1":0.9941847366027305,"MV3":0.3034734727876296,"CH1":0.7681731382511082}