{"MV1":0.42790212615320755,"MV3":0.6579136824500719,"CH1":0.09147167864581651}