{"MV1":0.26132965989697543,"MV3":0.39629766555513224,"CH1":0.17495920479969718}