{"MV1":0.2079544897964991,"MV3":0.10083082776761176,"CH1":0.5493259177022686}