{"MV1":0.11094563406730318,"MV3":0.8664480763910624,"CH1":0.5850813641932142}