{"MV1":0.41981434628779446,"MV3":0.5955651264923866,"CH1":0.30838925081385704}