{"MV1":0.24319503094553097,"MV3":0.08914288722856856,"CH1":0.8293652277766668}