{"MV1":0.715385996830449,"MV3":0.06491679255416316,"CH1":0.2177976423015051}