{"MV1":0.9327249012521291,"MV3":0.20868957953124367,"CH1":0.017808028913609775}