{"MV1":0.25885313757062334,"MV3":0.09620112899253686,"CH1":0.5867133539480422}