{"MV1":0.9006655626140444,"MV3":0.639976522197974,"CH1":0.5184688791407064}