{"MV1":0.716622179730595,"MV3":0.4243818516865444,"CH1":0.5749595016509383}