{"MV1":0.727140916955881,"MV3":0.2210178871505074,"CH1":0.33959997308751644}