{"MV1":0.7783117940718236,"MV3":0.3126640166546416,"CH1":0.11665430381199104}