{"MV1":0.6141653916389894,"MV3":0.5341301372732477,"CH1":0.2692465070437998}