{"MV1":0.11878124159450099,"MV3":0.9088983459765647,"CH1":0.7129970592756816}