{"MV1":0.9882757778635083,"MV3":0.524101853855368,"CH1":0.537142663949124}