{"MV1":0.10581421732081686,"MV3":0.11342009254828134,"CH1":0.7064023634474521}