{"MV1":0.3245912978490113,"MV3":0.4377503028434202,"CH1":0.252341651409584}