{"MV1":0.07992248004894664,"MV3":0.9890709690892296,"CH1":0.4486240931242539}