{"MV1":0.054815766272651834,"MV3":0.8921193555282051,"CH1":0.5104460037252682}