{"MV1":0.7614193507468994,"MV3":0.4395066745035504,"CH1":0.45374360947086756}