{"MV1":0.8836981500567673,"MV3":0.8826678195402893,"CH1":0.12980741736262358}