{"MV1":0.5462010813980669,"MV3":0.18973127800459433,"CH1":0.1643576121737358}