{"MV1":0.2905939553204697,"MV3":0.28466296819873893,"CH1":0.1575101467857386}