{"MV1":0.523562493039606,"MV3":0.17303416230779434,"CH1":0.3784475513061787}