{"MV1":0.028806689241411942,"MV3":0.3674819257610562,"CH1":0.9452047050802553}