{"MV1":0.6460703694212635,"MV3":0.025769725909971952,"CH1":0.11489481616326958}