{"MV1":0.26219467356582626,"MV3":0.09004924348546683,"CH1":0.6712621191123679}