{"MV1":0.2785796988488619,"MV3":0.9590544115886761,"CH1":0.09006904723512787}