{"MV1":0.37595447458475184,"MV3":0.6836001657824151,"CH1":0.16706525470790756}