{"MV1":0.2154787743795964,"MV3":0.04660957077326244,"CH1":0.11044583967521537}