{"MV1":0.47749859480924495,"MV3":0.3563068174324846,"CH1":0.2233989333294073}