{"MV1":0.6898918338072403,"MV3":0.7726180116217062,"CH1":0.36167643584352394}