{"MV1":0.12259749459324032,"MV3":0.21430667892990585,"CH1":0.38321759566730584}