{"MV1":0.4927007816554949,"MV3":0.5995014281089857,"CH1":0.2458687190675125}