{"MV1":0.7019655248490799,"MV3":0.3253520784966707,"CH1":0.11732612798989073}