{"MV1":0.4363934339269442,"MV3":0.4146122923317156,"CH1":0.19949981099492664}