{"MV1":0.8086569570883249,"MV3":0.3101945626434861,"CH1":0.5944992974254348}