{"MV1":0.09596904692067032,"MV3":0.25345097851733134,"CH1":0.34698201010216323}