{"MV1":0.8690138176720523,"MV3":0.18139190637043567,"CH1":0.9884286444264768}