{"MV1":0.4155025122805288,"MV3":0.36718729010042406,"CH1":0.8828272965428653}