{"MV1":0.27091078920549416,"MV3":0.6089570544536026,"CH1":0.004063869649640561}