{"MV1":0.8076882561893517,"MV3":0.4229238415197033,"CH1":0.08700170220891956}