{"MV1":0.7477591061131282,"MV3":0.8859548161260002,"CH1":0.045623585283968704}