{"MV1":0.7070519776750784,"MV3":0.8265961283485039,"CH1":0.6612702056716739}