{"MV1":0.6012351259446924,"MV3":0.29358343442030266,"CH1":0.012610795472570935}