{"MV1":0.2833772573819955,"MV3":0.7259837596191363,"CH1":0.6266527063088402}