{"MV1":0.16986668796811266,"MV3":0.3935839795229974,"CH1":0.30251538938177114}