{"MV1":0.14577443020310943,"MV3":0.6156072770236711,"CH1":0.7500479625817519}