{"MV1":0.21878498127135093,"MV3":0.9528047572488536,"CH1":0.37326299293269105}