{"MV1":0.9079670837433205,"MV3":0.04669399816896469,"CH1":0.8666180730830447}