{"MV1":0.09786612771663561,"MV3":0.9157828504579325,"CH1":0.2144417779034823}