{"MV1":0.3238291248009294,"MV3":0.9866990206513738,"CH1":0.9831963875232874}