{"MV1":0.82391138518312,"MV3":0.5695461672798511,"CH1":0.2155122541869985}