{"MV1":0.13779173085834573,"MV3":0.5957025250235778,"CH1":0.03237322907477458}