{"MV1":0.39272067898581153,"MV3":0.37237513134956357,"CH1":0.8335349650062237}