{"MV1":0.4361492973598238,"MV3":0.046394379338370983,"CH1":0.45598930505838275}