{"MV1":0.9252065760692122,"MV3":0.861820300684822,"CH1":0.07830883000706268}