{"MV1":0.4620024616561337,"MV3":0.24525467918374122,"CH1":0.8694194083873011}