{"MV1":0.12797849455451005,"MV3":0.26887490322815866,"CH1":0.855496396463499}