{"MV1":0.5710159101329843,"MV3":0.48791098589604776,"CH1":0.4644938553186625}