{"MV1":0.5606631897328496,"MV3":0.3276843836482294,"CH1":0.4904104869963144}