{"MV1":0.18534378862257672,"MV3":0.5997160388888195,"CH1":0.07424183350630154}