{"MV1":0.1105588551022001,"MV3":0.5758536553160866,"CH1":0.6233205843872024}