{"MV1":0.33284230929729575,"MV3":0.24398293769521817,"CH1":0.6131983847933004}