{"MV1":0.6165360073277334,"MV3":0.37689113513553485,"CH1":0.6246266757249251}