{"MV1":0.06113448677545075,"MV3":0.3163102775087233,"CH1":0.2767467195004154}