{"MV1":0.22849798474459893,"MV3":0.005860053499864071,"CH1":0.5852029469124131}