{"MV1":0.8952656310843214,"MV3":0.9301754719737277,"CH1":0.26852480008901336}