{"MV1":0.16926953998030925,"MV3":0.22497738295377867,"CH1":0.3092853622283772}