{"MV1":0.06544340257095238,"MV3":0.42433308903356615,"CH1":0.03612531125942098}