{"MV1":0.577492729206389,"MV3":0.5079380199641579,"CH1":0.49284307206734645}