{"MV1":0.05471398596943333,"MV3":0.9538687359297524,"CH1":0.36367664867136384}