{"MV1":0.7459039875727862,"MV3":0.24929943359176965,"CH1":0.6694892953128754}