{"MV1":0.8126948210078816,"MV3":0.5951615777379393,"CH1":0.8779408696756316}