{"MV1":0.6007889244254128,"MV3":0.5754632093754964,"CH1":0.4893623109846976}