{"MV1":0.7810615405499066,"MV3":0.5565967291889901,"CH1":0.9416439015285509}