{"MV1":0.6339796597376585,"MV3":0.7062733815626132,"CH1":0.6547330535226861}