{"MV1":0.057237464865737775,"MV3":0.9608631276661598,"CH1":0.6726231185655472}