{"MV1":0.42061070149148394,"MV3":0.40905752755043134,"CH1":0.4789552160307553}