{"MV1":0.5828059146560725,"MV3":0.04093626476035861,"CH1":0.683586489072552}