{"MV1":0.001961513628631062,"MV3":0.627747666699117,"CH1":0.08376351299385942}