{"MV1":0.34772538572892786,"MV3":0.2959794345637292,"CH1":0.9922076450164038}