{"MV1":0.5563560331472391,"MV3":0.332267304388132,"CH1":0.7184214230267956}