{"MV1":0.8315512560137696,"MV3":0.7060481760389548,"CH1":0.052166552228181895}