{"MV1":0.617924610074201,"MV3":0.5856882624792886,"CH1":0.08525733660892332}