{"MV1":0.7006780155284005,"MV3":0.9754784283985062,"CH1":0.7479815377963548}