{"MV1":0.289953009434626,"MV3":0.08499927078054215,"CH1":0.4688086966263615}