{"MV1":0.1751460673187768,"MV3":0.21916135152572636,"CH1":0.9774485416480948}