{"MV1":0.48036104735588425,"MV3":0.7479640592762254,"CH1":0.45582848897863415}