{"MV1":0.9009047937180148,"MV3":0.15464665104089115,"CH1":0.9864673440919179}