{"MV1":0.6195283437474824,"MV3":0.19832980026510916,"CH1":0.9965769377232185}