{"MV1":0.9306425485491268,"MV3":0.7172708689617748,"CH1":0.47314614834805513}