{"MV1":0.7955658548447357,"MV3":0.9345572634385175,"CH1":0.8510515096961847}