{"MV1":0.7644847513459287,"MV3":0.38911898489561036,"CH1":0.0870401186750458}