{"MV1":0.8700937163827781,"MV3":0.20728725257855563,"CH1":0.04345065702619544}