{"MV1":0.3830972808086005,"MV3":0.5994327087127387,"CH1":0.9244025102132782}