{"MV1":0.13788493948489677,"MV3":0.23171515756961258,"CH1":0.09964287131131688}