{"MV1":0.028311421342200882,"MV3":0.058463229427477836,"CH1":0.4947202674438056}