{"MV1":0.0975955304971795,"MV3":0.49011751865894837,"CH1":0.23138141757965336}