{"MV1":0.5401812491025513,"MV3":0.16723863232336422,"CH1":0.6632003265746989}