{"MV1":0.6673486009148047,"MV3":0.2696755179006264,"CH1":0.9569000359796247}