{"MV1":0.5191684741393043,"MV3":0.47812264795459236,"CH1":0.4522400598528652}