{"MV1":0.1730079941763878,"MV3":0.9644875044611982,"CH1":0.24620684739800458}