{"MV1":0.6978424610700755,"MV3":0.8947139278201446,"CH1":0.8539360394319314}