{"MV1":0.9679589409023864,"MV3":0.6670747674472295,"CH1":0.6552873047193233}