{"MV1":0.6289083520577049,"MV3":0.3758625083131544,"CH1":0.9523984892571009}