{"MV1":0.6264724610822439,"MV3":0.3227411530429528,"CH1":0.5149649826493147}