{"MV1":0.6093851346071979,"MV3":0.5643740525634542,"CH1":0.568611421669958}