{"MV1":0.10603460663713415,"MV3":0.16453789397751684,"CH1":0.5366431142969584}