{"MV1":0.6548699590121879,"MV3":0.8272492540066372,"CH1":0.6554438500868439}