{"MV1":0.18231204292392988,"MV3":0.3295759487424632,"CH1":0.622976454407409}