{"MV1":0.4120242408579342,"MV3":0.2625642712971783,"CH1":0.3591809957912503}