{"MV1":0.8579920281343447,"MV3":0.34581078485791983,"CH1":0.7307072757100584}