{"MV1":0.7772031294036444,"MV3":0.48974765211507465,"CH1":0.23167551846801837}