{"MV1":0.12581671119589677,"MV3":0.9169846579804487,"CH1":0.02543485003550172}