{"MV1":0.6930257675620612,"MV3":0.29799295156377337,"CH1":0.8340132812288529}