{"MV1":0.6012644296893085,"MV3":0.7373323101191762,"CH1":0.15598232711892412}