{"MV1":0.06922672256344553,"MV3":0.7124659818249753,"CH1":0.871762585539377}