{"MV1":0.2894363460356957,"MV3":0.01629538160189148,"CH1":0.5045670164150392}