{"MV1":0.6743976080235642,"MV3":0.8923008914297952,"CH1":0.3606089358128335}