{"MV1":0.4045118352968996,"MV3":0.5556807043482771,"CH1":0.7090770916208643}