{"MV1":0.8645212107442637,"MV3":0.2523494783133391,"CH1":0.567689809193663}