{"MV1":0.14059303679949298,"MV3":0.4308074009675348,"CH1":0.5365067653668272}