{"MV1":0.4838381493571692,"MV3":0.503925728081837,"CH1":0.7755853581713694}