{"MV1":0.04562348729580479,"MV3":0.2587556763312766,"CH1":0.3398009461715036}