{"MV1":0.595712210005002,"MV3":0.7800823078239899,"CH1":0.421317008505259}