{"MV1":0.5279322426011978,"MV3":0.6629860280501818,"CH1":0.704102928508797}