{"MV1":0.6186981208475774,"MV3":0.48361867957734095,"CH1":0.15871699042370735}