{"MV1":0.392735784237078,"MV3":0.08308188796702809,"CH1":0.9888683575421838}