{"MV1":0.13425527481908872,"MV3":0.9688950864387345,"CH1":0.7974405133358704}