{"MV1":0.5750170473018961,"MV3":0.7716760036376609,"CH1":0.03968213271890919}