{"MV1":0.13159064163915635,"MV3":0.4909326612032543,"CH1":0.789159692646102}