{"MV1":0.6747645768570938,"MV3":0.4088962954008032,"CH1":0.16252960734780786}