{"MV1":0.7895815950773841,"MV3":0.9630078982839299,"CH1":0.21103518919128228}