{"MV1":0.14720082857118622,"MV3":0.8047241598090902,"CH1":0.04457551662960779}