{"MV1":0.7579722131138991,"MV3":0.49551217768105416,"CH1":0.5927516629953689}