{"MV1":0.7532668624198458,"MV3":0.7641312934986504,"CH1":0.7805099011024151}