{"MV1":0.7727515033634345,"MV3":0.9724747488564496,"CH1":0.167242386636967}