{"MV1":0.3850860938477958,"MV3":0.9158151425072945,"CH1":0.6515176782203882}