{"MV1":0.5392789085695261,"MV3":0.10055151412915775,"CH1":0.22289011897148714}