{"MV1":0.2638673427760114,"MV3":0.018659201441964646,"CH1":0.8943425897591151}