{"MV1":0.5223948753158749,"MV3":0.25383819659761186,"CH1":0.6380494489832037}