{"MV1":0.7006350635672386,"MV3":0.6871291972405844,"CH1":0.5016975725178866}