{"MV1":0.27791190139403665,"MV3":0.4858613830468357,"CH1":0.48224069260279356}