{"MV1":0.8426390062620962,"MV3":0.9825307295800227,"CH1":0.07548142457350959}