{"MV1":0.9775415682494055,"MV3":0.7208272732227853,"CH1":0.3612928013656377}