{"MV1":0.6306440755723723,"MV3":0.22367153257583172,"CH1":0.6443379863229665}