{"MV1":0.7168006304032598,"MV3":0.22807531836260952,"CH1":0.4196321658099581}