{"MV1":0.7479227301391601,"MV3":0.367292311023362,"CH1":0.5902273728038329}