{"MV1":0.7861945684733768,"MV3":0.5647735587438079,"CH1":0.768801373143876}