{"MV1":0.8667343743007752,"MV3":0.05562814995125531,"CH1":0.016192890535023263}