{"MV1":0.9222527684143478,"MV3":0.3719676049231987,"CH1":0.732254954994264}