{"MV1":0.16146630627815983,"MV3":0.018970524587511584,"CH1":0.31253382874610713}