{"MV1":0.3404309630748721,"MV3":0.7277944528479755,"CH1":0.2097487335568381}