{"MV1":0.1050229560334287,"MV3":0.675389558510701,"CH1":0.1851629466080189}