{"MV1":0.12033589522817867,"MV3":0.05331040216977878,"CH1":0.33669040538935413}