{"MV1":0.8822944846924269,"MV3":0.5071293851507652,"CH1":0.6402066452093824}