{"MV1":0.4372792707989448,"MV3":0.652431421134468,"CH1":0.6291008578707808}