{"MV1":0.9961243365441943,"MV3":0.060875614610761186,"CH1":0.7651825492222157}