{"MV1":0.6722514700700355,"MV3":0.19386032664010378,"CH1":0.21853656444398317}