{"MV1":0.5334045732604232,"MV3":0.6208797120480309,"CH1":0.0703055733274166}