{"MV1":0.6697822590240436,"MV3":0.5236607359328073,"CH1":0.19348535050268556}