{"MV1":0.7178452073685443,"MV3":0.01956743827151297,"CH1":0.16152091115816303}