{"MV1":0.6675091522723203,"MV3":0.06086114858779246,"CH1":0.9264367363113181}