{"MV1":0.7860455385555591,"MV3":0.24331964610873624,"CH1":0.5589630719396137}