{"MV1":0.6536662046278766,"MV3":0.34252416075798753,"CH1":0.2846270909071227}