{"MV1":0.529718248089551,"MV3":0.37049055973242073,"CH1":0.28319848310185236}