{"MV1":0.34136834105332436,"MV3":0.871599812086326,"CH1":0.048426928434534666}