{"MV1":0.9805563487497937,"MV3":0.18147887026768816,"CH1":0.7548243193193495}