{"MV1":0.8673851393647464,"MV3":0.23855918859720693,"CH1":0.04381448376780961}