{"MV1":0.1202339962906972,"MV3":0.8160821566192815,"CH1":0.10208556861874873}