{"MV1":0.4457786791662549,"MV3":0.09729252480729089,"CH1":0.03195931187061951}