{"MV1":0.7154125467203521,"MV3":0.18088412604689041,"CH1":0.9889880572547234}