{"MV1":0.3821858651454211,"MV3":0.8857550524005322,"CH1":0.8127228514834055}