{"MV1":0.9233061566502128,"MV3":0.41167806393799933,"CH1":0.24014797711782132}