{"MV1":0.08213654600402587,"MV3":0.6019882162045006,"CH1":0.9946390837239981}