{"MV1":0.609017335221969,"MV3":0.16264831723317175,"CH1":0.9255422182188389}