{"MV1":0.7706356588038018,"MV3":0.9767941212692679,"CH1":0.22387753333413096}