{"MV1":0.7849849015433847,"MV3":0.7199439125569335,"CH1":0.6551111830596411}