{"MV1":0.026148321312781442,"MV3":0.5559173431910116,"CH1":0.9119095530560741}