{"MV1":0.6262383234143065,"MV3":0.24914760174056327,"CH1":0.8135161352702835}