{"MV1":0.18316269803865037,"MV3":0.9619633339939114,"CH1":0.854264129121347}