{"MV1":0.8245665931603983,"MV3":0.7608366917754911,"CH1":0.34118302261604083}