{"MV1":0.795132526114172,"MV3":0.02167677725226902,"CH1":0.8545995841834231}