{"MV1":0.009708107842626879,"MV3":0.9010498039022066,"CH1":0.505350340441408}