{"MV1":0.18583379303355174,"MV3":0.8639166966181064,"CH1":0.01640785050033844}