{"MV1":0.06994487905124036,"MV3":0.6937306482661372,"CH1":0.20606946853507402}