{"MV1":0.012223661155595145,"MV3":0.9233443556186144,"CH1":0.4888399328683021}