{"MV1":0.9384508187998968,"MV3":0.019461441749763275,"CH1":0.16062737215255019}