{"MV1":0.33726396052776275,"MV3":0.28314006456149654,"CH1":0.46276764119243907}