{"MV1":0.014865887351610763,"MV3":0.2593521295731709,"CH1":0.12230539208031876}