{"MV1":0.85308391693159,"MV3":0.8424314629860518,"CH1":0.8427800867306036}