{"MV1":0.04798881732730753,"MV3":0.748266814213897,"CH1":0.5187778060185765}