{"MV1":0.6452908014298844,"MV3":0.2790440614356775,"CH1":0.5653444848783391}