{"MV1":0.8057680527602208,"MV3":0.9514538417366364,"CH1":0.3839704217578258}