{"MV1":0.6736269061375612,"MV3":0.9991830047976492,"CH1":0.7666904957851537}