{"MV1":0.004197924964012167,"MV3":0.18299008517641813,"CH1":0.7748752855328164}