{"MV1":0.34568431144316125,"MV3":0.6905916032333518,"CH1":0.42714917172494515}