{"MV1":0.47008312196481405,"MV3":0.3204915641849664,"CH1":0.24213025335861293}