{"MV1":0.757624038583155,"MV3":0.3862516798748582,"CH1":0.04246079191761554}