{"MV1":0.7163370229811166,"MV3":0.5868767407089736,"CH1":0.270716487093962}