{"MV1":0.027055995329696825,"MV3":0.1468889982413244,"CH1":0.6780586695335992}