{"MV1":0.5230566325061097,"MV3":0.7255448165978197,"CH1":0.12066639108202404}