{"MV1":0.6918630383245516,"MV3":0.05100568420469831,"CH1":0.44057471425477146}