{"MV1":0.47912641828510283,"MV3":0.6420492358521892,"CH1":0.18897276991537149}