{"MV1":0.8799771121505103,"MV3":0.734229024047424,"CH1":0.6205923605761311}