{"MV1":0.5510784564938638,"MV3":0.6500440273962704,"CH1":0.41230491341858455}