{"MV1":0.8279773985931626,"MV3":0.170921270276719,"CH1":0.43342881169244707}