{"MV1":0.9424788539738598,"MV3":0.16932793354139464,"CH1":0.6276854457119221}