{"MV1":0.4483578774786997,"MV3":0.7962905291627337,"CH1":0.5287069168077827}