{"MV1":0.6835988905430226,"MV3":0.1258123806534972,"CH1":0.09405745529316223}