{"MV1":0.29794421881388966,"MV3":0.8670245068824028,"CH1":0.9188817454309932}