{"MV1":0.14227920524634063,"MV3":0.186599834993746,"CH1":0.24058759676764785}