{"MV1":0.7347212435154349,"MV3":0.2808313533053278,"CH1":0.3758172255747948}