{"MV1":0.8193203057477921,"MV3":0.5599120598147683,"CH1":0.3121645447114806}