{"MV1":0.0012047690160202906,"MV3":0.8427673044643309,"CH1":0.1147500927865972}