{"MV1":0.557848282361299,"MV3":0.19744064789721694,"CH1":0.009904370313491673}