{"MV1":0.37463581206415464,"MV3":0.760875330450333,"CH1":0.1808342692302377}