{"MV1":0.8340203030186802,"MV3":0.1457039890568339,"CH1":0.16648671762901968}