{"MV1":0.05274303680684178,"MV3":0.4638313158393974,"CH1":0.7169583248036446}