{"MV1":0.2210530272918908,"MV3":0.3439820163974895,"CH1":0.07375958225144452}