{"MV1":0.43644283360079894,"MV3":0.4301891354615036,"CH1":0.9764236499064116}