{"MV1":0.2470504982407925,"MV3":0.9775031368727495,"CH1":0.16226997717824587}