{"MV1":0.6746641337998336,"MV3":0.9970124828613642,"CH1":0.3566762533292346}