{"MV1":0.005638538041770391,"MV3":0.9952153915527606,"CH1":0.8131859632165739}