{"MV1":0.9621938586655641,"MV3":0.9406228907485674,"CH1":0.11960677941202069}