{"MV1":0.037770485191627845,"MV3":0.9387636307953255,"CH1":0.7891926962756591}