{"MV1":0.4298501244897759,"MV3":0.3763176529821457,"CH1":0.9388341477120754}