{"MV1":0.14801344934924465,"MV3":0.18943605569542554,"CH1":0.19004265822547228}