{"MV1":0.7066750211914797,"MV3":0.04504887133710589,"CH1":0.2665074978593258}