{"MV1":0.7993494445228075,"MV3":0.4749646498886029,"CH1":0.3479130601671162}