{"MV1":0.19032123970780512,"MV3":0.26795006809291366,"CH1":0.1615304695316001}