{"MV1":0.18914155516737807,"MV3":0.4765422941990024,"CH1":0.03348143502422485}