{"MV1":0.5387556206900722,"MV3":0.7252875785041403,"CH1":0.6907790677279024}