{"MV1":0.9735766494126037,"MV3":0.9257362701135926,"CH1":0.5769660795918665}