{"MV1":0.07293657782715357,"MV3":0.5256126542639397,"CH1":0.23089293816935907}