{"MV1":0.3726750132682841,"MV3":0.46518652310739084,"CH1":0.13334323735663356}