{"MV1":0.8083216860259028,"MV3":0.7293269112565476,"CH1":0.4344127409207573}