{"MV1":0.8453754844239147,"MV3":0.04648146808023901,"CH1":0.02274292681914636}