{"MV1":0.13915093450504434,"MV3":0.6519362450334949,"CH1":0.9784786127724125}