{"MV1":0.40318708360059397,"MV3":0.5210158562784643,"CH1":0.9281736778469694}