{"MV1":0.6032818589491997,"MV3":0.20187718634713603,"CH1":0.9274310352060771}