{"MV1":0.7419203700111052,"MV3":0.4797521216957501,"CH1":0.19860920716448693}