{"MV1":0.4976495409979117,"MV3":0.1055798338870646,"CH1":0.3548870019064927}