{"MV1":0.5959801685161406,"MV3":0.03765377320960617,"CH1":0.3384361853060829}