{"MV1":0.41354648823151985,"MV3":0.46594875033986716,"CH1":0.7169899786537439}