{"MV1":0.7491348002405505,"MV3":0.8460526831366268,"CH1":0.3595386062510577}