{"MV1":0.08169335434535618,"MV3":0.08743746720255896,"CH1":0.5454685786666879}