{"MV1":0.5174825013107904,"MV3":0.08311294398147973,"CH1":0.1252710529352432}