{"MV1":0.9125912493233294,"MV3":0.7895575364158874,"CH1":0.4634907714705847}