{"MV1":0.27273736481523014,"MV3":0.7741100844684584,"CH1":0.6844234039142085}