{"MV1":0.9359015402147809,"MV3":0.34436536478092417,"CH1":0.22259115446430033}