{"MV1":0.9893825731443071,"MV3":0.4576161518940328,"CH1":0.5069840877039044}