{"MV1":0.8349494874797134,"MV3":0.9623325430533882,"CH1":0.0045087063657057724}