{"MV1":0.8845474708455917,"MV3":0.6719204510705449,"CH1":0.5129423169197779}