{"MV1":0.8149838414461873,"MV3":0.37674435292290565,"CH1":0.39836171034314405}