{"MV1":0.7330570609904052,"MV3":0.9528331575701413,"CH1":0.14656973152080033}