{"MV1":0.9522007416659066,"MV3":0.7200720230835703,"CH1":0.39683604428364405}