{"MV1":0.30009351120602445,"MV3":0.7526617296246411,"CH1":0.523741496750468}