{"MV1":0.18408666471040147,"MV3":0.5966106895056809,"CH1":0.02439832708304246}