{"MV1":0.19103317861362323,"MV3":0.08301408262153864,"CH1":0.12394894194534822}