{"MV1":0.38166756587659445,"MV3":0.16172481943374983,"CH1":0.13122324635207272}