{"MV1":0.8718119826889766,"MV3":0.363968930673344,"CH1":0.9921029451140351}