{"MV1":0.6718168886893985,"MV3":0.9535771719749815,"CH1":0.7684628382575882}