{"MV1":0.0970234481375295,"MV3":0.968044233835871,"CH1":0.9947394639940669}