{"MV1":0.8383191712253074,"MV3":0.14462730199934082,"CH1":0.5463802267458958}