{"MV1":0.30384909932135173,"MV3":0.8462599258230871,"CH1":0.4361856596632241}