{"MV1":0.15742864701039827,"MV3":0.9591558248202988,"CH1":0.7061056491089736}