{"MV1":0.42742148112977274,"MV3":0.3752736809086289,"CH1":0.9507551446434127}