{"MV1":0.7591684901875481,"MV3":0.5072302358151093,"CH1":0.570069691364255}