{"MV1":0.033540979222445366,"MV3":0.9115415765258369,"CH1":0.9821901570235183}