{"MV1":0.382098268982195,"MV3":0.08305059671319648,"CH1":0.045378959238063454}