{"MV1":0.8776523051183446,"MV3":0.777060801250219,"CH1":0.054083558886029115}