{"MV1":0.3035919750462882,"MV3":0.48036894411127784,"CH1":0.5995016472027966}