{"MV1":0.8691990332950618,"MV3":0.5917074775901928,"CH1":0.612032331854826}