{"MV1":0.7151258558145916,"MV3":0.739380672521489,"CH1":0.3221606416471823}