{"MV1":0.42612382354993994,"MV3":0.0860193528927704,"CH1":0.9752227815334041}