{"MV1":0.9778806905269166,"MV3":0.34633501268834,"CH1":0.7878616262216027}