{"MV1":0.2616482442033493,"MV3":0.23801031095331293,"CH1":0.868282280848235}