{"MV1":0.16609312611984628,"MV3":0.5280137433466354,"CH1":0.6272516931594765}