{"MV1":0.41066444310432726,"MV3":0.6483105867767289,"CH1":0.7593059988436774}