{"MV1":0.6229595586721428,"MV3":0.8033338705006604,"CH1":0.9411243437273122}