{"MV1":0.35947666100895714,"MV3":0.3137383823049723,"CH1":0.29454891644408654}