{"MV1":0.25644275918871673,"MV3":0.5108753772781698,"CH1":0.6568699227600142}