{"MV1":0.18869240975852342,"MV3":0.2938867137293333,"CH1":0.5316426596544636}