{"MV1":0.03130684487499236,"MV3":0.522103109774696,"CH1":0.9761570497341365}