{"MV1":0.2225816992519588,"MV3":0.6137719549569748,"CH1":0.9202241929189044}