{"MV1":0.02855032452045958,"MV3":0.5293170055245457,"CH1":0.3032344639103516}