{"MV1":0.6552072324486258,"MV3":0.1885735022213244,"CH1":0.898004341379853}