{"MV1":0.331192293472531,"MV3":0.9736611231042313,"CH1":0.6818535904404163}