{"MV1":0.8616454950824263,"MV3":0.6412838676258374,"CH1":0.15544152067498107}