{"MV1":0.3128280535325695,"MV3":0.0009372179442184159,"CH1":0.4512832690275742}