{"MV1":0.8273902288345281,"MV3":0.22917169698678852,"CH1":0.877763912997058}