{"MV1":0.22114650529944402,"MV3":0.6257127221370326,"CH1":0.6942892927019995}