{"MV1":0.9323860486593237,"MV3":0.5838381305759971,"CH1":0.8166262409595947}