{"MV1":0.5372782305039684,"MV3":0.1118546422377874,"CH1":0.6206892244044571}