{"MV1":0.7709016472605758,"MV3":0.6377513826186988,"CH1":0.0952886442578521}