{"MV1":0.7267221084068979,"MV3":0.7987467900576466,"CH1":0.8768666050551234}