{"MV1":0.14154390421659802,"MV3":0.7415385272124045,"CH1":0.3383632373232053}