{"MV1":0.1603120316614104,"MV3":0.11769421169460237,"CH1":0.6889621187007335}