{"MV1":0.65638580488397,"MV3":0.6661090590083855,"CH1":0.64860496170458}