{"MV1":0.8590647174073123,"MV3":0.26471803468099686,"CH1":0.6597662231995091}