{"MV1":0.922240340122481,"MV3":0.37922994177223457,"CH1":0.1496187653196014}