{"MV1":0.5394803826113332,"MV3":0.03866056043095556,"CH1":0.1648094934116544}