{"MV1":0.8837822409031508,"MV3":0.9803191182379438,"CH1":0.24390388105179794}