{"MV1":0.37843798934581474,"MV3":0.9611847589995949,"CH1":0.747995805058656}