{"MV1":0.5525816584367012,"MV3":0.8094228650265292,"CH1":0.30036684138585423}