{"MV1":0.44992839678932206,"MV3":0.7256874078352978,"CH1":0.7548907652794441}