{"MV1":0.016744456455057066,"MV3":0.276091783070348,"CH1":0.7207737347951859}