{"MV1":0.7437091818836628,"MV3":0.24631289184389438,"CH1":0.3264386267137954}