{"MV1":0.5755589822039565,"MV3":0.14803293655351302,"CH1":0.0880236437933245}