{"MV1":0.8349878911046341,"MV3":0.6916693429679671,"CH1":0.6592997088972437}