{"MV1":0.025066978326428235,"MV3":0.9746506618696192,"CH1":0.2291728282574229}