{"MV1":0.7179180058500737,"MV3":0.21994830425497303,"CH1":0.9061600150419958}