{"MV1":0.504400909296614,"MV3":0.35258841784808803,"CH1":0.8847785860902988}