{"MV1":0.3406367937552611,"MV3":0.6048461576390337,"CH1":0.38248558283189726}