{"MV1":0.3983607691327765,"MV3":0.5227417201749437,"CH1":0.12273371945145595}