{"MV1":0.003242427329205211,"MV3":0.24755449216875103,"CH1":0.9887432021263161}