{"MV1":0.22441396052529528,"MV3":0.7150815663220081,"CH1":0.8051917318716826}