{"MV1":0.7742495814285419,"MV3":0.5543841984753937,"CH1":0.05277667492501503}