{"MV1":0.7701551621807431,"MV3":0.7532157781261206,"CH1":0.12206085651150256}