{"MV1":0.32137546995716093,"MV3":0.926529783668017,"CH1":0.9331542398906961}