{"MV1":0.7469351953549851,"MV3":0.8795269301413164,"CH1":0.6644477611095978}