{"MV1":0.14649441248259654,"MV3":0.717948673592309,"CH1":0.21364385751957848}