{"MV1":0.26752922567451254,"MV3":0.37887093194624166,"CH1":0.7503173661606204}