{"MV1":0.6068337641396792,"MV3":0.5275122401060796,"CH1":0.1746737022869146}