{"MV1":0.21284193393961848,"MV3":0.5521779138586093,"CH1":0.2226143202055867}