{"MV1":0.06914463763434198,"MV3":0.7761009020717442,"CH1":0.9511882019375029}