{"MV1":0.837857047542155,"MV3":0.6523102192271927,"CH1":0.4419619250260831}