{"MV1":0.4564884269755427,"MV3":0.10412432581525866,"CH1":0.5232077863199751}