{"MV1":0.06237525761477347,"MV3":0.1727248423832911,"CH1":0.36194460597633016}