{"MV1":0.29183652910262603,"MV3":0.9694041140965372,"CH1":0.523521812560951}