{"MV1":0.14223780711424128,"MV3":0.3210547981615167,"CH1":0.6991395911140973}