{"MV1":0.5004194625084221,"MV3":0.3962476622391995,"CH1":0.6183957597043762}