{"MV1":0.1418565297475609,"MV3":0.7207666333849185,"CH1":0.9415201967206689}