{"MV1":0.0007409789052794657,"MV3":0.3546011437331099,"CH1":0.6592890707325428}