{"MV1":0.20939282315245,"MV3":0.6665373523238575,"CH1":0.4266118585806389}