{"MV1":0.34491889163865996,"MV3":0.639515036954969,"CH1":0.03861314865425103}