{"MV1":0.6163297660431557,"MV3":0.28588836044678223,"CH1":0.9825419166670728}