{"MV1":0.989657782207818,"MV3":0.524058002190532,"CH1":0.051810050049246104}