{"MV1":0.2729887487534429,"MV3":0.7363879731919326,"CH1":0.14583030261287255}