{"MV1":0.3560510784131744,"MV3":0.6048199379120348,"CH1":0.6000982330896651}