{"MV1":0.3980057758193837,"MV3":0.2193228427464322,"CH1":0.1450238684471139}