{"MV1":0.4709393787925714,"MV3":0.7823693773850054,"CH1":0.7720935901089835}