{"MV1":0.5075383653397592,"MV3":0.7293905069735754,"CH1":0.06861652902446747}