{"MV1":0.6432330252639246,"MV3":0.6340019487719583,"CH1":0.009290530308303624}