{"MV1":0.3651869276669174,"MV3":0.47150406028444003,"CH1":0.36329368172201115}