{"MV1":0.42112223056092246,"MV3":0.7979658982482732,"CH1":0.2843397905236025}