{"MV1":0.6587771398919123,"MV3":0.00794008830357218,"CH1":0.03887550574958709}