{"MV1":0.6237670094398283,"MV3":0.5262980068418064,"CH1":0.4366585958441799}