{"MV1":0.96513301180248,"MV3":0.4472037407177214,"CH1":0.4173869762461927}