{"MV1":0.4553997029130499,"MV3":0.7769591211283288,"CH1":0.2075437625149229}