{"MV1":0.9456179832564218,"MV3":0.6032846343034881,"CH1":0.1941256574185216}