{"MV1":0.14110529661883864,"MV3":0.6664167115033461,"CH1":0.7212575082387134}