{"MV1":0.5152424754418642,"MV3":0.3636596253681993,"CH1":0.0035321071511541513}