{"MV1":0.3445460071111194,"MV3":0.22102481034369736,"CH1":0.9061439413152241}