{"MV1":0.23836309646368403,"MV3":0.19540039660348751,"CH1":0.4166399714085517}