{"MV1":0.6816356143523012,"MV3":0.9382697915234828,"CH1":0.6136654523081043}