{"MV1":0.9443306428503473,"MV3":0.8381343852096461,"CH1":0.49344991164653307}