{"MV1":0.36438395230430076,"MV3":0.6242217701732911,"CH1":0.14523413041417166}