{"MV1":0.2839911693109267,"MV3":0.2629806223739034,"CH1":0.32182103181733324}