{"MV1":0.020253206425114634,"MV3":0.43568490713815,"CH1":0.10049127218958409}