{"MV1":0.9375894279087167,"MV3":0.5792119531242743,"CH1":0.2921669823409596}