{"MV1":0.5147552743964858,"MV3":0.6705487280798578,"CH1":0.8964176817287027}