{"MV1":0.5032177398923572,"MV3":0.6410707482545197,"CH1":0.42881641428756667}