{"MV1":0.05733610954292734,"MV3":0.35016235016950004,"CH1":0.4791842604024089}