{"MV1":0.5520250297335988,"MV3":0.08871105996636475,"CH1":0.9432779845578058}