{"MV1":0.08641132695203768,"MV3":0.9926528437456938,"CH1":0.4852124726435766}