{"MV1":0.3889970392256893,"MV3":0.7583896594572825,"CH1":0.6586154956692913}