{"MV1":0.7215443550943748,"MV3":0.6554265716685373,"CH1":0.09359681319580093}