{"MV1":0.7696931307605477,"MV3":0.4361053082730496,"CH1":0.6816097927776935}