{"MV1":0.37791612695754717,"MV3":0.22040013732229247,"CH1":0.9080678785942177}