{"MV1":0.6416609094158154,"MV3":0.6246715717482505,"CH1":0.4812492841625081}