{"MV1":0.6117644100940085,"MV3":0.01012714947102844,"CH1":0.38029346609512893}