{"MV1":0.8060344840784831,"MV3":0.4720539747301684,"CH1":0.03776785467702082}