{"MV1":0.7299169566698075,"MV3":0.03825431878651342,"CH1":0.09073836769724386}