{"MV1":0.9698577719611764,"MV3":0.22026470991071934,"CH1":0.37517708259077565}