{"MV1":0.6045665812940068,"MV3":0.5224042654999737,"CH1":0.017499331632600423}