{"MV1":0.9154508953480326,"MV3":0.40617656936926805,"CH1":0.9043909847716911}