{"MV1":0.8081655212464066,"MV3":0.3418958813651144,"CH1":0.2168066626814228}