{"MV1":0.5394868480049689,"MV3":0.23005844265626552,"CH1":0.2557134241455675}