{"MV1":0.4645126031723943,"MV3":0.7417963223022781,"CH1":0.27453019522463584}