{"MV1":0.11085299335185095,"MV3":0.9995813983230938,"CH1":0.6598284739950904}