{"MV1":0.408589726834395,"MV3":0.9576117953821889,"CH1":0.4072186045532912}