{"MV1":0.7530059407766664,"MV3":0.40130705220582397,"CH1":0.6759242629519419}