{"MV1":0.23443045258453632,"MV3":0.6151652133496686,"CH1":0.16204243936483842}