{"MV1":0.09024968329690275,"MV3":0.7616471467196588,"CH1":0.24161441672331507}