{"MV1":0.7375583549970901,"MV3":0.4806588975125483,"CH1":0.8466595616020783}