{"MV1":0.15467815035316035,"MV3":0.39224975116199146,"CH1":0.17072157926011877}