{"MV1":0.5741070790283247,"MV3":0.6689155318159961,"CH1":0.002310513551344484}