{"MV1":0.49465719370767236,"MV3":0.24929503611401593,"CH1":0.9504604207067027}