{"MV1":0.6714339314713251,"MV3":0.00663337430808264,"CH1":0.16548196583257047}