{"MV1":0.7059881891982324,"MV3":0.3978038326067782,"CH1":0.9506708414799688}