{"MV1":0.8373252090939695,"MV3":0.9329605259858863,"CH1":0.6525110876863692}