{"MV1":0.0002684063659661451,"MV3":0.6317047424293858,"CH1":0.8371037540025945}