{"MV1":0.5182979107761451,"MV3":0.8552354930422774,"CH1":0.8867761114476833}