{"MV1":0.961514427415311,"MV3":0.9316393124064373,"CH1":0.23486002013418328}