{"MV1":0.2837626618918647,"MV3":0.8078553884781079,"CH1":0.5887746152760449}