{"MV1":0.18441342561548735,"MV3":0.8668656449492266,"CH1":0.2020650826895709}