{"MV1":0.39051334075988875,"MV3":0.3986698445154113,"CH1":0.5075265612670489}