{"MV1":0.8362757914121287,"MV3":0.08610580375057231,"CH1":0.6908167319979581}