{"MV1":0.17470013881833468,"MV3":0.7194191077014472,"CH1":0.7309965486802565}