{"MV1":0.9823671737112016,"MV3":0.1693734848744659,"CH1":0.4063131520879747}