{"MV1":0.0951308539189698,"MV3":0.48821584235008475,"CH1":0.46221471021843097}