{"MV1":0.3190276914134563,"MV3":0.2409098262015712,"CH1":0.3453843823947652}