{"MV1":0.7290343948601393,"MV3":0.4942907128162365,"CH1":0.44389457887502837}