{"MV1":0.3894025353729631,"MV3":0.6016818689946587,"CH1":0.7768208062706514}