{"MV1":0.9118587764175465,"MV3":0.7190946441643056,"CH1":0.699195319634399}