{"MV1":0.4699493546017257,"MV3":0.12373331528720943,"CH1":0.2700894195947978}