{"MV1":0.5999219729651492,"MV3":0.2648837625505345,"CH1":0.7725478889400603}