{"MV1":0.4000502751179148,"MV3":0.7825527654307336,"CH1":0.9366897895364585}