{"MV1":0.9309834739639639,"MV3":0.8116864911932371,"CH1":0.3056875663564603}