{"MV1":0.3541924857013805,"MV3":0.7039419830172099,"CH1":0.04600188285552986}