{"MV1":0.542439935075417,"MV3":0.4814195338276863,"CH1":0.4788746068269185}