{"MV1":0.46290408477901723,"MV3":0.2513314097738927,"CH1":0.3836723946101782}