{"MV1":0.07910879365923229,"MV3":0.8775086709654665,"CH1":0.0316414454712447}