{"MV1":0.11479048762073285,"MV3":0.4047709499753205,"CH1":0.84970743029755}