{"MV1":0.8282985589226792,"MV3":0.06006242116093463,"CH1":0.17099396051286986}