{"MV1":0.8065154151768575,"MV3":0.6524538239551384,"CH1":0.698239545780199}