{"MV1":0.846558626213152,"MV3":0.7636463635465232,"CH1":0.45808539097745815}