{"MV1":0.9936200046033495,"MV3":0.45894909622948643,"CH1":0.16419953588433123}