{"MV1":0.7885521122935012,"MV3":0.8127568344302452,"CH1":0.948043627402276}