{"MV1":0.3795035627947503,"MV3":0.7095326939121888,"CH1":0.8708405244655144}