{"MV1":0.8711879593873417,"MV3":0.6869290300440539,"CH1":0.9436674958543839}