{"MV1":0.5670580490620789,"MV3":0.7539519639554862,"CH1":0.5119969030763447}