{"MV1":0.13701594368071734,"MV3":0.4243919246269505,"CH1":0.6635490587630808}