{"MV1":0.9801694487478729,"MV3":0.1355707135184493,"CH1":0.2190360462601787}