{"MV1":0.189600967204402,"MV3":0.08281401606359495,"CH1":0.04226917059377966}