{"MV1":0.5847340692508978,"MV3":0.03174502819410674,"CH1":0.28650606920468946}