{"MV1":0.6210117607188628,"MV3":0.3074234393067645,"CH1":0.052214143344303854}