{"MV1":0.39795942947262597,"MV3":0.6855020436993948,"CH1":0.5499540331645968}