{"MV1":0.5438638341280245,"MV3":0.06365130641136618,"CH1":0.6463368566217671}