{"MV1":0.18028306945636086,"MV3":0.5802672091016609,"CH1":0.4160121680283312}