{"MV1":0.15614119027902695,"MV3":0.8789996287236793,"CH1":0.12886992830488297}