{"MV1":0.09178527172951711,"MV3":0.5076690336537607,"CH1":0.4094329843396346}