{"MV1":0.5087399869498891,"MV3":0.31504851810323786,"CH1":0.004062340356133509}