{"MV1":0.455577418242885,"MV3":0.6046944167552027,"CH1":0.1976546139464629}