{"MV1":0.4131625169470372,"MV3":0.9797307168777792,"CH1":0.3252586680734565}