{"MV1":0.4615087105416027,"MV3":0.16928999242146248,"CH1":0.2691717276975004}