{"MV1":0.37166472173338083,"MV3":0.24659181022373233,"CH1":0.7530686176378762}