{"MV1":0.7351113534672743,"MV3":0.2530012346987479,"CH1":0.5548643776277415}