{"MV1":0.34110625877588086,"MV3":0.7995626574798117,"CH1":0.8377326332260215}