{"MV1":0.8202543097118421,"MV3":0.917778705228945,"CH1":0.32204886178058656}