{"MV1":0.6030600363732618,"MV3":0.32945606478269474,"CH1":0.23304155480631505}