{"MV1":0.3320678184126824,"MV3":0.056149727227903345,"CH1":0.3620844237279943}