{"MV1":0.04358833109216742,"MV3":0.6335244793255387,"CH1":0.27761994008862323}