{"MV1":0.5047866670217969,"MV3":0.24737721444878324,"CH1":0.12289051153554975}