{"MV1":0.7936813514397284,"MV3":0.9913207554851691,"CH1":0.08716374229607238}