{"MV1":0.6111066253625499,"MV3":0.9141280030226211,"CH1":0.5533777158817618}