{"MV1":0.7569260150378053,"MV3":0.4959753965132716,"CH1":0.8773431394108}