{"MV1":0.5355328929565915,"MV3":0.553118810993446,"CH1":0.39061218797390596}