{"MV1":0.17643020866914028,"MV3":0.7845506273471736,"CH1":0.33183913697936285}