{"MV1":0.22986611447576177,"MV3":0.30993111383511573,"CH1":0.45564043849262714}