{"MV1":0.9599052013262266,"MV3":0.8314257529317736,"CH1":0.7603403818042492}