{"MV1":0.9888928332229886,"MV3":0.07605007972027444,"CH1":0.39547201904831264}