{"MV1":0.4542912500266846,"MV3":0.634376245550762,"CH1":0.8865583981647894}