{"MV1":0.5248868660157772,"MV3":0.41826013213982327,"CH1":0.8657426818651789}