{"MV1":0.3400989086003946,"MV3":0.6451805361841397,"CH1":0.4150012805523684}