{"MV1":0.5229831316985755,"MV3":0.3762500923572337,"CH1":0.7888782743138272}