{"MV1":0.8438309515799807,"MV3":0.4575011140624722,"CH1":0.4406062732106566}