{"MV1":0.5352411672416657,"MV3":0.5986628748401173,"CH1":0.2252669734199909}