{"MV1":0.5371161682413891,"MV3":0.20566772796673283,"CH1":0.47294022347557685}