{"MV1":0.6544925423951929,"MV3":0.6142167934330245,"CH1":0.4580861374752765}