{"MV1":0.2802819127205386,"MV3":0.26246676638355737,"CH1":0.12114003333838563}