{"MV1":0.12014278424279368,"MV3":0.5368888787525596,"CH1":0.9460505748075524}