{"MV1":0.07149320679971893,"MV3":0.8301414163041416,"CH1":0.7555187671690157}