{"MV1":0.5619729647304949,"MV3":0.5678788096215137,"CH1":0.7869136546994661}