{"MV1":0.9580721774519739,"MV3":0.8975527429195606,"CH1":0.11888227795588036}