{"MV1":0.7277360904204302,"MV3":0.4249332247115667,"CH1":0.549818571047336}