{"MV1":0.038609231039417824,"MV3":0.45249838081376514,"CH1":0.0029059427148770967}