{"MV1":0.4949984786401571,"MV3":0.5628841032057069,"CH1":0.8532086401754927}