{"MV1":0.0026139444543242796,"MV3":0.7511657292058126,"CH1":0.8741126834815763}