{"MV1":0.30220863512182017,"MV3":0.8491978695313432,"CH1":0.4580244356715514}