{"MV1":0.4534830216924569,"MV3":0.33195101909091906,"CH1":0.15272402515395167}