{"MV1":0.8248361185692683,"MV3":0.7639124023048054,"CH1":0.03639249851647919}