{"MV1":0.3883114216083908,"MV3":0.20109902424254478,"CH1":0.11772497977264207}