{"MV1":0.5455163234290538,"MV3":0.16401144948371105,"CH1":0.3436357134349085}