{"MV1":0.04498372204840073,"MV3":0.12359101698699082,"CH1":0.9297086624458368}