{"MV1":0.30836765245429676,"MV3":0.6039864484025068,"CH1":0.0426213416290836}