{"MV1":0.0382231299607233,"MV3":0.449908628644213,"CH1":0.45368452174603513}