{"MV1":0.4997620197259942,"MV3":0.6988437099913524,"CH1":0.6277059399235747}