{"MV1":0.6155747513753228,"MV3":0.3993798318034314,"CH1":0.5886811006337205}