{"MV1":0.9429469802495809,"MV3":0.182035307429127,"CH1":0.5983962517488406}