{"MV1":0.7418090990118102,"MV3":0.6084244344514309,"CH1":0.5124486181489118}