{"MV1":0.5954079532179469,"MV3":0.9291533183367849,"CH1":0.9125989073446822}