{"MV1":0.3444436251454307,"MV3":0.9731242954730014,"CH1":0.084250135598964}