{"MV1":0.9255078410079915,"MV3":0.8183642088660618,"CH1":0.1441634076399103}