{"MV1":0.2424097394637278,"MV3":0.8999712589762905,"CH1":0.5402585679287212}