{"MV1":0.16241728103389552,"MV3":0.18017764951066395,"CH1":0.6701644687745294}