{"MV1":0.04643544009884715,"MV3":0.7939442573431468,"CH1":0.5210365587500912}