{"MV1":0.37080255211848223,"MV3":0.059384009530989657,"CH1":0.18064181780799293}