{"MV1":0.281393642124494,"MV3":0.25754690580175754,"CH1":0.3085727528050739}