{"MV1":0.48883575764572806,"MV3":0.7565795342941186,"CH1":0.42593737992098424}