{"MV1":0.662520037359517,"MV3":0.1245374374029603,"CH1":0.9760287106405331}