{"MV1":0.4471962494321866,"MV3":0.6578319880794986,"CH1":0.4446242952698435}