{"MV1":0.27589234273206265,"MV3":0.15557760291452938,"CH1":0.3161955923462355}