{"MV1":0.4344778524223397,"MV3":0.7890021579525237,"CH1":0.3693282915370987}