{"MV1":0.3268664398395327,"MV3":0.6124143143709684,"CH1":0.3832046510203093}