{"MV1":0.4324152320097655,"MV3":0.6473580744719575,"CH1":0.03681206706137963}