{"MV1":0.05680071182949942,"MV3":0.7671508739877673,"CH1":0.5609777142304639}