{"MV1":0.9968414603843996,"MV3":0.6760898538117358,"CH1":0.4422780343186966}