{"MV1":0.8613546151758594,"MV3":0.14432176964007848,"CH1":0.6110462157595834}