{"MV1":0.6169383647210063,"MV3":0.6876438775346683,"CH1":0.40705105983383527}