{"MV1":0.9147214690661406,"MV3":0.5285208941640788,"CH1":0.8792890678832384}