{"MV1":0.538347882850702,"MV3":0.2814518866325323,"CH1":0.37147581854353884}