{"MV1":0.3504030503809098,"MV3":0.26269254963818134,"CH1":0.10127849910657405}