{"MV1":0.24552187075815568,"MV3":0.15528199105563667,"CH1":0.2748869510212212}