{"MV1":0.1661495166711342,"MV3":0.0530735287023516,"CH1":0.4936368000853988}