{"MV1":0.49567400497610703,"MV3":0.9787488854434856,"CH1":0.9275112573647426}