{"MV1":0.7876887223109202,"MV3":0.9256647642068098,"CH1":0.5942574919220313}