{"MV1":0.37701017003587756,"MV3":0.47349006004454164,"CH1":0.4527429826611302}