{"MV1":0.8319283923506672,"MV3":0.06812569503699695,"CH1":0.5479216908038593}