{"MV1":0.2581830996187472,"MV3":0.9263717504611012,"CH1":0.23036227652412122}