{"MV1":0.36612989617898695,"MV3":0.8894183785459946,"CH1":0.11892047171752762}