{"MV1":0.03918929911108271,"MV3":0.8251439985679625,"CH1":0.9228000584809298}