{"MV1":0.37000277782399715,"MV3":0.9886713707267746,"CH1":0.038144136796276595}