{"MV1":0.5085215091941443,"MV3":0.17145194945152797,"CH1":0.8755481993177179}