{"MV1":0.8692070302355123,"MV3":0.492177949423767,"CH1":0.032392654810946}