{"MV1":0.16941030817870917,"MV3":0.39094241954372544,"CH1":0.32792513573208704}