{"MV1":0.704695873663897,"MV3":0.25366696842728587,"CH1":0.8509411095717602}