{"MV1":0.03913666924031145,"MV3":0.7118408314120782,"CH1":0.04786913753513111}