{"MV1":0.4049678431286341,"MV3":0.19453133556415203,"CH1":0.023007374819418724}