{"MV1":0.32685898613960196,"MV3":0.5556960987780392,"CH1":0.5237011948496352}