{"MV1":0.22930011694645458,"MV3":0.1027516398409376,"CH1":0.3798413797112885}