{"MV1":0.29796764586564006,"MV3":0.34499840758094735,"CH1":0.6850408334549001}