{"MV1":0.45279378912687873,"MV3":0.8610255473272267,"CH1":0.45568696233100014}