{"MV1":0.18870504333255778,"MV3":0.6018803776193303,"CH1":0.3948838526861289}