{"MV1":0.6107713561826815,"MV3":0.33449373865264775,"CH1":0.7139626379194857}