{"MV1":0.12795173608055666,"MV3":0.5821483797677839,"CH1":0.8233455563937859}