{"MV1":0.6572446040905447,"MV3":0.21143214518025955,"CH1":0.23217950710886048}