{"MV1":0.4783873430270398,"MV3":0.5052194295735974,"CH1":0.950721180690968}