{"MV1":0.4948343940456197,"MV3":0.8895195582659885,"CH1":0.31113207600174453}