{"MV1":0.09682623574048532,"MV3":0.7104081617701578,"CH1":0.994777305289903}