{"MV1":0.06034246727485515,"MV3":0.6447022207476544,"CH1":0.6456747826704434}