{"MV1":0.5756438265092358,"MV3":0.9731988980469728,"CH1":0.7880925079311428}