{"MV1":0.6908431745605227,"MV3":0.013794649176239626,"CH1":0.050818852049904994}