{"MV1":0.7967658502885147,"MV3":0.2996788453548228,"CH1":0.1508271447370747}