{"MV1":0.5468257598489041,"MV3":0.6782023415229723,"CH1":0.901203236521406}