{"MV1":0.7691382772011033,"MV3":0.6829409045493154,"CH1":0.5883510142217825}