{"MV1":0.8295595610720196,"MV3":0.4867369306070073,"CH1":0.8338850834354993}