{"MV1":0.9416197353603134,"MV3":0.3759766185383492,"CH1":0.15586786615148152}