{"MV1":0.8914819887709732,"MV3":0.6248490627053289,"CH1":0.8233773587060719}