{"MV1":0.30099026461774114,"MV3":0.2080341010727148,"CH1":0.08836353540462694}