{"MV1":0.636339623828312,"MV3":0.7005991532989104,"CH1":0.7131245263434365}