{"MV1":0.7672403108299298,"MV3":0.24094978706365533,"CH1":0.23190207932457252}