{"MV1":0.6644546276779401,"MV3":0.4376067921877167,"CH1":0.4128490899150704}