{"MV1":0.9415639338963495,"MV3":0.2423390110638589,"CH1":0.31928046605329063}