{"MV1":0.6553184583664564,"MV3":0.3249510677180184,"CH1":0.6725424376007356}