{"MV1":0.9792255175498912,"MV3":0.8409478979831019,"CH1":0.8693689264150257}