{"MV1":0.502869924170829,"MV3":0.8539490691128168,"CH1":0.9586389417447919}