{"MV1":0.7229438670902463,"MV3":0.48187174312890435,"CH1":0.699107730219717}