{"MV1":0.5444688979795751,"MV3":0.5170335214319605,"CH1":0.18544814297788836}