{"MV1":0.8749709652575568,"MV3":0.82594328404254,"CH1":0.7805108253928942}