{"MV1":0.24494230515618542,"MV3":0.05776217856994792,"CH1":0.6072473098090004}