{"MV1":0.4414731212993802,"MV3":0.3970676090210671,"CH1":0.4904751102377435}