{"MV1":0.5802038993641768,"MV3":0.6199460749507778,"CH1":0.9913007437886012}