{"MV1":0.7207290522276698,"MV3":0.01667132315769715,"CH1":0.9161627771351455}