{"MV1":0.5670066057477188,"MV3":0.7486905106960487,"CH1":0.03233834288447879}