{"MV1":0.799276326822777,"MV3":0.07892252440986258,"CH1":0.3054492571573678}