{"MV1":0.314366208362177,"MV3":0.5174227979296668,"CH1":0.06723106648249266}