{"MV1":0.2206595100729929,"MV3":0.18457487897692593,"CH1":0.20505309858034437}