{"MV1":0.7705490762419628,"MV3":0.32350217395062264,"CH1":0.08520358751014234}