{"MV1":0.6050006972776872,"MV3":0.1226225788227081,"CH1":0.06598888038657202}