{"MV1":0.2871477252728357,"MV3":0.16799322444612752,"CH1":0.9600460588207517}