{"MV1":0.17370139231426862,"MV3":0.5975698851966306,"CH1":0.921796955941332}