{"MV1":0.4741608291610079,"MV3":0.9119109384832662,"CH1":0.684813372417176}