{"MV1":0.8750535917435688,"MV3":0.8203218099537939,"CH1":0.9238790880738043}