{"MV1":0.36573781673732364,"MV3":0.9862817986302985,"CH1":0.9617678701044063}