{"MV1":0.3868526927293683,"MV3":0.6770910559235765,"CH1":0.8583952341135234}