{"MV1":0.14956561984398542,"MV3":0.2724185259779581,"CH1":0.7046294711797519}