{"MV1":0.695378059333937,"MV3":0.015218161290088572,"CH1":0.6917101291969209}