{"MV1":0.42801697005480943,"MV3":0.7006057847013133,"CH1":0.13936811995076714}