{"MV1":0.22962669275026837,"MV3":0.18465052758250333,"CH1":0.6709635544325162}