{"MV1":0.5069824438998066,"MV3":0.4824109881722176,"CH1":0.45304129329501885}