{"MV1":0.7980972933778402,"MV3":0.4373181549009568,"CH1":0.0904823228510091}