{"MV1":0.4446646690237398,"MV3":0.6515174818284992,"CH1":0.4072419660973985}