{"MV1":0.29037189031987065,"MV3":0.793972051614703,"CH1":0.7606395464972561}