{"MV1":0.5157540152636515,"MV3":0.17151662439670678,"CH1":0.7002066377542716}