{"MV1":0.6970526481662315,"MV3":0.19677647559464784,"CH1":0.6834202943857253}