{"MV1":0.2112159728701838,"MV3":0.9884405407678473,"CH1":0.966621379323267}