{"MV1":0.5864108704226133,"MV3":0.9148005502164103,"CH1":0.06427087175756419}