{"MV1":0.40122030186279134,"MV3":0.31176026900852827,"CH1":0.7737665917973263}