{"MV1":0.2957068276420285,"MV3":0.549603981131824,"CH1":0.8828420627724252}