{"MV1":0.3291783589302485,"MV3":0.06646179158241194,"CH1":0.8260939509492609}