{"MV1":0.12117225584493907,"MV3":0.20661507506728227,"CH1":0.056841813770758254}