{"MV1":0.6763745143119446,"MV3":0.087182744343272,"CH1":0.8025957317496354}