{"MV1":0.5891880218871336,"MV3":0.09310640104282886,"CH1":0.15010161882876527}