{"MV1":0.4285018812922039,"MV3":0.6832963030852652,"CH1":0.2707906066891196}