{"MV1":0.9532115082905162,"MV3":0.9013328376806544,"CH1":0.8766042900156961}