{"MV1":0.6253912104696664,"MV3":0.9341267855080536,"CH1":0.8619629764351523}