{"MV1":0.3572252019712676,"MV3":0.6861766944562688,"CH1":0.5183680339160864}