{"MV1":0.4921339053719318,"MV3":0.4770609630908511,"CH1":0.49989334856385803}