{"MV1":0.8378780134965267,"MV3":0.025698223349350124,"CH1":0.9834710478572072}