{"MV1":0.9052261703567684,"MV3":0.12013878427487723,"CH1":0.3064133494860798}