{"MV1":0.6430460524227114,"MV3":0.6257191432285388,"CH1":0.3177014902673274}