{"MV1":0.23552664584986804,"MV3":0.6319041733574151,"CH1":0.9712917513161055}