{"MV1":0.7263524242641737,"MV3":0.4048517072980914,"CH1":0.5141107441388367}