{"MV1":0.44679848975614955,"MV3":0.12192002865680429,"CH1":0.7200511981674729}