{"MV1":0.47500804567177757,"MV3":0.9923746646751512,"CH1":0.040110626767058344}