{"MV1":0.14741117728342057,"MV3":0.05820040072786292,"CH1":0.5899362216024319}