{"MV1":0.34648445064111777,"MV3":0.3467743994220631,"CH1":0.012444103039841448}