{"MV1":0.6275169883693807,"MV3":0.6434964647144575,"CH1":0.5607869767163274}