{"MV1":0.4136053440209123,"MV3":0.9120441764981563,"CH1":0.808691317840969}