{"MV1":0.7246705873943741,"MV3":0.9286635859171515,"CH1":0.8609657795818546}