{"MV1":0.6227206411906504,"MV3":0.41887922735399863,"CH1":0.16757959256031685}