{"MV1":0.5443855394624882,"MV3":0.1815504108370921,"CH1":0.4964447691533923}