{"MV1":0.07812678332069878,"MV3":0.6965957255102503,"CH1":0.6669121379174795}