{"MV1":0.4812789469113138,"MV3":0.027107847366444004,"CH1":0.5604573434427906}