{"MV1":0.7705569973935312,"MV3":0.5480108373002598,"CH1":0.35191791772612857}