{"MV1":0.30935579363802035,"MV3":0.8967690268439826,"CH1":0.8357743120898284}