{"MV1":0.4232517546499557,"MV3":0.2960007920730119,"CH1":0.4222595788968402}