{"MV1":0.4351120497291331,"MV3":0.5693468440797425,"CH1":0.27697242235963493}