{"MV1":0.9791325620968401,"MV3":0.5167322856021371,"CH1":0.20467750420924624}