{"MV1":0.1949786890116626,"MV3":0.09379561635703859,"CH1":0.7126774585816316}