{"MV1":0.7736198901654012,"MV3":0.7067287675071215,"CH1":0.1365648812835608}