{"MV1":0.06601454939344009,"MV3":0.025477064320699072,"CH1":0.09427400740041747}