{"MV1":0.3158638276825023,"MV3":0.6507942471853563,"CH1":0.012864221598978598}