{"MV1":0.7609501865177988,"MV3":0.5405893043602679,"CH1":0.5431644370442892}