{"MV1":0.3270712132841339,"MV3":0.6694087649382011,"CH1":0.2657162881534757}