{"MV1":0.10353950392290867,"MV3":0.35690710320976404,"CH1":0.7677252302784136}