{"MV1":0.30349043174342794,"MV3":0.6912462955716027,"CH1":0.3237853990256454}