{"MV1":0.17132236865191197,"MV3":0.570667532609627,"CH1":0.8423573864930538}