{"MV1":0.5170288805522971,"MV3":0.6784841554814854,"CH1":0.16998483054880664}