{"MV1":0.25391158367459543,"MV3":0.027444460362483825,"CH1":0.1765572217419088}