{"MV1":0.9272830728725217,"MV3":0.31985477281570696,"CH1":0.38268387795700276}