{"MV1":0.7058944987667829,"MV3":0.6267500677327134,"CH1":0.13411023084827944}