{"MV1":0.07961358269836682,"MV3":0.24284321596026548,"CH1":0.49996548186191614}