{"MV1":0.6369447861147846,"MV3":0.4410647822524878,"CH1":0.044893578708210646}