{"MV1":0.8801436860254687,"MV3":0.3860232960930078,"CH1":0.14635512751959068}