{"MV1":0.2113136411705835,"MV3":0.03344904765263357,"CH1":0.4023032486099073}