{"MV1":0.4798225507571906,"MV3":0.7811305990383327,"CH1":0.09344161056399669}