{"MV1":0.8124382346854742,"MV3":0.10842773722140797,"CH1":0.9726769085430763}