{"MV1":0.6734007979201381,"MV3":0.05962127995000821,"CH1":0.7004647300775735}