{"MV1":0.062388809646897525,"MV3":0.4594091327195975,"CH1":0.051660315233585274}