{"MV1":0.8370178870433871,"MV3":0.05494278643500572,"CH1":0.6970934496415722}