{"MV1":0.8397592805433807,"MV3":0.420342764317139,"CH1":0.018743155028689173}