{"MV1":0.5837500979267995,"MV3":0.765824327021006,"CH1":0.6950577770646704}