{"MV1":0.9710188068880811,"MV3":0.1326124881181978,"CH1":0.5524978386606935}