{"MV1":0.9703203553771137,"MV3":0.023829277459260445,"CH1":0.7688585973678704}