{"MV1":0.8390314673435002,"MV3":0.615828742545401,"CH1":0.1927840993546699}