{"MV1":0.4806138126823515,"MV3":0.6524655562814238,"CH1":0.1623779754579343}