{"MV1":0.4544500988032488,"MV3":0.23950031405998506,"CH1":0.7220267723689207}