{"MV1":0.7667280995232064,"MV3":0.9648489746027016,"CH1":0.9329466232541012}