{"MV1":0.9090184651124691,"MV3":0.1132156978759793,"CH1":0.6742919155022143}