{"MV1":0.6261838884590395,"MV3":0.03480412174310199,"CH1":0.3257335369146581}