{"MV1":0.7746701568702509,"MV3":0.4371208021268941,"CH1":0.10520102958823796}