{"MV1":0.8136778128094225,"MV3":0.3001302451301493,"CH1":0.2962213706675624}