{"MV1":0.42125691968134693,"MV3":0.012759762669315,"CH1":0.1377676156934211}