{"MV1":0.8992885614050468,"MV3":0.5997351788337638,"CH1":0.6830734185413604}