{"MV1":0.1618255669566957,"MV3":0.2453314627139389,"CH1":0.5284614336417435}