{"MV1":0.8117094647138277,"MV3":0.4827487708638264,"CH1":0.7844042162018089}