{"MV1":0.5140733453150863,"MV3":0.9080109129068832,"CH1":0.6599561362231381}