{"MV1":0.33068613344412223,"MV3":0.3212103842026848,"CH1":0.8256260879044348}