{"MV1":0.793759146253696,"MV3":0.9734633956588906,"CH1":0.6378343197524473}