{"MV1":0.8569554474178941,"MV3":0.3090888603039399,"CH1":0.21494006610994343}