{"MV1":0.22993643800608754,"MV3":0.6509519545689523,"CH1":0.12542174074584989}