{"MV1":0.5266677063761065,"MV3":0.9553063908770482,"CH1":0.5068866483505345}