{"MV1":0.43253017852840303,"MV3":0.9096061311559382,"CH1":0.9972607893548412}