{"MV1":0.2542121877458081,"MV3":0.21507103350173407,"CH1":0.37747931163243664}