{"MV1":0.3248645829318225,"MV3":0.5262747936971448,"CH1":0.801423492517141}