{"MV1":0.2305005896358352,"MV3":0.3651115381730491,"CH1":0.009610237815627198}