{"MV1":0.3544670399602775,"MV3":0.6918347903732401,"CH1":0.10206811770839119}