{"MV1":0.6301576383032989,"MV3":0.016266125444698187,"CH1":0.7721412967952667}