{"MV1":0.6926546491793043,"MV3":0.7300615796385034,"CH1":0.8989344585495008}