{"MV1":0.07292935880103746,"MV3":0.567718775400485,"CH1":0.3415845087545505}