{"MV1":0.5826167889148826,"MV3":0.5977059734810996,"CH1":0.017735620555955012}