{"MV1":0.44426460831162007,"MV3":0.261075762982243,"CH1":0.9326138535127783}