{"MV1":0.19381237028585085,"MV3":0.03879972844154267,"CH1":0.9496639113663043}