{"MV1":0.5493532038480891,"MV3":0.2016044819505841,"CH1":0.7163870473260079}