{"MV1":0.7549575430510692,"MV3":0.5049583153895696,"CH1":0.8906662308866227}