{"MV1":0.24911108546774463,"MV3":0.7541520793020962,"CH1":0.1827707906448195}