{"MV1":0.8140207012429157,"MV3":0.12176062926713938,"CH1":0.12381876280428683}