{"MV1":0.7625574994602402,"MV3":0.17779610542811863,"CH1":0.46964845248517495}