{"MV1":0.6075322116494424,"MV3":0.05108328498345138,"CH1":0.6923979407645453}