{"MV1":0.022866440196897764,"MV3":0.15348345631318827,"CH1":0.2189218348433406}