{"MV1":0.5234017320705032,"MV3":0.3908897204536037,"CH1":0.9287107373453615}