{"MV1":0.6718066376499835,"MV3":0.19234934913709234,"CH1":0.8005219465164933}