{"MV1":0.6703043543328301,"MV3":0.4166577092490772,"CH1":0.21919828737504365}