{"MV1":0.416707809232541,"MV3":0.4316136152700337,"CH1":0.444427903058502}