{"MV1":0.01189071667012287,"MV3":0.9628923527132925,"CH1":0.48750992511237023}