{"MV1":0.5051607484404755,"MV3":0.06741183819751273,"CH1":0.000988896105039272}