{"MV1":0.33791275172033075,"MV3":0.1230809347921673,"CH1":0.60757163411714}