{"MV1":0.8767367558493036,"MV3":0.2769526832598971,"CH1":0.6250439901711827}