{"MV1":0.830323961218633,"MV3":0.14077185036885187,"CH1":0.4403526125842323}