{"MV1":0.07572789619091846,"MV3":0.11491900459576576,"CH1":0.7659226054033096}