{"MV1":0.6863994662514072,"MV3":0.6959776292472424,"CH1":0.8823266886090045}