{"MV1":0.9596245470123121,"MV3":0.2514136315336357,"CH1":0.14984373491358627}