{"MV1":0.14601288264159995,"MV3":0.1335169743362441,"CH1":0.8584230874542259}