{"MV1":0.6221050247149517,"MV3":0.49976800480291206,"CH1":0.13474688561153092}