{"MV1":0.7523493428968024,"MV3":0.3186220222947549,"CH1":0.25213929377369293}