{"MV1":0.41236015184151886,"MV3":0.0858246926472489,"CH1":0.7155543151117617}