{"MV1":0.9970186921642392,"MV3":0.05017224568740308,"CH1":0.3473910393728913}