{"MV1":0.42969096079664715,"MV3":0.09637332523102249,"CH1":0.795473741837355}