{"MV1":0.3931930982083295,"MV3":0.8177351514037778,"CH1":0.1807245685823169}