{"MV1":0.5880984237089624,"MV3":0.38173615199843103,"CH1":0.03355487023730119}