{"MV1":0.45149924204405134,"MV3":0.5961639385279427,"CH1":0.22233657458251854}