{"MV1":0.715901081631822,"MV3":0.46562379286743294,"CH1":0.03769929223434798}