{"MV1":0.5014608976255753,"MV3":0.8715787178128583,"CH1":0.17252056982805974}