{"MV1":0.9228833987303013,"MV3":0.6857574015344099,"CH1":0.9792504156214039}