{"MV1":0.4366266588679554,"MV3":0.45804011539850453,"CH1":0.8573256414246518}