{"MV1":0.025661807139855553,"MV3":0.4219834978737368,"CH1":0.27943624932069133}