{"MV1":0.5981880422355926,"MV3":0.2819220505549841,"CH1":0.8159195554892633}