{"MV1":0.3357934897389493,"MV3":0.2047593527499696,"CH1":0.23805037101614146}