{"MV1":0.823119574842059,"MV3":0.4860269614245646,"CH1":0.01615665677211464}