{"MV1":0.6745938409259249,"MV3":0.3819429015575987,"CH1":0.09852381581325254}