{"MV1":0.791234727270519,"MV3":0.3170675826109334,"CH1":0.5694389794470861}