{"MV1":0.3324155571963986,"MV3":0.3287605721595037,"CH1":0.9814007225631888}