{"MV1":0.512685351947583,"MV3":0.28718572693905275,"CH1":0.18865499918936357}