{"MV1":0.10139198123240867,"MV3":0.14596796413274782,"CH1":0.22395510905006688}