{"MV1":0.24315077936277452,"MV3":0.8037611311641936,"CH1":0.7689563750936299}