{"MV1":0.713594273549089,"MV3":0.9573079196547716,"CH1":0.7653379586503052}