{"MV1":0.6539010759801686,"MV3":0.9566152814423926,"CH1":0.5633102757514679}