{"MV1":0.5036757545252905,"MV3":0.24762685031996556,"CH1":0.013935542783214072}