{"MV1":0.8648498934654656,"MV3":0.25808358307298407,"CH1":0.7973250592004443}