{"MV1":0.27741289020015014,"MV3":0.6208552043041639,"CH1":0.3405546766844496}