{"MV1":0.3014611037683692,"MV3":0.28509581565071274,"CH1":0.9434719503218619}