{"MV1":0.7494223980193876,"MV3":0.5236474241428047,"CH1":0.0773249221920379}