{"MV1":0.12959285573601786,"MV3":0.7263069312223543,"CH1":0.3105704130758208}