{"MV1":0.8913213330754164,"MV3":0.5516170073925093,"CH1":0.15353438538689723}