{"MV1":0.26921433557561447,"MV3":0.946156553074051,"CH1":0.6374106248439365}