{"MV1":0.2130522595944171,"MV3":0.38158095816759663,"CH1":0.7839055624122481}