{"MV1":0.368487067069581,"MV3":0.5904758822190094,"CH1":0.06558548082539217}