{"MV1":0.7043892215642789,"MV3":0.023965589295945833,"CH1":0.7341815496892722}