{"MV1":0.3523445620713438,"MV3":0.1105806896179009,"CH1":0.18119542553465506}