{"MV1":0.429783704975218,"MV3":0.19729899176525656,"CH1":0.5573842256264069}