{"MV1":0.24791812437494276,"MV3":0.3203268738847549,"CH1":0.26561670701524265}