{"MV1":0.48216072541590205,"MV3":0.3445046594422272,"CH1":0.24789307004292904}