{"MV1":0.655563354817751,"MV3":0.803491448515762,"CH1":0.0998484671420019}