{"MV1":0.24964710450019445,"MV3":0.19132021205886962,"CH1":0.18161644277347555}