{"MV1":0.28513293196804423,"MV3":0.4644365451659931,"CH1":0.6261478100873685}