{"MV1":0.5846799522896079,"MV3":0.14395648163524866,"CH1":0.9933402283789213}