{"MV1":0.6692030126971366,"MV3":0.7862249681141177,"CH1":0.499575849176751}