{"MV1":0.7411056057173077,"MV3":0.691168435855475,"CH1":0.033673969619470334}