{"MV1":0.7838923972759647,"MV3":0.9381052503799845,"CH1":0.45497533331496975}