{"MV1":0.9392216074876575,"MV3":0.8268670670702005,"CH1":0.3108362653249278}