{"MV1":0.615967592123043,"MV3":0.8574773894075326,"CH1":0.5343071241936868}