{"MV1":0.7875479136682864,"MV3":0.9278387040430756,"CH1":0.22413635672085963}