{"MV1":0.8559065361066025,"MV3":0.08454012448381598,"CH1":0.03099118638336018}