{"MV1":0.9722339139331768,"MV3":0.6470476173319485,"CH1":0.681944099788138}