{"MV1":0.07626321209549347,"MV3":0.7815663937384685,"CH1":0.3808529722061118}