{"MV1":0.9397531786002512,"MV3":0.5454530114093428,"CH1":0.14559826601245474}