{"MV1":0.6125178767497783,"MV3":0.05456232492559221,"CH1":0.5275869271577647}