{"MV1":0.5174722214822045,"MV3":0.2023737960767502,"CH1":0.6026016465749556}