{"MV1":0.23799385099878767,"MV3":0.8789074240888314,"CH1":0.6277964780118457}