{"MV1":0.1941721432284731,"MV3":0.5020986345838085,"CH1":0.2001108168525494}