{"MV1":0.9562196538078332,"MV3":0.5355266073875713,"CH1":0.5438498580110517}