{"MV1":0.23587418237396318,"MV3":0.40320153331544917,"CH1":0.2591808175008238}