{"MV1":0.16844391823785565,"MV3":0.11872204608480541,"CH1":0.08127692604375192}