{"MV1":0.5798645103130464,"MV3":0.8255603628266734,"CH1":0.6254980605106902}