{"MV1":0.259325564625114,"MV3":0.6759642615266105,"CH1":0.7807159545008776}