{"MV1":0.8508128679865623,"MV3":0.9959714460212241,"CH1":0.23979905216647157}