{"MV1":0.6113179567315385,"MV3":0.2694408929291636,"CH1":0.5447030096856471}