{"MV1":0.23132946882405014,"MV3":0.9927230737843747,"CH1":0.9033117971109217}