{"MV1":0.24412231368772297,"MV3":0.7439510032941683,"CH1":0.06032853094881774}