{"MV1":0.6352250664029445,"MV3":0.3487879345540965,"CH1":0.33784114951286337}