{"MV1":0.292027528246093,"MV3":0.64850267180458,"CH1":0.2606305298123729}