{"MV1":0.386377055568941,"MV3":0.7084404338866279,"CH1":0.618517389091642}