{"MV1":0.9028259503372361,"MV3":0.306750713632603,"CH1":0.4762396365452193}