{"MV1":0.4703571651433148,"MV3":0.8015692429517955,"CH1":0.013799464533477135}