{"MV1":0.21398351729173648,"MV3":0.6170270930472536,"CH1":0.5168851573962295}