{"MV1":0.31256259178552104,"MV3":0.7104215586695481,"CH1":0.5881616024340928}