{"MV1":0.12599117292585715,"MV3":0.39762879386946626,"CH1":0.5413117999297207}