{"MV1":0.5108516069324499,"MV3":0.6942529471575287,"CH1":0.6403417970233136}