{"MV1":0.5416867266135267,"MV3":0.18860544710599647,"CH1":0.8779706500024148}