{"MV1":0.1846601857302803,"MV3":0.766156048174444,"CH1":0.1777222263978787}