{"MV1":0.7101997785299682,"MV3":0.39620236533720377,"CH1":0.2522984547416095}