{"MV1":0.9143433000488764,"MV3":0.9468313617592305,"CH1":0.7461507995683353}