{"MV1":0.4855543905175792,"MV3":0.8066223936331625,"CH1":0.464380424493557}