{"MV1":0.415010123988371,"MV3":0.4486841367133132,"CH1":0.8257236562517121}