{"MV1":0.45840637119575567,"MV3":0.256028658451358,"CH1":0.9336871840575157}