{"MV1":0.9345284421429487,"MV3":0.30568470562734784,"CH1":0.4182810246543547}