{"MV1":0.17473715761762776,"MV3":0.6422723117265432,"CH1":0.06167334663919688}