{"MV1":0.13243299808331332,"MV3":0.36111083944528544,"CH1":0.3150140052837005}