{"MV1":0.010689318950999449,"MV3":0.3673422212756273,"CH1":0.037739079511227014}