{"MV1":0.44195605376094504,"MV3":0.8763646515604191,"CH1":0.11712161438849056}