{"MV1":0.20149805589887482,"MV3":0.8745777896760468,"CH1":0.07168864995898394}