{"MV1":0.2416439186925512,"MV3":0.8398071491185335,"CH1":0.25707049450876884}