{"MV1":0.6604272167337951,"MV3":0.39533540903913267,"CH1":0.9009807972567251}