{"MV1":0.4369619991412198,"MV3":0.7725344074475292,"CH1":0.23772316888461542}