{"MV1":0.6687778156920584,"MV3":0.35083881292189434,"CH1":0.46287549082671675}