{"MV1":0.7618401062739628,"MV3":0.8129369977552909,"CH1":0.7165440297311305}