{"MV1":0.15038432335876128,"MV3":0.3784133014421768,"CH1":0.26444630032912064}