{"MV1":0.9414609651532396,"MV3":0.9805256619179719,"CH1":0.05050302423502462}