{"MV1":0.6217082575797901,"MV3":0.94539426422595,"CH1":0.04176147022738674}