{"MV1":0.7196353636767305,"MV3":0.8884182636798029,"CH1":0.5754181380463625}