{"MV1":0.9198949767474287,"MV3":0.058797462448916704,"CH1":0.4940722925194906}