{"MV1":0.13914489193903978,"MV3":0.9278655515061156,"CH1":0.3854951624004016}