{"MV1":0.2687081950448622,"MV3":0.02558194600900754,"CH1":0.9793244347207705}