{"MV1":0.8452105404335784,"MV3":0.43782544022233083,"CH1":0.6664612080219245}