{"MV1":0.8022944700262515,"MV3":0.09713827129863617,"CH1":0.8679384795464276}