{"MV1":0.6384371802286927,"MV3":0.2628562662191589,"CH1":0.06259297101480821}