{"MV1":0.7467569641656481,"MV3":0.7146272961182153,"CH1":0.03416524140736066}