{"MV1":0.9071374953340015,"MV3":0.5414916472881036,"CH1":0.6582543256968628}