{"MV1":0.5577020455762477,"MV3":0.5269392361916261,"CH1":0.6933094451840546}