{"MV1":0.7037316308542464,"MV3":0.024847824438142707,"CH1":0.7070507134420778}