{"MV1":0.9746234381713945,"MV3":0.9893788580131301,"CH1":0.11315925689230788}