{"MV1":0.3704108005207756,"MV3":0.9366830290901502,"CH1":0.8018152644797243}