{"MV1":0.5398856302098919,"MV3":0.013724563022212255,"CH1":0.39758730796555486}