{"MV1":0.7603429706010816,"MV3":0.05974974542179934,"CH1":0.8795818875270559}