{"MV1":0.07519974710486743,"MV3":0.23025144494943328,"CH1":0.15251731708665683}