{"MV1":0.5418768886969463,"MV3":0.15606068928806605,"CH1":0.11240568472858692}