{"MV1":0.3033189196199102,"MV3":0.11077222673112797,"CH1":0.6542094208293997}