{"MV1":0.917349364353975,"MV3":0.03293300159833845,"CH1":0.6420931032722377}