{"MV1":0.9161392256610723,"MV3":0.34041801523834325,"CH1":0.6467422317237542}