{"MV1":0.11663616132375931,"MV3":0.32831350926628566,"CH1":0.6892848469994075}