{"MV1":0.9093810175584586,"MV3":0.7753993141465122,"CH1":0.25069894206940224}