{"MV1":0.6767302135283348,"MV3":0.5124394576943977,"CH1":0.7641890160203793}