{"MV1":0.9155628859216716,"MV3":0.19644157302074416,"CH1":0.1497853727597499}