{"MV1":0.5105651278166027,"MV3":0.538675425598365,"CH1":0.8693290198351402}