{"MV1":0.6483152956768529,"MV3":0.8394158739668298,"CH1":0.6689685521765218}