{"MV1":0.6812650384070253,"MV3":0.8269487861332315,"CH1":0.379144016275353}