{"MV1":0.26647177758533536,"MV3":0.8877985221534375,"CH1":0.42763368143018277}