{"MV1":0.5722513951183549,"MV3":0.796782484557567,"CH1":0.3465274576782489}