{"MV1":0.4385958152640511,"MV3":0.756515364471014,"CH1":0.46838621546376713}