{"MV1":0.4083151212467985,"MV3":0.4094692937294999,"CH1":0.5439297281304387}