{"MV1":0.2632710631407771,"MV3":0.54587562223875,"CH1":0.15814530271224603}