{"MV1":0.5452861866805261,"MV3":0.6209272233446536,"CH1":0.5534404600208189}