{"MV1":0.8600934998128646,"MV3":0.5787234109050956,"CH1":0.6358154969288091}