{"MV1":0.29219666060124083,"MV3":0.9793909712379174,"CH1":0.6910288703398301}