{"MV1":0.6711845758359158,"MV3":0.5824588173002542,"CH1":0.8109580034440794}