{"MV1":0.7950731807411919,"MV3":0.8347771164717305,"CH1":0.43059407517583403}