{"MV1":0.7858463656471794,"MV3":0.8222602836794686,"CH1":0.20006699247809878}