{"MV1":0.9306351454867546,"MV3":0.5375278409255497,"CH1":0.28133996298515274}