{"MV1":0.46212865688145033,"MV3":0.8293055359264028,"CH1":0.8679757446876242}