{"MV1":0.7811123594180855,"MV3":0.9639643968910914,"CH1":0.23217300258317697}