{"MV1":0.1934900858970401,"MV3":0.26973270253554904,"CH1":0.20744690467729066}