{"MV1":0.6356587999119727,"MV3":0.6533002052792731,"CH1":0.6710881651538088}