{"MV1":0.8995178110858884,"MV3":0.004637988926482595,"CH1":0.90577346640161}