{"MV1":0.6814421742642374,"MV3":0.4596025421852832,"CH1":0.8903484158832085}