{"MV1":0.06640146861615226,"MV3":0.16960801652322743,"CH1":0.7943294347124171}