{"MV1":0.44547536165980073,"MV3":0.5360769625831491,"CH1":0.48890952764268225}