{"MV1":0.618381672542113,"MV3":0.2111789540904756,"CH1":0.7267168431108992}