{"MV1":0.3898974538048441,"MV3":0.4395503864961655,"CH1":0.8000325403185788}