{"MV1":0.3762004413794925,"MV3":0.39047235616347553,"CH1":0.8361065604933935}