{"MV1":0.348536195544245,"MV3":0.7916399885756105,"CH1":0.35940281958319586}