{"MV1":0.9774855761207984,"MV3":0.3645116275608814,"CH1":0.8518137620820055}