{"MV1":0.008439227324882226,"MV3":0.32019597471849914,"CH1":0.26350294878255864}