{"MV1":0.4096920381108792,"MV3":0.09744857394844275,"CH1":0.30318572206318684}