{"MV1":0.6454595233179823,"MV3":0.6449740734596731,"CH1":0.029623950742249994}