{"MV1":0.3025055540090833,"MV3":0.11136746899846028,"CH1":0.991478959796278}