{"MV1":0.9882351175933319,"MV3":0.20886019077156937,"CH1":0.05433952217976212}