{"MV1":0.5191483046512733,"MV3":0.6198646742598121,"CH1":0.021014505092781022}