{"MV1":0.16106238458680056,"MV3":0.8746844568383657,"CH1":0.446864053709626}