{"MV1":0.6753123923389303,"MV3":0.6420815045335175,"CH1":0.13310391896883833}