{"MV1":0.8444605951621649,"MV3":0.6101940898310281,"CH1":0.4682784812825227}