{"MV1":0.33151486549107756,"MV3":0.9894537654421983,"CH1":0.8944422414465033}