{"MV1":0.9110638213310934,"MV3":0.46411197042794905,"CH1":0.7392100837901859}