{"MV1":0.6735886189062764,"MV3":0.9374155666020864,"CH1":0.05946244323438532}