{"MV1":0.961663881193234,"MV3":0.48015886859176715,"CH1":0.5271757424016488}