{"MV1":0.362455372371396,"MV3":0.14900533602984734,"CH1":0.36169574229542856}