{"MV1":0.020740983123337164,"MV3":0.06555852485067748,"CH1":0.13611655861387006}