{"MV1":0.8607566363624545,"MV3":0.9659399570312158,"CH1":0.10568894892056069}