{"MV1":0.6324410687201499,"MV3":0.6512626647573692,"CH1":0.13172177992516398}