{"MV1":0.04057543277115383,"MV3":0.13364096921824387,"CH1":0.8029558097414957}