{"MV1":0.5930179339959837,"MV3":0.3846519616267702,"CH1":0.13801151680204615}