{"MV1":0.40072380664538865,"MV3":0.14931495822194063,"CH1":0.7261858161401569}