{"MV1":0.410031813435102,"MV3":0.10617916482299461,"CH1":0.2673087769905056}