{"MV1":0.21369605805231096,"MV3":0.9659897493709041,"CH1":0.8612889107898861}