{"MV1":0.7827530418713862,"MV3":0.027472520245200305,"CH1":0.3928714584243147}