{"MV1":0.7913437383558848,"MV3":0.2144554864847843,"CH1":0.4998435048018147}