{"MV1":0.6207696105741956,"MV3":0.026499947655055256,"CH1":0.9895957220702882}