{"MV1":0.48050541954603154,"MV3":0.8979064742544601,"CH1":0.06759056196502944}