{"MV1":0.34539321782063936,"MV3":0.40848547602920826,"CH1":0.7591935097893275}