{"MV1":0.8384601277010487,"MV3":0.2558079294005452,"CH1":0.25907490549420353}