{"MV1":0.6161815180249768,"MV3":0.03986790635308246,"CH1":0.990694821191322}