{"MV1":0.6578878807104346,"MV3":0.7542136887963434,"CH1":0.44877458524660796}