{"MV1":0.5691452142621005,"MV3":0.7300640161314638,"CH1":0.917899531103474}