{"MV1":0.5453337914918416,"MV3":0.719840966997152,"CH1":0.5973033944872215}