{"MV1":0.18148628930643418,"MV3":0.9034956617022285,"CH1":0.12457596414321348}