{"MV1":0.018096066900022856,"MV3":0.4391410909893454,"CH1":0.2447582643974271}