{"MV1":0.6796404277870958,"MV3":0.221345930319506,"CH1":0.7970480382473402}