{"MV1":0.8220778356115489,"MV3":0.959324245877566,"CH1":0.5635025026593391}