{"MV1":0.244512012890172,"MV3":0.45442659618836523,"CH1":0.24239646573459084}