{"MV1":0.551072160196093,"MV3":0.7505804722513871,"CH1":0.20767647682264645}