{"MV1":0.5117089696629507,"MV3":0.9578238424255935,"CH1":0.4763064554923482}