{"MV1":0.12288856878961829,"MV3":0.25776422310781133,"CH1":0.00911862565128907}