{"MV1":0.5274271174819277,"MV3":0.25869368151294925,"CH1":0.10820872353019584}