{"MV1":0.05693085441526813,"MV3":0.11200045086710575,"CH1":0.21106204099514103}