{"MV1":0.9967509317788912,"MV3":0.08735687540769077,"CH1":0.34415043582981164}