{"MV1":0.8103513941071964,"MV3":0.25470290088238356,"CH1":0.8020770607913448}