{"MV1":0.7048262904966601,"MV3":0.49678417273652875,"CH1":0.5076306652708524}