{"MV1":0.4782955306161548,"MV3":0.86085907375423,"CH1":0.7666254288691712}