{"MV1":0.9834934430870013,"MV3":0.4191616221558092,"CH1":0.8035552103585977}