{"MV1":0.8249852639565737,"MV3":0.6270469992830405,"CH1":0.630159477847603}