{"MV1":0.33439192749136604,"MV3":0.5715721796771621,"CH1":0.605931735876008}