{"MV1":0.6630642887664517,"MV3":0.26668939465273056,"CH1":0.851678410287178}