{"MV1":0.2522257016977849,"MV3":0.7902882605484596,"CH1":0.22377946225261602}