{"MV1":0.9068999531872135,"MV3":0.06297932081737001,"CH1":0.22731300997731274}