{"MV1":0.5771901780839518,"MV3":0.10573395175666689,"CH1":0.7182200518932459}