{"MV1":0.8379224212384976,"MV3":0.6899323595008915,"CH1":0.40830787827776516}