{"MV1":0.09932308169671167,"MV3":0.49105518956290306,"CH1":0.9973029639025878}