{"MV1":0.6977449539650964,"MV3":0.4873552820874407,"CH1":0.4646183638520205}