{"MV1":0.8997441157869491,"MV3":0.2108039217101899,"CH1":0.8462172889086428}