{"MV1":0.5760824884294142,"MV3":0.7836923925560689,"CH1":0.5877003500806285}