{"MV1":0.7083649361064007,"MV3":0.5463091723038127,"CH1":0.9257311869034387}