{"MV1":0.5081289542075045,"MV3":0.41630407505775946,"CH1":0.25103081864946597}