{"MV1":0.40558203389842185,"MV3":0.7081097110477262,"CH1":0.6367560770692199}