{"MV1":0.34602942662817815,"MV3":0.7227409168409775,"CH1":0.4552007941830569}