{"MV1":0.5686216230047755,"MV3":0.9526863422429603,"CH1":0.960194527502941}