{"MV1":0.754139239641943,"MV3":0.8878836239238364,"CH1":0.057751781661577795}