{"MV1":0.8435688867889309,"MV3":0.6452747472649586,"CH1":0.2823396940246069}