{"MV1":0.19975236413559627,"MV3":0.7922141806948827,"CH1":0.775247851510358}