{"MV1":0.4980201265229173,"MV3":0.0703376000712671,"CH1":0.7278227545333512}