{"MV1":0.585829381988599,"MV3":0.33632884478637814,"CH1":0.8494119660612109}