{"MV1":0.035135864475563716,"MV3":0.4753696567380956,"CH1":0.5882087723220051}