{"MV1":0.5967161379279546,"MV3":0.43441421395092783,"CH1":0.04506530179658608}