{"MV1":0.40449157079984666,"MV3":0.19855884329995976,"CH1":0.5687388007315323}