{"MV1":0.1902936723415236,"MV3":0.5362644704064127,"CH1":0.2693718175504445}