{"MV1":0.7720579854648973,"MV3":0.8175006073522944,"CH1":0.8797267621240858}