{"MV1":0.3349048737601451,"MV3":0.9700594961718714,"CH1":0.39623962519208755}