{"MV1":0.9596854986328869,"MV3":0.2718685360355455,"CH1":0.7059155794536895}