{"MV1":0.7152197769512325,"MV3":0.18427082171633968,"CH1":0.6529324822283119}