{"MV1":0.30055479444270694,"MV3":0.5726935235923593,"CH1":0.7185206617227717}