{"MV1":0.9820983422726575,"MV3":0.6326543074918771,"CH1":0.13989153292505252}