{"MV1":0.06841510766905434,"MV3":0.38937472957819896,"CH1":0.07116131577736029}