{"MV1":0.2962216910212201,"MV3":0.5264800347640196,"CH1":0.08144523682952631}