{"MV1":0.738407002815329,"MV3":0.9321640682611723,"CH1":0.8515752530678541}