{"MV1":0.6547570769102492,"MV3":0.23598823046640505,"CH1":0.30345020110240073}