{"MV1":0.23397686446532517,"MV3":0.9636286719687538,"CH1":0.8790174795277286}