{"MV1":0.27013154181136545,"MV3":0.21086848652560652,"CH1":0.8333000784969405}