{"MV1":0.456143831357841,"MV3":0.13924146660204262,"CH1":0.6456281189153672}