{"MV1":0.7342005473170347,"MV3":0.7405106799409688,"CH1":0.09922483962635886}