{"MV1":0.5031616580136036,"MV3":0.22331823161666453,"CH1":0.5431914674935625}