{"MV1":0.6391210165918222,"MV3":0.3291698312324606,"CH1":0.44771922001563125}