{"MV1":0.15324562178711554,"MV3":0.09636240440646249,"CH1":0.544284244885878}