{"MV1":0.15155381734186757,"MV3":0.12133560585303571,"CH1":0.18910292868329082}