{"MV1":0.058056866561804976,"MV3":0.6621732576508437,"CH1":0.9508963771554921}