{"MV1":0.9014410049155173,"MV3":0.6577889591530267,"CH1":0.9875677673734955}