{"MV1":0.3330956763476337,"MV3":0.6313465807010723,"CH1":0.42331193706108794}