{"MV1":0.952425757795711,"MV3":0.05540265710403047,"CH1":0.3177044803684669}