{"MV1":0.6971059014235683,"MV3":0.7019230750143197,"CH1":0.19698948899405055}