{"MV1":0.27310534240589257,"MV3":0.3591860388485,"CH1":0.8326806938211554}