{"MV1":0.013746585746844064,"MV3":0.9425961344256746,"CH1":0.5144285170427048}