{"MV1":0.46284071540790517,"MV3":0.32745945411772726,"CH1":0.46859433420693086}