{"MV1":0.7218536565254198,"MV3":0.33774814445038925,"CH1":0.6960094938566348}