{"MV1":0.4201633207135764,"MV3":0.8980184657556423,"CH1":0.055557412036335796}