{"MV1":0.0018335085696361553,"MV3":0.322314118990381,"CH1":0.19170504439974856}