{"MV1":0.003876130642107123,"MV3":0.6228865840215474,"CH1":0.24596527065320462}