{"MV1":0.8675767839751681,"MV3":0.9672924053377301,"CH1":0.3308659520498739}