{"MV1":0.6173346813608694,"MV3":0.27534296743293063,"CH1":0.9370123908714131}