{"MV1":0.7363816960298204,"MV3":0.44113013234357945,"CH1":0.49163180484135716}