{"MV1":0.35166980749357035,"MV3":0.23789449562734444,"CH1":0.36323953330655734}