{"MV1":0.46623207421384605,"MV3":0.3190965221848261,"CH1":0.5884529356346355}