{"MV1":0.12316602913019714,"MV3":0.946258285485162,"CH1":0.9730399289803415}