{"MV1":0.6251889876253194,"MV3":0.3203994882515184,"CH1":0.3845603819241127}