{"MV1":0.1895982624214364,"MV3":0.18150048624258897,"CH1":0.8210742609562501}