{"MV1":0.7564107947283313,"MV3":0.8205148932726579,"CH1":0.8976752666923727}