{"MV1":0.5732907579515089,"MV3":0.10534598827288544,"CH1":0.6440568498594222}