{"MV1":0.4753461493854938,"MV3":0.8774141710244475,"CH1":0.5711329642727508}