{"MV1":0.706010952194436,"MV3":0.8674418480107556,"CH1":0.8643492325579204}