{"MV1":0.04377860943684597,"MV3":0.6952553069248243,"CH1":0.3584772195417638}