{"MV1":0.5446974492768855,"MV3":0.6374676397090001,"CH1":0.4809789806614354}