{"MV1":0.24694682447422833,"MV3":0.8780510110376386,"CH1":0.12431392426606203}