{"MV1":0.6474740669987755,"MV3":0.4750884714810971,"CH1":0.37344732757818233}