{"MV1":0.2210085958129686,"MV3":0.512627726694941,"CH1":0.8989043927257364}