{"MV1":0.18322295021688406,"MV3":0.21664716981747922,"CH1":0.419435075617935}