{"MV1":0.23004475805329383,"MV3":0.9136085747905511,"CH1":0.40095583802554935}