{"MV1":0.8323567812733205,"MV3":0.22602177280740776,"CH1":0.045764102188801004}