{"MV1":0.9398139851763024,"MV3":0.2702240958020119,"CH1":0.7141941384929437}