{"MV1":0.176714899688743,"MV3":0.24260674783189162,"CH1":0.28701253690714257}