{"MV1":0.15750939367108074,"MV3":0.444555707854001,"CH1":0.17848592714561462}