{"MV1":0.6695840945827158,"MV3":0.26151512174065183,"CH1":0.2902416064496217}