{"MV1":0.15621052062100527,"MV3":0.8448315257355156,"CH1":0.42074051982834937}