{"MV1":0.25472060376787886,"MV3":0.4993869584137257,"CH1":0.39963689733874685}