{"MV1":0.07222389280363806,"MV3":0.5658880057720468,"CH1":0.3897820824733864}