{"MV1":0.23203803019721625,"MV3":0.46021497967130276,"CH1":0.4747902059841912}