{"MV1":0.582972222852236,"MV3":0.3955949552911294,"CH1":0.8918022915905301}