{"MV1":0.08016526011137382,"MV3":0.7226976964420394,"CH1":0.88656092404252}