{"MV1":0.3620619570599122,"MV3":0.11217060549892077,"CH1":0.22294229287053413}