{"MV1":0.5327073046229778,"MV3":0.6590181264572424,"CH1":0.019647440990103737}