{"MV1":0.14462172591391098,"MV3":0.1901854907483268,"CH1":0.8955113266330615}