{"MV1":0.7341978667481202,"MV3":0.5728690780950398,"CH1":0.17086592561286518}