{"MV1":0.4230176753712651,"MV3":0.906347033033096,"CH1":0.8348461064516591}