{"MV1":0.20003148276517135,"MV3":0.3658652098277382,"CH1":0.4074907993895488}