{"MV1":0.048868275650318926,"MV3":0.6335489106274061,"CH1":0.2775629499819776}