{"MV1":0.46288197035742773,"MV3":0.1565468768422097,"CH1":0.678971269357596}