{"MV1":0.4443415849882615,"MV3":0.4991592662951695,"CH1":0.9188673204852733}