{"MV1":0.13366351040122015,"MV3":0.5082851955464383,"CH1":0.8881794417360672}