{"MV1":0.6259602368810028,"MV3":0.6108303121641893,"CH1":0.18742915300380003}