{"MV1":0.4853096014055288,"MV3":0.5765856194041564,"CH1":0.022784688495713468}