{"MV1":0.7472744502273895,"MV3":0.4855362194561571,"CH1":0.9665438162538287}