{"MV1":0.08447257964653376,"MV3":0.183726985145525,"CH1":0.6010871523647904}