{"MV1":0.46409992071458483,"MV3":0.7343248844439844,"CH1":0.45606430800935394}