{"MV1":0.46200839964798557,"MV3":0.8176733049650761,"CH1":0.5414410012611667}