{"MV1":0.16447146284840197,"MV3":0.8805812801884074,"CH1":0.9536239613778996}