{"MV1":0.5694055919380285,"MV3":0.7895857783333237,"CH1":0.13279469887573714}