{"MV1":0.19643105308271236,"MV3":0.8791519721482339,"CH1":0.02744023821942365}