{"MV1":0.2885711883340599,"MV3":0.6216126747720091,"CH1":0.3930837938180113}