{"MV1":0.842645534523143,"MV3":0.7703639072197803,"CH1":0.7978224021843568}