{"MV1":0.4536119276783377,"MV3":0.09984456063041047,"CH1":0.20574152225170395}