{"MV1":0.877762978142591,"MV3":0.09314141227590766,"CH1":0.085666275463261}