{"MV1":0.6307476611374356,"MV3":0.15227687198442486,"CH1":0.6281053410678936}