{"MV1":0.5541573284658882,"MV3":0.3777151452905976,"CH1":0.0038629121291717805}