{"MV1":0.8277892479064134,"MV3":0.06475822654460539,"CH1":0.02919018637486759}