{"MV1":0.8481496331619154,"MV3":0.04290980354158069,"CH1":0.26227837984001934}