{"MV1":0.270084974627679,"MV3":0.13719003323305756,"CH1":0.37184569588441874}