{"MV1":0.8227254531754613,"MV3":0.14272911305068725,"CH1":0.32473375447787955}