{"MV1":0.13311865446628324,"MV3":0.5178831148674757,"CH1":0.4054200868504073}