{"MV1":0.9642538561469899,"MV3":0.2255568910605913,"CH1":0.5890885784870985}