{"MV1":0.268877500954825,"MV3":0.848037682786338,"CH1":0.7488423485125633}