{"MV1":0.381702495036256,"MV3":0.24432513656946075,"CH1":0.06792000817298038}