{"MV1":0.10129724518265337,"MV3":0.39213258785830896,"CH1":0.36769922117970977}