{"MV1":0.2581574253086981,"MV3":0.38205022914693265,"CH1":0.3156591812170747}