{"MV1":0.39346412796244357,"MV3":0.9488528722163672,"CH1":0.3155928138075944}