{"MV1":0.9994545920473069,"MV3":0.44125445437158384,"CH1":0.8879386653080544}