{"MV1":0.06562122269924231,"MV3":0.3739293889756363,"CH1":0.7821460923937893}