{"MV1":0.708388543601199,"MV3":0.19266616839068595,"CH1":0.8898892953144892}