{"MV1":0.8129227147816501,"MV3":0.9446753193545399,"CH1":0.9420348087394524}