{"MV1":0.9517422899878865,"MV3":0.593616451240021,"CH1":0.02885553526945006}