{"MV1":0.6039838463587208,"MV3":0.10398486058019463,"CH1":0.6306722998911324}