{"MV1":0.8084652732970693,"MV3":0.43632770261699516,"CH1":0.520927323235536}