{"MV1":0.7462161943960126,"MV3":0.22689671718914117,"CH1":0.7196187274139796}