{"MV1":0.039038443296726566,"MV3":0.5439221686966634,"CH1":0.11442025200756267}