{"MV1":0.7084223875174637,"MV3":0.5776514766430151,"CH1":0.7081453522396353}