{"MV1":0.8122277323402862,"MV3":0.49870927287282596,"CH1":0.7500474831042926}