{"MV1":0.20678223781513894,"MV3":0.4729824695416506,"CH1":0.7331498364641811}