{"MV1":0.39779696275452425,"MV3":0.9032736318524602,"CH1":0.8594148490543038}