{"MV1":0.6352913695228002,"MV3":0.658317945220436,"CH1":0.7002551901163486}