{"MV1":0.5655207326613033,"MV3":0.12103886689451349,"CH1":0.9021829701565915}