{"MV1":0.7557374819947645,"MV3":0.5638781905186709,"CH1":0.38813390934068237}