{"MV1":0.42891040289826055,"MV3":0.3626768725973474,"CH1":0.12193341105281541}