{"MV1":0.19651489794002974,"MV3":0.7670419651552148,"CH1":0.776597301672196}