{"MV1":0.3608146959408105,"MV3":0.11396398117745998,"CH1":0.11497608360989164}