{"MV1":0.9940125129622255,"MV3":0.2532916547472217,"CH1":0.7470534097916717}