{"MV1":0.8435502108190813,"MV3":0.11505833526950471,"CH1":0.2516894813908589}