{"MV1":0.3911254374097546,"MV3":0.6405774324102728,"CH1":0.6914060634723658}