{"MV1":0.4018878092159076,"MV3":0.14280221762600376,"CH1":0.4232260935384513}