{"MV1":0.4546798510861644,"MV3":0.017779066222319617,"CH1":0.3681985089457601}