{"MV1":0.7528795487819494,"MV3":0.902831002469228,"CH1":0.31897777385599235}