{"MV1":0.055428182980873264,"MV3":0.3150119647968532,"CH1":0.6887850939252502}