{"MV1":0.7912167553542725,"MV3":0.37475634028912386,"CH1":0.3950634836210949}