{"MV1":0.873411968414738,"MV3":0.5503491066236682,"CH1":0.01126839633673793}