{"MV1":0.6473291232927583,"MV3":0.9555829668961974,"CH1":0.13017330673623206}