{"MV1":0.48341119890924544,"MV3":0.4062600364645852,"CH1":0.9011885774264313}