{"MV1":0.942289762073056,"MV3":0.296710191779306,"CH1":0.2920757642886542}