{"MV1":0.7919803539170834,"MV3":0.8447918126169007,"CH1":0.9671008942448094}