{"MV1":0.42545805830616124,"MV3":0.9335083139441362,"CH1":0.9678090967319654}