{"MV1":0.32624738595929514,"MV3":0.815136658391065,"CH1":0.6859083242473448}