{"MV1":0.30416788954245977,"MV3":0.9042937564867198,"CH1":0.5940104251697423}