{"MV1":0.642529773860188,"MV3":0.6710642684704681,"CH1":0.5120984062146531}