{"MV1":0.9906949380270361,"MV3":0.025848488714451445,"CH1":0.01633676540447171}