{"MV1":0.8588747682570402,"MV3":0.2815534642522699,"CH1":0.25232408498407}