{"MV1":0.6966918794220226,"MV3":0.024269276723111854,"CH1":0.1927423989649827}