{"MV1":0.4984117902022539,"MV3":0.29331132155037154,"CH1":0.8182129263116527}