{"MV1":0.7041041643487915,"MV3":0.42487139925127704,"CH1":0.5525832441229293}