{"MV1":0.7790793092229812,"MV3":0.20254726438973736,"CH1":0.8066841329045111}