{"MV1":0.6564102389531155,"MV3":0.5161461882214853,"CH1":0.5981813972790297}