{"MV1":0.3895937920593878,"MV3":0.8924338732924758,"CH1":0.978224997679314}