{"MV1":0.9378853096309671,"MV3":0.4194516090243552,"CH1":0.20951763220643338}