{"MV1":0.8974807617308783,"MV3":0.999231434055057,"CH1":0.06439311373739465}