{"MV1":0.2208515411094547,"MV3":0.7234427673702277,"CH1":0.5209902077732835}