{"MV1":0.45415745916899697,"MV3":0.3190741721231386,"CH1":0.128090125998909}