{"MV1":0.21448583873708227,"MV3":0.48713071550454046,"CH1":0.14057498920843225}