{"MV1":0.2399970074133856,"MV3":0.7576207631710369,"CH1":0.11987120595464074}