{"MV1":0.9417153767630777,"MV3":0.10889390441391267,"CH1":0.7019132904968897}