{"MV1":0.05272707230762386,"MV3":0.23188528785107154,"CH1":0.6739317734195996}