{"MV1":0.6021561572450264,"MV3":0.23373675072899258,"CH1":0.20694694704885275}