{"MV1":0.26882196006236314,"MV3":0.03676699385464477,"CH1":0.9704228888874128}