{"MV1":0.9386654599398515,"MV3":0.48070696389216494,"CH1":0.18387567169692776}