{"MV1":0.7510962167985402,"MV3":0.5574677862198778,"CH1":0.15401296258091013}