{"MV1":0.22409951377580706,"MV3":0.9023590977330519,"CH1":0.5736604127690634}