{"MV1":0.5067951239774959,"MV3":0.5194146666221205,"CH1":0.8813597298709417}