{"MV1":0.8803301453855803,"MV3":0.22737377611301368,"CH1":0.006435293300116385}