{"MV1":0.8343676713258529,"MV3":0.36344515214059236,"CH1":0.41099143367423385}