{"MV1":0.38140769798502727,"MV3":0.8806992194031318,"CH1":0.22368335079676582}