{"MV1":0.3907020003274081,"MV3":0.8227356869958293,"CH1":0.7006397384212144}