{"MV1":0.06665503352448066,"MV3":0.34721269166084634,"CH1":0.14472720746942658}