{"MV1":0.4648276588393936,"MV3":0.7576257840072753,"CH1":0.9842390870591848}