{"MV1":0.2744061046948736,"MV3":0.45417817138576577,"CH1":0.7484334312621543}