{"MV1":0.6263893839836358,"MV3":0.6256143850866177,"CH1":0.8944302136912341}