{"MV1":0.7205895427214298,"MV3":0.6756932617244792,"CH1":0.9641872693625383}