{"MV1":0.1303633711004497,"MV3":0.5548004238122454,"CH1":0.7276745335915586}