{"MV1":0.8382071624276123,"MV3":0.421988653936169,"CH1":0.8778429469219374}