{"MV1":0.6709517520401965,"MV3":0.9765546605611239,"CH1":0.41373941823282623}