{"MV1":0.1698230680811229,"MV3":0.13828341690419632,"CH1":0.32178747667489027}