{"MV1":0.15233301828940216,"MV3":0.6071830647164743,"CH1":0.3102223511750287}