{"MV1":0.8211270706118181,"MV3":0.9124641768516594,"CH1":0.9857567641875143}