{"MV1":0.5246315629108848,"MV3":0.47872520086043413,"CH1":0.11486064485500547}