{"MV1":0.8932425974630047,"MV3":0.28422768868438353,"CH1":0.4490725308873187}