{"MV1":0.2781766363833432,"MV3":0.46539613271219615,"CH1":0.561416369192939}