{"MV1":0.9687577705762006,"MV3":0.36097758248231926,"CH1":0.6828142809562159}