{"MV1":0.6626872433286232,"MV3":0.6586792064544453,"CH1":0.5916175342473998}