{"MV1":0.4036540394229293,"MV3":0.6929466447858331,"CH1":0.6644187243289011}