{"MV1":0.07380360070788994,"MV3":0.12340020079278569,"CH1":0.7904514424486916}