{"MV1":0.30847561887868824,"MV3":0.33392010979556297,"CH1":0.2867035899170971}