{"MV1":9.989096104900952e-05,"MV3":0.8463224704981946,"CH1":0.5304995430221116}