{"MV1":0.16009278257579407,"MV3":0.5677644687125126,"CH1":0.5954146512228021}