{"MV1":0.6855726893360639,"MV3":0.6131963671212468,"CH1":0.6301518108659184}