{"MV1":0.12002376704354556,"MV3":0.9924312588479803,"CH1":0.5758277512882644}