{"MV1":0.08904139780617226,"MV3":0.07799103818717434,"CH1":0.924143448337689}