{"MV1":0.29555151439973004,"MV3":0.31171337357432005,"CH1":0.36543855793687563}