{"MV1":0.5441306554196488,"MV3":0.6323372988237561,"CH1":0.9137663602590129}