{"MV1":0.8400447644024531,"MV3":0.7950736750792057,"CH1":0.6665448657635922}