{"MV1":0.4510691373830774,"MV3":0.19585508471300095,"CH1":0.3476272987697665}