{"MV1":0.13436174262738942,"MV3":0.007917741787568988,"CH1":0.813802312982489}