{"MV1":0.3091419651866747,"MV3":0.5209058414195538,"CH1":0.4536944932715522}