{"MV1":0.09801478210606396,"MV3":0.028046022600232257,"CH1":0.5787310295470317}