{"MV1":0.5107823902237248,"MV3":0.5686321666551095,"CH1":0.4868710847368388}