{"MV1":0.09874908961545825,"MV3":0.48750518441857515,"CH1":0.6591301685019099}