{"MV1":0.10651276416342026,"MV3":0.5402781668470327,"CH1":0.8114267236245397}