{"MV1":0.8944666334865133,"MV3":0.4141558335873482,"CH1":0.580434359471604}