{"MV1":0.7717675215838867,"MV3":0.07614949908412227,"CH1":0.9984846602225944}