{"MV1":0.3544656854021049,"MV3":0.7464483210256531,"CH1":0.5605241834116127}