{"MV1":0.27652538010310923,"MV3":0.7947243638342131,"CH1":0.8730224947636592}