{"MV1":0.4831051012034383,"MV3":0.7912951527242821,"CH1":0.22214514863593726}