{"MV1":0.08584867367697524,"MV3":0.987163937560022,"CH1":0.48298225069569234}