{"MV1":0.2842880704367694,"MV3":0.11801400485611069,"CH1":0.8099203411660143}