{"MV1":0.8760208238141851,"MV3":0.6781899025229787,"CH1":0.026353700690710524}