{"MV1":0.1230631566958118,"MV3":0.09598321276425559,"CH1":0.8686148035723152}