{"MV1":0.40695895803499027,"MV3":0.43445698987189085,"CH1":0.8088504537949414}