{"MV1":0.6614891298489819,"MV3":0.44918849888207957,"CH1":0.6934598786120174}