{"MV1":0.3233765844137103,"MV3":0.501529286322371,"CH1":0.901555347375499}