{"MV1":0.8549000473124839,"MV3":0.2761632058634207,"CH1":0.33995375005295914}