{"MV1":0.959402949683185,"MV3":0.926487669786579,"CH1":0.8959492860825043}