{"MV1":0.3055772542252061,"MV3":0.5869723019957406,"CH1":0.15326953506001428}