{"MV1":0.13513358939507036,"MV3":0.6175407772334628,"CH1":0.8788797012340146}