{"MV1":0.9386529985664828,"MV3":0.4528818913852113,"CH1":0.8876622119179787}