{"MV1":0.2236086900618025,"MV3":0.9985830008288797,"CH1":0.2594828819224283}