{"MV1":0.6553476723994098,"MV3":0.055746490415100824,"CH1":0.6909645064745348}