{"MV1":0.23232162560672398,"MV3":0.29129496023963786,"CH1":0.02850237799031241}