{"MV1":0.7255538802024708,"MV3":0.4601545988531913,"CH1":0.6582116880406411}