{"MV1":0.061497285344026875,"MV3":0.8219991599298073,"CH1":0.2034206041862161}