{"MV1":0.0662129037349487,"MV3":0.6375803674118604,"CH1":0.5950911704039002}