{"MV1":0.9442418256589217,"MV3":0.39040892318853904,"CH1":0.44832683086726166}