{"MV1":0.3555423221687126,"MV3":0.6394846960952731,"CH1":0.3328223536636832}