{"MV1":0.6436964237230852,"MV3":0.6648597548589991,"CH1":0.8548583347182817}