{"MV1":0.8921354942842346,"MV3":0.5627529970833313,"CH1":0.4233061279262609}