{"MV1":0.6668917854421313,"MV3":0.05347237249320891,"CH1":0.3810775331839489}