{"MV1":0.8074496308735692,"MV3":0.28237241560540327,"CH1":0.8149255371778238}