{"MV1":0.9490422828579081,"MV3":0.4870696105413155,"CH1":0.7800373355656706}