{"MV1":0.9299478999805366,"MV3":0.37571385658760936,"CH1":0.5053171497903655}