{"MV1":0.1900266444736487,"MV3":0.4952638808365738,"CH1":0.5572445659501384}