{"MV1":0.24130976374293933,"MV3":0.5559592996314947,"CH1":0.48038138555886534}