{"MV1":0.17125949073189872,"MV3":0.8323723965967805,"CH1":0.3828995602332177}