{"MV1":0.6997761432582482,"MV3":0.2255816421846829,"CH1":0.49047331469172817}