{"MV1":0.9974312262173741,"MV3":0.17777295541317906,"CH1":0.806924223200678}