{"MV1":0.8529637794551926,"MV3":0.8744493893625792,"CH1":0.012505721857183905}