{"MV1":0.6562584578204417,"MV3":0.7681598578235511,"CH1":0.6562535042002945}