{"MV1":0.24197640529855569,"MV3":0.2985863337299014,"CH1":0.7009427993318497}