{"MV1":0.27606593633580034,"MV3":0.8591707920203018,"CH1":0.31064646826662645}