{"MV1":0.2946731301741593,"MV3":0.4676892196098955,"CH1":0.5768898834288005}