{"MV1":0.7621090180333056,"MV3":0.9601282210678425,"CH1":0.8118732347889837}