{"MV1":0.8699100041892401,"MV3":0.6459239950859599,"CH1":0.30817726009753255}