{"MV1":0.03575139106662595,"MV3":0.6238105946197565,"CH1":0.1631424985227038}