{"MV1":0.3502819484191392,"MV3":0.4501337207864473,"CH1":0.37987994427697314}