{"MV1":0.7882449318006005,"MV3":0.18530433334695495,"CH1":0.6381935828636914}