{"MV1":0.3013430404674722,"MV3":0.9917620368980288,"CH1":0.7761514443058638}