{"MV1":0.9958818232265355,"MV3":0.9006358544909095,"CH1":0.33111668967374064}