{"MV1":0.6379984215185636,"MV3":0.25616155374853555,"CH1":0.19757954526869093}