{"MV1":0.9780610522858395,"MV3":0.7681960248817375,"CH1":0.38224549587887413}