{"MV1":0.5990936572511375,"MV3":0.15551992080136068,"CH1":0.24990155543440384}