{"MV1":0.8481027743231716,"MV3":0.8830036946079778,"CH1":0.018097925815470317}