{"MV1":0.7906065697499792,"MV3":0.18436352329850736,"CH1":0.17897986843302072}