{"MV1":0.8631479177540108,"MV3":0.21473607971674924,"CH1":0.9684767865553342}