{"MV1":0.6408241046569274,"MV3":0.6522520966316172,"CH1":0.9391781285925972}