{"MV1":0.2832167867012322,"MV3":0.09215147009872626,"CH1":0.6213083515693989}