{"MV1":0.1500884309070234,"MV3":0.23648835641707877,"CH1":0.9508301454599911}