{"MV1":0.9979236257850302,"MV3":0.9609132214803263,"CH1":0.6807337829359092}