{"MV1":0.04055866613280934,"MV3":0.7087300801185001,"CH1":0.3756052560639186}