{"MV1":0.8527366458116402,"MV3":0.933306690837193,"CH1":0.26646614539406166}