{"MV1":0.8228645296531923,"MV3":0.7834508101359319,"CH1":0.5358079895216934}