{"MV1":0.284514811837172,"MV3":0.48718020046950117,"CH1":0.5363395621635357}