{"MV1":0.6710020036867234,"MV3":0.5388096578918062,"CH1":0.9537595784193719}