{"MV1":0.2186005204456275,"MV3":0.9278256743640501,"CH1":0.6768926403962}