{"MV1":0.7866574821096942,"MV3":0.8321766410003129,"CH1":0.7595286919908896}