{"MV1":0.5898456673690755,"MV3":0.17686546664391145,"CH1":0.5965242586490541}