{"MV1":0.5637458634667214,"MV3":0.767398778121124,"CH1":0.5732366992774834}