{"MV1":0.00582709932838732,"MV3":0.7925070176408848,"CH1":0.2680408654250568}