{"MV1":0.857964009899379,"MV3":0.5696447279034157,"CH1":0.9338991983388422}