{"MV1":0.4747466372989553,"MV3":0.5700686193703369,"CH1":0.24920132625259306}