{"MV1":0.23186942855785375,"MV3":0.20264977126674089,"CH1":0.8330021116598539}