{"MV1":0.37734439829605393,"MV3":0.10137503379531199,"CH1":0.0766520137266703}