{"MV1":0.26381025693061066,"MV3":0.27450766837708585,"CH1":0.6327962361124261}