{"MV1":0.7559242895508076,"MV3":0.8360175983842927,"CH1":0.7561805376741986}