{"MV1":0.3111037800440891,"MV3":0.08927880843166525,"CH1":0.37119189940560515}