{"MV1":0.2727599315908493,"MV3":0.8504746200393762,"CH1":0.11753760235681143}