{"MV1":0.9836117996257524,"MV3":0.8332801152039057,"CH1":0.27116216004383586}