{"MV1":0.47750019496333895,"MV3":0.9396084937113328,"CH1":0.34943356549439086}