{"MV1":0.057752124092901536,"MV3":0.8170728589197309,"CH1":0.4893889828242357}