{"MV1":0.18088226689322673,"MV3":0.9523291058052175,"CH1":0.5653631227814829}