{"MV1":0.5595668145726174,"MV3":0.5915593231346093,"CH1":0.8529329073162457}