{"MV1":0.5307246441547865,"MV3":0.8153328070920499,"CH1":0.35248196636427076}