{"MV1":0.5524608956804676,"MV3":0.8795600030680605,"CH1":0.17275442069029745}