{"MV1":0.4745733217759385,"MV3":0.8384037107721172,"CH1":0.03556609916349851}