{"MV1":0.938252256783011,"MV3":0.6000837526092009,"CH1":0.2713222116068993}