{"MV1":0.953088055568926,"MV3":0.5637279312315774,"CH1":0.49568010330213275}