{"MV1":0.44483065244294895,"MV3":0.8012634579528923,"CH1":0.9922557545053544}