{"MV1":0.36519507955625585,"MV3":0.3747761660005018,"CH1":0.9064361781362548}