{"MV1":0.824721663718583,"MV3":0.7744965881828658,"CH1":0.6473000757804548}