{"MV1":0.8573548757968343,"MV3":0.7803361115906213,"CH1":0.6073652034217365}