{"MV1":0.9937952785100713,"MV3":0.8977096473065271,"CH1":0.06803078424499953}