{"MV1":0.6725528486512946,"MV3":0.6520485449877267,"CH1":0.09598774906077323}