{"MV1":0.7859019192505607,"MV3":0.12854554701801146,"CH1":0.13040686713670135}