{"MV1":0.1330521932749128,"MV3":0.6290563132543779,"CH1":0.41452945853028633}