{"MV1":0.4935174615328446,"MV3":0.8417302083877263,"CH1":0.07057121700363311}