{"MV1":0.18301824298243852,"MV3":0.469118123427842,"CH1":0.1340478763273808}