{"MV1":0.5129447308743118,"MV3":0.3451553546638858,"CH1":0.1913650969152877}