{"MV1":0.971063130197593,"MV3":0.6813922713821465,"CH1":0.9078402897212622}