{"MV1":0.597366713675805,"MV3":0.048566083581748076,"CH1":0.18779896479941383}