{"MV1":0.7575394783506899,"MV3":0.9342098292192786,"CH1":0.9164719279866886}