{"MV1":0.12352450101052359,"MV3":0.40508686302005514,"CH1":0.8579835254389596}