{"MV1":0.0620761792979001,"MV3":0.4461899123378894,"CH1":0.009634095216545568}