{"MV1":0.38251063651353223,"MV3":0.3720323454866712,"CH1":0.2622598424935165}