{"MV1":0.0643084436199628,"MV3":0.4454320277517637,"CH1":0.6480753280603523}