{"MV1":0.9185521923686545,"MV3":0.2308431017503394,"CH1":0.6044463533353619}