{"MV1":0.307252219260821,"MV3":0.24006932946525927,"CH1":0.25685850242022545}