{"MV1":0.4571028025124485,"MV3":0.2657984567255435,"CH1":0.0926439546601957}