{"MV1":0.06787185880847468,"MV3":0.8146636470289091,"CH1":0.767311149976183}