{"MV1":0.0899056134454056,"MV3":0.274986130866666,"CH1":0.943649642573142}