{"MV1":0.5442157878827263,"MV3":0.022370976178549218,"CH1":0.3960131349754562}