{"MV1":0.8811958375201715,"MV3":0.5862072151303754,"CH1":0.8653277917873657}