{"MV1":0.22712494970946118,"MV3":0.8484364576002162,"CH1":0.8852870988663174}