{"MV1":0.5653387098007144,"MV3":0.9631747981745701,"CH1":0.870914376925507}