{"MV1":0.7648901014123588,"MV3":0.03300191807457009,"CH1":0.02902982703636492}