{"MV1":0.5799729485460059,"MV3":0.06484557547562686,"CH1":0.41400647019921377}