{"MV1":0.8871160193654022,"MV3":0.6642024832523933,"CH1":0.07611425338335398}