{"MV1":0.07015602927597986,"MV3":0.10620117754464531,"CH1":0.07815812759713081}