{"MV1":0.36427999674008593,"MV3":0.31058831319914815,"CH1":0.6811248680584666}