{"MV1":0.766639519983476,"MV3":0.5554941158048642,"CH1":0.8690436706083857}