{"MV1":0.8278789303760711,"MV3":0.7411468705061279,"CH1":0.002116876311983873}