{"MV1":0.7363502941282567,"MV3":0.792599979189429,"CH1":0.11947179391805196}