{"MV1":0.680209234911159,"MV3":0.8993764625114659,"CH1":0.5824980731767339}