{"MV1":0.4571513064546048,"MV3":0.9489241577677461,"CH1":0.509888162066347}