{"MV1":0.7930524154881361,"MV3":0.25240101379258406,"CH1":0.4370675766261205}