{"MV1":0.8411927248220271,"MV3":0.13740487230735732,"CH1":0.7343236200596622}