{"MV1":0.893236885490582,"MV3":0.913923091588624,"CH1":0.22712051416132928}