{"MV1":0.7161568999913158,"MV3":0.3793774837945876,"CH1":0.16305914768945073}