{"MV1":0.5551649675659605,"MV3":0.03378563333810791,"CH1":0.9691920852424148}