{"MV1":0.5453474457250788,"MV3":0.6716203368074893,"CH1":0.48462652498065284}