{"MV1":0.7105724775894299,"MV3":0.6340282478073329,"CH1":0.029247747413356118}