{"MV1":0.923361206901919,"MV3":0.9235482752373652,"CH1":0.9221591893480472}