{"MV1":0.3726416793597004,"MV3":0.7353188469886063,"CH1":0.6084515994555785}