{"MV1":0.19021346669574712,"MV3":0.8563666566479009,"CH1":0.12792451738260457}