{"MV1":0.6726217779059791,"MV3":0.44277913816711345,"CH1":0.4692976838093844}