{"MV1":0.9097936698116161,"MV3":0.6930622851075997,"CH1":0.8058289651882957}