{"MV1":0.7119237301948947,"MV3":0.04782548259589492,"CH1":0.0303045681796853}