{"MV1":0.6183519352843208,"MV3":0.3938335214676091,"CH1":0.15780583305109297}