{"MV1":0.9854193942157118,"MV3":0.5042199654935082,"CH1":0.38833860832075895}