{"MV1":0.13697963844392924,"MV3":0.5420291149599001,"CH1":0.12765665434539897}