{"MV1":0.3535615986328079,"MV3":0.9314741417258576,"CH1":0.3000864970867122}