{"MV1":0.9169649154553595,"MV3":0.5127322501328052,"CH1":0.14201511953454138}