{"MV1":0.6281875851168974,"MV3":0.18420469489639368,"CH1":0.8053483448853533}