{"MV1":0.3819345597691616,"MV3":0.8974700563739995,"CH1":0.3683742631857637}