{"MV1":0.5834630749450551,"MV3":0.2419615354495065,"CH1":0.7558946925482463}