{"MV1":0.572174247727322,"MV3":0.34651798802256284,"CH1":0.8271522322965584}