{"MV1":0.41263956151721515,"MV3":0.08712722712709309,"CH1":0.3543687653020279}