{"MV1":0.97448558310715,"MV3":0.1850778882019719,"CH1":0.579603973527177}