{"MV1":0.3722940511406654,"MV3":0.9104975219948932,"CH1":0.6181061924375637}