{"MV1":0.735386202283008,"MV3":0.052178081199714677,"CH1":0.29149729542856273}