{"MV1":0.4969254883981975,"MV3":0.2524913703969479,"CH1":0.4124274176381715}