{"MV1":0.7355542930261153,"MV3":0.7566962428035089,"CH1":0.43028948462057803}