{"MV1":0.35825132170580876,"MV3":0.34838735499015117,"CH1":0.04527434580024503}