{"MV1":0.9790050773163212,"MV3":0.3938985382036947,"CH1":0.1563208635826514}