{"MV1":0.8931638553432661,"MV3":0.9931283090907104,"CH1":0.32988640431434435}