{"MV1":0.6167815752870496,"MV3":0.6793521518365221,"CH1":0.4018630034211904}