{"MV1":0.26444566128456526,"MV3":0.4897815386269775,"CH1":0.7271519499076143}