{"MV1":0.6400118927962545,"MV3":0.5842256025082851,"CH1":0.20787819520166773}