{"MV1":0.37740786548444527,"MV3":0.25146484827425797,"CH1":0.6577981500961073}