{"MV1":0.37523805432785384,"MV3":0.07228695373262617,"CH1":0.8374539438642908}