{"MV1":0.6732527101677843,"MV3":0.022268701196915708,"CH1":0.8406005439378735}