{"MV1":0.5676459109310307,"MV3":0.28926214588946586,"CH1":0.3833446033262162}