{"MV1":0.49587174215065777,"MV3":0.5939266375213618,"CH1":0.2622945035142611}