{"MV1":0.23026613760509196,"MV3":0.7561542159167424,"CH1":0.11767199787373983}