{"MV1":0.6345326332098931,"MV3":0.387537883291722,"CH1":0.5442054550590152}