{"MV1":0.5102132876511992,"MV3":0.8710714191212645,"CH1":0.9348473873074397}