{"MV1":0.322355826405459,"MV3":0.6026683314765748,"CH1":0.790053177080811}