{"MV1":0.3252555699738292,"MV3":0.5552116845154162,"CH1":0.11136746427262156}