{"MV1":0.5139479290878372,"MV3":0.11688635422542759,"CH1":0.9022980981131352}