{"MV1":0.9092997410098149,"MV3":0.2034241536520912,"CH1":0.4232969339682534}