{"MV1":0.6391924295893576,"MV3":0.30654476671688824,"CH1":0.7427500304053851}