{"MV1":0.19721924593075923,"MV3":0.27728694568685763,"CH1":0.69492915483795}