{"MV1":0.45303968523848637,"MV3":0.3051967034151709,"CH1":0.8601588480351887}