{"MV1":0.9045528616538153,"MV3":0.5511579021696401,"CH1":0.0717714715342116}