{"MV1":0.41238577480456096,"MV3":0.4134259788089075,"CH1":0.7737590695456728}