{"MV1":0.8627085678149944,"MV3":0.479239974232775,"CH1":0.7557472792096593}