{"MV1":0.9243302755541892,"MV3":0.09231696775894094,"CH1":0.7074907388270748}