{"MV1":0.9620254969634536,"MV3":0.18274303171734618,"CH1":0.7280875880269775}