{"MV1":0.8557926321476075,"MV3":0.1775512751247903,"CH1":0.3772414080261898}