{"MV1":0.792204029715213,"MV3":0.06605581988248299,"CH1":0.39738645440499754}