{"MV1":0.24243881406686063,"MV3":0.7297185510588206,"CH1":0.07710911568628265}