{"MV1":0.5990763920719523,"MV3":0.3725551742546215,"CH1":0.8191822336168634}