{"MV1":0.7182516560278129,"MV3":0.5173155836698541,"CH1":0.8100805991647698}