{"MV1":0.42405549941891907,"MV3":0.7729838153636435,"CH1":0.9850193543359997}