{"MV1":0.16095707910521673,"MV3":0.20982960110784044,"CH1":0.12342782842825872}