{"MV1":0.7338824683384182,"MV3":0.04317019401762501,"CH1":0.30950618194046675}