{"MV1":0.2472957876023698,"MV3":0.5232304567874352,"CH1":0.05231927485640797}