{"MV1":0.9769333724858832,"MV3":0.31181735409356615,"CH1":0.2360911312015458}