{"MV1":0.784981827374194,"MV3":0.004461156530920496,"CH1":0.8974130226774839}