{"MV1":0.5516204734489072,"MV3":0.9938213412169453,"CH1":0.6186661631263211}