{"MV1":0.2885579332976812,"MV3":0.10158744951411636,"CH1":0.20139122379639662}