{"MV1":0.06342820332288779,"MV3":0.6623855552683701,"CH1":0.2802568145638501}