{"MV1":0.2699518079613201,"MV3":0.20700586771750762,"CH1":0.02342287593239678}