{"MV1":0.588380236186109,"MV3":0.8953236988172362,"CH1":0.2662069437891502}