{"MV1":0.11750024368306033,"MV3":0.856332080564144,"CH1":0.6465494300120692}