{"MV1":0.027931981423629737,"MV3":0.7853481120999348,"CH1":0.8438412320848379}