{"MV1":0.0936219813435828,"MV3":0.8090072696549675,"CH1":0.9981575602177043}