{"MV1":0.7578212568992265,"MV3":0.31846903834835216,"CH1":0.991445849776166}