{"MV1":0.12005548918649245,"MV3":0.12110601812805888,"CH1":0.8806246376382213}