{"MV1":0.7498023982678197,"MV3":0.9944448392504308,"CH1":0.43492090338242184}