{"MV1":0.09658781748629486,"MV3":0.09673591148389815,"CH1":0.37428756375822914}