{"MV1":0.2229426396563161,"MV3":0.36423771082611844,"CH1":0.9185580009452433}