{"MV1":0.7573658567649455,"MV3":0.25902838294979436,"CH1":0.5953698360400883}