{"MV1":0.31380245249152205,"MV3":0.35909981603142604,"CH1":0.160867725569257}