{"MV1":0.056170086360724736,"MV3":0.32905420226633375,"CH1":0.9729623353387591}