{"MV1":0.30485342721663233,"MV3":0.7120806101232037,"CH1":0.6068479863813891}