{"MV1":0.114046032866156,"MV3":0.6205005990136285,"CH1":0.686970712119525}