{"MV1":0.5670663124688949,"MV3":0.4042582627275304,"CH1":0.4150310791021158}