{"MV1":0.6326822660517305,"MV3":0.29020261919875934,"CH1":0.9238674641166003}