{"MV1":0.9540601051644717,"MV3":0.5676461726696848,"CH1":0.6001258608307994}