{"MV1":0.7196745500890179,"MV3":0.38861381940688167,"CH1":0.08241890719985245}