{"MV1":0.5978058105778936,"MV3":0.12788921759841432,"CH1":0.48448732164727404}