{"MV1":0.6595160689338772,"MV3":0.34473508802871455,"CH1":0.5195875111587688}