{"MV1":0.151661594015149,"MV3":0.7299085785664882,"CH1":0.9414127696158192}