{"MV1":0.6207500549087188,"MV3":0.8555183141881026,"CH1":0.8789628857884919}