{"MV1":0.49862494418997816,"MV3":0.09623251456672277,"CH1":0.003989772680740411}