{"MV1":0.035489366187224314,"MV3":0.1294431244237395,"CH1":0.40374683394231703}