{"MV1":0.6740650622854311,"MV3":0.5114878431205034,"CH1":0.6812149778340592}