{"MV1":0.9877508744725687,"MV3":0.4766695805147029,"CH1":0.7262551897931713}