{"MV1":0.23793604584304384,"MV3":0.8581385106797152,"CH1":0.3980844494657738}