{"MV1":0.43606239401570435,"MV3":0.8197472494233232,"CH1":0.21658985675808595}