{"MV1":0.3108110135194744,"MV3":0.5890054132737966,"CH1":0.9660034370741399}