{"MV1":0.590400306505391,"MV3":0.023755481393830102,"CH1":0.2919232508136881}