{"MV1":0.3877768138683094,"MV3":0.8310187061755214,"CH1":0.8515364399796436}