{"MV1":0.7428046791316382,"MV3":0.8525221369468737,"CH1":0.16608382635338215}