{"MV1":0.7884526545009252,"MV3":0.6622783076900967,"CH1":0.8418199407635197}