{"MV1":0.6982550758539223,"MV3":0.2904620909602835,"CH1":0.08394408780948537}