{"MV1":0.8932226845612679,"MV3":0.17850627591990964,"CH1":0.7357192159655385}