{"MV1":0.33898740179877507,"MV3":0.2930434019409528,"CH1":0.561541669529882}