{"MV1":0.2603959225650272,"MV3":0.8114133310925442,"CH1":0.4951910568069139}