{"MV1":0.976058674998357,"MV3":0.18692082994280934,"CH1":0.7815598697289943}