{"MV1":0.8347823558841418,"MV3":0.2222353628755681,"CH1":0.9809766232957403}