{"MV1":0.8329052272288255,"MV3":0.770045880619374,"CH1":0.9349896750302624}