{"MV1":0.02296836313788919,"MV3":0.5947864607368251,"CH1":0.20704543610931714}