{"MV1":0.9476679003942692,"MV3":0.4662219887950889,"CH1":0.6243960673899238}