{"MV1":0.0466525252696397,"MV3":0.10706457313869266,"CH1":0.04370912215135869}