{"MV1":0.7093254729480014,"MV3":0.13846252331925202,"CH1":0.6472066623258584}