{"MV1":0.017409224442157867,"MV3":0.645679541025428,"CH1":0.14785753843465932}