{"MV1":0.08437801619037488,"MV3":0.5598081141511951,"CH1":0.04832201334880404}