{"MV1":0.9479479605423489,"MV3":0.5216962493084563,"CH1":0.5643307048282974}