{"MV1":0.8945030308401697,"MV3":0.17276097062354423,"CH1":0.2737140626539635}