{"MV1":0.711364911864095,"MV3":0.9051670926771086,"CH1":0.8325611765680276}