{"MV1":0.2140107344167015,"MV3":0.6473562876808608,"CH1":0.9553502775807089}