{"MV1":0.15552845889046496,"MV3":0.07220651816601131,"CH1":0.16605129401528385}