{"MV1":0.3439117161130082,"MV3":0.6945994641916762,"CH1":0.1062422360280747}