{"MV1":0.23575220188877766,"MV3":0.33517529167223326,"CH1":0.11409217977580699}