{"MV1":0.6536116753973538,"MV3":0.870367397041705,"CH1":0.7722788696482009}