{"MV1":0.7142227936359166,"MV3":0.46238522778607216,"CH1":0.6852463823137828}