{"MV1":0.1252759336518705,"MV3":0.9057516879880536,"CH1":0.9655299180613812}