{"MV1":0.9148249577850762,"MV3":0.6373118084659903,"CH1":0.6145632818765697}