{"MV1":0.553384926375873,"MV3":0.2529830715537862,"CH1":0.283733116932951}