{"MV1":0.5273327700048078,"MV3":0.3945684779313905,"CH1":0.8079024555832977}