{"MV1":0.057007673665985026,"MV3":0.19209045129627667,"CH1":0.5977568688987992}