{"MV1":0.3919758885312524,"MV3":0.31599810783797777,"CH1":0.27556346603439175}