{"MV1":0.5831829718336815,"MV3":0.4480686536743682,"CH1":0.7674154810656205}