{"MV1":0.07587020469501493,"MV3":0.13412005247420733,"CH1":0.33953142864540564}