{"MV1":0.14131261439411347,"MV3":0.5423363538910413,"CH1":0.3175493551490154}