{"MV1":0.6889979967535187,"MV3":0.4676228941899997,"CH1":0.35227843645050716}