{"MV1":0.4611797753787693,"MV3":0.43145312683376125,"CH1":0.6676236620516596}