{"MV1":0.40637176879618087,"MV3":0.13468056293578878,"CH1":0.11800893656835121}