{"MV1":0.054060657471203255,"MV3":0.44397159673491815,"CH1":0.3585779818955539}