{"MV1":0.6999813424621338,"MV3":0.3061108002572903,"CH1":0.0009628224732923796}