{"MV1":0.02069787893002195,"MV3":0.9557742320890702,"CH1":0.7003453346398879}