{"MV1":0.06407486229502812,"MV3":0.14389441701796313,"CH1":0.4170444287379348}