{"MV1":0.8492318561595262,"MV3":0.23512508492722706,"CH1":0.4882362608686609}