{"MV1":0.6921750741159176,"MV3":0.4311435583862473,"CH1":0.7041996561119193}