{"MV1":0.2740741287588351,"MV3":0.32927189744550356,"CH1":0.66201943295337}