{"MV1":0.05607857136225103,"MV3":0.16833385823424452,"CH1":0.016479386946924857}