{"MV1":0.27936370808982613,"MV3":0.8400627000811033,"CH1":0.7008414331986094}