{"MV1":0.5470935547957105,"MV3":0.24432489732042562,"CH1":0.6267564968159004}