{"MV1":0.5215792818349867,"MV3":0.30293686677373366,"CH1":0.45334894733180453}