{"MV1":0.12600806721456148,"MV3":0.833022924456678,"CH1":0.2676368076885369}