{"MV1":0.14118818172397218,"MV3":0.995673114423813,"CH1":0.32103935248955884}