{"MV1":0.11072213829427868,"MV3":0.09808130073333943,"CH1":0.28181228333785124}