{"MV1":0.723318933464055,"MV3":0.5800078156370527,"CH1":0.9667511027971973}