{"MV1":0.8311190252292853,"MV3":0.55575862283104,"CH1":0.8485781300852928}