{"MV1":0.1701490689338403,"MV3":0.7345822262242595,"CH1":0.9549210162689378}