{"MV1":0.3245041953780764,"MV3":0.8455258108555695,"CH1":0.6828011370378095}