{"MV1":0.24259432469796738,"MV3":0.9253169441199768,"CH1":0.7800304354696596}