{"MV1":0.903846187396442,"MV3":0.8230970481191081,"CH1":0.8854474851281466}