{"MV1":0.5702278627573365,"MV3":0.8321268268329186,"CH1":0.9189146574016427}