{"MV1":0.8301687251973697,"MV3":0.06737149977431323,"CH1":0.8463032674876705}