{"MV1":0.8145381586172704,"MV3":0.24425210867821923,"CH1":0.3210539519481802}