{"MV1":0.08466852197523889,"MV3":0.6490072016545715,"CH1":0.6923091370241129}