{"MV1":0.12297677586406719,"MV3":0.6269814593218221,"CH1":0.9460832220764728}