{"MV1":0.923183477773941,"MV3":0.07850489030019381,"CH1":0.260697958075951}