{"MV1":0.9156909635537965,"MV3":0.17459957518774583,"CH1":0.05957486976794524}