{"MV1":0.15557056488129528,"MV3":0.22040955658068673,"CH1":0.8117021168133166}