{"MV1":0.021691898414626043,"MV3":0.5428775644513731,"CH1":0.3677581798778642}