{"MV1":0.39358917941218785,"MV3":0.4668826536688594,"CH1":0.6584458545617591}