{"MV1":0.8745505419704285,"MV3":0.6616349999075963,"CH1":0.661338508584315}