{"MV1":0.2627283998866611,"MV3":0.5120578111965279,"CH1":0.1943657136832374}