{"MV1":0.6675553211847494,"MV3":0.07605190150322005,"CH1":0.9627730242445557}