{"MV1":0.5993782552887296,"MV3":0.5969140991329426,"CH1":0.586949144627142}