{"MV1":0.8654284759407981,"MV3":0.4252686756970552,"CH1":0.6500881603891326}