{"MV1":0.545671891653779,"MV3":0.3135207997726891,"CH1":0.6678532646303671}