{"MV1":0.3457092992423554,"MV3":0.8609553169545027,"CH1":0.3664831548277221}