{"MV1":0.6032292470046684,"MV3":0.7967011503946012,"CH1":0.3355172653867442}