{"MV1":0.9106982834575399,"MV3":0.8675162562303236,"CH1":0.4858835556825243}