{"MV1":0.08199762633917562,"MV3":0.08730625080145038,"CH1":0.5847912280827962}