{"MV1":0.7115076699432451,"MV3":0.5392935117350106,"CH1":0.25742586042351423}