{"MV1":0.8055193621846746,"MV3":0.314410509797297,"CH1":0.48085605835298373}