{"MV1":0.2614091210336138,"MV3":0.48554998114309844,"CH1":0.23290975438678008}