{"MV1":0.9987736660941002,"MV3":0.5352823020097546,"CH1":0.40913988301010495}