{"MV1":0.8600656630302533,"MV3":0.002402617276586083,"CH1":0.741520038332508}