{"MV1":0.08904812239276472,"MV3":0.955010058056309,"CH1":0.537933120109494}