{"MV1":0.3632378361887233,"MV3":0.8378841034359804,"CH1":0.3280932997092637}