{"MV1":0.8895326701338201,"MV3":0.8157481261051315,"CH1":0.16314354423260802}