{"MV1":0.6740258176832195,"MV3":0.39010207285548615,"CH1":0.21540691613277974}