{"MV1":0.012854820533647615,"MV3":0.2689808271937256,"CH1":0.06788366924811606}