{"MV1":0.02973009106445179,"MV3":0.3656970722907479,"CH1":0.28305403347400393}