{"MV1":0.13113114309444807,"MV3":0.4526910472636475,"CH1":0.5950711201213668}