{"MV1":0.6020101408341221,"MV3":0.43621960399416904,"CH1":0.2461307576203774}