{"MV1":0.11675585028926183,"MV3":0.7824424299370248,"CH1":0.5863585173388672}