{"MV1":0.7811232874657038,"MV3":0.82600298664804,"CH1":0.023908504591023227}