{"MV1":0.8540241852969183,"MV3":0.31381860528541716,"CH1":0.9177806585341849}