{"MV1":0.6673290299339404,"MV3":0.6792803407804904,"CH1":0.9179764597496312}