{"MV1":0.03069342002738029,"MV3":0.2880471450907225,"CH1":0.25895302370840656}