{"MV1":0.2876591518890611,"MV3":0.10879125815446722,"CH1":0.5861616333313077}