{"MV1":0.3585123954538917,"MV3":0.9661196771852799,"CH1":0.7970129343481449}