{"MV1":0.19855524022635884,"MV3":0.9684135591356071,"CH1":0.5837900595648953}