{"MV1":0.24248864708330575,"MV3":0.24601283556743014,"CH1":0.22342180846066395}