{"MV1":0.25434773079853723,"MV3":0.04254631880836823,"CH1":0.007218023192670953}