{"MV1":0.18993806306841698,"MV3":0.11978226402429282,"CH1":0.7278634380009146}