{"MV1":0.5458421519253605,"MV3":0.42102262268041046,"CH1":0.6452915073495757}