{"MV1":0.4881732869481751,"MV3":0.8067347209859993,"CH1":0.7982503178653838}