{"MV1":0.5964938431489469,"MV3":0.2179505322001305,"CH1":0.2743636346277599}