{"MV1":0.7475312433367306,"MV3":0.9303876501877456,"CH1":0.7545840400399266}