{"MV1":0.35113996966419225,"MV3":0.7062881621058936,"CH1":0.15592407758739701}