{"MV1":0.3074695072318995,"MV3":0.7708618015466818,"CH1":0.9567318196945723}