{"MV1":0.9661378537963794,"MV3":0.7325356013328712,"CH1":0.7241088963008057}