{"MV1":0.39282159589574706,"MV3":0.3977124810281816,"CH1":0.18532183316973627}