{"MV1":0.01542692239648391,"MV3":0.44991888459922913,"CH1":0.7583239148844902}