{"MV1":0.8695855754765789,"MV3":0.622641797345348,"CH1":0.9717367391788633}