{"MV1":0.3023905610838381,"MV3":0.49077382856642293,"CH1":0.12915038273977353}