{"MV1":0.4908321204664059,"MV3":0.13959102983794403,"CH1":0.6739871657683427}