{"MV1":0.31160947515514004,"MV3":0.09950745148358553,"CH1":0.9994314004851098}