{"MV1":0.6821674643211587,"MV3":0.9367308069603351,"CH1":0.1124138187177145}