{"MV1":0.7868096484324723,"MV3":0.9726897510756664,"CH1":0.3571355366262777}