{"MV1":0.697934620925972,"MV3":0.625240988644717,"CH1":0.6307360140885903}