{"MV1":0.23152753868176668,"MV3":0.03940544871226692,"CH1":0.012584539731607003}