{"MV1":0.4088330251182428,"MV3":0.9945425806352461,"CH1":0.19970093523146448}