{"MV1":0.09047374353339588,"MV3":0.980890141762047,"CH1":0.45039694603393754}