{"MV1":0.3257815540031894,"MV3":0.6685480625825069,"CH1":0.15160935292568978}