{"MV1":0.2179542628548511,"MV3":0.30322913611492985,"CH1":0.8952545185769788}