{"MV1":0.36532154907128866,"MV3":0.37598629615873036,"CH1":0.04401710498047762}