{"MV1":0.47874856999882676,"MV3":0.6234281732388794,"CH1":0.9004859714421812}