{"MV1":0.7385613134789178,"MV3":0.3253149731776256,"CH1":0.018951049122717945}