{"MV1":0.04289228894754227,"MV3":0.21293452315676442,"CH1":0.6951241743552289}