{"MV1":0.9762826266742737,"MV3":0.5676792094757832,"CH1":0.7073517424292596}