{"MV1":0.15907251418816903,"MV3":0.9932182166370688,"CH1":0.7010048919260369}