{"MV1":0.18945226921965697,"MV3":0.7200659706909747,"CH1":0.5768875647264846}