{"MV1":0.47451481858516065,"MV3":0.3689661202632336,"CH1":0.35180210263421396}