{"MV1":0.4029972096422918,"MV3":0.30812076030217583,"CH1":0.8418400184814646}