{"MV1":0.1839893484759143,"MV3":0.24794147912213327,"CH1":0.4893345348842463}