{"MV1":0.39902600676549593,"MV3":0.8741678748282596,"CH1":0.30251451539610485}