{"MV1":0.1562282124355563,"MV3":0.20663511878028906,"CH1":0.8963244239466869}