{"MV1":0.1085556109578324,"MV3":0.8423938400327531,"CH1":0.07639595660109555}