{"MV1":0.30610531560671284,"MV3":0.1607647626273122,"CH1":0.7985814289306403}