{"MV1":0.14145717931124457,"MV3":0.3326193280830835,"CH1":0.4659584256704399}