{"MV1":0.6251017956589549,"MV3":0.3437524215980762,"CH1":0.23159423468489904}