{"MV1":0.7311108262735078,"MV3":0.48394645176071194,"CH1":0.4648771214738572}