{"MV1":0.03802254809501726,"MV3":0.6059687467228553,"CH1":0.5920637747330408}