{"MV1":0.8616555728396922,"MV3":0.2894772575689427,"CH1":0.9471286155235455}