{"MV1":0.3639454986078323,"MV3":0.05406192389074205,"CH1":0.9788991775898674}