{"MV1":0.14832034603641175,"MV3":0.1648867982784279,"CH1":0.1809576416295937}