{"MV1":0.22974263255984617,"MV3":0.31472090895006155,"CH1":0.1515973298158565}