{"MV1":0.017312042886149848,"MV3":0.30180221056667456,"CH1":0.17159546760707367}