{"MV1":0.8316452433134245,"MV3":0.9131245768196987,"CH1":0.22659735138787118}