{"MV1":0.41325642918690186,"MV3":0.5428520582353478,"CH1":0.3927679556151179}