{"MV1":0.4152676604205814,"MV3":0.9584028585996646,"CH1":0.7158663646790179}