{"MV1":0.8597438110421827,"MV3":0.5846258142870103,"CH1":0.002151481215800999}