{"MV1":0.22634918553442185,"MV3":0.5982851604238874,"CH1":0.3155409142401777}