{"MV1":0.8499558302155104,"MV3":0.15656441416368572,"CH1":0.9106055603619679}