{"MV1":0.5136588244534817,"MV3":0.15286034442418917,"CH1":0.5747655632268555}