{"MV1":0.9463396405030501,"MV3":0.5179762700011897,"CH1":0.875960624182801}