{"MV1":0.4489764605962401,"MV3":0.3900344571354295,"CH1":0.08799383192885712}