{"MV1":0.9765836347336053,"MV3":0.8974621007209077,"CH1":0.14094857010480555}