{"MV1":0.9882226193542935,"MV3":0.061725949680372594,"CH1":0.4236649849180758}