{"MV1":0.3242054347259389,"MV3":0.6668710471394453,"CH1":0.8959978920183158}