{"MV1":0.5917372962118945,"MV3":0.7501961563775885,"CH1":0.6643268707320764}