{"MV1":0.38721004067017506,"MV3":0.7460278573710345,"CH1":0.14406519573401433}