{"MV1":0.5073210683695221,"MV3":0.8612133344510529,"CH1":0.8969816939955633}