{"MV1":0.20452532534600376,"MV3":0.3490138327750747,"CH1":0.6370670350967899}