{"MV1":0.6429534818948298,"MV3":0.886590929979006,"CH1":0.9617540118765687}