{"MV1":0.76168968939732,"MV3":0.9339190411975477,"CH1":0.5058316328326197}