{"MV1":0.4752272939843416,"MV3":0.3051467127913655,"CH1":0.4943006501733477}