{"MV1":0.9689951571807404,"MV3":0.11243780451643359,"CH1":0.4569399285819007}