{"MV1":0.41702150743585553,"MV3":0.8361862992389801,"CH1":0.32392657130582225}