{"MV1":0.645285333531467,"MV3":0.09403780431132047,"CH1":0.01690924722880105}