{"MV1":0.4186085225709938,"MV3":0.1454366502246952,"CH1":0.3729888564796736}