{"MV1":0.9112680545363295,"MV3":0.5090899724934004,"CH1":0.0036176511751960794}