{"MV1":0.043637265252108426,"MV3":0.4893201453862538,"CH1":0.23514646851825538}