{"MV1":0.6232482129844104,"MV3":0.8734185143430581,"CH1":0.03612417253599398}