{"MV1":0.3206683165315767,"MV3":0.6520539613920767,"CH1":0.025484987803753967}