{"MV1":0.26356428229070017,"MV3":0.18886223141684266,"CH1":0.056314439828122564}