{"MV1":0.09269562143678833,"MV3":0.7242369738234425,"CH1":0.6760841673097157}