{"MV1":0.21047254892227674,"MV3":0.7912437235753934,"CH1":0.24658680386830045}