{"MV1":0.5814310977883504,"MV3":0.8858826825691614,"CH1":0.14116227810273774}