{"MV1":0.08010401636923736,"MV3":0.6738856031047648,"CH1":0.3138291917104903}