{"MV1":0.0945021223662732,"MV3":0.48199304214832406,"CH1":0.26593664734252065}