{"MV1":0.8236727147863453,"MV3":0.22621181186950634,"CH1":0.7811065107970674}