{"MV1":0.4808516505688032,"MV3":0.2899897153311659,"CH1":0.8680471555976269}