{"MV1":0.2955862871238757,"MV3":0.06381478872764978,"CH1":0.30563510541419747}