{"MV1":0.48722311498527426,"MV3":0.3309795699699961,"CH1":0.25005069845867245}