{"MV1":0.3128191189563083,"MV3":0.857235523255929,"CH1":0.9113712126621685}