{"MV1":0.176793076188148,"MV3":0.8477611388225696,"CH1":0.4486298639604166}