{"MV1":0.4549319947829631,"MV3":0.012759229007589634,"CH1":0.5330737677754078}