{"MV1":0.040966292270504745,"MV3":0.11094855098849443,"CH1":0.019644953539828314}