{"MV1":0.06935834525783124,"MV3":0.2301406371070882,"CH1":0.2876715345691778}