{"MV1":0.8226542112396671,"MV3":0.8422257134716119,"CH1":0.9077278962183328}