{"MV1":0.5818178114034964,"MV3":0.5333387146247099,"CH1":0.8134824187773746}