{"MV1":0.7690934346164299,"MV3":0.919980767979797,"CH1":0.9707138900395795}