{"MV1":0.7152515626348345,"MV3":0.24447588556525912,"CH1":0.46759702546722615}