{"MV1":0.149094203205569,"MV3":0.07848545936068896,"CH1":0.6511287096093958}