{"MV1":0.17979869571571683,"MV3":0.9905911660791,"CH1":0.5652947852181891}