{"MV1":0.9342723920666828,"MV3":0.6213662691903756,"CH1":0.5211834313814561}