{"MV1":0.34945922853272837,"MV3":0.20358367223074836,"CH1":0.5621126311286839}