{"MV1":0.14540798196229476,"MV3":0.011690743592100872,"CH1":0.1779719277329469}