{"MV1":0.31446728949266856,"MV3":0.41131727501860216,"CH1":0.8554644865691822}