{"MV1":0.6996364267906863,"MV3":0.27184238924751813,"CH1":0.7950041951858997}