{"MV1":0.5080569959961839,"MV3":0.06569903052273163,"CH1":0.3130703683078898}