{"MV1":0.8126658700966877,"MV3":0.3575634333051143,"CH1":0.5673521996949463}