{"MV1":0.36366634964095845,"MV3":0.20667750105588956,"CH1":0.14224334143741157}