{"MV1":0.7690567753913043,"MV3":0.1029480283083416,"CH1":0.1833737514730106}