{"MV1":0.11839233410276451,"MV3":0.46508962927440767,"CH1":0.5821991842355628}