{"MV1":0.2288583779782969,"MV3":0.6958542161792416,"CH1":0.8790406573846647}