{"MV1":0.12873296472170093,"MV3":0.0247428465053815,"CH1":0.20388817356884936}