{"MV1":0.12897233033547018,"MV3":0.2907674304966462,"CH1":0.6622176632186932}