{"MV1":0.13792288043717071,"MV3":0.7759801495888052,"CH1":0.8319417482176681}