{"MV1":0.4799657176026132,"MV3":0.3858467596035534,"CH1":0.5807229346637061}