{"MV1":0.7737527685984483,"MV3":0.5652264648158419,"CH1":0.05697493346550664}