{"MV1":0.24438984794904606,"MV3":0.1733476337308163,"CH1":0.9374869707127024}