{"MV1":0.8424020511999284,"MV3":0.5784657513167386,"CH1":0.022253155169194683}