{"MV1":0.8691279375853955,"MV3":0.04600092166870773,"CH1":0.458892794770703}