{"MV1":0.3447560903348186,"MV3":0.5499036648402372,"CH1":0.8261372410324608}