{"MV1":0.4927925037409201,"MV3":0.3211234438795769,"CH1":0.5110012964763014}