{"MV1":0.3930626751820232,"MV3":0.4148845538417685,"CH1":0.2769457742280851}