{"MV1":0.00849199934153777,"MV3":0.12391001969995408,"CH1":0.1586132430010203}