{"MV1":0.018948772004020342,"MV3":0.3361213122044875,"CH1":0.9112737422758179}