{"MV1":0.9129459000175697,"MV3":0.0151088968491091,"CH1":0.9489738794528259}