{"MV1":0.3253094291170979,"MV3":0.8664609416145195,"CH1":0.8000795542826624}