{"MV1":0.5666241675761523,"MV3":0.2861849028428455,"CH1":0.1271800520958143}