{"MV1":0.9502760068588809,"MV3":0.344266131770701,"CH1":0.7092200364546907}