{"MV1":0.1502207272112862,"MV3":0.7490995219313643,"CH1":0.925290032476369}