{"MV1":0.23449629549753126,"MV3":0.6166108523361233,"CH1":0.9085462818928013}