{"MV1":0.12384786111701662,"MV3":0.581764662961759,"CH1":0.2437753046568505}