{"MV1":0.2740892695946706,"MV3":0.0037850035900305334,"CH1":0.5474272200691038}