{"MV1":0.01548423335183613,"MV3":0.8570753817232246,"CH1":0.5350684104001768}