{"MV1":0.7140245158934511,"MV3":0.6462276072294612,"CH1":0.5210888648804334}