{"MV1":0.8054599181944783,"MV3":0.38959803601992604,"CH1":0.5613190442882582}