{"MV1":0.4205233891679957,"MV3":0.3273690546655308,"CH1":0.711272945709185}