{"MV1":0.43114892317854925,"MV3":0.5007074133591519,"CH1":0.752681483530377}