{"MV1":0.5635699995702068,"MV3":0.40968264013075084,"CH1":0.24137334519870102}