{"MV1":0.1996963019364637,"MV3":0.30866193688346655,"CH1":0.4903867779075294}