{"MV1":0.501966149861404,"MV3":0.5292802979291462,"CH1":0.3467389141775733}