{"MV1":0.8554312618411832,"MV3":0.6987067435608976,"CH1":0.3541805179817048}