{"MV1":0.918992855336743,"MV3":0.1900706510635808,"CH1":0.7679131851559095}