{"MV1":0.8118822802993682,"MV3":0.4952142616586994,"CH1":0.03901541924311969}