{"MV1":0.9463785922905144,"MV3":0.21644371995686196,"CH1":0.8775113458849803}