{"MV1":0.030093093253189762,"MV3":0.18432264160584322,"CH1":0.3205117443652882}