{"MV1":0.6442498265902841,"MV3":0.7543057499198955,"CH1":0.7723202631949612}