{"MV1":0.36200953804840097,"MV3":0.30514557117408636,"CH1":0.3115715916388607}