{"MV1":0.5363432013267629,"MV3":0.13004252698209307,"CH1":0.32416324667131513}