{"MV1":0.7608116100207375,"MV3":0.3043667734479648,"CH1":0.019108447546269725}