{"MV1":0.4656455292167023,"MV3":0.7434520857803484,"CH1":0.6884537040359361}