{"MV1":0.6385258533055725,"MV3":0.32516017084589666,"CH1":0.7554985637855398}