{"MV1":0.3935466177372968,"MV3":0.5917891161411734,"CH1":0.5928741564621575}