{"MV1":0.6064307254871638,"MV3":0.7352557376671743,"CH1":0.7128163090789937}