{"MV1":0.42890841377533984,"MV3":0.9041522521493769,"CH1":0.5162009362010762}