{"MV1":0.9833293776016117,"MV3":0.7844095479250464,"CH1":0.5331134590570972}