{"MV1":0.046761269178599574,"MV3":0.20307173776792353,"CH1":0.6218462827199669}