{"MV1":0.09546931085100563,"MV3":0.05824623199586609,"CH1":0.350665859010169}