{"MV1":0.4116863179775191,"MV3":0.11966492315452237,"CH1":0.8550413985193168}