{"MV1":0.4166522621088472,"MV3":0.6993288621360372,"CH1":0.7459589867487229}