{"MV1":0.3475115919963918,"MV3":0.5480264352913272,"CH1":0.49322362791811936}