{"MV1":0.07723794679606,"MV3":0.2557777301250449,"CH1":0.05261963860033214}