{"MV1":0.31204319230165833,"MV3":0.7221389134920773,"CH1":0.21197770216855227}