{"MV1":0.8210848109092198,"MV3":0.6286760967457382,"CH1":0.9951770561346586}