{"MV1":0.1434158795407069,"MV3":0.7656270358977855,"CH1":0.8036963419349233}