{"MV1":0.58633944085707,"MV3":0.05077727653962094,"CH1":0.3409239941216622}