{"MV1":0.8980765450599337,"MV3":0.13974303618570338,"CH1":0.45267316803076674}