{"MV1":0.837069906142826,"MV3":0.6665174360370631,"CH1":0.6303081812756247}