{"MV1":0.8063099924607405,"MV3":0.006230419162120637,"CH1":0.073570916391552}