{"MV1":0.5570888036337066,"MV3":0.9593966186333001,"CH1":0.24442585912714887}