{"MV1":0.4180086779169798,"MV3":0.9055413742879479,"CH1":0.019245801363839576}