{"MV1":0.048478116260748716,"MV3":0.5081191680294894,"CH1":0.20166702847762918}