{"MV1":0.3067748901719821,"MV3":0.10859607732068599,"CH1":0.7951081189032875}