{"MV1":0.1836669722573402,"MV3":0.9019083838222661,"CH1":0.9458262183272564}