{"MV1":0.3830150010429523,"MV3":0.15421743144651145,"CH1":0.9561246803912187}