{"MV1":0.5744109015851945,"MV3":0.32296366163855095,"CH1":0.329077099343263}