{"MV1":0.7485574014902008,"MV3":0.362280938558161,"CH1":0.9306583199005792}