{"MV1":0.5125742226484,"MV3":0.2913559492938903,"CH1":0.4402294186134864}