{"MV1":0.7143996808635064,"MV3":0.956451009130472,"CH1":0.7649582217583275}