{"MV1":0.05956316601567779,"MV3":0.9709351581083675,"CH1":0.8351866153734258}