{"MV1":0.42655791323271264,"MV3":0.7463673441069145,"CH1":0.19253519554708465}