{"MV1":0.9464487377719698,"MV3":0.4651643291633085,"CH1":0.6050604017192183}