{"MV1":0.6861310501358504,"MV3":0.12206267028928985,"CH1":0.27381502933999435}