{"MV1":0.7779511265011021,"MV3":0.8634192090459186,"CH1":0.26335017829769003}