{"MV1":0.015574313862152911,"MV3":0.9485678385312697,"CH1":0.1276431239294027}