{"MV1":0.18015265787459733,"MV3":0.7702291587868211,"CH1":0.5747969022132411}