{"MV1":0.5807310052524813,"MV3":0.46883807664785604,"CH1":0.2468554298197686}