{"MV1":0.2077293410778035,"MV3":0.6092541615972501,"CH1":0.5371630507483977}