{"MV1":0.316745016610131,"MV3":0.06530627343200246,"CH1":0.6618742718164876}