{"MV1":0.6623298106664876,"MV3":0.5589310063183511,"CH1":0.9334511379896452}