{"MV1":0.4298488685574514,"MV3":0.9679366462436967,"CH1":0.07682579162397962}