{"MV1":0.8053089592275883,"MV3":0.14637690530926184,"CH1":0.23595905851332466}