{"MV1":0.1844343848322607,"MV3":0.705036136386476,"CH1":0.6351914377711984}