{"MV1":0.06637769982087138,"MV3":0.21536303818303348,"CH1":0.38141469622170365}