{"MV1":0.3365433419906282,"MV3":0.6885838247989283,"CH1":0.9295462893351272}