{"MV1":0.05455372881292231,"MV3":0.12128643951541707,"CH1":0.023371505469179987}