{"MV1":0.5001431153009686,"MV3":0.3834416301240394,"CH1":0.7212378852645939}