{"MV1":0.18958040788310693,"MV3":0.958037971441711,"CH1":0.32910068806792936}