{"MV1":0.0063699570133300965,"MV3":0.39558599828164187,"CH1":0.5880019302351379}