{"MV1":0.6973842551980451,"MV3":0.17886771907414656,"CH1":0.21807513265845202}