{"MV1":0.5956964886791966,"MV3":0.5282411175061836,"CH1":0.8717131621247595}