{"MV1":0.7373800441782594,"MV3":0.27952642746432443,"CH1":0.5143785957126762}