{"MV1":0.8019881625922229,"MV3":0.031445681488075805,"CH1":0.9835330938544159}