{"MV1":0.002916758227176075,"MV3":0.904077767609135,"CH1":0.30163531150569123}