{"MV1":0.3356733209108027,"MV3":0.2770439927868579,"CH1":0.36136210723925366}