{"MV1":0.2339911891218922,"MV3":0.8542446160659456,"CH1":0.6047016577685382}