{"MV1":0.5945392833906155,"MV3":0.2623653346442353,"CH1":0.9258386691845159}