{"MV1":0.08965186489690946,"MV3":0.7189198834492981,"CH1":0.12499699682136334}