{"MV1":0.29531631260733715,"MV3":0.11049520068780572,"CH1":0.7831800311400184}