{"MV1":0.6095275204716695,"MV3":0.667728140188051,"CH1":0.2176393626183315}