{"MV1":0.8875401708783521,"MV3":0.08077611065112233,"CH1":0.007513792617123705}