{"MV1":0.4756231044857673,"MV3":0.6370921117005446,"CH1":0.5527911606600229}