{"MV1":0.18822193504723927,"MV3":0.3865150258677297,"CH1":0.12867537492915437}