{"MV1":0.45795753567015096,"MV3":0.18945129045198128,"CH1":0.4293517465914466}