{"MV1":0.10012349362254758,"MV3":0.9781543419581946,"CH1":0.5377170796482427}