{"MV1":0.8593477767366383,"MV3":0.986664130901193,"CH1":0.7868324173809191}