{"MV1":0.09000179753951232,"MV3":0.18006562084435906,"CH1":0.06660541148713894}