{"MV1":0.5365771237488678,"MV3":0.4270816204392728,"CH1":0.1722630927226393}