{"MV1":0.028357644152642747,"MV3":0.7934855876420438,"CH1":0.7199231349724404}