{"MV1":0.44741581660487906,"MV3":0.5799574020486723,"CH1":0.23991383700277635}