{"MV1":0.7146831796872563,"MV3":0.27624799520600407,"CH1":0.9769395743064767}