{"MV1":0.645987516286409,"MV3":0.7663099904347499,"CH1":0.13994553574830837}