{"MV1":0.12497074468189551,"MV3":0.8395173571744834,"CH1":0.13645263986239253}