{"MV1":0.81476110212242,"MV3":0.637422000981873,"CH1":0.010317347011108868}