{"MV1":0.5205060681350445,"MV3":0.46863106411693545,"CH1":0.27395779138818144}