{"MV1":0.9561947964911849,"MV3":0.44778246209545336,"CH1":0.29808330883909573}