{"MV1":0.3639816961316664,"MV3":0.12526852796512455,"CH1":0.14290435866415785}