{"MV1":0.5022392789628927,"MV3":0.37159605375785043,"CH1":0.515114229198491}