{"MV1":0.23373831781727206,"MV3":0.9397540355747693,"CH1":0.37787718770556633}