{"MV1":0.8097334119196336,"MV3":0.7255226884969516,"CH1":0.3541837387028838}