{"MV1":0.8401491743354564,"MV3":0.1651161633296936,"CH1":0.21238574040598657}