{"MV1":0.2671867698453936,"MV3":0.7689757647622925,"CH1":0.6121120059176028}