{"MV1":0.44585228080010364,"MV3":0.677126068563925,"CH1":0.7540044491535176}