{"MV1":0.3012151324756358,"MV3":0.857138908539105,"CH1":0.7157711560060627}