{"MV1":0.7716026056202822,"MV3":0.36582057158575687,"CH1":0.6025873247368441}