{"MV1":0.7119936960559017,"MV3":0.7657799677612973,"CH1":0.48137321561512847}