{"MV1":0.507979528663993,"MV3":0.8993414738169156,"CH1":0.6992875360859183}