{"MV1":0.8684623769816715,"MV3":0.16626422928431728,"CH1":0.3451062432987776}