{"MV1":0.21443135217832499,"MV3":0.15198759386170835,"CH1":0.6609638647327805}