{"MV1":0.6446716639541091,"MV3":0.38901107159737847,"CH1":0.6545901276698806}