{"MV1":0.613306957143471,"MV3":0.016903037853809755,"CH1":0.5915475234616093}