{"MV1":0.8579328423219024,"MV3":0.5039632426994833,"CH1":0.9731918125623652}