{"MV1":0.5245070861218496,"MV3":0.35370170143602764,"CH1":0.3163843533835152}