{"MV1":0.28454403889261237,"MV3":0.5628223542957662,"CH1":0.3730871929085292}