{"MV1":0.1758203448360287,"MV3":0.2864841982852472,"CH1":0.39484093046709423}