{"MV1":0.7561400839401061,"MV3":0.5039546049730046,"CH1":0.48273465984627795}