{"MV1":0.28157313572879594,"MV3":0.6966984888613975,"CH1":0.9716851472863243}