{"MV1":0.6311991090536678,"MV3":0.4235773456199444,"CH1":0.8089017533905813}