{"MV1":0.6775823767704416,"MV3":0.560176928863798,"CH1":0.7717071592820041}