{"MV1":0.721241083182901,"MV3":0.6136131941617129,"CH1":0.33802694559529933}