{"MV1":0.14788725232680644,"MV3":0.30836387370656293,"CH1":0.9613567413699653}