{"MV1":0.2184540041050247,"MV3":0.09370623810993839,"CH1":0.6487973895351407}