{"MV1":0.49770251839862156,"MV3":0.7375617256003204,"CH1":0.20083083767069076}