{"MV1":0.4591954769776656,"MV3":0.7228726154054625,"CH1":0.35467820162342933}