{"MV1":0.8511109670848722,"MV3":0.9606137343771407,"CH1":0.9191495761218526}