{"MV1":0.33819133306715987,"MV3":0.9760454211154852,"CH1":0.8522934451857934}