{"MV1":0.8699981466132236,"MV3":0.9175126891006536,"CH1":0.5649424057634768}