{"MV1":0.07312069320462522,"MV3":0.2780658122781813,"CH1":0.7850904887927919}