{"MV1":0.4053576677664541,"MV3":0.8942049002798216,"CH1":0.8162055808534253}