{"MV1":0.20424076859030804,"MV3":0.6505460777867821,"CH1":0.6020236682523868}