{"MV1":0.8007403649629717,"MV3":0.3344828102941233,"CH1":0.47664846496563384}