{"MV1":0.17291155096005362,"MV3":0.8088992788100784,"CH1":0.49320673119894654}