{"MV1":0.08219297931580938,"MV3":0.5478305066002382,"CH1":0.5211692632094237}