{"MV1":0.8268396557250582,"MV3":0.7917634348900503,"CH1":0.15169658859437818}