{"MV1":0.17849111695073105,"MV3":0.3656379186376332,"CH1":0.5584300373240402}