{"MV1":0.692137601561108,"MV3":0.5939792035957145,"CH1":0.7445509565734064}