{"MV1":0.2809428076522117,"MV3":0.021613246514206486,"CH1":0.08800754457072613}