{"MV1":0.8553356849045203,"MV3":0.6422928878984914,"CH1":0.125874898709457}