{"MV1":0.33668759543659643,"MV3":0.8744941206369157,"CH1":0.9894351558586962}