{"MV1":0.3805751053571179,"MV3":0.3160955041590673,"CH1":0.649825218471421}