{"MV1":0.06841567672681548,"MV3":0.5357574766506973,"CH1":0.499985306798448}