{"MV1":0.46653749506137576,"MV3":0.249136168440372,"CH1":0.07912439546027883}