{"MV1":0.01319274144082716,"MV3":0.5701895594132164,"CH1":0.17128525253528937}