{"MV1":0.40724012645220253,"MV3":0.08031199744555273,"CH1":0.8864710246130767}