{"MV1":0.4413978730181144,"MV3":0.3504106495508932,"CH1":0.32561772908701636}