{"MV1":0.5585738079658783,"MV3":0.3794268511494512,"CH1":0.3889561756172031}