{"MV1":0.03601198620405521,"MV3":0.06830504535272863,"CH1":0.13317261979356942}