{"MV1":0.1276874254211744,"MV3":0.9591555563055185,"CH1":0.11998570111261841}