{"MV1":0.7526462628991497,"MV3":0.6564842529386077,"CH1":0.8468994467025189}