{"MV1":0.002074254039043044,"MV3":0.6784785508735918,"CH1":0.6771983735024202}