{"MV1":0.319997384701007,"MV3":0.6952942290901069,"CH1":0.6308496970396202}