{"MV1":0.4969071396019811,"MV3":0.3518353588828028,"CH1":0.37791874288924243}