{"MV1":0.1816407333666149,"MV3":0.6224034730233065,"CH1":0.8537688080547929}