{"MV1":0.22315394900795138,"MV3":0.2883005636332445,"CH1":0.2054374711650454}