{"MV1":0.3766543975746208,"MV3":0.846508775661047,"CH1":0.5702032144250438}