{"MV1":0.10890296566542079,"MV3":0.5168772877959082,"CH1":0.2651364087763717}