{"MV1":0.8000671522256269,"MV3":0.7875385874542813,"CH1":0.4294998027939292}