{"MV1":0.5502274539440399,"MV3":0.495605667523751,"CH1":0.4549817485284926}