{"MV1":0.09891706615735163,"MV3":0.13420308860963792,"CH1":0.41366990108631774}