{"MV1":0.06120796770404513,"MV3":0.39730775950468056,"CH1":0.21814438647466527}