{"MV1":0.5650058969060927,"MV3":0.28097320333132725,"CH1":0.7251157875698593}