{"MV1":0.9654598260168805,"MV3":0.8251706056780705,"CH1":0.7539433563379913}