{"MV1":0.06024362995628918,"MV3":0.5743177686484721,"CH1":0.7601081477037812}