{"MV1":0.08389621132201353,"MV3":0.6824447819775796,"CH1":0.8612909002041459}