{"MV1":0.4825716601730625,"MV3":0.010855781160510336,"CH1":0.39531153094805194}