{"MV1":0.7377371820987264,"MV3":0.28469708853154985,"CH1":0.7719064487567956}