{"MV1":0.7430305718965184,"MV3":0.23099543856299753,"CH1":0.8802648596619463}