{"MV1":0.3327006603685022,"MV3":0.7386489284158316,"CH1":0.7266595819307096}