{"MV1":0.8512346113818994,"MV3":0.18419271964160622,"CH1":0.7631654724873058}