{"MV1":0.8181410454497958,"MV3":0.7827909567268329,"CH1":0.5273832873743155}