{"MV1":0.6936099620735491,"MV3":0.7422626366086993,"CH1":0.7901884594089444}