{"MV1":0.7973715974129546,"MV3":0.38010732631932365,"CH1":0.5537112584180759}