{"MV1":0.4764555382803981,"MV3":0.16773100109541106,"CH1":0.22617474665711224}