{"MV1":0.004820249278464361,"MV3":0.1184346890524931,"CH1":0.7884860129167753}