{"MV1":0.27846503985031046,"MV3":0.9320122018033958,"CH1":0.3683129212919376}