{"MV1":0.06025751427321446,"MV3":0.15187064988274523,"CH1":0.9745324662352517}