{"MV1":0.38896752037167326,"MV3":0.29210749723316454,"CH1":0.8609560709024724}