{"MV1":0.13816610289019815,"MV3":0.6285136233921267,"CH1":0.1473206354839276}