{"MV1":0.5615320519970118,"MV3":0.2257293603208903,"CH1":0.8070299920153782}