{"MV1":0.28866734489397616,"MV3":0.8486985862932677,"CH1":0.3529312807463397}