{"MV1":0.7833095387970562,"MV3":0.9896634147996879,"CH1":0.4352880029141222}