{"MV1":0.11746050475204828,"MV3":0.7940766855214159,"CH1":0.7746184787501966}