{"MV1":0.27924706641177044,"MV3":0.2415659502837204,"CH1":0.2600794171238835}