{"MV1":0.2442331797164653,"MV3":0.3198629743769269,"CH1":0.9118729263576061}