{"MV1":0.33430094508042074,"MV3":0.17811450788205918,"CH1":0.7611892568257284}