{"MV1":0.9237090057276333,"MV3":0.867669251127105,"CH1":0.7135790452607367}