{"MV1":0.08780003460265595,"MV3":0.11887335614905137,"CH1":0.6312919917199343}