{"MV1":0.06843295416562423,"MV3":0.5320732405156153,"CH1":0.2562833552734388}