{"MV1":0.15315913969246742,"MV3":0.6457668133351703,"CH1":0.3174062339695667}