{"MV1":0.25829050928598973,"MV3":0.9676359784779003,"CH1":0.8428132001766708}