{"MV1":0.5854936697309028,"MV3":0.6967822804557678,"CH1":0.9719558034159632}