{"MV1":0.44608994152533843,"MV3":0.9797068371549135,"CH1":0.9713495535420669}