{"MV1":0.5164087388894416,"MV3":0.5381057098679686,"CH1":0.3773398853474439}