{"MV1":0.9810180026101343,"MV3":0.03563702201763019,"CH1":0.4696733468877523}