{"MV1":0.4413692586947233,"MV3":0.0755811692568551,"CH1":0.1739724175425238}