{"MV1":0.3983587709110399,"MV3":0.41360007699498613,"CH1":0.9137455162121363}