{"MV1":0.36033612769030865,"MV3":0.3384299748544932,"CH1":0.6290002909095974}