{"MV1":0.8640977507090923,"MV3":0.001560031378950666,"CH1":0.8246257763128212}