{"MV1":0.22110225408343565,"MV3":0.5069047249887007,"CH1":0.6818766316380876}