{"MV1":0.2668653087647165,"MV3":0.2818221422727487,"CH1":0.22903682574574324}