{"MV1":0.3872422912820701,"MV3":0.43696560783016236,"CH1":0.44483078858823477}