{"MV1":0.4366984501762853,"MV3":0.3375193598795452,"CH1":0.5073866125118619}