{"MV1":0.8281283160493176,"MV3":0.9847544641157097,"CH1":0.19287808072251078}