{"MV1":0.9711000388546366,"MV3":0.19844185069503362,"CH1":0.8703654567124173}