{"MV1":0.4610758880623871,"MV3":0.0852263189080803,"CH1":0.8866653017482985}