{"MV1":0.564241999770227,"MV3":0.3269024134797561,"CH1":0.6796163334108182}