{"MV1":0.5613020347226988,"MV3":0.9343622993120125,"CH1":0.2992571093702808}