{"MV1":0.06140520715130704,"MV3":0.3184458144710789,"CH1":0.1572774394197225}