{"MV1":0.6308049143684703,"MV3":0.013846564271513095,"CH1":0.5430180767744356}