{"MV1":0.2875194885684803,"MV3":0.11802112876208959,"CH1":0.7108193493412887}