{"MV1":0.8083171813009978,"MV3":0.5360332551957784,"CH1":0.8040889758848923}