{"MV1":0.34257175081726965,"MV3":0.7884116471017404,"CH1":0.16170202156512226}