{"MV1":0.3510587201374876,"MV3":0.016843291843532504,"CH1":0.25922800723877615}