{"MV1":0.5702073434007945,"MV3":0.21342900301700052,"CH1":0.663659235806221}