{"MV1":0.3640773231138983,"MV3":0.280653853770095,"CH1":0.2132088960902775}