{"MV1":0.029543753394093875,"MV3":0.7281483317142331,"CH1":0.5324733078423801}