{"MV1":0.09810634713382582,"MV3":0.6530112289690626,"CH1":0.45247110106165445}