{"MV1":0.11052580104403276,"MV3":0.2234472660450797,"CH1":0.9469388321397207}