{"MV1":0.39793465319673627,"MV3":0.13483562925196568,"CH1":0.0338149228602026}