{"MV1":0.7656736883549441,"MV3":0.759499804573819,"CH1":0.003187322290005512}