{"MV1":0.4709743351147536,"MV3":0.6733941998186748,"CH1":0.9204935381775778}