{"MV1":0.020482531462392983,"MV3":0.17841098599575866,"CH1":0.6634994098282772}