{"MV1":0.8702171527801149,"MV3":0.06627801349959361,"CH1":0.9384219439639618}