{"MV1":0.5640022380299411,"MV3":0.8323104308690189,"CH1":0.27961058438276754}