{"MV1":0.6899875947614794,"MV3":0.08230231965583634,"CH1":0.6288810989583568}