{"MV1":0.14495197495332912,"MV3":0.47395880145980107,"CH1":0.46939952220412173}