{"MV1":0.28980523511483347,"MV3":0.6101099224459995,"CH1":0.7021638534810319}