{"MV1":0.4145404063542687,"MV3":0.9529241345923772,"CH1":0.8831034333417749}