{"MV1":0.02307584718624689,"MV3":0.26316693055636264,"CH1":0.07324392824161907}