{"MV1":0.2927319963235048,"MV3":0.5412580813034991,"CH1":0.2446438878073649}