{"MV1":0.29574303623330445,"MV3":0.47631078917684055,"CH1":0.998699533512016}