{"MV1":0.6718929511553101,"MV3":0.24851596205378046,"CH1":0.2840436773377554}