{"MV1":0.39156001465148527,"MV3":0.4372821079991013,"CH1":0.1792739248355204}