{"MV1":0.568156391110602,"MV3":0.5275353247774931,"CH1":0.713364986389087}