{"MV1":0.960336889598619,"MV3":0.9761580870258243,"CH1":0.14739669486427898}