{"MV1":0.22146355116689698,"MV3":0.6047894572196216,"CH1":0.8012407505177193}