{"MV1":0.6811282010714771,"MV3":0.14489610866503166,"CH1":0.6259757904570914}