{"MV1":0.7359142929026585,"MV3":0.2003866422074123,"CH1":0.22470992225229092}