{"MV1":0.9846471874622282,"MV3":0.3548429800209103,"CH1":0.7925917454290844}