{"MV1":0.47948142466678045,"MV3":0.14321353520769653,"CH1":0.5977472290593707}