{"MV1":0.90108120038832,"MV3":0.40766875031518834,"CH1":0.5867945081302884}