{"MV1":0.7767524329658878,"MV3":0.21654344529129343,"CH1":0.7295821941160885}