{"MV1":0.6046225429598278,"MV3":0.8639258096798992,"CH1":0.4468018673854771}