{"MV1":0.33891297923551333,"MV3":0.2540518646800767,"CH1":0.23163226108918678}