{"MV1":0.3832997504214606,"MV3":0.5398090471094691,"CH1":0.8246297690352352}