{"MV1":0.8500642310640147,"MV3":0.8233202475086364,"CH1":0.012510591655582659}