{"MV1":0.5139144623631056,"MV3":0.9213807382347997,"CH1":0.5485594355965481}