{"MV1":0.5118895389121236,"MV3":0.4467149563748256,"CH1":0.35064810625678744}