{"MV1":0.8453568137060637,"MV3":0.9445373763396989,"CH1":0.2215414625423846}