{"MV1":0.7807939354659685,"MV3":0.040315916201092206,"CH1":0.34368266349971754}