{"MV1":0.37100073487535024,"MV3":0.9650572606273581,"CH1":0.051225068030433474}