{"MV1":0.6147200706500439,"MV3":0.4434411915355484,"CH1":0.2946609233800299}