{"MV1":0.04541391906831116,"MV3":0.31371392301127665,"CH1":0.4249403134049795}