{"MV1":0.4604936562650409,"MV3":0.8124278995143713,"CH1":0.8618258436832394}