{"MV1":0.7070385381171528,"MV3":0.19891524267334582,"CH1":0.3878928749225503}