{"MV1":0.8846917417406955,"MV3":0.5363281981510399,"CH1":0.9189009277815717}