{"MV1":0.37482154183181426,"MV3":0.4159035992465572,"CH1":0.788351440032777}