{"MV1":0.29848547108222034,"MV3":0.5625747587640514,"CH1":0.07303924719396004}