{"MV1":0.5473977219244769,"MV3":0.05803130007453239,"CH1":0.814269345554459}