{"MV1":0.7163536654934015,"MV3":0.9508034634198188,"CH1":0.7122550921228468}