{"MV1":0.30554092750929773,"MV3":0.24700118720168085,"CH1":0.6650817505500034}