{"MV1":0.8709002967289395,"MV3":0.5884693855414828,"CH1":0.9510086940116446}