{"MV1":0.40006668764364994,"MV3":0.8907835628900309,"CH1":0.6595278653315761}