{"MV1":0.3481768301891126,"MV3":0.4213651059502981,"CH1":0.3632105619916747}