{"MV1":0.7762438851172934,"MV3":0.730992253761154,"CH1":0.2991742005170803}