{"MV1":0.14750457025236852,"MV3":0.39370154440859306,"CH1":0.8181091350462887}