{"MV1":0.45812305715250956,"MV3":0.45736656203108506,"CH1":0.47566323486236184}