{"MV1":0.11970507975326339,"MV3":0.26353507770344076,"CH1":0.504396473478589}