{"MV1":0.4435763559843997,"MV3":0.06656573631465834,"CH1":0.2997185790504081}