{"MV1":0.6183441220380147,"MV3":0.03755797833542551,"CH1":0.5779141892649938}