{"MV1":0.2954301831701134,"MV3":0.14345800252564822,"CH1":0.27783060606944887}