{"MV1":0.46519870171195876,"MV3":0.023428287084069188,"CH1":0.815827393783328}