{"MV1":0.6812080600825401,"MV3":0.8395041485569594,"CH1":0.3792091981419844}