{"MV1":0.28572853121855424,"MV3":0.6854011872743931,"CH1":0.8211572396625244}