{"MV1":0.6453280941125937,"MV3":0.3943491736737743,"CH1":0.4497805906225444}