{"MV1":0.7773477484688122,"MV3":0.9793466882881163,"CH1":0.9740423636442664}