{"MV1":0.9904286534560648,"MV3":0.10911814597369374,"CH1":0.6903707533787553}