{"MV1":0.6547564322969415,"MV3":0.7619103408193396,"CH1":0.5842949156346191}