{"MV1":0.2046990459411402,"MV3":0.4029069812942515,"CH1":0.7596232272900012}