{"MV1":0.3078193593382461,"MV3":0.4353902733950443,"CH1":0.2661695883534656}