{"MV1":0.11226613435497201,"MV3":0.8252980534870497,"CH1":0.4849947691248083}