{"MV1":0.8221900402001995,"MV3":0.08890973261400803,"CH1":0.13457271994184516}