{"MV1":0.6761115606802941,"MV3":0.2643442765217252,"CH1":0.3167296469962734}