{"MV1":0.49744944898396704,"MV3":0.9157477804546933,"CH1":0.6789882943298315}