{"MV1":0.984529228522081,"MV3":0.36177640679699496,"CH1":0.3561456388390811}