{"MV1":0.06941320796812678,"MV3":0.4558878217786043,"CH1":0.30730103670833686}