{"MV1":0.31206297287742646,"MV3":0.5372411428828789,"CH1":0.4413820233610738}