{"MV1":0.4513129722889192,"MV3":0.8085215788510518,"CH1":0.7366253402142477}