{"MV1":0.4838528546776214,"MV3":0.9749078002290495,"CH1":0.6674288453627607}