{"MV1":0.637069542634693,"MV3":0.27421413052612986,"CH1":0.29164352877431343}