{"MV1":0.13823776884287986,"MV3":0.03904304559295857,"CH1":0.41555866870024605}