{"MV1":0.5441554093821497,"MV3":0.7537417902813428,"CH1":0.07923700890857954}