{"MV1":0.07596772734485668,"MV3":0.8147447734619034,"CH1":0.507410784680205}