{"MV1":0.49316506478671196,"MV3":0.5761831122627842,"CH1":0.3383760007356451}