{"MV1":0.4014574813459628,"MV3":0.890353616081465,"CH1":0.3003423466520555}