{"MV1":0.4965675120095365,"MV3":0.08538177596777996,"CH1":0.4384155921547823}