{"MV1":0.25653445395694685,"MV3":0.2157265372507421,"CH1":0.3713632149748748}