{"MV1":0.3637153678287983,"MV3":0.3572338891740302,"CH1":0.5670188730115647}