{"MV1":0.8776835639935016,"MV3":0.8346272837430928,"CH1":0.2502806647740935}