{"MV1":0.19386833476442933,"MV3":0.46044562953756263,"CH1":0.7171347561875641}