{"MV1":0.594580721303477,"MV3":0.6939186119723502,"CH1":0.25196932105053915}