{"MV1":0.9032473274064289,"MV3":0.26924614732288243,"CH1":0.09052569005111744}