{"MV1":0.11690646331514087,"MV3":0.18925829639457503,"CH1":0.3650089618109478}