{"MV1":0.5905413755569866,"MV3":0.12312569196812462,"CH1":0.37703180225238797}