{"MV1":0.7643191152474045,"MV3":0.4604865588542405,"CH1":0.49901478591782333}