{"MV1":0.850165890604952,"MV3":0.5648854283582957,"CH1":0.6946965599879008}