{"MV1":0.006627455861781373,"MV3":0.4864225610677083,"CH1":0.6352546647245229}