{"MV1":0.40477243355991976,"MV3":0.44323220220278614,"CH1":0.6768570004701845}