{"MV1":0.3730179551307511,"MV3":0.28084489140072066,"CH1":0.7149624490386992}