{"MV1":0.4528469548708506,"MV3":0.02340048485815205,"CH1":0.8886035242026632}