{"MV1":0.07689410472013714,"MV3":0.8557741366329918,"CH1":0.19181784801238988}