{"MV1":0.9884105505435364,"MV3":0.18878737389499167,"CH1":0.5330514459902483}