{"MV1":0.9965828973140136,"MV3":0.4568885234714767,"CH1":0.5414745852408777}