{"MV1":0.5940135373765186,"MV3":0.4349616129417425,"CH1":0.8261672382438779}