{"MV1":0.0316330853805602,"MV3":0.016471100806171535,"CH1":0.8528736525250151}