{"MV1":0.8067707663905336,"MV3":0.04778211322699255,"CH1":0.31418559595060525}