{"MV1":0.3458212370237934,"MV3":0.7328403554731149,"CH1":0.8228381132595309}