{"MV1":0.17394555803163492,"MV3":0.9834239582958157,"CH1":0.29136326758205533}