{"MV1":0.247028468467818,"MV3":0.18173018732680113,"CH1":0.7072122859246335}