{"MV1":0.29830595086567024,"MV3":0.6416676572720825,"CH1":0.4719514651298774}