{"MV1":0.44928436223020685,"MV3":0.2535581056051026,"CH1":0.8727924314130681}