{"MV1":0.3558927543424174,"MV3":0.2530047092128921,"CH1":0.5891886916831985}