{"MV1":0.5264180823367535,"MV3":0.3182689524954464,"CH1":0.99733692605081}