{"MV1":0.7565881816756762,"MV3":0.43554936234843256,"CH1":0.5548547964906356}