{"MV1":0.8387161072959486,"MV3":0.5512371236548932,"CH1":0.4137143557973004}