{"MV1":0.7449032237597515,"MV3":0.5873685387811173,"CH1":0.14758699630859817}