{"MV1":0.900249832138189,"MV3":0.06573043483850327,"CH1":0.5819399727101019}