{"MV1":0.12425134451031283,"MV3":0.141536212770619,"CH1":0.87977304734023}