{"MV1":0.24837979944494337,"MV3":0.5109154789509275,"CH1":0.33618019875149596}