{"MV1":0.8670251227360115,"MV3":0.6741815713765831,"CH1":0.9262027906330608}