{"MV1":0.50820615957999,"MV3":0.14709049570420907,"CH1":0.4878614196275807}