{"MV1":0.8406238191292735,"MV3":0.5818433462029085,"CH1":0.3048830217889258}