{"MV1":0.7465510673614779,"MV3":0.49687168936105164,"CH1":0.8100012874025835}