{"MV1":0.7861624137984466,"MV3":0.29800695791402443,"CH1":0.4853881886175929}