{"MV1":0.23926406895069596,"MV3":0.37461457782557894,"CH1":0.837189592901633}