{"MV1":0.039532875848531934,"MV3":0.4354694859920878,"CH1":0.9308754473632408}