{"MV1":0.24795481181221202,"MV3":0.10932614454133238,"CH1":0.862494693364591}