{"MV1":0.28269064072797323,"MV3":0.5768590554826482,"CH1":0.8210456813162248}