{"MV1":0.032234920479093376,"MV3":0.6382637059093269,"CH1":0.4729523235892399}