{"MV1":0.41934625460928254,"MV3":0.6161407146933324,"CH1":0.6549106995391919}