{"MV1":0.15864829166050953,"MV3":0.8560172890510177,"CH1":0.5820764643051525}