{"MV1":0.03679078156085702,"MV3":0.2655212316992839,"CH1":0.05367683747638463}