{"MV1":0.6176056204037229,"MV3":0.4975698581536604,"CH1":0.20115392721533432}