{"MV1":0.6747490091360574,"MV3":0.42442297111875804,"CH1":0.7700840606066033}