{"MV1":0.30617568893621316,"MV3":0.7841663734975939,"CH1":0.5184420910440665}