{"MV1":0.13838481630110655,"MV3":0.5953260655186106,"CH1":0.31681279402412355}