{"MV1":0.2089688402376214,"MV3":0.2345248550517296,"CH1":0.06869235966149778}