{"MV1":0.7120573116463679,"MV3":0.8398074515030342,"CH1":0.5378088559292349}