{"MV1":0.7749003938328936,"MV3":0.2323861683204247,"CH1":0.845507933684999}