{"MV1":0.094046849451355,"MV3":0.432770666607907,"CH1":0.05192314391591568}