{"MV1":0.05926937140263011,"MV3":0.7667423604737879,"CH1":0.5712968633489549}