{"MV1":0.5693798557081631,"MV3":0.5253915452775726,"CH1":0.3423807115080739}