{"MV1":0.7343629201128206,"MV3":0.333190310179171,"CH1":0.1059799634373283}