{"MV1":0.024760382802837433,"MV3":0.06678201184474153,"CH1":0.5015849547234241}