{"MV1":0.18436827207254736,"MV3":0.2582386823477304,"CH1":0.5918545375963403}