{"MV1":0.4668330341622223,"MV3":0.2755185439266701,"CH1":0.9233277588550868}