{"MV1":0.38928758446332334,"MV3":0.23853940920446126,"CH1":0.7573117863812968}