{"MV1":0.007097030846255015,"MV3":0.7774564954157867,"CH1":0.10663080868772679}