{"MV1":0.15771721240970493,"MV3":0.47699886068180297,"CH1":0.725639758484497}