{"MV1":0.10921299228361392,"MV3":0.0980750413916972,"CH1":0.33882609294016386}