{"MV1":0.11351550060141302,"MV3":0.3780858156876975,"CH1":0.04113469175613804}