{"MV1":0.4541220695278968,"MV3":0.7335815727494674,"CH1":0.8673611872373348}