{"MV1":0.6310722719780194,"MV3":0.12800134178624345,"CH1":0.9079171936951617}