{"MV1":0.6780987136858695,"MV3":0.041954452792484664,"CH1":0.061222606403242064}