{"MV1":0.8366609512869269,"MV3":0.22629322570990484,"CH1":0.08008710521996043}