{"MV1":0.6614788827365197,"MV3":0.5924040146291333,"CH1":0.7692934059694542}