{"MV1":0.2504095934976961,"MV3":0.38350957222854065,"CH1":0.012038672428242969}