{"MV1":0.6026382971729783,"MV3":0.2809109888262553,"CH1":0.4690772091929759}