{"MV1":0.7834461044910829,"MV3":0.2574643617848271,"CH1":0.6759654496717978}