{"MV1":0.6742169851586982,"MV3":0.46690315659441717,"CH1":0.5206461189652104}