{"MV1":0.382468933055765,"MV3":0.08815609158809379,"CH1":0.9019902936248727}