{"MV1":0.94418367117709,"MV3":0.5694588320504748,"CH1":0.8268709614331059}