{"MV1":0.504128211212725,"MV3":0.07168622463353302,"CH1":0.5059637332647967}