{"MV1":0.004512736750815871,"MV3":0.9854120447481658,"CH1":0.796744647805506}