{"MV1":0.618375732829241,"MV3":0.04268383134331777,"CH1":0.46442798321017253}