{"MV1":0.2413363977461569,"MV3":0.8903335455851833,"CH1":0.0615744439883249}