{"MV1":0.7481035224108027,"MV3":0.3429598661605058,"CH1":0.8546382157954826}