{"MV1":0.4694823826679707,"MV3":0.4542640687138486,"CH1":0.11221426730407968}