{"MV1":0.3229433215524038,"MV3":0.725353283574599,"CH1":0.9678803151873361}