{"MV1":0.6478819127944012,"MV3":0.8191291597824136,"CH1":0.8426919505061582}