{"MV1":0.13697238293582226,"MV3":0.4139711564421533,"CH1":0.6396298449959682}