{"MV1":0.6640702641304077,"MV3":0.44067557511431854,"CH1":0.7761176733194386}