{"MV1":0.25293597133931245,"MV3":0.6085559363500145,"CH1":0.8759809054109574}