{"MV1":0.12555805176944168,"MV3":0.9738110734951738,"CH1":0.23499897340550913}