{"MV1":0.7302949559448823,"MV3":0.4121780234136596,"CH1":0.01274989699921103}