{"MV1":0.2653674375678772,"MV3":0.15534293190468418,"CH1":0.42691796165447027}