{"MV1":0.5153059711908485,"MV3":0.963325788253152,"CH1":0.1525171824012499}