{"MV1":0.6335074349648827,"MV3":0.3160871005425383,"CH1":0.5574923871529458}