{"MV1":0.21477077577369474,"MV3":0.7232622370339068,"CH1":0.8794254993575434}