{"MV1":0.9766051858792276,"MV3":0.9389508641600843,"CH1":0.8510627519576486}