{"MV1":0.534492363207256,"MV3":0.03053340949048533,"CH1":0.5656603161732121}