{"MV1":0.4424373978192361,"MV3":0.9508853494573458,"CH1":0.6470582928758211}