{"MV1":0.47391760657723025,"MV3":0.704800063571588,"CH1":0.7280189015443702}