{"MV1":0.9439632592103834,"MV3":0.30673512159150185,"CH1":0.5989584236023832}