{"MV1":0.6354159578963493,"MV3":0.33218166657991455,"CH1":0.2564209321745471}