{"MV1":0.7092149562622,"MV3":0.1111544123281426,"CH1":0.9260608447535785}