{"MV1":0.08552543459540629,"MV3":0.3720723300285559,"CH1":0.6197204977352553}