{"MV1":0.7793400416789501,"MV3":0.771937073788008,"CH1":0.8372914226821395}