{"MV1":0.6909135779498555,"MV3":0.08602988426705571,"CH1":0.22288374976265057}