{"MV1":0.9750430014203363,"MV3":0.18244892619129327,"CH1":0.5219938567584724}