{"MV1":0.0015704623614140045,"MV3":0.7352520591819406,"CH1":0.03131541024488527}