{"MV1":0.5603139553555292,"MV3":0.7025024815338899,"CH1":0.2963942184387075}