{"MV1":0.11923123793931667,"MV3":0.5201584700196494,"CH1":0.7899903161941791}