{"MV1":0.25515725893695174,"MV3":0.39740660922879323,"CH1":0.2579784190364205}