{"MV1":0.976489979897741,"MV3":0.12137609806518146,"CH1":0.8097996419804091}