{"MV1":0.10246415130926567,"MV3":0.2557170967010045,"CH1":0.30388875633910917}