{"MV1":0.7090446664650654,"MV3":0.1733578117052541,"CH1":0.8283638548075664}