{"MV1":0.724160926800056,"MV3":0.09044977231679052,"CH1":0.7023438362897616}