{"MV1":0.48359970742499203,"MV3":0.5560828790124343,"CH1":0.3080748457750382}