{"MV1":0.7090665593840311,"MV3":0.6158534597996587,"CH1":0.4097471486590242}