{"MV1":0.5505664181552703,"MV3":0.32018576247264896,"CH1":0.7958255998924832}