{"MV1":0.002356300496966335,"MV3":0.49844451880117635,"CH1":0.8122736164855978}