{"MV1":0.3291408136492918,"MV3":0.789987569476525,"CH1":0.41604942403206846}