{"MV1":0.7541827515678171,"MV3":0.12128982476659445,"CH1":0.05503008396276288}