{"MV1":0.23960169538655185,"MV3":0.6941026889842544,"CH1":0.21092839569205912}