{"MV1":0.4556441756703209,"MV3":0.7351389942127493,"CH1":0.26398660457825873}