{"MV1":0.6152505833973209,"MV3":0.9631313433271623,"CH1":0.8888573615242479}