{"MV1":0.8675365358539097,"MV3":0.2080074249344328,"CH1":0.2662278056885311}