{"MV1":0.19855358649811317,"MV3":0.26474804868824586,"CH1":0.2211909520097507}