{"MV1":0.6602318609171658,"MV3":0.8981909738731242,"CH1":0.2446380913532491}