{"MV1":0.8814216190391762,"MV3":0.6112541468564096,"CH1":0.1597855180898886}