{"MV1":0.2215683786878616,"MV3":0.3104334788497046,"CH1":0.6264067012373854}