{"MV1":0.020285137311428558,"MV3":0.3767526167084746,"CH1":0.8195444156046278}