{"MV1":0.16418076828817296,"MV3":0.8837955022750957,"CH1":0.8224246192875448}