{"MV1":0.9477782669634438,"MV3":0.37649044764343864,"CH1":0.8384457364906582}