{"MV1":0.5243915679027212,"MV3":0.11010899999894908,"CH1":0.7921654123349124}