{"MV1":0.18661779661495725,"MV3":0.14472242354210663,"CH1":0.6956614282072583}