{"MV1":0.7837377578262934,"MV3":0.8197914340545511,"CH1":0.4032232699511298}