{"MV1":0.19410512851233108,"MV3":0.3803789477472961,"CH1":0.7960055823593005}