{"MV1":0.8935756783935038,"MV3":0.5818846791780931,"CH1":0.8952683306498469}