{"MV1":0.11752596434200635,"MV3":0.05048162431948766,"CH1":0.49974509042036297}