{"MV1":0.8797360693320075,"MV3":0.19005007386335016,"CH1":0.8551616123248741}