{"MV1":0.9039086415435273,"MV3":0.18743159284458488,"CH1":0.6414662749630397}