{"MV1":0.30775606997084204,"MV3":0.4915040101572339,"CH1":0.7776998689634758}