{"MV1":0.8748202154690115,"MV3":0.4930553899719068,"CH1":0.7715592014123767}