{"MV1":0.06429364343893185,"MV3":0.9424762661918041,"CH1":0.025370249384809362}