{"MV1":0.9005528332972546,"MV3":0.09336237631217748,"CH1":0.08093578747675834}