{"MV1":0.5836265668343168,"MV3":0.4636392628354289,"CH1":0.7618982749445552}