{"MV1":0.7605153401371322,"MV3":0.387185526162956,"CH1":0.4482213754507115}