{"MV1":0.9532976616924477,"MV3":0.9385106405692805,"CH1":0.9878279919984624}