{"MV1":0.29941405481032723,"MV3":0.2819551186235939,"CH1":0.20582799153082287}