{"MV1":0.7415233204523872,"MV3":0.38608496486544897,"CH1":0.3183363996979349}