{"MV1":0.08105073821150777,"MV3":0.516691499802688,"CH1":0.9627757277114519}