{"MV1":0.22750572126918878,"MV3":0.6219115859921103,"CH1":0.7737295025788522}