{"MV1":0.9672014533204928,"MV3":0.5288221019120267,"CH1":0.5693589751356436}