{"MV1":0.999761474039555,"MV3":0.37431405226146075,"CH1":0.9875635596265218}