{"MV1":0.18061654340393463,"MV3":0.33679480539489837,"CH1":0.23342099500301816}