{"MV1":0.5809931503176586,"MV3":0.010017690133728108,"CH1":0.45413759503958795}