{"MV1":0.62469564698004,"MV3":0.3855838920123287,"CH1":0.8889774249224225}