{"MV1":0.3372122155040742,"MV3":0.4258252800119765,"CH1":0.4627297804028544}