{"MV1":0.7091380507652986,"MV3":0.8750198702315054,"CH1":0.5329345388864412}