{"MV1":0.7454222396555946,"MV3":0.09687265961122049,"CH1":0.7083169989895587}