{"MV1":0.9581647668049978,"MV3":0.4378807199238518,"CH1":0.28020361951343553}