{"MV1":0.7603027741556774,"MV3":0.8026389419426151,"CH1":0.38642802928699216}