{"MV1":0.2015380023545189,"MV3":0.31909671168547227,"CH1":0.9704020848361014}