{"MV1":0.9282724112082682,"MV3":0.12525920030527105,"CH1":0.3400532168330337}