{"MV1":0.4338896017313081,"MV3":0.07922112440754547,"CH1":0.9806004650983133}