{"MV1":0.2997561398317222,"MV3":0.42700052713023695,"CH1":0.9030655588279357}