{"MV1":0.16524022133063643,"MV3":0.8334107560858769,"CH1":0.36732800780341146}