{"MV1":0.7762427962160827,"MV3":0.33745896100724493,"CH1":0.011594833650466319}