{"MV1":0.5733170613424755,"MV3":0.07987955765222987,"CH1":0.3802761229578996}