{"MV1":0.19632542713197554,"MV3":0.249771072264674,"CH1":0.9647839266559974}