{"MV1":0.8317262904559258,"MV3":0.678830836658457,"CH1":0.5981334285193168}