{"MV1":0.03566457839509318,"MV3":0.07883109228606555,"CH1":0.5165190187748596}