{"MV1":0.4790900103544875,"MV3":0.7210778091229455,"CH1":0.9436381092396461}