{"MV1":0.21656674317335456,"MV3":0.28910979045322505,"CH1":0.2187620931321661}