{"MV1":0.09254462426085575,"MV3":0.43887458838181514,"CH1":0.98576852304232}