{"MV1":0.8180636211624219,"MV3":0.8403199428599454,"CH1":0.829294079820247}