{"MV1":0.31578743041713975,"MV3":0.2926071280231598,"CH1":0.9225931177037794}