{"MV1":0.42460379962288697,"MV3":0.9428358579093867,"CH1":0.9733973249568272}