{"MV1":0.8636819223373328,"MV3":0.7874247805341381,"CH1":0.371983919356495}