{"MV1":0.7699818175128332,"MV3":0.21158288300761918,"CH1":0.8395820506388932}