{"MV1":0.1376187522635577,"MV3":0.8298841605495737,"CH1":0.24850937293071995}