{"MV1":0.08518462915013181,"MV3":0.27290568803823734,"CH1":0.7569161163587961}