{"MV1":0.8380210515420997,"MV3":0.7232406137899167,"CH1":0.23546778646117972}