{"MV1":0.9895751088427117,"MV3":0.6352009752521051,"CH1":0.6760377249720818}