{"MV1":0.1312051282145824,"MV3":0.2140210634697164,"CH1":0.8226374990051537}