{"MV1":0.9164655465357623,"MV3":0.2871241029514321,"CH1":0.49241318181884297}