{"MV1":0.27814531698156597,"MV3":0.148686768400474,"CH1":0.7233159108968854}