{"MV1":0.8189228106089895,"MV3":0.08044416964940881,"CH1":0.6356349061700051}