{"MV1":0.8603717355502882,"MV3":0.7427982385879179,"CH1":0.4755239866119635}