{"MV1":0.39117842209036935,"MV3":0.8823508914804288,"CH1":0.49151033933408084}