{"MV1":0.7610449708001946,"MV3":0.15894927509371548,"CH1":0.16825287884846796}