{"MV1":0.2333536110774601,"MV3":0.8792671002406909,"CH1":0.24151293582737843}