{"MV1":0.8695528601904783,"MV3":0.19234813676528928,"CH1":0.4891823916921496}