{"MV1":0.5274375302783971,"MV3":0.6724446058553344,"CH1":0.8762595815439437}