{"MV1":0.011059093417122301,"MV3":0.2855668143862077,"CH1":0.5695618353929826}