{"MV1":0.205474489029694,"MV3":0.37656785639300794,"CH1":0.7180581278339976}