{"MV1":0.9516248260488611,"MV3":0.7044095553815424,"CH1":0.4484337296105573}