{"MV1":0.6034826389133423,"MV3":0.8428162228593338,"CH1":0.5933747369545269}