{"MV1":0.8423328023347697,"MV3":0.7044668408011079,"CH1":0.23998379150987315}