{"MV1":0.6176904117533965,"MV3":0.17980350899896924,"CH1":0.5275133754622405}