{"MV1":0.029456258775708344,"MV3":0.9951527351279411,"CH1":0.1288742314845014}