{"MV1":0.03760256565088416,"MV3":0.7170934117256946,"CH1":0.14201712104168907}