{"MV1":0.9716617216399818,"MV3":0.7853598462330725,"CH1":0.5263120665641646}