{"MV1":0.4705394238707835,"MV3":0.5358424236702153,"CH1":0.15595842389400816}