{"MV1":0.7710303610133807,"MV3":0.06318758962926618,"CH1":0.3191180093861594}