{"MV1":0.6559316107924913,"MV3":0.9615853091684936,"CH1":0.5003276325527657}