{"MV1":0.6626396442374007,"MV3":0.2321909745074181,"CH1":0.7870431981669772}