{"MV1":0.006203969478035476,"MV3":0.24160804624009125,"CH1":0.04747943914114239}