{"MV1":0.8554516503120004,"MV3":0.7609229621986108,"CH1":0.013282399734394934}