{"MV1":0.18081324560133993,"MV3":0.05362569609847989,"CH1":0.7460231944156848}