{"MV1":0.27468789436439056,"MV3":0.4128056350313749,"CH1":0.0014216228109438234}