{"MV1":0.7919567613229818,"MV3":0.2238417662608666,"CH1":0.9239958457541546}