{"MV1":0.9458776805597782,"MV3":0.7310089228429406,"CH1":0.7473700106385518}