{"MV1":0.9727897306682948,"MV3":0.6471061003088554,"CH1":0.9829803111070111}