{"MV1":0.020737792496048568,"MV3":0.31885656915742067,"CH1":0.8723101204915493}