{"MV1":0.9919044562353815,"MV3":0.563409802133679,"CH1":0.3792765489872879}