{"MV1":0.1949223380224233,"MV3":0.30004424639049365,"CH1":0.4359683400754365}