{"MV1":0.9610446525662961,"MV3":0.7543884920057812,"CH1":0.7171039384188393}