{"MV1":0.0474703760777605,"MV3":0.6122124766711143,"CH1":0.25699889095167616}