{"MV1":0.8499730038677344,"MV3":0.30199581299405465,"CH1":0.8910486674291623}