{"MV1":0.7504450015282488,"MV3":0.610162875739249,"CH1":0.7737762032484722}