{"MV1":0.5720610605171096,"MV3":0.07264892447079552,"CH1":0.7509972215221846}