{"MV1":0.5382160805771368,"MV3":0.11446591702248898,"CH1":0.7438445014616982}