{"MV1":0.7959588805990679,"MV3":0.7874227687386246,"CH1":0.2145644858979472}