{"MV1":0.23291817433675577,"MV3":0.17302593400635458,"CH1":0.9290158051435002}