{"MV1":0.5540106691232928,"MV3":0.6765368512613427,"CH1":0.21557455512932944}