{"MV1":0.3435133665737924,"MV3":0.9782786824237893,"CH1":0.9492563827684422}