{"MV1":0.20096765889170776,"MV3":0.35512239443959703,"CH1":0.40960646085591346}