{"MV1":0.06823418559932826,"MV3":0.26194826910843805,"CH1":0.8056780859685424}