{"MV1":0.026172289984147556,"MV3":0.4877946340385685,"CH1":0.08626728925061222}