{"MV1":0.8442505417738769,"MV3":0.7540371338519242,"CH1":0.4020010818940444}