{"MV1":0.07612039917097513,"MV3":0.7476927856011799,"CH1":0.23802400788191092}