{"MV1":0.17342090350460426,"MV3":0.9767644866787244,"CH1":0.5138832955852488}