{"MV1":0.4733746807570962,"MV3":0.3091520833806116,"CH1":0.9937173609516888}