{"MV1":0.648737813497926,"MV3":0.9663331819203427,"CH1":0.042356333326883266}