{"MV1":0.13140332417166423,"MV3":0.6530613286848439,"CH1":0.6920895258286046}