{"MV1":0.6246731622352696,"MV3":0.8761820772465584,"CH1":0.5749332661515597}