{"MV1":0.38136853179587027,"MV3":0.13566605602537152,"CH1":0.7484364837658647}