{"MV1":0.9218376941416582,"MV3":0.9608582978094291,"CH1":0.21403621086960567}