{"MV1":0.15292516012115454,"MV3":0.8803597851717964,"CH1":0.3104391501629332}