{"MV1":0.6152726848266784,"MV3":0.8037150850620697,"CH1":0.32000720254798876}