{"MV1":0.7144683500479145,"MV3":0.8124200231326043,"CH1":0.9815064756228953}