{"MV1":0.2923368164122031,"MV3":0.6215618286590262,"CH1":0.47953065553036345}