{"MV1":0.18156720970450857,"MV3":0.9808974075787789,"CH1":0.5032367019134777}