{"MV1":0.1961048989879618,"MV3":0.5547324146424891,"CH1":0.3047100768179394}