{"MV1":0.0878332561609122,"MV3":0.8181784032382093,"CH1":0.4741779020789879}