{"MV1":0.6289409801409085,"MV3":0.8842263279866924,"CH1":0.1964263975938858}