{"MV1":0.6936194419528277,"MV3":0.08835442088635426,"CH1":0.24073861293066512}