{"MV1":0.7773594974661399,"MV3":0.9660337432801662,"CH1":0.43203702402810495}