{"MV1":0.21581395212562415,"MV3":0.5823734410943546,"CH1":0.5289797162078848}