{"MV1":0.18405870151095738,"MV3":0.708513152085042,"CH1":0.18119590639338268}