{"MV1":0.17000538332088666,"MV3":0.7319130877293644,"CH1":0.26998616351928595}