{"MV1":0.07391832158803113,"MV3":0.008556150660531725,"CH1":0.8750279435950855}