{"MV1":0.6048431036477167,"MV3":0.18197189235897648,"CH1":0.8746162135445432}