{"MV1":0.15378160816983755,"MV3":0.4275532193047873,"CH1":0.446199642752684}