{"MV1":0.6249182925701091,"MV3":0.6531491496644208,"CH1":0.9254840943437722}