{"MV1":0.5794038144450047,"MV3":0.6773407272989421,"CH1":0.3940188321876664}