{"MV1":0.9287848540996694,"MV3":0.9930839926919137,"CH1":0.749248271162967}