{"MV1":0.5681296183084219,"MV3":0.2574603708529364,"CH1":0.5098166977592543}