{"MV1":0.6456993191562211,"MV3":0.21016195778294144,"CH1":0.22952958010136282}