{"MV1":0.5977263378232618,"MV3":0.4081148929174103,"CH1":0.5556819949246703}