{"MV1":0.4941939464382381,"MV3":0.6600603872755939,"CH1":0.4884224992808309}