{"MV1":0.9109352450960011,"MV3":0.05520282948061017,"CH1":0.8849114172304108}