{"MV1":0.27421043783250987,"MV3":0.3989809319621974,"CH1":0.6974129483293928}