{"MV1":0.05323084451875226,"MV3":0.5457749213972302,"CH1":0.6814244092818555}