{"MV1":0.8802169132871925,"MV3":0.30788831874194633,"CH1":0.6504497837471253}