{"MV1":0.04143000008045561,"MV3":0.2467948711864243,"CH1":0.5809764648071456}