{"MV1":0.4006044807184007,"MV3":0.7476884132050635,"CH1":0.1664516441070294}