{"MV1":0.45885622016811856,"MV3":0.19664698327936425,"CH1":0.9478556459018523}