{"MV1":0.0633180656851875,"MV3":0.6749366781998286,"CH1":0.1044309809893984}