{"MV1":0.9712394459951907,"MV3":0.6402725194643557,"CH1":0.5973495769919804}