{"MV1":0.6124678846091566,"MV3":0.2270616520526194,"CH1":0.3084467279323422}