{"MV1":0.41725515848509187,"MV3":0.8351415146803459,"CH1":0.1136153218235948}