{"MV1":0.8330695780758809,"MV3":0.34445379445983393,"CH1":0.6660265336103712}