{"MV1":0.7676493952143135,"MV3":0.6369466891029238,"CH1":0.05622747316165777}