{"MV1":0.6839824815868588,"MV3":0.46843167749636727,"CH1":0.28377637854689586}