{"MV1":0.14870962885054417,"MV3":0.6248577539198291,"CH1":0.7749117913065015}