{"MV1":0.7198011853075488,"MV3":0.848635081698727,"CH1":0.4391362164449324}