{"MV1":0.720773881694562,"MV3":0.7751921724308353,"CH1":0.37433654501912283}