{"MV1":0.1775624960067671,"MV3":0.9938008615953143,"CH1":0.9162203094967475}