{"MV1":0.4774963130529094,"MV3":0.822131684457286,"CH1":0.5948178651945553}