{"MV1":0.7576891483425897,"MV3":0.9339697943178462,"CH1":0.3343111653663766}