{"MV1":0.42761424088922495,"MV3":0.8341976268512601,"CH1":0.5752302870587925}