{"MV1":0.46032913185894664,"MV3":0.982554358655605,"CH1":0.6886111953238465}