{"MV1":0.017227205960313574,"MV3":0.9537367595362123,"CH1":0.5162838719886523}