{"MV1":0.4685023288697876,"MV3":0.4416165154815912,"CH1":0.14027222955850094}