{"MV1":0.2525225376436876,"MV3":0.49476593202932595,"CH1":0.39709082258423145}