{"MV1":0.5279228872370623,"MV3":0.5190126982955763,"CH1":0.09587624600436873}