{"MV1":0.2352019679269599,"MV3":0.3300737897134538,"CH1":0.6856678503356027}