{"MV1":0.09079638208637186,"MV3":0.5169406652219327,"CH1":0.2850099390461438}