{"MV1":0.28159047782914925,"MV3":0.6601152194644372,"CH1":0.8582101643994162}