{"MV1":0.6324658131917603,"MV3":0.667742376847526,"CH1":0.39605289552678413}