{"MV1":0.47790187373805704,"MV3":0.7382478077847682,"CH1":0.48932909307920924}