{"MV1":0.24488597608720597,"MV3":0.09244999066458237,"CH1":0.5239579711373744}