{"MV1":0.5176166175335299,"MV3":0.7839396805968112,"CH1":0.9534093799256892}