{"MV1":0.17029528887501166,"MV3":0.797351347172944,"CH1":0.2302219023879376}