{"MV1":0.8642071841841625,"MV3":0.8767297141151208,"CH1":0.11108820634647054}