{"MV1":0.08968292367446662,"MV3":0.1182974594679217,"CH1":0.9498485754949714}