{"MV1":0.8126968415050551,"MV3":0.8285977140957121,"CH1":0.0016441036565860712}