{"MV1":0.02881346030807752,"MV3":0.02694479536011596,"CH1":0.40431366775808564}