{"MV1":0.8694993722730734,"MV3":0.8693522480903259,"CH1":0.7739515256862158}