{"MV1":0.17684593266170245,"MV3":0.40146035912883204,"CH1":0.7500753736132134}