{"MV1":0.055892454468206565,"MV3":0.7846783309810013,"CH1":0.21717635571630867}