{"MV1":0.6815118988423404,"MV3":0.7788639427898335,"CH1":0.44011833527582234}