{"MV1":0.8184720273388393,"MV3":0.0017200180514266306,"CH1":0.08763015122673912}