{"MV1":0.13316256018054295,"MV3":0.7663370529011801,"CH1":0.4710717126231925}