{"MV1":0.7607931445671688,"MV3":0.7385066175548384,"CH1":0.49148080393643867}