{"MV1":0.3878366219744718,"MV3":0.652730133805431,"CH1":0.6976534961747989}