{"MV1":0.8085239603468224,"MV3":0.5878417345256237,"CH1":0.456801913661249}