{"MV1":0.9653996378884998,"MV3":0.3517050689536858,"CH1":0.041369605577783575}