{"MV1":0.2933147805140961,"MV3":0.46858250168626947,"CH1":0.7900067767762181}