{"MV1":0.7837253283457066,"MV3":0.13814256828719584,"CH1":0.3063461904423965}