{"MV1":0.5929336800196128,"MV3":0.5277757804257889,"CH1":0.31258866487756654}