{"MV1":0.3662405192474626,"MV3":0.8566765573523576,"CH1":0.4475525018502545}