{"MV1":0.6680772640117458,"MV3":0.9514951579054975,"CH1":0.8794934776627897}