{"MV1":0.5935062305705299,"MV3":0.8994456430981669,"CH1":0.36390616140164456}