{"MV1":0.3201279667902194,"MV3":0.91170676081579,"CH1":0.1990957426579827}