{"MV1":0.19643133917099553,"MV3":0.10612159604859539,"CH1":0.4671009281925478}