{"MV1":0.4967905598519625,"MV3":0.563343636215049,"CH1":0.6987448990275276}