{"MV1":0.45882968013813574,"MV3":0.9306685417075385,"CH1":0.5774875963159666}