{"MV1":0.019190438856239167,"MV3":0.2537671077532512,"CH1":0.2553692791365163}