{"MV1":0.4675944264425689,"MV3":0.9096608444381485,"CH1":0.5762900843358264}