{"MV1":0.8623110380251814,"MV3":0.644290752196704,"CH1":0.41864434629768865}