{"MV1":0.1941579954623549,"MV3":0.9313201443227159,"CH1":0.6134521246048633}