{"MV1":0.4206983485760404,"MV3":0.04315291098473073,"CH1":0.21911983919237332}