{"MV1":0.20023517193443352,"MV3":0.24491588368182016,"CH1":0.6021327152310497}