{"MV1":0.7889539063484188,"MV3":0.5544494311915834,"CH1":0.19963793477972647}