{"MV1":0.8430353207729665,"MV3":0.3646041545954679,"CH1":0.0955055842715209}