{"MV1":0.9017142728433313,"MV3":0.5888051168969783,"CH1":0.044159368322302384}