{"MV1":0.9938498245764821,"MV3":0.5524323743257485,"CH1":0.02448962410020683}