{"MV1":0.4243880155744769,"MV3":0.9752562030618264,"CH1":0.6930691767501475}