{"MV1":0.27728771900098137,"MV3":0.8318633363762051,"CH1":0.6438213717898759}