{"MV1":0.1383448934837921,"MV3":0.07495578056673202,"CH1":0.8090074563080358}