{"MV1":0.13319778469245536,"MV3":0.3527363610885563,"CH1":0.19449886290772345}