{"MV1":0.6268631268488326,"MV3":0.6947522115992693,"CH1":0.08027935996854096}