{"MV1":0.6884073827689511,"MV3":0.7676894468317851,"CH1":0.17784726327004663}