{"MV1":0.40927942230907477,"MV3":0.9646859816018495,"CH1":0.6911110929452148}