{"MV1":0.5704184846854147,"MV3":0.4106274238282117,"CH1":0.34760642961529775}