{"MV1":0.7211783215219202,"MV3":0.20699273110537797,"CH1":0.3571310907589952}