{"MV1":0.8003906440925177,"MV3":0.35062137455644327,"CH1":0.9825653109455292}