{"MV1":0.49262548677172835,"MV3":0.012982102590854194,"CH1":0.11662676802699401}