{"MV1":0.9255463037062664,"MV3":0.6062459420031074,"CH1":0.16044386862000837}