{"MV1":0.914582214648498,"MV3":0.47723776556493647,"CH1":0.6871310460807281}