{"MV1":0.6099609800113078,"MV3":0.27852329414950405,"CH1":0.17233744035880127}