{"MV1":0.3833585701327904,"MV3":0.5446448535349642,"CH1":0.40359386632392924}