{"MV1":0.10838697215160564,"MV3":0.40630979608014817,"CH1":0.6285180043187696}