{"MV1":0.6194404463729074,"MV3":0.6156898064389873,"CH1":0.9085720536978539}