{"MV1":0.07834658325628274,"MV3":0.4556699573957057,"CH1":0.6805298734329028}