{"MV1":0.034294356129348946,"MV3":0.2752920119281699,"CH1":0.08161278941135974}