{"MV1":0.3354376404772428,"MV3":0.8241180408467041,"CH1":0.862407578913934}