{"MV1":0.9408658562680282,"MV3":0.6824528823293753,"CH1":0.265954933383879}