{"MV1":0.7298209109094639,"MV3":0.3651573983455102,"CH1":0.6300970446451076}