{"MV1":0.6820078092986656,"MV3":0.2515693919460581,"CH1":0.9741915905312319}