{"MV1":0.9813305648513798,"MV3":0.7192283451750475,"CH1":0.2235530309497108}