{"MV1":0.7039544679591649,"MV3":0.15532580677155328,"CH1":0.7306127705195657}