{"MV1":0.889694170013434,"MV3":0.3738834602537521,"CH1":0.3899661334505079}