{"MV1":0.6627738527007944,"MV3":0.08305037399119353,"CH1":0.615355627690078}