{"MV1":0.3961239205566751,"MV3":0.9611120662197401,"CH1":0.8403435564376037}