{"MV1":0.5199357972316172,"MV3":0.6948518905272698,"CH1":0.3389039769841168}