{"MV1":0.9167549457904309,"MV3":0.5892376539867468,"CH1":0.9904824732403159}