{"MV1":0.2611764676919871,"MV3":0.41730311756271943,"CH1":0.5626120518548162}