{"MV1":0.9382014977608405,"MV3":0.3672582529768298,"CH1":0.34676817912199054}