{"MV1":0.9376037986340149,"MV3":0.20175578231788682,"CH1":0.7275502959217479}