{"MV1":0.6326779289150604,"MV3":0.33827840981238,"CH1":0.23901094861170058}