{"MV1":0.46610549211772,"MV3":0.8555380358653166,"CH1":0.247637035166289}