{"MV1":0.04594056859292195,"MV3":0.4891443130112788,"CH1":0.4886946376137997}