{"MV1":0.04277624096844623,"MV3":0.04764587422345812,"CH1":0.3460017045556347}