{"MV1":0.9263117173489703,"MV3":0.8505064209709277,"CH1":0.18438214435811195}