{"MV1":0.4082664289176713,"MV3":0.17107002449587427,"CH1":0.5324645322389588}