{"MV1":0.22875727346104924,"MV3":0.4748299940815087,"CH1":0.4726003630572021}