{"MV1":0.7529525969217858,"MV3":0.5013960136837999,"CH1":0.9300665148879623}