{"MV1":0.7561635494323639,"MV3":0.6050499867072916,"CH1":0.8905207391246981}