{"MV1":0.7293451522246198,"MV3":0.22808699776801777,"CH1":0.7352607327764549}