{"MV1":0.1103796864443588,"MV3":0.8304671532061257,"CH1":0.33106684362199057}