{"MV1":0.966649238724715,"MV3":0.27300853240954503,"CH1":0.25982437512985557}