{"MV1":0.6747984855292781,"MV3":0.9573320734493498,"CH1":0.02267726864361863}