{"MV1":0.610944805061332,"MV3":0.2890112349539673,"CH1":0.3034666551061117}