{"MV1":0.7947861558349899,"MV3":0.03611644680012027,"CH1":0.7713949743755633}