{"MV1":0.8864224108801061,"MV3":0.3201920764668904,"CH1":0.10649364599258682}