{"MV1":0.40758784474274856,"MV3":0.8000886920436661,"CH1":0.16021535318092395}