{"MV1":0.3584116569831699,"MV3":0.3137109041665047,"CH1":0.810129718107014}