{"MV1":0.20308343232470294,"MV3":0.46648160588598464,"CH1":0.7217738583990443}