{"MV1":0.18359330010647623,"MV3":0.5112889873778198,"CH1":0.40136447544675324}