{"MV1":0.7614848973968272,"MV3":0.5434574552027777,"CH1":0.5496208712178609}