{"MV1":0.5186045161871922,"MV3":0.7649655849650447,"CH1":0.0639538586183036}