{"MV1":0.8575869973188927,"MV3":0.680497629542461,"CH1":0.34662355341790485}