{"MV1":0.8405943176264965,"MV3":0.9930344117386676,"CH1":0.9475331080881924}