{"MV1":0.6166653969573622,"MV3":0.7300782018783109,"CH1":0.259144387106527}