{"MV1":0.8500841498133757,"MV3":0.7179116635572851,"CH1":0.24039681429293802}