{"MV1":0.493649640109487,"MV3":0.5652629471603593,"CH1":0.5395290587270378}