{"MV1":0.6279049444892264,"MV3":0.12037404030107779,"CH1":0.9063752857133134}