{"MV1":0.7477005755709075,"MV3":0.8988431024732039,"CH1":0.866610397259979}