{"MV1":0.39329833213708376,"MV3":0.7956288264690514,"CH1":0.2805421943957467}