{"MV1":0.5080379408455535,"MV3":0.21722382218473957,"CH1":0.7223361233799103}