{"MV1":0.7707363857482359,"MV3":0.47198774231751695,"CH1":0.6299403175996565}