{"MV1":0.7354566263586451,"MV3":0.08391064111524116,"CH1":0.27210252499232235}