{"MV1":0.4368332984934601,"MV3":0.32777696862258043,"CH1":0.41352904507625254}