{"MV1":0.6188981569487554,"MV3":0.18072616625945792,"CH1":0.7425542809215961}