{"MV1":0.687596666727376,"MV3":0.971316544244618,"CH1":0.4969203859800697}