{"MV1":0.7612474718824721,"MV3":0.8643368915194006,"CH1":0.2498672845976001}