{"MV1":0.10447183113771652,"MV3":0.4003116962443257,"CH1":0.862194679224125}