{"MV1":0.11420671394858617,"MV3":0.6904963727341918,"CH1":0.02036094409224931}