{"MV1":0.3662148387223715,"MV3":0.1625248848527232,"CH1":0.8574182472871933}