{"MV1":0.553023766963389,"MV3":0.49950926656850614,"CH1":0.5825852472579547}