{"MV1":0.07076259531114493,"MV3":0.9360453637625005,"CH1":0.32419174975743903}