{"MV1":0.7855523367669333,"MV3":0.7105353850940564,"CH1":0.5699611794567373}