{"MV1":0.734438753977577,"MV3":0.9576212249981485,"CH1":0.7594102984416383}