{"MV1":0.7183667205161794,"MV3":0.5639951233351598,"CH1":0.18314910596017508}