{"MV1":0.6210211110190794,"MV3":0.4403349701122322,"CH1":0.428764445385147}