{"MV1":0.5514762035205584,"MV3":0.9880144889298005,"CH1":0.4032346845929746}