{"MV1":0.0218270224573196,"MV3":0.6004752733932108,"CH1":0.3110334526272335}