{"MV1":0.14137112109484984,"MV3":0.9710106637720625,"CH1":0.5245861699235461}