{"MV1":0.05094571212562504,"MV3":0.8032630520844901,"CH1":0.12280202573775167}