{"MV1":0.10016737381227181,"MV3":0.7896206930553886,"CH1":0.5504145345908272}