{"MV1":0.5014690751272027,"MV3":0.9656842738634546,"CH1":0.17474336875587815}