{"MV1":0.325250977108237,"MV3":0.4587972861185844,"CH1":0.7699873982759192}