{"MV1":0.889504264469732,"MV3":0.23977136915217556,"CH1":0.7427747078110285}