{"MV1":0.6963570990696984,"MV3":0.2772205694906864,"CH1":0.6614227783059706}