{"MV1":0.479190690354915,"MV3":0.29552513073590814,"CH1":0.9031546599729434}