{"MV1":0.28030774665530067,"MV3":0.09030170783987801,"CH1":0.8980795762810807}