{"MV1":0.2959646681986724,"MV3":0.018141106407445706,"CH1":0.5254284688065335}