{"MV1":0.5714817300395562,"MV3":0.5134264220640713,"CH1":0.06260579530262111}