{"MV1":0.7907534024836569,"MV3":0.016836461371952605,"CH1":0.8170068247574125}