{"MV1":0.39782689397290205,"MV3":0.0499800616142545,"CH1":0.4493941353627541}