{"MV1":0.8667001669454412,"MV3":0.17393421235913553,"CH1":0.28168646489520877}