{"MV1":0.28011469110734233,"MV3":0.6010502590903899,"CH1":0.42141378463293655}