{"MV1":0.19332984502313022,"MV3":0.31069116132812213,"CH1":0.5528687218873424}