{"MV1":0.12458133524402815,"MV3":0.22888427618878704,"CH1":0.8138824513014767}