{"MV1":0.05323775261604202,"MV3":0.812507823206222,"CH1":0.8903160306237948}