{"MV1":0.182777476166892,"MV3":0.6347636133477098,"CH1":0.0004989883273847084}