{"MV1":0.46574553462349144,"MV3":0.48815861799235005,"CH1":0.5763951782411553}