{"MV1":0.0935306688033759,"MV3":0.8201620246291464,"CH1":0.1935625132679767}