{"MV1":0.9434266845687842,"MV3":0.44146957308831014,"CH1":0.017776900654752348}