{"MV1":0.9631683098525708,"MV3":0.7874047372698297,"CH1":0.7489941377434769}