{"MV1":0.6981236579676136,"MV3":0.8260275576148812,"CH1":0.6048148998865741}