{"MV1":0.1479352085739405,"MV3":0.22948391419372804,"CH1":0.7232365153158087}