{"MV1":0.466396177420189,"MV3":0.363445665608254,"CH1":0.3283607290386338}