{"MV1":0.6176100350687317,"MV3":0.9163546524820604,"CH1":0.7812713202214757}