{"MV1":0.7105623336185211,"MV3":0.566736283864201,"CH1":0.7576924525714238}