{"MV1":0.8829797548324874,"MV3":0.2467515851243044,"CH1":0.4431267757844626}