{"MV1":0.3026693763097634,"MV3":0.573193390768506,"CH1":0.26269249472522227}