{"MV1":0.3166924896119815,"MV3":0.6113650361017936,"CH1":0.6407692049998776}