{"MV1":0.7305670250567237,"MV3":0.6992533524372528,"CH1":0.6365287078463506}