{"MV1":0.9520366075701844,"MV3":0.26282346850356253,"CH1":0.7093652239552859}