{"MV1":0.5156447129022184,"MV3":0.43237069601728284,"CH1":0.8683946786804342}