{"MV1":0.9818586637024128,"MV3":0.6744418650757606,"CH1":0.17006204017424198}