{"MV1":0.11929491140608639,"MV3":0.2839210806827708,"CH1":0.07234575024238155}