{"MV1":0.6737409898517321,"MV3":0.8289140689596131,"CH1":0.25701866638762805}