{"MV1":0.917427377438059,"MV3":0.4992824030426939,"CH1":0.8045640757111956}