{"MV1":0.14735035697714027,"MV3":0.800832630287481,"CH1":0.3625053285235933}