{"MV1":0.40226115114056904,"MV3":0.510499200588171,"CH1":0.8770526821761745}