{"MV1":0.1950983306426194,"MV3":0.329764835414208,"CH1":0.18425371762894494}