{"MV1":0.9341268668413325,"MV3":0.918995037994144,"CH1":0.9299747464514702}