{"MV1":0.3391091954611153,"MV3":0.6619179441149928,"CH1":0.18885614299060005}