{"MV1":0.8825654652984696,"MV3":0.05070425085924812,"CH1":0.24145819424616122}