{"MV1":0.0619336290739575,"MV3":0.06243403527401259,"CH1":0.7469805841174262}