{"MV1":0.040027864384692524,"MV3":0.38548510737749253,"CH1":0.7393445594235194}