{"MV1":0.7686493205011943,"MV3":0.041795098983084644,"CH1":0.048701179553220286}