{"MV1":0.670748097451533,"MV3":0.3162130575351294,"CH1":0.679741952286184}