{"MV1":0.3539485946691554,"MV3":0.6596252674470477,"CH1":0.5661323426642415}