{"MV1":0.5319322183900712,"MV3":0.2535756800875777,"CH1":0.2289028385663423}