{"MV1":0.8107625754356111,"MV3":0.8637463665504761,"CH1":0.30977940038832164}