{"MV1":0.8949146145315142,"MV3":0.015186041713934673,"CH1":0.1662597916538301}