{"MV1":0.6652759246234683,"MV3":0.6008811614065372,"CH1":0.2426373129776005}