{"MV1":0.24763416748271483,"MV3":0.8578652132561659,"CH1":0.6476611471103347}