{"MV1":0.5991581253202285,"MV3":0.3004700161301004,"CH1":0.9461916292590514}