{"MV1":0.6523920583761704,"MV3":0.08433181584405314,"CH1":0.9709724944300543}