{"MV1":0.8687165206078958,"MV3":0.537081928800673,"CH1":0.4830908613907412}