{"MV1":0.12804266699961253,"MV3":0.9940930341742958,"CH1":0.6757971526850066}