{"MV1":0.994863086801413,"MV3":0.6545396159324592,"CH1":0.8982229076469039}