{"MV1":0.18530658228256325,"MV3":0.5311643188389968,"CH1":0.8034437024671076}