{"MV1":0.49922212845343894,"MV3":0.23674683803735608,"CH1":0.5754543331296197}