{"MV1":0.9692050852810583,"MV3":0.5576974401449027,"CH1":0.3803159356703416}