{"MV1":0.32207335952047034,"MV3":0.7372992021965384,"CH1":0.08141482978882741}