{"MV1":0.6155630520689337,"MV3":0.4808170470969373,"CH1":0.30185925316116735}