{"MV1":0.6815795965404235,"MV3":0.8824820452847221,"CH1":0.8724285083109133}