{"MV1":0.7759588097128629,"MV3":0.31375313557655304,"CH1":0.6959553821273884}