{"MV1":0.01039262806350083,"MV3":0.8579411564013834,"CH1":0.33565447697602413}