{"MV1":0.46651537822192435,"MV3":0.3995434180222941,"CH1":0.8637715064186173}