{"MV1":0.04211101611032786,"MV3":0.19079787627471534,"CH1":0.7931897683836461}