{"MV1":0.7210505447585732,"MV3":0.5689569122815897,"CH1":0.0518474677574573}