{"MV1":0.9057893999508291,"MV3":0.09263681851315198,"CH1":0.6517822044142842}