{"MV1":0.9523076821600156,"MV3":0.7412483930656916,"CH1":0.5431728270107555}