{"MV1":0.6922249690297078,"MV3":0.9782335910096834,"CH1":0.9553333555573115}