{"MV1":0.5967105694701544,"MV3":0.6696055588629939,"CH1":0.09405508984535826}