{"MV1":0.39772239783161734,"MV3":0.6820308769223717,"CH1":0.5798275447334216}