{"MV1":0.614088870257862,"MV3":0.5679198275982353,"CH1":0.7606209073591056}