{"MV1":0.5323505245223726,"MV3":0.41687711596572297,"CH1":0.17760160762848365}