{"MV1":0.08782665351614027,"MV3":0.3964082612182157,"CH1":0.5921198468933564}