{"MV1":0.3324001210260509,"MV3":0.4867170136589922,"CH1":0.8700732698464035}