{"MV1":0.5082300182859664,"MV3":0.9930422045092546,"CH1":0.08447324377992338}