{"MV1":0.0641175315198379,"MV3":0.14241277954504727,"CH1":0.9721108297180735}