{"MV1":0.8532092948359228,"MV3":0.021573999353074025,"CH1":0.8811078162448973}