{"MV1":0.8672896821834523,"MV3":0.4075239371280368,"CH1":0.2742349753214818}