{"MV1":0.5367811109366384,"MV3":0.8003465930774919,"CH1":0.3631401092762222}