{"MV1":0.5240924508815489,"MV3":0.5720370873099754,"CH1":0.41659500845259145}