{"MV1":0.0038197624265973174,"MV3":0.35367473291284024,"CH1":0.6095677504029767}