{"MV1":0.04706513645697108,"MV3":0.41988430977665614,"CH1":0.7909871590403859}