{"MV1":0.9245583333496372,"MV3":0.7415805788358368,"CH1":0.0032913389139767046}