{"MV1":0.9880959185548804,"MV3":0.38514419595478977,"CH1":0.0603124555016058}