{"MV1":0.6379191103331084,"MV3":0.2914285816258114,"CH1":0.3133458164523807}