{"MV1":0.5701509165704227,"MV3":0.6676091830845567,"CH1":0.20370405938429903}