{"MV1":0.8131618872048698,"MV3":0.23196110815090998,"CH1":0.7377684719613334}