{"MV1":0.6573439854263098,"MV3":0.7092547913130036,"CH1":0.22623486611111654}