{"MV1":0.07412240114656754,"MV3":0.004482090017281726,"CH1":0.5989098310815887}