{"MV1":0.26160657070908977,"MV3":0.7262506363185455,"CH1":0.8259669256454587}