{"MV1":0.5246170999245745,"MV3":0.8847549224295467,"CH1":0.6589116223946234}