{"MV1":0.1473872316678846,"MV3":0.538312431733599,"CH1":0.5408649081922606}