{"MV1":0.8448047641766481,"MV3":0.07657063680622755,"CH1":0.852552814242066}