{"MV1":0.8362715018763638,"MV3":0.8064556485934679,"CH1":0.6373435985367416}