{"MV1":0.41303253384133176,"MV3":0.09528119757221265,"CH1":0.25900070902094574}