{"MV1":0.3906960565401104,"MV3":0.6333743948965705,"CH1":0.8161262902498899}