{"MV1":0.6600012368499404,"MV3":0.965825412760984,"CH1":0.5981769935569423}