{"MV1":0.3085953948677336,"MV3":0.4274063961197728,"CH1":0.5091774319871242}