{"MV1":0.4272157320893858,"MV3":0.24749444569993062,"CH1":0.2943211233246912}