{"MV1":0.19319136165910655,"MV3":0.6760717879243964,"CH1":0.35296172131905446}