{"MV1":0.8453711880995775,"MV3":0.6242374587052879,"CH1":0.2926239100525404}