{"MV1":0.7192350499030196,"MV3":0.9840859930747209,"CH1":0.9314229960696158}