{"MV1":0.815666067525656,"MV3":0.23925026780628533,"CH1":0.4060892820626909}