{"MV1":0.44795981721400135,"MV3":0.4199139749573346,"CH1":0.42314073676995545}