{"MV1":0.3999231771386098,"MV3":0.4999297014744838,"CH1":0.006845999292577676}