{"MV1":0.3089947490335847,"MV3":0.1503158042510776,"CH1":0.11729561827733692}