{"MV1":0.18553439124721294,"MV3":0.2768790897590502,"CH1":0.7511517432623452}