{"MV1":0.07785833763076977,"MV3":0.47367208485759327,"CH1":0.5411146777957166}