{"MV1":0.8582204719919174,"MV3":0.7134905124141386,"CH1":0.6279692582343155}