{"MV1":0.5700138909471979,"MV3":0.9231685546476042,"CH1":0.13433200754951224}