{"MV1":0.5373460701298993,"MV3":0.5531970867124285,"CH1":0.29053750950667656}