{"MV1":0.04452726096232329,"MV3":0.8094324535178943,"CH1":0.5174442686350491}