{"MV1":0.45126344959440146,"MV3":0.14373576516662356,"CH1":0.8436249960409753}