{"MV1":0.2590041010849701,"MV3":0.33196930117031387,"CH1":0.12199573366738636}