{"MV1":0.6840097669134383,"MV3":0.9696166162826952,"CH1":0.2267690814655693}