{"MV1":0.7443461837412911,"MV3":0.23350209521394105,"CH1":0.11217441043955378}