{"MV1":0.9895631483060763,"MV3":0.2103824413484604,"CH1":0.29173901337003827}