{"MV1":0.4256619618000157,"MV3":0.07159687556891736,"CH1":0.7148126166675081}