{"MV1":0.4363421214458222,"MV3":0.4983970096886795,"CH1":0.4525213197228086}