{"MV1":0.6066444122267548,"MV3":0.45295240969860817,"CH1":0.5305049469577788}