{"MV1":0.9766557305168531,"MV3":0.17147079596357262,"CH1":0.005480405046759618}