{"MV1":0.21410811639008132,"MV3":0.1564168302932687,"CH1":0.9759677679462738}