{"MV1":0.5319140418900618,"MV3":0.8851543581598299,"CH1":0.8132725668840175}