{"MV1":0.9599665964013674,"MV3":0.9571763767299075,"CH1":0.6495144459825828}