{"MV1":0.21470355790173634,"MV3":0.8726122998147283,"CH1":0.3080352375700137}