{"MV1":0.786677951266642,"MV3":0.5338800341754656,"CH1":0.3291929776116346}