{"MV1":0.38736556967078384,"MV3":0.8551703978850317,"CH1":0.7595320329186749}