{"MV1":0.6087553619784154,"MV3":0.3514244420007815,"CH1":0.8767819943481201}