{"MV1":0.749792872225857,"MV3":0.8886484973801627,"CH1":0.29097137389081473}