{"MV1":0.4477372829744898,"MV3":0.44375741939204105,"CH1":0.5769458326548442}