{"MV1":0.021653513165798777,"MV3":0.2798492858826921,"CH1":0.25514726223165574}