{"MV1":0.6610392731259901,"MV3":0.7025284518425797,"CH1":0.40610544170046603}