{"MV1":0.8716950766394258,"MV3":0.4488066066880221,"CH1":0.11311759523595477}