{"MV1":0.537810525095741,"MV3":0.4410969262471993,"CH1":0.11090589551574093}