{"MV1":0.14095110913166498,"MV3":0.3531117865292779,"CH1":0.9995290518547423}