{"MV1":0.33816207981998136,"MV3":0.41103916911757143,"CH1":0.6199844260234548}