{"MV1":0.9159951405876985,"MV3":0.9185951869280283,"CH1":0.2653416490859798}