{"MV1":0.3962552852265666,"MV3":0.4206245267129368,"CH1":0.0940986865301292}