{"MV1":0.8943149962660863,"MV3":0.7709636527637981,"CH1":0.7867458673253268}