{"MV1":0.7132102489936075,"MV3":0.7022550745795909,"CH1":0.11973784966359746}