{"MV1":0.993583149234197,"MV3":0.4023378410042133,"CH1":0.044385945121102166}