{"MV1":0.5228855665044755,"MV3":0.7101787196644735,"CH1":0.4694365693888751}