{"MV1":0.07306449907179502,"MV3":0.618765975329454,"CH1":0.007590966653375553}