{"MV1":0.2478353712678566,"MV3":0.20724435333905067,"CH1":0.0217757882098224}