{"MV1":0.2713008736473219,"MV3":0.42809403788190403,"CH1":0.7981132337742303}