{"MV1":0.008081207940674573,"MV3":0.4310415268969645,"CH1":0.7605857271464755}