{"MV1":0.22019335594544764,"MV3":0.18595131696642808,"CH1":0.578405899471704}