{"MV1":0.03317831338599753,"MV3":0.9945496535107271,"CH1":0.5154145287700861}