{"MV1":0.454947308088008,"MV3":0.6516932868710912,"CH1":0.9762380279903388}