{"MV1":0.5922362927640377,"MV3":0.9878056640421816,"CH1":0.41690176868634743}