{"MV1":0.8129408125182714,"MV3":0.4326014904380948,"CH1":0.8851318664128467}