{"MV1":0.48392064822585434,"MV3":0.4384199695864257,"CH1":0.39501697428914806}