{"MV1":0.519257671876592,"MV3":0.21383887042298177,"CH1":0.1440685425900371}