{"MV1":0.7862288096086405,"MV3":0.9351624676019982,"CH1":0.04170343847507785}