{"MV1":0.17055646347465092,"MV3":0.9480456171288894,"CH1":0.9618949441946639}