{"MV1":0.8847948249229536,"MV3":0.20576285251379434,"CH1":0.37611018056801304}