{"MV1":0.14649834637138281,"MV3":0.8960250847125929,"CH1":0.27638258238550495}