{"MV1":0.8155378850660193,"MV3":0.3562272694084593,"CH1":0.04599239088221385}