{"MV1":0.25893208482453256,"MV3":0.40892102471680536,"CH1":0.665158495418079}