{"MV1":0.6827502333449167,"MV3":0.1629822670357599,"CH1":0.38727222475582235}