{"MV1":0.04550029602696548,"MV3":0.8558886518716793,"CH1":0.3560405696338206}