{"MV1":0.307185331325846,"MV3":0.0447004779790221,"CH1":0.6008449335700624}