{"MV1":0.05203397041048474,"MV3":0.04848494904809186,"CH1":0.8597680741982435}