{"MV1":0.6146317395165263,"MV3":0.5567436274803137,"CH1":0.8319749858671254}