{"MV1":0.2826042925626441,"MV3":0.9184304032877169,"CH1":0.7112608238560253}