{"MV1":0.16385186623007886,"MV3":0.16224881957323645,"CH1":0.9701773116436289}