{"MV1":0.4680447451318672,"MV3":0.16972680160451825,"CH1":0.39521565409117054}