{"MV1":0.2739868624723232,"MV3":0.33589526665355285,"CH1":0.4451738493099887}