{"MV1":0.8370855761743135,"MV3":0.8681006557394839,"CH1":0.43152304449767676}