{"MV1":0.2855695873591282,"MV3":0.982206657869574,"CH1":0.5470616897240942}