{"MV1":0.45722065424398617,"MV3":0.15144317862901335,"CH1":0.18668622710385085}