{"MV1":0.34859561875912637,"MV3":0.3540345412126823,"CH1":0.3793937542051984}