{"MV1":0.3105978467938868,"MV3":0.9640343424465844,"CH1":0.6552203583322855}