{"MV1":0.20271258208297804,"MV3":0.77548908321969,"CH1":0.11509582979761446}