{"MV1":0.7825812821211248,"MV3":0.8036540530109029,"CH1":0.17518699616368194}