{"MV1":0.8403431903901551,"MV3":0.08924249656294225,"CH1":0.44532848738284825}