{"MV1":0.9054519728200391,"MV3":0.06382784300285216,"CH1":0.666212413906082}