{"MV1":0.8642881710230105,"MV3":0.7297682264222423,"CH1":0.7787950585589921}