{"MV1":0.7020009870140028,"MV3":0.1705085775442663,"CH1":0.05428185402880137}