{"MV1":0.3245689426217824,"MV3":0.16225393231946628,"CH1":0.8654761934765992}