{"MV1":0.8478005197370534,"MV3":0.6720115360730239,"CH1":0.1720784937248826}