{"MV1":0.7996620488426966,"MV3":0.09045835572177019,"CH1":0.2091147399116865}