{"MV1":0.2851585293515073,"MV3":0.4038589977126653,"CH1":0.598828933926832}