{"MV1":0.8802113086738942,"MV3":0.6040842957727428,"CH1":0.27447375455851075}