{"MV1":0.8188784902105303,"MV3":0.15069962803956116,"CH1":0.14304091363397486}