{"MV1":0.4194396485974601,"MV3":0.38108828205356615,"CH1":0.10588273532540493}