{"MV1":0.2218677255717395,"MV3":0.06819699038243632,"CH1":0.8302843297541233}