{"MV1":0.352056312060123,"MV3":0.5359879014270844,"CH1":0.26217010776440786}