{"MV1":0.9571456942269138,"MV3":0.3834332658717535,"CH1":0.6605881899142269}