{"MV1":0.1425199062899687,"MV3":0.4544992011816187,"CH1":0.2983352126871629}