{"MV1":0.4895293285706023,"MV3":0.45315659210376125,"CH1":0.02468700875714136}