{"MV1":0.08774338603845544,"MV3":0.7176522106123999,"CH1":0.5930547855393673}