{"MV1":0.5300373525749077,"MV3":0.7107199025941531,"CH1":0.06160842002762279}