{"MV1":0.9121141866288531,"MV3":0.9659230374303815,"CH1":0.8783369037888925}