{"MV1":0.13387041847654957,"MV3":0.38579429054337566,"CH1":0.9017768046471265}