{"MV1":0.8456716612274465,"MV3":0.4297981349637324,"CH1":0.7432202955238022}