{"MV1":0.9730934365635355,"MV3":0.5992597817506223,"CH1":0.0017290825974790591}