{"MV1":0.30208711808180533,"MV3":0.10506040537683203,"CH1":0.6465244645188147}