{"MV1":0.9536563969808857,"MV3":0.022192190778547616,"CH1":0.2017540011125678}