{"MV1":0.08201085440663236,"MV3":0.7004858873449632,"CH1":0.07177588225284837}