{"MV1":0.42591847524636506,"MV3":0.8228393844659824,"CH1":0.2464355691018889}