{"MV1":0.22468204385239066,"MV3":0.2141825587817432,"CH1":0.014802310313862588}