{"MV1":0.25480929693200327,"MV3":0.05214054064325557,"CH1":0.5308233182180924}