{"MV1":0.8282797557407944,"MV3":0.23591132092330624,"CH1":0.38085509491308145}