{"MV1":0.28562625793913954,"MV3":0.7206337123206444,"CH1":0.05583570698487572}