{"MV1":0.34989453802618453,"MV3":0.6707195943038529,"CH1":0.2975532965147216}