{"MV1":0.024971660613780533,"MV3":0.8489754375234853,"CH1":0.3622471096824008}