{"MV1":0.28456543357643815,"MV3":0.6939158715056878,"CH1":0.466103335113379}