{"MV1":0.7499932105446472,"MV3":0.49000931854268703,"CH1":0.7711206256692806}