{"MV1":0.687880732108624,"MV3":0.0823472121030232,"CH1":0.9619312506109308}