{"MV1":0.7548475093744178,"MV3":0.3846393022465071,"CH1":0.06263013187720123}