{"MV1":0.012577882187680856,"MV3":0.408832343644137,"CH1":0.7705090008051585}