{"MV1":0.7337382422258942,"MV3":0.1743075147269073,"CH1":0.9467067983902446}