{"MV1":0.4266560372051502,"MV3":0.6592995090507515,"CH1":0.8578056481616188}