{"MV1":0.6737770764381407,"MV3":0.6918624659807042,"CH1":0.6390340984226223}