{"MV1":0.5791541719747764,"MV3":0.5475835568864842,"CH1":0.24206606548472442}