{"MV1":0.661666500715931,"MV3":0.7827667870009039,"CH1":0.8495010652327185}