{"MV1":0.1385405608298098,"MV3":0.08897681737478325,"CH1":0.8235491141538392}