{"MV1":0.9192756207318138,"MV3":0.11765712078340484,"CH1":0.7938037040730954}