{"MV1":0.9044844676795003,"MV3":0.6096909651079533,"CH1":0.48876028193372023}