{"MV1":0.444094674227556,"MV3":0.44250475626468444,"CH1":0.27973243772114387}