{"MV1":0.9212495308703954,"MV3":0.18944501444395478,"CH1":0.6507082317562833}