{"MV1":0.7684879049096901,"MV3":0.6028477049559277,"CH1":0.7883473724647005}