{"MV1":0.532841736079049,"MV3":0.6356018762475407,"CH1":0.3500606107967865}