{"MV1":0.1053072435546073,"MV3":0.8289614231721476,"CH1":0.08888820193651104}