{"MV1":0.8009904160589391,"MV3":0.4643185632621134,"CH1":0.32576790976957315}