{"MV1":0.289032081707816,"MV3":0.8042581518632911,"CH1":0.6518720872136078}