{"MV1":0.5522719198434728,"MV3":0.4399506232712911,"CH1":0.25230648480821183}