{"MV1":0.017141764215419464,"MV3":0.1863237625642602,"CH1":0.6744462207436206}