{"MV1":0.6422305123012169,"MV3":0.4500580112018514,"CH1":0.2548149442059977}