{"MV1":0.031150772341261845,"MV3":0.7891734394948764,"CH1":0.7207798620415569}