{"MV1":0.8515131224996646,"MV3":0.6056033019023211,"CH1":0.9341036578025117}