{"MV1":0.4055328625708333,"MV3":0.8622142602339573,"CH1":0.10175250603275476}