{"MV1":0.9469443922733196,"MV3":0.680565664937683,"CH1":0.15387926981050815}