{"MV1":0.5620251404230322,"MV3":0.9760478152689354,"CH1":0.1368082191874953}