{"MV1":0.5099036951190373,"MV3":0.5654667114163043,"CH1":0.46849515977139955}