{"MV1":0.33054573265903764,"MV3":0.7660159493333092,"CH1":0.712241202347253}