{"MV1":0.8921041678383221,"MV3":0.5663670217218141,"CH1":0.04152982048840537}