{"MV1":0.502699142001728,"MV3":0.00922994946037714,"CH1":0.03899550133234686}