{"MV1":0.9450334574993863,"MV3":0.5182348044443468,"CH1":0.9723741855751648}