{"MV1":0.22075329469821992,"MV3":0.8072696647703977,"CH1":0.4339598585943355}