{"MV1":0.4300012392360678,"MV3":0.7334935156741934,"CH1":0.8750319983943003}