{"MV1":0.03732085190231882,"MV3":0.8470359834450477,"CH1":0.26834840120225845}