{"MV1":0.8169096330538682,"MV3":0.15439442854163254,"CH1":0.6960586951820097}