{"MV1":0.07863489992217676,"MV3":0.32373999119221,"CH1":0.9187557277774541}