{"MV1":0.6645462746382665,"MV3":0.4914375829610913,"CH1":0.7161924023280927}