{"MV1":0.05895524635846061,"MV3":0.11765964963230857,"CH1":0.27264804018802336}