{"MV1":0.6777856824563876,"MV3":0.7732435606371815,"CH1":0.3665665282741686}