{"MV1":0.3026841904540032,"MV3":0.02086256946596632,"CH1":0.303844063663101}