{"MV1":0.07161189917943789,"MV3":0.493455605754372,"CH1":0.9146979880116471}