{"MV1":0.8572054947529407,"MV3":0.8346265057185532,"CH1":0.4752187365339785}