{"MV1":0.1705917338587878,"MV3":0.04563721201602078,"CH1":0.235744908168261}