{"MV1":0.4350025607924871,"MV3":0.4067559677475304,"CH1":0.7910448269538719}