{"MV1":0.9242816355959932,"MV3":0.8055960628797695,"CH1":0.8241134108868349}