{"MV1":0.5158910278095155,"MV3":0.44677652373375043,"CH1":0.1382370226048758}