{"MV1":0.15249363756713086,"MV3":0.35463335081032743,"CH1":0.2745044046589429}