{"MV1":0.03851783662573516,"MV3":0.7884143165832713,"CH1":0.41500643410134197}