{"MV1":0.7842695500942436,"MV3":0.21429254598090186,"CH1":0.1254909854458912}