{"MV1":0.14366307896479447,"MV3":0.8404724441693778,"CH1":0.6184674029397482}