{"MV1":0.04481185037095681,"MV3":0.08227414120034426,"CH1":0.3504805046806274}