{"MV1":0.8924294282985878,"MV3":0.2805704963519575,"CH1":0.5277610411530901}