{"MV1":0.19764084790947845,"MV3":0.25813038075660666,"CH1":0.2121539824204991}