{"MV1":0.9182147841490308,"MV3":0.2753398314796749,"CH1":0.16999552565434284}