{"MV1":0.3069859811447877,"MV3":0.30171869839178767,"CH1":0.7323619209857514}