{"MV1":0.45738781673032614,"MV3":0.33487909205712163,"CH1":0.659681548470237}