{"MV1":0.7658304251719815,"MV3":0.42793278076249164,"CH1":0.04600454802553322}