{"MV1":0.36678020020696,"MV3":0.7736353018561225,"CH1":0.6148061388243725}