{"MV1":0.6369143614631404,"MV3":0.5866001498196931,"CH1":0.14186075526520503}