{"MV1":0.1898550325910845,"MV3":0.5322149022976719,"CH1":0.12396987645486424}