{"MV1":0.21675526778032417,"MV3":0.5758100602973004,"CH1":0.6371910686789043}