{"MV1":0.98685728499853,"MV3":0.06953561648537254,"CH1":0.40672108029397946}