{"MV1":0.031208807015661755,"MV3":0.9540730952237668,"CH1":0.21616266900529169}