{"MV1":0.27667793755702663,"MV3":0.9279732027516906,"CH1":0.03617309892649534}