{"MV1":0.04792664214432829,"MV3":0.31523351176729264,"CH1":0.6773947583303724}