{"MV1":0.29778978457593297,"MV3":0.8027516716219357,"CH1":0.2012535864931071}