{"MV1":0.50613224161975,"MV3":0.8570999459036917,"CH1":0.05011286364108214}