{"MV1":0.6874895305710573,"MV3":0.9797209927104877,"CH1":0.12139040372599774}