{"MV1":0.7491979349991474,"MV3":0.17139032715729274,"CH1":0.520858230233969}