{"MV1":0.08652145547395806,"MV3":0.5807543345658192,"CH1":0.22311010314777335}