{"MV1":0.21761227833110297,"MV3":0.26972425937589917,"CH1":0.038457907954606574}