{"MV1":0.5900939357149221,"MV3":0.4270081500321038,"CH1":0.38153388442323566}