{"MV1":0.6610167396391995,"MV3":0.20584213502014093,"CH1":0.7136629576576753}