{"MV1":0.676225803692546,"MV3":0.6262589146391763,"CH1":0.7925464781064417}