{"MV1":0.02965624389997501,"MV3":0.9877624479383077,"CH1":0.09361883119326597}