{"MV1":0.9419657130822098,"MV3":0.1042827686349912,"CH1":0.8892456789686743}