{"MV1":0.23232978171616603,"MV3":0.521623803326822,"CH1":0.4297795033264912}