{"MV1":0.8655309291647681,"MV3":0.12940994677322093,"CH1":0.42259854307918265}