{"MV1":0.35941200695006714,"MV3":0.5056270098766983,"CH1":0.19071446047382756}