{"MV1":0.3918164383618451,"MV3":0.6045265109391956,"CH1":0.3151502050332461}