{"MV1":0.23283813142348786,"MV3":0.31089412968744234,"CH1":0.24487234339337027}