{"MV1":0.6954358914372109,"MV3":0.9452142561372897,"CH1":0.08221524186324114}