{"MV1":0.015221033633736503,"MV3":0.6231040235025069,"CH1":0.25757165384145175}