{"MV1":0.9155730529903409,"MV3":0.42927312909879045,"CH1":0.6738903150293024}