{"MV1":0.5805817362624534,"MV3":0.0934406425762937,"CH1":0.2511688115441649}