{"MV1":0.4117979265037599,"MV3":0.735562685351854,"CH1":0.9918787399483032}