{"MV1":0.8673516062274708,"MV3":0.6165372614017922,"CH1":0.2647176746772678}