{"MV1":0.28301108507291084,"MV3":0.9237096577323477,"CH1":0.337810483431604}