{"MV1":0.21487970876961504,"MV3":0.8162721645736264,"CH1":0.8800724397663481}