{"MV1":0.784245733553591,"MV3":0.7436992665302616,"CH1":0.8369757604766186}