{"MV1":0.1487130376131306,"MV3":0.7395645437443905,"CH1":0.0030803314176042207}