{"MV1":0.9471585363892848,"MV3":0.8336253742984581,"CH1":0.6731658420870904}