{"MV1":0.6156098792084185,"MV3":0.04238087779525135,"CH1":0.11011595043903322}