{"MV1":0.3628681706542348,"MV3":0.004883431339717359,"CH1":0.7681676645413948}