{"MV1":0.9313718086249223,"MV3":0.06985480209308592,"CH1":0.7482729010486958}