{"MV1":0.03809467327038274,"MV3":0.9770925488646565,"CH1":0.4288764730175634}