{"MV1":0.6477521436703743,"MV3":0.20442295684262912,"CH1":0.7229277863620395}