{"MV1":0.38978365491845013,"MV3":0.6150441446311038,"CH1":0.43739913611559433}