{"MV1":0.30821805935472546,"MV3":0.6960040591715042,"CH1":0.9582027898631322}