{"MV1":0.4324814998315498,"MV3":0.8794048467696901,"CH1":0.858863823907386}