{"MV1":0.2873634552690211,"MV3":0.19680142373320575,"CH1":0.8259747989786095}