{"MV1":0.004825494517473605,"MV3":0.2800644168452403,"CH1":0.6449469128730793}