{"MV1":0.09233344889729478,"MV3":0.16733280799902606,"CH1":0.2907172232082599}