{"MV1":0.7653312915183789,"MV3":0.09260247665546273,"CH1":0.49318315513419164}