{"MV1":0.8752171634569997,"MV3":0.6817819735192141,"CH1":0.0031670952894512494}