{"MV1":0.5534618802855192,"MV3":0.03889921462252688,"CH1":0.10462030255716936}