{"MV1":0.5198370110490783,"MV3":0.49552576867554043,"CH1":0.39227960972771336}