{"MV1":0.03407960007936495,"MV3":0.46528538007591336,"CH1":0.9508058896867326}