{"MV1":0.24868640364392613,"MV3":0.6102355681045376,"CH1":0.7578653570895406}