{"MV1":0.8994576815834467,"MV3":0.8192246010444239,"CH1":0.9344064865455748}