{"MV1":0.47517922733450313,"MV3":0.7948236224920391,"CH1":0.019238807955336612}