{"MV1":0.22974075725992438,"MV3":0.9159940961504327,"CH1":0.9178913494380317}