{"MV1":0.8060110772887112,"MV3":0.9795122890794153,"CH1":0.09544696616613368}