{"MV1":0.9803904919840808,"MV3":0.04800489336814062,"CH1":0.6829209077739793}