{"MV1":0.30863250231948713,"MV3":0.9990508327624132,"CH1":0.1432273912631371}