{"MV1":0.6576740439821428,"MV3":0.592911754630966,"CH1":0.2560778753747669}