{"MV1":0.9935763078126856,"MV3":0.37601890830010287,"CH1":0.9691211362482907}