{"MV1":0.04644248362768266,"MV3":0.7358006523744834,"CH1":0.007293366862404671}