{"MV1":0.48244911969186133,"MV3":0.21841207802982654,"CH1":0.5003721836957842}