{"MV1":0.5495567501721865,"MV3":0.9100077526303839,"CH1":0.5063777114472744}