{"MV1":0.1879104109015306,"MV3":0.8459049603144344,"CH1":0.5386521828772253}