{"MV1":0.16363300325881003,"MV3":0.7943607899612188,"CH1":0.08577472272035525}