{"MV1":0.5629137412295746,"MV3":0.3987432159922799,"CH1":0.7097033074131391}