{"MV1":0.1619208320310156,"MV3":0.7902960663841225,"CH1":0.6285420839188711}