{"MV1":0.6956414688877004,"MV3":0.6257878604684337,"CH1":0.29659319143522145}