{"MV1":0.22127383468595552,"MV3":0.3887537760559995,"CH1":0.07169335357495565}