{"MV1":0.8146331860513332,"MV3":0.9661378392554189,"CH1":0.013727264930109784}