{"MV1":0.8729294292122802,"MV3":0.7813567071807851,"CH1":0.194245198628343}