{"MV1":0.033959831284595454,"MV3":0.668950219559931,"CH1":0.9598450781216732}