{"MV1":0.5812054163739444,"MV3":0.03541541805161996,"CH1":0.21199393344335504}