{"MV1":0.8591742919215567,"MV3":0.8013996365588034,"CH1":0.4696572305536131}