{"MV1":0.1510200757113066,"MV3":0.6329574204633776,"CH1":0.7472415330804132}