{"MV1":0.1166525166810386,"MV3":0.3522844398417583,"CH1":0.6609991269179192}