{"MV1":0.6913372145683285,"MV3":0.5269585688133922,"CH1":0.6187891020758397}