{"MV1":0.27707001965443223,"MV3":0.05942341823723718,"CH1":0.6943577693012868}