{"MV1":0.634461533893936,"MV3":0.9162888241980869,"CH1":0.1428030306458734}