{"MV1":0.979534828509744,"MV3":0.5976358801435737,"CH1":0.1720434954316864}