{"MV1":0.11947915509290852,"MV3":0.7490994251287804,"CH1":0.40451601213519117}