{"MV1":0.4561135801589812,"MV3":0.45094152047241154,"CH1":0.6955380283382016}