{"MV1":0.4153594949584769,"MV3":0.6594963741206408,"CH1":0.9162718730964095}