{"MV1":0.6987767063718721,"MV3":0.9890090646315688,"CH1":0.32958612619402894}