{"MV1":0.12674246323146243,"MV3":0.7256391330317901,"CH1":0.19613772097329907}