{"MV1":0.6260294016428443,"MV3":0.9541044395476066,"CH1":0.5866737483688564}