{"MV1":0.7498272686959232,"MV3":0.14002347714390184,"CH1":0.7512891779216194}