{"MV1":0.5426284578454579,"MV3":0.1286352861421972,"CH1":0.6551390818455713}