{"MV1":0.006247676857815576,"MV3":0.1314904455602297,"CH1":0.0989806363511373}