{"MV1":0.6149499924322508,"MV3":0.32786029360345614,"CH1":0.0934132578578235}