{"MV1":0.04488993564787935,"MV3":0.13898822477175587,"CH1":0.3645766107247399}