{"MV1":0.8227838281745982,"MV3":0.9331910865545454,"CH1":0.010537732468684724}