{"MV1":0.8941078566319673,"MV3":0.13753635265841724,"CH1":0.3191429364235142}