{"MV1":0.7782828546390601,"MV3":0.12974485435339544,"CH1":0.47079277042967327}