{"MV1":0.8194919097197202,"MV3":0.4962517030137805,"CH1":0.36034188398975153}