{"MV1":0.03391825594073783,"MV3":0.8940443538085676,"CH1":0.9643558060652887}