{"MV1":0.6884808645333347,"MV3":0.5124999855311603,"CH1":0.11200005924873868}