{"MV1":0.574028794435906,"MV3":0.3553803628752735,"CH1":0.8107778626273859}