{"MV1":0.20635152889646502,"MV3":0.7523438425501776,"CH1":0.35803038150633304}