{"MV1":0.8356013573741959,"MV3":0.2333333573035824,"CH1":0.7089972959907178}