{"MV1":0.17500835643370627,"MV3":0.35191730291741163,"CH1":0.17884402549855483}