{"MV1":0.39462462682488963,"MV3":0.2861563070287685,"CH1":0.41708914475774095}