{"MV1":0.8168246848365902,"MV3":0.9129498076016564,"CH1":0.5413732229976426}