{"MV1":0.8701470641621145,"MV3":0.7965902606036206,"CH1":0.24785875187476536}