{"MV1":0.6333529729755305,"MV3":0.26922689065133276,"CH1":0.30383671281795044}