{"MV1":0.7396208388456805,"MV3":0.9679997469972115,"CH1":0.7466433435877499}