{"MV1":0.16515417695887946,"MV3":0.5247350510976141,"CH1":0.6577928763037183}