{"MV1":0.3950744609701724,"MV3":0.6380876692693496,"CH1":0.3975358508569974}