{"MV1":0.8968666984017252,"MV3":0.13321977219273295,"CH1":0.06853975414705338}