{"MV1":0.5580556691437022,"MV3":0.3502002353217766,"CH1":0.27560087428045976}