{"MV1":0.5587001956408219,"MV3":0.6268364782360432,"CH1":0.4327163729629917}