{"MV1":0.675356596537888,"MV3":0.1672277472536976,"CH1":0.8727289541794371}