{"MV1":0.3863415439307424,"MV3":0.5277675008148904,"CH1":0.023569293335155672}