{"MV1":0.47222290348980656,"MV3":0.11424527637851367,"CH1":0.5202244000497351}