{"MV1":0.7124408854930323,"MV3":0.6568932063523062,"CH1":0.07868611805469172}