{"MV1":0.6576791237238473,"MV3":0.10501362816460413,"CH1":0.36647959222991655}