{"MV1":0.7945481835338684,"MV3":0.2164111757306897,"CH1":0.990243157380776}