{"MV1":0.9623739697319051,"MV3":0.05805595821120091,"CH1":0.19537871640145532}