{"MV1":0.2509940759409838,"MV3":0.25843053897041945,"CH1":0.6412403020234734}