{"MV1":0.8681197063611396,"MV3":0.8488565990457432,"CH1":0.5879634546481771}