{"MV1":0.8017286661712513,"MV3":0.11664198839931483,"CH1":0.05145607936102592}