{"MV1":0.08198934106496625,"MV3":0.7585673405087799,"CH1":0.6992827281632937}