{"MV1":0.23754021246591095,"MV3":0.8880949788498554,"CH1":0.5978249334525002}