{"MV1":0.09240556251584464,"MV3":0.06837028476959695,"CH1":0.4917804335997603}