{"MV1":0.11379534636616884,"MV3":0.6922624257883753,"CH1":0.5303365175851507}