{"MV1":0.4082944055633194,"MV3":0.06927324807556912,"CH1":0.8546408538229209}