{"MV1":0.8003487112507368,"MV3":0.8486471498087412,"CH1":0.7782938631572522}