{"MV1":0.5138705424882469,"MV3":0.639937789933217,"CH1":0.6390267011046988}