{"MV1":0.028885407571917043,"MV3":0.6683325196196581,"CH1":0.28620434015283813}