{"MV1":0.9534487557067741,"MV3":0.7509696872552938,"CH1":0.1068250539312332}