{"MV1":0.5001782018552263,"MV3":0.1906729603996724,"CH1":0.20066670451122204}