{"MV1":0.746275127268437,"MV3":0.5590060936898449,"CH1":0.6626921126350532}