{"MV1":0.42004346859273534,"MV3":0.9405224464870099,"CH1":0.9445189925255792}