{"MV1":0.25349437564673916,"MV3":0.5922725374312353,"CH1":0.04518775385172469}