{"MV1":0.12384096866454464,"MV3":0.5863202794020517,"CH1":0.070085174365497}