{"MV1":0.6164517558240525,"MV3":0.3587501708590085,"CH1":0.8542670321767784}