{"MV1":0.07795101603084764,"MV3":0.9641376339610952,"CH1":0.6321393207886533}