{"MV1":0.2882926029959244,"MV3":0.8016244773335749,"CH1":0.7188071843815642}