{"MV1":0.4112028622559347,"MV3":0.3698512355535618,"CH1":0.963252282006286}