{"MV1":0.8094696200513045,"MV3":0.7934078007401082,"CH1":0.7217310492520526}