{"MV1":0.5255902569365507,"MV3":0.31659068903988385,"CH1":0.9892658439281321}