{"MV1":0.9484225727822512,"MV3":0.2756353030558153,"CH1":0.9564101024167648}