{"MV1":0.2728562734049542,"MV3":0.5339112104724112,"CH1":0.5629476111379764}