{"MV1":0.4637642680004531,"MV3":0.5490231001622629,"CH1":0.5129666667879547}