{"MV1":0.0756892191527454,"MV3":0.2058464506123585,"CH1":0.797961798889931}