{"MV1":0.5024790040908262,"MV3":0.3424050297225605,"CH1":0.4247324820971926}