{"MV1":0.5262261016661391,"MV3":0.30108469945954686,"CH1":0.5968603556656282}