{"MV1":0.0859628959203218,"MV3":0.49159413342964,"CH1":0.9600406294627724}