{"MV1":0.2665406338799091,"MV3":0.562711796426175,"CH1":0.7557215748289297}