{"MV1":0.6643166780774376,"MV3":0.539693628171955,"CH1":0.5530664440385242}