{"MV1":0.02136650435883125,"MV3":0.40939357883151206,"CH1":0.7191180853010049}