{"MV1":0.8343328984723385,"MV3":0.8866354836763404,"CH1":0.4543017678909229}