{"MV1":0.9929253551559905,"MV3":0.7373878845467483,"CH1":0.9946049137789161}