{"MV1":0.5214562802408598,"MV3":0.8270735564413011,"CH1":0.48985047670285564}