{"MV1":0.6525197366232509,"MV3":0.1114450024287279,"CH1":0.6893719933303305}