{"MV1":0.9611919252048848,"MV3":0.45213441533605936,"CH1":0.7007799873811477}