{"MV1":0.010107335147047314,"MV3":0.48878244087592715,"CH1":0.7877186020183297}