{"MV1":0.4419162914301934,"MV3":0.6929029767147882,"CH1":0.6544473111903246}