{"MV1":0.10891380747102397,"MV3":0.8744796334023879,"CH1":0.2235166963265608}