{"MV1":0.5419173416243878,"MV3":0.8767212416968574,"CH1":0.5452505441425686}