{"MV1":0.35726877845757576,"MV3":0.5973441966196245,"CH1":0.844688096610046}