{"MV1":0.3249481901936523,"MV3":0.7680622692512659,"CH1":0.07322251790384937}