{"MV1":0.5911090305100367,"MV3":0.5338517360849111,"CH1":0.980510437864516}