{"MV1":0.6899355768681086,"MV3":0.6566989266540897,"CH1":0.9443666304507193}