{"MV1":0.8896211673191411,"MV3":0.9686466643119571,"CH1":0.3592355885023607}