{"MV1":0.2908853914696383,"MV3":0.27129332594563393,"CH1":0.05382815827857956}