{"MV1":0.03584352241245614,"MV3":0.22296378642322323,"CH1":0.14096396487780816}