{"MV1":0.25446795312645554,"MV3":0.7098678466501402,"CH1":0.5703649769011863}