{"MV1":0.21305802904539894,"MV3":0.29052691080189574,"CH1":0.20955848111045294}