{"MV1":0.5187456273127309,"MV3":0.8756760334428723,"CH1":0.13274572462779588}