{"MV1":0.926835656303941,"MV3":0.49243995064992674,"CH1":0.0938588510980386}