{"MV1":0.818647837228791,"MV3":0.9974925408240601,"CH1":0.14125854533137827}