{"MV1":0.08335078228591297,"MV3":0.42242066028775727,"CH1":0.13596799770629064}