{"MV1":0.7777448316340035,"MV3":0.06753998358108304,"CH1":0.3670565727611955}