{"MV1":0.5853156290410013,"MV3":0.48160957938338333,"CH1":0.3788383902209307}