{"MV1":0.21044116896440168,"MV3":0.538040779364543,"CH1":0.9058557052746408}