{"MV1":0.08965216125174913,"MV3":0.8762656956744831,"CH1":0.012559714209642303}