{"MV1":0.8782508369806166,"MV3":0.45002674396266273,"CH1":0.7750647437394379}