{"MV1":0.41364523388552676,"MV3":0.6769431697168784,"CH1":0.5357190299399402}