{"MV1":0.3845788888956482,"MV3":0.7960753706171396,"CH1":0.9660823286235721}