{"MV1":0.8325672791258467,"MV3":0.9455890294965191,"CH1":0.48064307052960853}