{"MV1":0.0842501810141072,"MV3":0.7556476510347704,"CH1":0.7729550119011139}