{"MV1":0.7335785811880745,"MV3":0.9695408551964979,"CH1":0.14703508487679784}