{"MV1":0.6451215880852568,"MV3":0.8741347781140458,"CH1":0.9053207287749653}