{"MV1":0.9458011530937428,"MV3":0.4586066637956989,"CH1":0.15404834215259777}