{"MV1":0.9543866457467189,"MV3":0.7528736397949158,"CH1":0.3551326136655112}