{"MV1":0.7426809126516537,"MV3":0.7652805772018675,"CH1":0.2949362986524442}