{"MV1":0.5742994039165449,"MV3":0.2188420128759586,"CH1":0.07018615044820142}