{"MV1":0.0823439102605722,"MV3":0.4465563145050422,"CH1":0.708061765943236}