{"MV1":0.7514287809705916,"MV3":0.1534358430872571,"CH1":0.882958108416079}