{"MV1":0.891717108358824,"MV3":0.4411256099871709,"CH1":0.9010547141142252}