{"MV1":0.8001472528661382,"MV3":0.4866848538694126,"CH1":0.04175194043585162}