{"MV1":0.14893722216861394,"MV3":0.2360753559454295,"CH1":0.65399324160134}