{"MV1":0.24935195462496174,"MV3":0.3591706115455763,"CH1":0.7749405864403958}