{"MV1":0.8872602986452442,"MV3":0.9065528463337555,"CH1":0.6269617651607717}