{"MV1":0.6945648116231665,"MV3":0.4021416240056853,"CH1":0.18545089124159042}