{"MV1":0.9223736037201635,"MV3":0.857349128413815,"CH1":0.462369348534988}