{"MV1":0.8130000690581627,"MV3":0.4665877466944356,"CH1":0.42512569862273686}