{"MV1":0.28074989155511987,"MV3":0.05311263329722038,"CH1":0.02918441264206284}