{"MV1":0.5981650832355331,"MV3":0.023741558534559726,"CH1":0.7790364384547344}