{"MV1":0.0743462864639457,"MV3":0.32933690273155225,"CH1":0.27419417880485175}