{"MV1":0.9081065604443112,"MV3":0.03705387154009365,"CH1":0.030679152731350023}