{"MV1":0.48984619216252623,"MV3":0.6740337939946789,"CH1":0.6252711159939485}