{"MV1":0.8387594454388978,"MV3":0.8890325856997607,"CH1":0.8081062722819901}