{"MV1":0.44463945917355197,"MV3":0.9200127105873999,"CH1":0.48172236478175956}