{"MV1":0.5949473662937259,"MV3":0.022398908814799223,"CH1":0.9718401171394148}