{"MV1":0.4100880955427513,"MV3":0.9837567630022177,"CH1":0.5811611020794631}