{"MV1":0.8019310118840451,"MV3":0.41654165824879485,"CH1":0.5090109852715843}