{"MV1":0.9166716433788457,"MV3":0.32032433000358285,"CH1":0.07671230834282972}