{"MV1":0.4301959389215675,"MV3":0.47057910704066297,"CH1":0.9959456734462924}