{"MV1":0.6717697576269671,"MV3":0.19754795775699585,"CH1":0.5799776636007182}