{"MV1":0.1783224114361176,"MV3":0.6589496373375162,"CH1":0.5185763055110261}