{"MV1":0.5412712857871853,"MV3":0.9390372597710612,"CH1":0.8737228945523957}