{"MV1":0.19504882251065914,"MV3":0.1368831252301811,"CH1":0.26166717243790083}