{"MV1":0.5892956690449036,"MV3":0.703448624044088,"CH1":0.029762087760791922}