{"MV1":0.3998311821042083,"MV3":0.03254759859457479,"CH1":0.2281341521971525}