{"MV1":0.04727773059568452,"MV3":0.5316691278765944,"CH1":0.3181021578297335}