{"MV1":0.32791673861635195,"MV3":0.8329314513231831,"CH1":0.3652289666147247}