{"MV1":0.9673251316453015,"MV3":0.12814063505297857,"CH1":0.39794286460950523}