{"MV1":0.3684397199720434,"MV3":0.17912990990810873,"CH1":0.5253342814869685}