{"MV1":0.9641229724968086,"MV3":0.7540529675022242,"CH1":0.17578622761634233}