{"MV1":0.7913057119250997,"MV3":0.289566656738549,"CH1":0.281507645477032}