{"MV1":0.7076709817523466,"MV3":0.28834243998988984,"CH1":0.32487643710261305}