{"MV1":0.41227427269944783,"MV3":0.7230820694924964,"CH1":0.19854718227281198}