{"MV1":0.5306898748498474,"MV3":0.4489913456541844,"CH1":0.3481238519946549}