{"MV1":0.12808755430338237,"MV3":0.7756505960735346,"CH1":0.3572717267331047}