{"MV1":0.5080013910033044,"MV3":0.6789980436410609,"CH1":0.5816072515342693}