{"MV1":0.3268645746594786,"MV3":0.5650792522874466,"CH1":0.5948125505031812}