{"MV1":0.24039036688275128,"MV3":0.981740575425328,"CH1":0.6749121966048065}