{"MV1":0.20573399318271812,"MV3":0.6667644931335429,"CH1":0.948789154420899}