{"MV1":0.529771850883018,"MV3":0.4455336665712012,"CH1":0.4635165146368795}