{"MV1":0.47141582098354995,"MV3":0.3230093363630926,"CH1":0.1271330817983345}