{"MV1":0.3934171321055292,"MV3":0.35512000588128445,"CH1":0.27226911094587525}