{"MV1":0.27331489020256405,"MV3":0.7684252016543492,"CH1":0.04393276794703782}