{"MV1":0.6354460548009784,"MV3":0.1358603203754173,"CH1":0.7587751547816288}