{"MV1":0.116055220867891,"MV3":0.2322982472740679,"CH1":0.37792501560296865}