{"MV1":0.4100415474242536,"MV3":0.8647675518650704,"CH1":0.3391663833982753}