{"MV1":0.4158618351938216,"MV3":0.8714807157393257,"CH1":0.8890933802972769}