{"MV1":0.7563451998980742,"MV3":0.844124773397998,"CH1":0.7585858062970666}