{"MV1":0.5529311211858523,"MV3":0.4268348996755458,"CH1":0.6533997939000503}