{"MV1":0.7175997599631557,"MV3":0.9644507603239477,"CH1":0.6910077323763517}