{"MV1":0.6001106652845595,"MV3":0.9477057730560171,"CH1":0.07087969506039826}