{"MV1":0.9986127962792161,"MV3":0.2590927702840393,"CH1":0.8103710066349048}