{"MV1":0.9783126324275832,"MV3":0.006800102514281536,"CH1":0.5945195111043164}