{"MV1":0.0526175834697733,"MV3":0.991524075149473,"CH1":0.7952190150000286}