{"MV1":0.2997765750854209,"MV3":0.5832629407571687,"CH1":0.5541116983187886}