{"MV1":0.7202425155317754,"MV3":0.4782480123806777,"CH1":0.3833298282008951}