{"MV1":0.8187396954533032,"MV3":0.3026291497703505,"CH1":0.9944010091825533}