{"MV1":0.8228826355656932,"MV3":0.7676151672244043,"CH1":0.9578383990961106}