{"MV1":0.40048503191313334,"MV3":0.6154990193890931,"CH1":0.8137768350284}