{"MV1":0.9500067593661939,"MV3":0.6508274229482134,"CH1":0.5155012460897691}