{"MV1":0.048646423842263586,"MV3":0.7710132448400233,"CH1":0.32278015644999636}