{"MV1":0.276876380921392,"MV3":0.31523645495425456,"CH1":0.6403913799554071}