{"MV1":0.7442442126965279,"MV3":0.6078237541800744,"CH1":0.8322072425231568}