{"MV1":0.04071842958557881,"MV3":0.5484551155451509,"CH1":0.8753490831484894}