{"MV1":0.9059056945135663,"MV3":0.7238400977122622,"CH1":0.6246048921467128}