{"MV1":0.27318033377660667,"MV3":0.15823606547464952,"CH1":0.6573274544802521}