{"MV1":0.7297291841205629,"MV3":0.3852193505722349,"CH1":0.23499440637125146}