{"MV1":0.2690663238486922,"MV3":0.6254209198288088,"CH1":0.4944100825154383}