{"MV1":0.6522213323319261,"MV3":0.5263159696320721,"CH1":0.28889898235772626}