{"MV1":0.48292417753369965,"MV3":0.8129688898550365,"CH1":0.25359395331103707}