{"MV1":0.7497823807654534,"MV3":0.03815250229064837,"CH1":0.9453404949452907}