{"MV1":0.5319762509626655,"MV3":0.7470515262552514,"CH1":0.6797499865729806}