{"MV1":0.10893538089097388,"MV3":0.9733622761754902,"CH1":0.5731033486118015}