{"MV1":0.5217194963249558,"MV3":0.06429839824049766,"CH1":0.03557435274979426}