{"MV1":0.8834562539318427,"MV3":0.6577340536722307,"CH1":0.746461424520408}