{"MV1":0.3826510068414206,"MV3":0.03632596679750877,"CH1":0.02974999582657556}