{"MV1":0.9588805321790123,"MV3":0.1105545344169987,"CH1":0.44709216111955197}