{"MV1":0.4598512477525375,"MV3":0.4200371165299214,"CH1":0.4512880058497406}