{"MV1":0.610230051363574,"MV3":0.997854896697509,"CH1":0.6113490443354883}