{"MV1":0.07070677851588547,"MV3":0.3686213080613938,"CH1":0.5691295089522893}