{"MV1":0.6262833913659474,"MV3":0.15019665722608766,"CH1":0.04209133492590189}