{"MV1":0.6622487515073212,"MV3":0.43165111219012464,"CH1":0.2877592462875209}