{"MV1":0.3058822532123222,"MV3":0.7812606862686554,"CH1":0.21230857773576028}