{"MV1":0.4264553802418265,"MV3":0.5443280087334508,"CH1":0.03129875874229182}