{"MV1":0.10880002062920213,"MV3":0.40207411421233186,"CH1":0.4888533981278185}