{"MV1":0.30575129195639716,"MV3":0.3008777588233371,"CH1":0.6523600800394374}