{"MV1":0.060731883381623275,"MV3":0.3150314567155189,"CH1":0.4567053059988495}