{"MV1":0.8945632972592771,"MV3":0.30109613154399695,"CH1":0.8037398442322445}