{"MV1":0.44205921576992446,"MV3":0.44868154327599297,"CH1":0.23321432717050095}