{"MV1":0.0757383667870638,"MV3":0.7151106654512026,"CH1":0.9450320959603509}