{"MV1":0.43594094222039304,"MV3":0.7622328010396573,"CH1":0.19698844133630755}