{"MV1":0.3112970236046523,"MV3":0.0556377174460998,"CH1":0.950250196529802}