{"MV1":0.30490473580976907,"MV3":0.581514898140728,"CH1":0.8675542481523966}