{"MV1":0.983441442358041,"MV3":0.7413487935782497,"CH1":0.502455692396477}