{"MV1":0.001890549416289411,"MV3":0.5220921259566639,"CH1":0.11902897794916123}