{"MV1":0.7084574461338042,"MV3":0.9921399402992903,"CH1":0.9596890264664749}