{"MV1":0.9302299900353014,"MV3":0.597373342378717,"CH1":0.46382163915455565}