{"MV1":0.6463145771558899,"MV3":0.9977037922185623,"CH1":0.9124267452879533}