{"MV1":0.04594602940588721,"MV3":0.4099742255220086,"CH1":0.19182376583895722}