{"MV1":0.06547785883435198,"MV3":0.970467666589542,"CH1":0.5166856025416003}