{"MV1":0.8484492768888061,"MV3":0.019656202168808923,"CH1":0.3736797054911668}