{"MV1":0.17707960136488476,"MV3":0.7928832511776318,"CH1":0.7941413441589148}