{"MV1":0.14574470176325927,"MV3":0.3043189334433156,"CH1":0.43294322642993666}