{"MV1":0.3008265735323645,"MV3":0.6579899714129444,"CH1":0.53005424715886}