{"MV1":0.6397372186378111,"MV3":0.21485398666312583,"CH1":0.8055129128542146}