{"MV1":0.7365201056216005,"MV3":0.4275986629058779,"CH1":0.6307126516027962}