{"MV1":0.3642010510675423,"MV3":0.0871831875351532,"CH1":0.5781886549441048}