{"MV1":0.8787292748629064,"MV3":0.7436170015418461,"CH1":0.1366467354421682}