{"MV1":0.5134757963577521,"MV3":0.6649196567227009,"CH1":0.6744170211541134}