{"MV1":0.7460335258702775,"MV3":0.4598896966000744,"CH1":0.8879678662609479}