{"MV1":0.25021870817934655,"MV3":0.43063392947303214,"CH1":0.2275021724244325}