{"MV1":0.2965166058844292,"MV3":0.3847447893839966,"CH1":0.4574416508286623}