{"MV1":0.8547131007202118,"MV3":0.2691638970335005,"CH1":0.8613077561394614}