{"MV1":0.40004971071979323,"MV3":0.8035670040610076,"CH1":0.03426807661363096}