{"MV1":0.07454008095558495,"MV3":0.4269094722200162,"CH1":0.12770430171766756}