{"MV1":0.42982994062459867,"MV3":0.6729050573338957,"CH1":0.7472537599343791}