{"MV1":0.8999193441710948,"MV3":0.11844218966488695,"CH1":0.6409277227622826}