{"MV1":0.9300796458210201,"MV3":0.8911450981171926,"CH1":0.07259936382474919}