{"MV1":0.3649800922041838,"MV3":0.6213852927630514,"CH1":0.38713383353649355}