{"MV1":0.33157808084905993,"MV3":0.4953081447175297,"CH1":0.5986811383241368}