{"MV1":0.8223615882826839,"MV3":0.24248246318261202,"CH1":0.543349922191376}