{"MV1":0.05571629130305933,"MV3":0.560378681553041,"CH1":0.47309942901722035}