{"MV1":0.1301438018673562,"MV3":0.07919649836627107,"CH1":0.6536340577579564}