{"MV1":0.2854487292138286,"MV3":0.6186159572937958,"CH1":0.9659499081816194}