{"MV1":0.36299551315847123,"MV3":0.06918234365259535,"CH1":0.23841519296970248}