{"MV1":0.35350983165848127,"MV3":0.8474210699495602,"CH1":0.545267891907182}