{"MV1":0.4871307505499711,"MV3":0.13621754387338614,"CH1":0.5128389353582795}