{"MV1":0.4034303006970914,"MV3":0.40047024374901297,"CH1":0.23638185154597324}