{"MV1":0.3045080704239441,"MV3":0.025997725897501267,"CH1":0.5259836335777393}