{"MV1":0.5510823061799054,"MV3":0.803959691730734,"CH1":0.9541532601218159}