{"MV1":0.07007641064164138,"MV3":0.46560744741290283,"CH1":0.34018965314634386}