{"MV1":0.6955895496951925,"MV3":0.47468120821385595,"CH1":0.5389331595618111}