{"MV1":0.6881533445239101,"MV3":0.6383453094600644,"CH1":0.845328285512399}