{"MV1":0.3446885823772958,"MV3":0.0030777847949954307,"CH1":0.5981628285760555}