{"MV1":0.8245772509940301,"MV3":0.04280482016614495,"CH1":0.8284832386358463}