{"MV1":0.47544464677174025,"MV3":0.6959630952739047,"CH1":0.3596817857291952}