{"MV1":0.7058131025363102,"MV3":0.4541347548766512,"CH1":0.3256783474504049}