{"MV1":0.7144627758999712,"MV3":0.43491184192403765,"CH1":0.5006365272772968}