{"MV1":0.47487658038413905,"MV3":0.8299936736090837,"CH1":0.9772643302103015}