{"MV1":0.6692853509014746,"MV3":0.6389673623468253,"CH1":0.035364106850245935}