{"MV1":0.36806926696060727,"MV3":0.09091759465359672,"CH1":0.3487541846501345}