{"MV1":0.752659771107203,"MV3":0.9169097316648407,"CH1":0.3598141093878604}