{"MV1":0.3683771958289944,"MV3":0.705953234251813,"CH1":0.07350757656820861}