{"MV1":0.8735395005353112,"MV3":0.777427089604994,"CH1":0.5535093220968492}