{"MV1":0.8694450189435724,"MV3":0.8021119511932052,"CH1":0.76733015553658}