{"MV1":0.1792662019043233,"MV3":0.6086247022153961,"CH1":0.6038457929586494}