{"MV1":0.7990020857677901,"MV3":0.1592849111708613,"CH1":0.3763716621623385}