{"MV1":0.019810731568932427,"MV3":0.43600660414567294,"CH1":0.2478779157106037}