{"MV1":0.04988247388780909,"MV3":0.34875643692561165,"CH1":0.914109564947318}