{"MV1":0.06338731096599204,"MV3":0.11163239958654336,"CH1":0.48993804152268383}