{"MV1":0.7473046693957129,"MV3":0.40353497239345637,"CH1":0.7195162484698628}