{"MV1":0.10232812111556344,"MV3":0.4404664515285437,"CH1":0.08855702593170711}