{"MV1":0.5166478650526845,"MV3":0.33394546557548965,"CH1":0.19163208390576925}