{"MV1":0.8182415111829542,"MV3":0.3840936951503501,"CH1":0.133225943996657}