{"MV1":0.8710903605527998,"MV3":0.11189381601421489,"CH1":0.9103358546141882}