{"MV1":0.872933459388454,"MV3":0.6337611154564837,"CH1":0.2969987770123066}