{"MV1":0.7727445501391778,"MV3":0.849968982988398,"CH1":0.668036890516652}