{"MV1":0.5057578093833228,"MV3":0.987950505522363,"CH1":0.5580404844474588}