{"MV1":0.37140868386108017,"MV3":0.5031589418062616,"CH1":0.8372343370779314}