{"MV1":0.5975166260131197,"MV3":0.5207701974428102,"CH1":0.667483664957775}