{"MV1":0.3904170953697025,"MV3":0.5998498079314587,"CH1":0.5800956052314213}