{"MV1":0.6794810182390498,"MV3":0.5299641970439616,"CH1":0.6118397381770112}