{"MV1":0.07161553310028901,"MV3":0.6210143033857609,"CH1":0.2526632856754194}