{"MV1":0.8636838182756815,"MV3":0.6122201966381583,"CH1":0.23340370501841745}