{"MV1":0.6400327515469316,"MV3":0.2705851899948627,"CH1":0.828544314630034}