{"MV1":0.6524242554997524,"MV3":0.8230691037619345,"CH1":0.006309468962781506}