{"MV1":0.2833727745154333,"MV3":0.07770764501948924,"CH1":0.2915127261785003}