{"MV1":0.27975338746244394,"MV3":0.5238710215025438,"CH1":0.822174290298746}