{"MV1":0.8502193976031504,"MV3":0.25224460944475213,"CH1":0.38040677986892135}