{"MV1":0.33241030307076525,"MV3":0.7971746491917268,"CH1":0.9755492624932026}