{"MV1":0.8674207090787046,"MV3":0.517391835964579,"CH1":0.18495000214900603}