{"MV1":0.672670046884399,"MV3":0.6566802555134031,"CH1":0.39194109975617275}