{"MV1":0.8974289852997808,"MV3":0.8893513834117811,"CH1":0.35383230671401245}