{"MV1":0.8884084560610086,"MV3":0.4436892851873352,"CH1":0.0387482210854837}