{"MV1":0.8483769070916958,"MV3":0.492181117412714,"CH1":0.8779274530648096}