{"MV1":0.5936988296133247,"MV3":0.4094281141155296,"CH1":0.05145728489315349}