{"MV1":0.7741903143588041,"MV3":0.36183688660923996,"CH1":0.1267022112139945}