{"MV1":0.5031750132772241,"MV3":0.9954141210280224,"CH1":0.6287211259323352}