{"MV1":0.4941462343283439,"MV3":0.38889840314441204,"CH1":0.9489532621498911}