{"MV1":0.9847935394494233,"MV3":0.21077545113659346,"CH1":0.3426601176240729}