{"MV1":0.7214986831446781,"MV3":0.7768845788374213,"CH1":0.7952210534750488}