{"MV1":0.8553695387772607,"MV3":0.047172331654854016,"CH1":0.14209786899281085}