{"MV1":0.22403324321061313,"MV3":0.7717163584168332,"CH1":0.8648035728071506}