{"MV1":0.055893156852054204,"MV3":0.9885132844449722,"CH1":0.3894384165340181}