{"MV1":0.6589574926767974,"MV3":0.12878541188246684,"CH1":0.7068509843458668}