{"MV1":0.5643049259070846,"MV3":0.6734370906524328,"CH1":0.27967071909004326}