{"MV1":0.6868583066218622,"MV3":0.6225263997980816,"CH1":0.5587276007797773}