{"MV1":0.3180435974822865,"MV3":0.018773249439766992,"CH1":0.019416462089268616}