{"MV1":0.6928981049498935,"MV3":0.7738788013945987,"CH1":0.6104266220545265}