{"MV1":0.836939153080681,"MV3":0.07568349948842601,"CH1":0.26311823117661415}