{"MV1":0.893273383994749,"MV3":0.05820709699692039,"CH1":0.28043452655603984}