{"MV1":0.44631758340122174,"MV3":0.10613777818418368,"CH1":0.2630884235393046}