{"MV1":0.46618562120988427,"MV3":0.1479692552415437,"CH1":0.43819239102547203}