{"MV1":0.1652997750946471,"MV3":0.1394692253026829,"CH1":0.9978921089569829}