{"MV1":0.992079137626526,"MV3":0.13579118500042697,"CH1":0.46004569796443306}