{"MV1":0.47182226037487596,"MV3":0.09570553476519383,"CH1":0.8360124518159171}