{"MV1":0.4871560016484,"MV3":0.6167614404539647,"CH1":0.884845377893228}