{"MV1":0.6450507472262487,"MV3":0.16255089036246262,"CH1":0.040393137148901914}