{"MV1":0.021448307860933546,"MV3":0.6287357889334694,"CH1":0.14435707404445774}