{"MV1":0.3649639400919159,"MV3":0.6798580108370621,"CH1":0.9126631071589123}