{"MV1":0.8930370077640655,"MV3":0.0690307129366109,"CH1":0.9493568894364306}