{"MV1":0.2743210925652576,"MV3":0.10525988907381933,"CH1":0.31080374553442214}