{"MV1":0.962197856304285,"MV3":0.9197688374915608,"CH1":0.8912151182798644}