{"MV1":0.8539437097129826,"MV3":0.9830246340218505,"CH1":0.641394998020174}