{"MV1":0.6370477801268789,"MV3":0.6078005685694582,"CH1":0.4230945877889346}