{"MV1":0.4543794260933408,"MV3":0.561507926085459,"CH1":0.07959726241815412}