{"MV1":0.2551766926850333,"MV3":0.7090679339536109,"CH1":0.9458673423982781}