{"MV1":0.2279244465829624,"MV3":0.27137562226183876,"CH1":0.02016954776719937}