{"MV1":0.09529966032913995,"MV3":0.27215588247474365,"CH1":0.38996589259338543}