{"MV1":0.4645116804627306,"MV3":0.22200795720933741,"CH1":0.8303924736830284}