{"MV1":0.8257592988848952,"MV3":0.18120917532245995,"CH1":0.4993145020759886}