{"MV1":0.9210042740495841,"MV3":0.5127220696299146,"CH1":0.8494562009223068}