{"MV1":0.2122318886198442,"MV3":0.1125715453892423,"CH1":0.269189779990767}