{"MV1":0.5867633522947415,"MV3":0.34452643635894775,"CH1":0.22927935586518844}