{"MV1":0.6216525164084075,"MV3":0.053844029264445536,"CH1":0.4906592416546468}