{"MV1":0.3749257548380247,"MV3":0.4776230538948496,"CH1":0.3787958287426082}