{"MV1":0.9720553345233938,"MV3":0.3023682498121366,"CH1":0.7301446581118632}