{"MV1":0.6407975052712558,"MV3":0.2908759275249988,"CH1":0.1415523359701536}