{"MV1":0.6646430920843258,"MV3":0.7767364670706115,"CH1":0.7329280685341798}