{"MV1":0.25997155106038605,"MV3":0.8056195361961564,"CH1":0.5954070505845955}