{"MV1":0.3567945836349119,"MV3":0.37453990250475244,"CH1":0.542204723794882}