{"MV1":0.14417241990730778,"MV3":0.6371346430816911,"CH1":0.7495980346301335}