{"MV1":0.34577638871703165,"MV3":0.11165084939323067,"CH1":0.3255940145960733}