{"MV1":0.08742999470910562,"MV3":0.2361371809604056,"CH1":0.361469123288103}