{"MV1":0.8138090352847038,"MV3":0.38134405464691945,"CH1":0.47654528472161173}