{"MV1":0.9054856684593157,"MV3":0.6862746678939223,"CH1":0.5072082951297275}