{"MV1":0.17478990111211867,"MV3":0.4628386929118301,"CH1":0.64078126547856}