{"MV1":0.4680712161260615,"MV3":0.6549393066807451,"CH1":0.9398403992916292}