{"MV1":0.7835395439679472,"MV3":0.14242441760312385,"CH1":0.3368401630869283}