{"MV1":0.3437390270105345,"MV3":0.5268810805001966,"CH1":0.8870941020443229}