{"MV1":0.3717345946076285,"MV3":0.010307694747255125,"CH1":0.3112820222244125}