{"MV1":0.16191430062505385,"MV3":0.972561566257718,"CH1":0.38990710308021514}