{"MV1":0.4629307171043391,"MV3":0.5932609405505256,"CH1":0.14959669032053258}