{"MV1":0.6645516365946482,"MV3":0.21421020288073522,"CH1":0.4868623786018086}