{"MV1":0.16828401529013248,"MV3":0.2955981155236006,"CH1":0.5398647597243019}