{"MV1":0.05760725291097479,"MV3":0.18688771703765605,"CH1":0.7344001165656557}