{"MV1":0.968666582380399,"MV3":0.7041846002557375,"CH1":0.9070740397610798}