{"MV1":0.07256470279144989,"MV3":0.24037094191897057,"CH1":0.1316479287474016}