{"MV1":0.23513439180446494,"MV3":0.6804955991346784,"CH1":0.6148374267190843}