{"MV1":0.19847793954893855,"MV3":0.9575935455390608,"CH1":0.7918822890415843}