{"MV1":0.8523481823034875,"MV3":0.10572019350626138,"CH1":0.10650199202939847}