{"MV1":0.9068631868111612,"MV3":0.08404189594658873,"CH1":0.8172967727923807}