{"MV1":0.4228443234929349,"MV3":0.9588454099124153,"CH1":0.18604331201149638}