{"MV1":0.24309494402039333,"MV3":0.8202621450209132,"CH1":0.5608923228200963}