{"MV1":0.49481636233255943,"MV3":0.39960220000191415,"CH1":0.7543214355383547}