{"MV1":0.7915968047890599,"MV3":0.1835294396680589,"CH1":0.5853960600745092}