{"MV1":0.5014565102005697,"MV3":0.5510951346524435,"CH1":0.5937173491336051}