{"MV1":0.9617803283239245,"MV3":0.14732859737981507,"CH1":0.44957803260475127}