{"MV1":0.1420042219175809,"MV3":0.8491617393959155,"CH1":0.6828163691511882}