{"MV1":0.38210269300903743,"MV3":0.9444213321436351,"CH1":0.6597882787068816}