{"MV1":0.41936789142026043,"MV3":0.2879647153809224,"CH1":0.3102413803194809}