{"MV1":0.0616115121326557,"MV3":0.7652337192026001,"CH1":0.6953326860026764}