{"MV1":0.2641620715133457,"MV3":0.5184427998590264,"CH1":0.8923848482486748}