{"MV1":0.9224048007103601,"MV3":0.3507798424678663,"CH1":0.10694620989217207}