{"MV1":0.6763018003012394,"MV3":0.5158896728341862,"CH1":0.03035965630247317}