{"MV1":0.3043859986886839,"MV3":0.2362393791249574,"CH1":0.7626590442908356}