{"MV1":0.32767718052078676,"MV3":0.4059902475511621,"CH1":0.7331733737828068}