{"MV1":0.8075800991686416,"MV3":0.6082078979315064,"CH1":0.7493445347997965}