{"MV1":0.162553944739789,"MV3":0.06545815161846402,"CH1":0.16453330788694553}