{"MV1":0.46208062966848074,"MV3":0.9794889830434949,"CH1":0.29758788546449433}