{"MV1":0.8234373584426442,"MV3":0.23471532892689617,"CH1":0.982643335314931}