{"MV1":0.9770548476821809,"MV3":0.4380025142001972,"CH1":0.7985806586637636}