{"MV1":0.9382810201058858,"MV3":0.4653431063022777,"CH1":0.4070959352330573}