{"MV1":0.759464839313916,"MV3":0.8878361639090191,"CH1":0.43773137374761917}