{"MV1":0.30964680419760826,"MV3":0.7286640533313432,"CH1":0.18011743269631164}