{"MV1":0.2728397388352096,"MV3":0.9107900487225792,"CH1":0.7665772141343412}