{"MV1":0.5288707135429211,"MV3":0.5373761640030444,"CH1":0.44523626429595975}