{"MV1":0.8484287670657613,"MV3":0.011573850542563657,"CH1":0.6293549373346576}