{"MV1":0.6222591660356397,"MV3":0.5138926628180739,"CH1":0.09661843293656491}