{"MV1":0.1599911465917473,"MV3":0.5457844796122292,"CH1":0.5146812108118977}