{"MV1":0.33989500187173827,"MV3":0.3675325724405968,"CH1":0.3057267850862918}