{"MV1":0.7032802336378018,"MV3":0.31369358543310044,"CH1":0.9072145440190243}