{"MV1":0.8421012590946455,"MV3":0.5309787942514923,"CH1":0.3362013280707894}