{"MV1":0.8373852306662394,"MV3":0.6188618151387105,"CH1":0.8787244888472395}