{"MV1":0.46365648614270694,"MV3":0.3717191089191463,"CH1":0.5066808841659561}