{"MV1":0.8023357194230597,"MV3":0.11631212839635696,"CH1":0.5563009173217445}