{"MV1":0.38497427309812626,"MV3":0.5662036656562744,"CH1":0.28857492665725626}