{"MV1":0.9772301012729465,"MV3":0.6307887396903791,"CH1":0.05061565840743332}