{"MV1":0.32286049642070525,"MV3":0.986657682524279,"CH1":0.9123696700355395}