{"MV1":0.5333770641311638,"MV3":0.7605459761129694,"CH1":0.37627647399936015}