{"MV1":0.6319072316686538,"MV3":0.9141818410397019,"CH1":0.6901654997818075}