{"MV1":0.5547582208366374,"MV3":0.30387151324790607,"CH1":0.13838558569856318}