{"MV1":0.04029356762364933,"MV3":0.43442105802723374,"CH1":0.967985924826352}