{"MV1":0.4367711397454016,"MV3":0.3594652957616995,"CH1":0.8278535530586038}