{"MV1":0.36444131910322997,"MV3":0.8142341725163371,"CH1":0.920595874208081}