{"MV1":0.7641400487811849,"MV3":0.7618849421514119,"CH1":0.18367593639230695}