{"MV1":0.9314428231267763,"MV3":0.7609676123034553,"CH1":0.7895084322321576}