{"MV1":0.944164419851741,"MV3":0.4574816837621012,"CH1":0.05159864690469085}