{"MV1":0.1519129403939935,"MV3":0.1578590885736264,"CH1":0.48540716807537265}