{"MV1":0.6910916932487308,"MV3":0.6090297790356201,"CH1":0.6754790293161128}