{"MV1":0.7223472251832282,"MV3":0.4750014668648419,"CH1":0.9908722502148828}