{"MV1":0.7153326756947611,"MV3":0.21454815309519792,"CH1":0.9334720821785296}