{"MV1":0.8696893946082241,"MV3":0.08433660175181923,"CH1":0.46353599345073637}