{"MV1":0.4271082649010526,"MV3":0.8903868926514636,"CH1":0.2830059164257992}