{"MV1":0.004407045365468765,"MV3":0.22421974439406334,"CH1":0.8574271802902586}