{"MV1":0.19176240526289445,"MV3":0.8030174769778003,"CH1":0.4673748976176505}