{"MV1":0.578232155555495,"MV3":0.34111756995960063,"CH1":0.41965100159167146}