{"MV1":0.4113771601628293,"MV3":0.42430727959689596,"CH1":0.7802994153901708}