{"MV1":0.5282318904564923,"MV3":0.5921217217107934,"CH1":0.99921236337879}