{"MV1":0.8553869456473469,"MV3":0.1273264544484881,"CH1":0.15891762527461073}