{"MV1":0.7824700231027346,"MV3":0.8014244695065204,"CH1":0.6124742770918651}