{"MV1":0.10930293102473343,"MV3":0.17357743395565606,"CH1":0.4980114273636842}