{"MV1":0.951136468066257,"MV3":0.8349574160559828,"CH1":0.3125606959613523}