{"MV1":0.314213572672856,"MV3":0.8558428597701901,"CH1":0.9891655848106705}