{"MV1":0.6503355152202366,"MV3":0.710820907994125,"CH1":0.14370120343244386}