{"MV1":0.17827050298715386,"MV3":0.6218844192946263,"CH1":0.9662756073175682}