{"MV1":0.1631738248872473,"MV3":0.6732508942989663,"CH1":0.71406919930842}