{"MV1":0.8872920821567033,"MV3":0.20639283561765798,"CH1":0.2069865773011741}