{"MV1":0.7282628373067439,"MV3":0.35653688718240806,"CH1":0.6858142523843276}