{"MV1":0.19865546329951778,"MV3":0.7606830046130413,"CH1":0.00016268846194744668}