{"MV1":0.3213394169026128,"MV3":0.9838364906385209,"CH1":0.9257571965773823}