{"MV1":0.3883978101173412,"MV3":0.9615312859136917,"CH1":0.39265320608182686}