{"MV1":0.7470754759324134,"MV3":0.04909809323779912,"CH1":0.3979639021042852}