{"MV1":0.34193340330837696,"MV3":0.9501118737957249,"CH1":0.29072958403606686}