{"MV1":0.695456971360321,"MV3":0.05491403903785197,"CH1":0.5042754032377784}