{"MV1":0.7571004048567296,"MV3":0.7011083361480487,"CH1":0.4444077024670289}