{"MV1":0.6378931177108847,"MV3":0.4076306707527043,"CH1":0.38427446680950095}