{"MV1":0.8053086244387441,"MV3":0.27766320753511475,"CH1":0.8317463622745536}