{"MV1":0.30176293305921364,"MV3":0.5723319858954694,"CH1":0.9094556186903389}