{"MV1":0.7458719746230167,"MV3":0.3724042201175176,"CH1":0.11408878580124182}