{"MV1":0.02802715732834815,"MV3":0.8191678965420847,"CH1":0.1831997782014091}