{"MV1":0.8740635930829928,"MV3":0.08617766330163545,"CH1":0.4036834336493099}