{"MV1":0.5497193915734196,"MV3":0.048069060849703416,"CH1":0.517947089628035}