{"MV1":0.999426088005728,"MV3":0.7688946093199749,"CH1":0.7761472192866464}