{"MV1":0.0025722065594391275,"MV3":0.2646400230195318,"CH1":0.4668423950235636}