{"MV1":0.8591351473266876,"MV3":0.8938981982138381,"CH1":0.6067080744187797}