{"MV1":0.9677774482665561,"MV3":0.819774482545738,"CH1":0.6012142647881727}