{"MV1":0.09827501055457744,"MV3":0.042155559454199465,"CH1":0.7779602635201828}