{"MV1":0.2737466064278897,"MV3":0.8512931335856899,"CH1":0.9957843806877488}