{"MV1":0.9868777922492759,"MV3":0.5074643587126895,"CH1":0.7066593197039007}