{"MV1":0.04702513347133963,"MV3":0.3615744628972186,"CH1":0.26676987523587437}