{"MV1":0.5618529567250815,"MV3":0.49621284370731333,"CH1":0.9434532751587933}