{"MV1":0.33520338019812423,"MV3":0.9173614247383353,"CH1":0.8911298029900134}