{"MV1":0.865480980420227,"MV3":0.042821593755417275,"CH1":0.8535162953457227}