{"MV1":0.31114641100733564,"MV3":0.35284344148574676,"CH1":0.886076863873673}