{"MV1":0.4462049228489654,"MV3":0.5975275910267717,"CH1":0.35170552815857103}