{"MV1":0.35670434683750696,"MV3":0.7716551089161476,"CH1":0.8116116622620098}