{"MV1":0.82307621279934,"MV3":0.4090884899165036,"CH1":0.22575415346710537}