{"MV1":0.8610886370814325,"MV3":0.19063088971464204,"CH1":0.021052732881978065}