{"MV1":0.9755554291815665,"MV3":0.40316570627146775,"CH1":0.5447957944050419}