{"MV1":0.8171058729728444,"MV3":0.7380576490901267,"CH1":0.5458638722630841}