{"MV1":0.08075594237632389,"MV3":0.4757402069036112,"CH1":0.21907842033689584}