{"MV1":0.37050525510374643,"MV3":0.48825462848412504,"CH1":0.7526278892107763}