{"MV1":0.009357679092966031,"MV3":0.907105266412079,"CH1":0.00833256705763874}