{"MV1":0.1742707406771673,"MV3":0.34533947438985835,"CH1":0.9064999375273145}