{"MV1":0.9777301426914764,"MV3":0.8813976917762552,"CH1":0.12561599838606352}