{"MV1":0.8305873521656109,"MV3":0.5843047406765701,"CH1":0.8949720410739718}