{"MV1":0.7272371389032337,"MV3":0.31444435309814456,"CH1":0.4106350017022625}