{"MV1":0.8966448735300219,"MV3":0.6907467613664763,"CH1":0.6231883903489773}