{"MV1":0.01123721587639126,"MV3":0.9843857347676563,"CH1":0.5857510242197872}