{"MV1":0.6590677549454192,"MV3":0.7434311741769537,"CH1":0.642637193590662}