{"MV1":0.9946308724321608,"MV3":0.4616452882606642,"CH1":0.7831576435515228}