{"MV1":0.43026496813914117,"MV3":0.7986677395651959,"CH1":0.3113778091957925}