{"MV1":0.3029897948095379,"MV3":0.1778826771667944,"CH1":0.8341801155995249}