{"MV1":0.7012891637219713,"MV3":0.7112175906192079,"CH1":0.8941397486370793}