{"MV1":0.7350971341408429,"MV3":0.6852053327451223,"CH1":0.9851321214593249}