{"MV1":0.9088538227304408,"MV3":0.6345460434135063,"CH1":0.3906305448303854}