{"MV1":0.11830208791445485,"MV3":0.007509867780218671,"CH1":0.6936207444729787}