{"MV1":0.3982008453485647,"MV3":0.8401864960215327,"CH1":0.916204261611355}