{"MV1":0.974146090878071,"MV3":0.9283423530769711,"CH1":0.8157183131723017}