{"MV1":0.3866578304091065,"MV3":0.4579084061816775,"CH1":0.369949701578291}