{"MV1":0.2335633346541386,"MV3":0.16295406886508812,"CH1":0.9755692574770791}