{"MV1":0.9930358862034788,"MV3":0.24106563349231647,"CH1":0.9516690276078538}