{"MV1":0.5687771484819688,"MV3":0.19267101120127572,"CH1":0.2549370216536637}