{"MV1":0.028899046056519273,"MV3":0.45440079813603074,"CH1":0.2506028638739489}