{"MV1":0.7515432774187659,"MV3":0.17451172890568412,"CH1":0.816630494349476}