{"MV1":0.5711749060204302,"MV3":0.2811817749736195,"CH1":0.38261468830680245}