{"MV1":0.2872486748552544,"MV3":0.35893307384030215,"CH1":0.4763977410867075}