{"MV1":0.8222644807520054,"MV3":0.711410194409843,"CH1":0.8254785454955317}