{"MV1":0.31840544579812957,"MV3":0.11280004703628521,"CH1":0.7601281503767227}