{"MV1":0.4558311358224345,"MV3":0.7890690034358904,"CH1":0.3567778570303478}