{"MV1":0.501374605237165,"MV3":0.1397825545588255,"CH1":0.5741063378334876}