{"MV1":0.4676236644812245,"MV3":0.17539066394107938,"CH1":0.9189705902747042}