{"MV1":0.2523763482068805,"MV3":0.09452674680042361,"CH1":0.3457258890297408}