{"MV1":0.947665372821644,"MV3":0.7652603987525596,"CH1":0.750754124630511}