{"MV1":0.3531516190969022,"MV3":0.8716084665676966,"CH1":0.5932752857915032}