{"MV1":0.8066310976550038,"MV3":0.04943216837339204,"CH1":0.8993722323318718}