{"MV1":0.8640899177262389,"MV3":0.6183589774484823,"CH1":0.23115030821489746}