{"MV1":0.5808293811029325,"MV3":0.7684057788295432,"CH1":0.34881501971997964}