{"MV1":0.20911549818428032,"MV3":0.8690338505589345,"CH1":0.8978212455226384}