{"MV1":0.674187865336686,"MV3":0.4464328053921349,"CH1":0.01792761933941278}