{"MV1":0.5560322591577507,"MV3":0.7885416390544462,"CH1":0.230570165675403}