{"MV1":0.5948086013274198,"MV3":0.8301612998051471,"CH1":0.8677174494389901}