{"MV1":0.9577417187776873,"MV3":0.6451153100185478,"CH1":0.4791016701828271}