{"MV1":0.21324085368720513,"MV3":0.10192808929209096,"CH1":0.6041605974182491}