{"MV1":0.7805517048785349,"MV3":0.18527858400539288,"CH1":0.9851201128908802}