{"MV1":0.7914964855990873,"MV3":0.4288078268370169,"CH1":0.6578019399217554}