{"MV1":0.4897893305734863,"MV3":0.7023373180994091,"CH1":0.3562958806183846}