{"MV1":0.267768285452052,"MV3":0.5725450484893003,"CH1":0.20906189729661728}