{"MV1":0.8276877857342996,"MV3":0.21883973811633795,"CH1":0.6602157818900958}