{"MV1":0.7538104728680688,"MV3":0.1937779225677102,"CH1":0.025888518312018105}