{"MV1":0.1630351011497696,"MV3":0.6984955441849842,"CH1":0.17619068998993637}