{"MV1":0.8396914678733267,"MV3":0.13370647502323552,"CH1":0.3786960002423473}