{"MV1":0.9713255813576644,"MV3":0.7454034254093188,"CH1":0.813580260417106}