{"MV1":0.8859657926518586,"MV3":0.035942212236564686,"CH1":0.5616090116340241}