{"MV1":0.969850204318412,"MV3":0.507213006654716,"CH1":0.2501705100931946}