{"MV1":0.21298157724881617,"MV3":0.7369370882415766,"CH1":0.5397990309551146}