{"MV1":0.09156980636267908,"MV3":0.9467209301498823,"CH1":0.2730035386000741}