{"MV1":0.506472679781352,"MV3":0.4166167343724013,"CH1":0.966584042469239}