{"MV1":0.8132140541654952,"MV3":0.3317924003668915,"CH1":0.1752440877934648}