{"MV1":0.2526825675620801,"MV3":0.5187564729041617,"CH1":0.22467965832409476}