{"MV1":0.5103879555533523,"MV3":0.23601673251539923,"CH1":0.5143245861990564}