{"MV1":0.44806014239006864,"MV3":0.22209227817345267,"CH1":0.5320209869862061}