{"MV1":0.33687781352371293,"MV3":0.1481309557792988,"CH1":0.6775278306589181}