{"MV1":0.7800380428358563,"MV3":0.4342077712665894,"CH1":0.7540312092406277}