{"MV1":0.9653369033759153,"MV3":0.06521403405521697,"CH1":0.6101845901785156}