{"MV1":0.6864870200415116,"MV3":0.9931199900784226,"CH1":0.5521640980960223}