{"MV1":0.3188303125088622,"MV3":0.6606551317641836,"CH1":0.7869433270253895}