{"MV1":0.41131820727773716,"MV3":0.8937761141982546,"CH1":0.7418340984520335}