{"MV1":0.18635324482023996,"MV3":0.177331032289457,"CH1":0.27583167763266125}