{"MV1":0.3791295294391973,"MV3":0.0998528207434709,"CH1":0.24928597483244785}