{"MV1":0.7589154985830894,"MV3":0.8675834287981145,"CH1":0.4590432459645688}