{"MV1":0.08161960534680879,"MV3":0.533519560652281,"CH1":0.7873382193341464}