{"MV1":0.17841652356427884,"MV3":0.16161606746696233,"CH1":0.9557462623162051}