{"MV1":0.6051781866498903,"MV3":0.37081502554705803,"CH1":0.4349290758515797}