{"MV1":0.6446062965906555,"MV3":0.27273822171350703,"CH1":0.2657848353686897}