{"MV1":0.7079616801727272,"MV3":0.09302886929359067,"CH1":0.5874150910127302}