{"MV1":0.9724763247973284,"MV3":0.5424575516477831,"CH1":0.7350651804502556}