{"MV1":0.24462157832448306,"MV3":0.6088149413286597,"CH1":0.20652043967043765}