{"MV1":0.28629775022306414,"MV3":0.7329889208599979,"CH1":0.14543394708720303}