{"MV1":0.19485409220565064,"MV3":0.2196434268884322,"CH1":0.07436659285850178}