{"MV1":0.7815139206182102,"MV3":0.5437236485213858,"CH1":0.36723033589120546}