{"MV1":0.6169075209042653,"MV3":0.21848703239984557,"CH1":0.23232954500047354}