{"MV1":0.2693681972610784,"MV3":0.9777939574226572,"CH1":0.584215300427178}