{"MV1":0.9756773530256905,"MV3":0.4305949481821403,"CH1":0.8853226149897178}