{"MV1":0.9285474162998726,"MV3":0.45260814915711745,"CH1":0.7411186891368816}