{"MV1":0.942427079811951,"MV3":0.9022145504371539,"CH1":0.25753027338528456}