{"MV1":0.7732685476476165,"MV3":0.808184392053577,"CH1":0.8123992669647636}