{"MV1":0.4106957731390677,"MV3":0.30412699198282034,"CH1":0.8948702698658587}