{"MV1":0.7962441092418688,"MV3":0.32381657479827575,"CH1":0.44348973980795015}