{"MV1":0.18635385800368842,"MV3":0.491832547449391,"CH1":0.5363881390782547}