{"MV1":0.10999234169552374,"MV3":0.5688093704695363,"CH1":0.8034753287223468}