{"MV1":0.8308665307299374,"MV3":0.0141092256903812,"CH1":0.5150031471022367}