{"MV1":0.3263696238843521,"MV3":0.5451093802148447,"CH1":0.1114716360189536}