{"MV1":0.1517943459914406,"MV3":0.9058935928457049,"CH1":0.9669302813353754}