{"MV1":0.9058412799912795,"MV3":0.4652797792382195,"CH1":0.8323699026326762}