{"MV1":0.7030411030914037,"MV3":0.588013180753901,"CH1":0.24208172090135505}