{"MV1":0.41258826972191565,"MV3":0.361132858138556,"CH1":0.8443651614176354}