{"MV1":0.9066381633534707,"MV3":0.7134140679488667,"CH1":0.555307807242637}