{"MV1":0.16783219313703224,"MV3":0.717332580580132,"CH1":0.05675399617394483}