{"MV1":0.07506051967765093,"MV3":0.24228315419939794,"CH1":0.4608601117827281}