{"MV1":0.7067150497617103,"MV3":0.06656575021900712,"CH1":0.6306250045303888}