{"MV1":0.2852384324457521,"MV3":0.7998512811311058,"CH1":0.7517291348071757}