{"MV1":0.17048399774871115,"MV3":0.05506730499327239,"CH1":0.7088113836840164}