{"MV1":0.16418935144647162,"MV3":0.31749217462539514,"CH1":0.5685429029464582}