{"MV1":0.9081523530278984,"MV3":0.21600271242968738,"CH1":0.551384500224394}