{"MV1":0.9247438621915006,"MV3":0.6364044004200914,"CH1":0.26294810659316703}