{"MV1":0.32569680458726635,"MV3":0.5977358528113557,"CH1":0.4774965655627954}