{"MV1":0.4004658111112521,"MV3":0.8226888372838964,"CH1":0.36622154400409734}