{"MV1":0.9745842015898298,"MV3":0.7686675196778736,"CH1":0.21991502756428682}