{"MV1":0.8280121281852773,"MV3":0.7375864158537181,"CH1":0.07188834161100566}