{"MV1":0.12207121813694333,"MV3":0.45181011541795935,"CH1":0.9775273971960649}