{"MV1":0.5299106929813292,"MV3":0.10323404614145126,"CH1":0.6706700589527438}