{"MV1":0.5294240602489759,"MV3":0.5819460429355945,"CH1":0.46032857424374896}