{"MV1":0.8648293910736541,"MV3":0.07873877970835652,"CH1":0.8966229224889425}