{"MV1":0.9059959008111201,"MV3":0.7327626833844965,"CH1":0.5924850484157933}