{"MV1":0.9086535363939358,"MV3":0.929054490088724,"CH1":0.1769966901247656}