{"MV1":0.7001860003722229,"MV3":0.16953592096348225,"CH1":0.483658740950755}