{"MV1":0.2549406493634925,"MV3":0.9989410182472157,"CH1":0.9437279085573373}