{"MV1":0.36954882480452633,"MV3":0.06201272409559111,"CH1":0.6260324845507224}