{"MV1":0.4160651138857788,"MV3":0.44351954523608517,"CH1":0.2417618651731821}