{"MV1":0.8152349407054338,"MV3":0.613245397352078,"CH1":0.18766356215806157}