{"MV1":0.049044233093762046,"MV3":0.08645885607068782,"CH1":0.19459042742806465}