{"MV1":0.006588021806305688,"MV3":0.6158536702041781,"CH1":0.027753472375318666}