{"MV1":0.2422056399211926,"MV3":0.3355910552607332,"CH1":0.8457455899686964}