{"MV1":0.08342557927482108,"MV3":0.6073174021514347,"CH1":0.5935724379313364}