{"MV1":0.43694759296029806,"MV3":0.46934274907344553,"CH1":0.17292548151941245}