{"MV1":0.3198979076003575,"MV3":0.8350494834982615,"CH1":0.12536045949009078}