{"MV1":0.014210436635667234,"MV3":0.8933767064306616,"CH1":0.8480769295238082}