{"MV1":0.8413277904726016,"MV3":0.8057464434276377,"CH1":0.388032728490708}