{"MV1":0.3377872614973756,"MV3":0.03154397008552212,"CH1":0.9242482790714023}