{"MV1":0.7531503793191964,"MV3":0.1804765358719993,"CH1":0.5423235132873518}