{"MV1":0.30106257976959205,"MV3":0.8263963193743953,"CH1":0.4804475298090045}