{"MV1":0.7875651402369797,"MV3":0.27966315821803645,"CH1":0.724166574611795}