{"MV1":0.04877229154255969,"MV3":0.5590359258479736,"CH1":0.5354395663611345}