{"MV1":0.46559979789412664,"MV3":0.7142679853101845,"CH1":0.45140530271486623}