{"MV1":0.22568007604970108,"MV3":0.5826364807782722,"CH1":0.880445033964699}