{"MV1":0.9687879927383583,"MV3":0.27313877065114767,"CH1":0.8516139957603771}