{"MV1":0.34204102164805117,"MV3":0.33436544436451987,"CH1":0.9706626397909558}