{"MV1":0.5435161216593013,"MV3":0.5750106384210213,"CH1":0.09599178856296409}