{"MV1":0.28226472998669005,"MV3":0.4126750637898672,"CH1":0.6465857701082065}