{"MV1":0.7966208702007574,"MV3":0.4052239963798362,"CH1":0.12300233945221783}