{"MV1":0.17097476393892852,"MV3":0.9656695660413256,"CH1":0.5353540787632249}