{"MV1":0.6634688878454624,"MV3":0.41946196236645883,"CH1":0.2740189875125222}