{"MV1":0.22493127816222358,"MV3":0.7227039619833864,"CH1":0.2825356761711022}