{"MV1":0.44864249810877754,"MV3":0.33661051948935683,"CH1":0.051347583918787465}