{"MV1":0.5018231084789422,"MV3":0.5437420105027092,"CH1":0.17569324397729202}