{"MV1":0.26499271571357297,"MV3":0.18890727944524655,"CH1":0.010190550275675947}