{"MV1":0.1730578772640894,"MV3":0.6440232933726218,"CH1":0.030888775414221525}