{"MV1":0.8055674788767315,"MV3":0.5060180935728791,"CH1":0.4479067215863366}