{"MV1":0.29205043768656025,"MV3":0.4327979300079563,"CH1":0.6774433919551882}