{"MV1":0.9744352386166931,"MV3":0.5322097265069078,"CH1":0.3322653895300943}