{"MV1":0.2733280165372973,"MV3":0.9850184791375913,"CH1":0.920810398774531}