{"MV1":0.49399204778425165,"MV3":0.3723586819897453,"CH1":0.6698565809813148}