{"MV1":0.6797721942895543,"MV3":0.6674287723408427,"CH1":0.6227071826486096}