{"MV1":0.05085054495944752,"MV3":0.7607577896371752,"CH1":0.4975940157772809}