{"MV1":0.17756721194034075,"MV3":0.6585272994819125,"CH1":0.39407431928336045}