{"MV1":0.026926391186167242,"MV3":0.38668356859537534,"CH1":0.08301268529690342}