{"MV1":0.5884623431536168,"MV3":0.45203353514704403,"CH1":0.7093212641532349}