{"MV1":0.326224173336487,"MV3":0.056202838003068356,"CH1":0.1331741636847129}