{"MV1":0.9171316492335582,"MV3":0.9074867390335748,"CH1":0.15795729876520026}