{"MV1":0.5132169120273665,"MV3":0.9117886589862211,"CH1":0.439169473301796}