{"MV1":0.5178907882479356,"MV3":0.5362606834787773,"CH1":0.9061849306787871}