{"MV1":0.13216726676683976,"MV3":0.5072648080268651,"CH1":0.4170492740421271}