{"MV1":0.4699377910628709,"MV3":0.5884251704465999,"CH1":0.19156677651341159}