{"MV1":0.6499485817834603,"MV3":0.2464905289135615,"CH1":0.7627820005949233}