{"MV1":0.34849495938939623,"MV3":0.00963869077256363,"CH1":0.0033141108496081984}