{"MV1":0.594799323232793,"MV3":0.17056420699087615,"CH1":0.5635481861821083}