{"MV1":0.6007859618095363,"MV3":0.19985783972614546,"CH1":0.15846192071345455}