{"MV1":0.8907376303767721,"MV3":0.8099130289827081,"CH1":0.6785817798102901}