{"MV1":0.4289173053041915,"MV3":0.2811155080416923,"CH1":0.08725531656045904}