{"MV1":0.7105003780635328,"MV3":0.3726894051756735,"CH1":0.06324440515270291}