{"MV1":0.7715691770172718,"MV3":0.4838002934610979,"CH1":0.4389164396953593}