{"MV1":0.1030251399891492,"MV3":0.4025799711039374,"CH1":0.7308372110643276}