{"MV1":0.6544182617278966,"MV3":0.5511278527637954,"CH1":0.8297348944098479}