{"MV1":0.7552125737309714,"MV3":0.6377441804996472,"CH1":0.4275792408959267}