{"MV1":0.018496871168929507,"MV3":0.39880857435790507,"CH1":0.27993722386124276}