{"MV1":0.9240773621271985,"MV3":0.17980878596845085,"CH1":0.33542410417238644}