{"MV1":0.7850668743390384,"MV3":0.16495600791903497,"CH1":0.2874153250975816}