{"MV1":0.0508096194359593,"MV3":0.9894156875747855,"CH1":0.34239952096101955}