{"MV1":0.20039737855799777,"MV3":0.14218141006055462,"CH1":0.8848819674485802}