{"MV1":0.09401012311345436,"MV3":0.7007735950518924,"CH1":0.08167026201411409}