{"MV1":0.7218458425590369,"MV3":0.009242236177341545,"CH1":0.9059100009142173}