{"MV1":0.9986618450733995,"MV3":0.01987368554041824,"CH1":0.6834748694481011}