{"MV1":0.234398734627432,"MV3":0.9016710627304624,"CH1":0.32073353453604514}