{"MV1":0.1702358220214184,"MV3":0.15845199790086295,"CH1":0.30208733717996206}