{"MV1":0.25764791722797165,"MV3":0.579778790035606,"CH1":0.8369852994778765}