{"MV1":0.7776250373410987,"MV3":0.10630821567034021,"CH1":0.8811390669256806}