{"MV1":0.47862834580218405,"MV3":0.3539902044438651,"CH1":0.5800803316294719}