{"MV1":0.7403221159000767,"MV3":0.6156465375224481,"CH1":0.4546278676183574}