{"MV1":0.5916560935552686,"MV3":0.5425427384714316,"CH1":0.6347871983379789}