{"MV1":0.49830683168494583,"MV3":0.292808564305156,"CH1":0.8467580744548333}