{"MV1":0.35439494544448036,"MV3":0.8123792193580712,"CH1":0.48582616340551066}