{"MV1":0.5675778389975374,"MV3":0.5649870284100876,"CH1":0.30377033443533785}