{"MV1":0.7982529789530808,"MV3":0.11384308114834818,"CH1":0.4915932989778842}