{"MV1":0.0528350685963489,"MV3":0.7543512155403972,"CH1":0.8123257515284931}