{"MV1":0.5802834354117218,"MV3":0.7099675929233591,"CH1":0.8039730027940767}