{"MV1":0.28533387508317765,"MV3":0.2810710262395454,"CH1":0.6638118756073369}