{"MV1":0.2748128134993568,"MV3":0.369410012125734,"CH1":0.5798355083615434}