{"MV1":0.07732682457962192,"MV3":0.9275283465806416,"CH1":0.35665335852640745}