{"MV1":0.5244025067055338,"MV3":0.48941958761052473,"CH1":0.9093745864320348}