{"MV1":0.7027349823297333,"MV3":0.40445469101654186,"CH1":0.21977650504595303}