{"MV1":0.9645336476713405,"MV3":0.18323344422976617,"CH1":0.1926948799082352}