{"MV1":0.7428942942786609,"MV3":0.875407641009277,"CH1":0.6117791676707125}