{"MV1":0.8411268408963809,"MV3":0.4510255844406992,"CH1":0.35224154108267014}