{"MV1":0.9978827405102406,"MV3":0.4016438175302781,"CH1":0.6147032617025722}