{"MV1":0.6047727858960208,"MV3":0.21621364925237907,"CH1":0.4873729424609794}