{"MV1":0.7482030253281802,"MV3":0.3740518581188049,"CH1":0.005267456185199526}