{"MV1":0.8693877933118659,"MV3":0.16484520328444707,"CH1":0.10266573934383127}