{"MV1":0.8178163214706042,"MV3":0.9671797719089724,"CH1":0.2950104147320076}