{"MV1":0.45908858520380047,"MV3":0.27621683299619004,"CH1":0.12443185192182948}