{"MV1":0.6625060090985486,"MV3":0.29849618446430426,"CH1":0.30611815174166623}