{"MV1":0.8042978891725273,"MV3":0.4958476531408159,"CH1":0.40678320383837363}