{"MV1":0.14182098711576285,"MV3":0.14364192966829603,"CH1":0.725473563525933}