{"MV1":0.8015370816036915,"MV3":0.7471366452742418,"CH1":0.8719221424871034}