{"MV1":0.14345726534446857,"MV3":0.07807821089026046,"CH1":0.8239871080259129}