{"MV1":0.05509705777380547,"MV3":0.7167705682086167,"CH1":0.48899848766064724}