{"MV1":0.7250600253380257,"MV3":0.0941742565179059,"CH1":0.34104897089510866}