{"MV1":0.06322899591129538,"MV3":0.5153523376349604,"CH1":0.19040914581416146}