{"MV1":0.10051417791038086,"MV3":0.30128555863794004,"CH1":0.6275099109466814}