{"MV1":0.5833768998116006,"MV3":0.29290530982727414,"CH1":0.42349571429978294}