{"MV1":0.6686839494164879,"MV3":0.14286801013073247,"CH1":0.31078342568977646}