{"MV1":0.3329042166549362,"MV3":0.33543626406335625,"CH1":0.8945405541869457}