{"MV1":0.9815888107946,"MV3":0.8658377926972616,"CH1":0.10814666565860032}