{"MV1":0.9489972963071993,"MV3":0.09374447798801222,"CH1":0.8152644977971473}