{"MV1":0.07503581942203608,"MV3":0.3664020439859045,"CH1":0.04530254433694492}