{"MV1":0.08031094574968378,"MV3":0.874808771933604,"CH1":0.3820241531907995}