{"MV1":0.6061126862357711,"MV3":0.24168650253808055,"CH1":0.5823694621430957}