{"MV1":0.2918174612472305,"MV3":0.6462726788754565,"CH1":0.02339518336561841}