{"MV1":0.4660055726971979,"MV3":0.7966298045579986,"CH1":0.1924839036884185}