{"MV1":0.3957463008350023,"MV3":0.2846072952656491,"CH1":0.5518176104488078}