{"MV1":0.058913869718552836,"MV3":0.36737885649808166,"CH1":0.11295136682090645}