{"MV1":0.5362341838023915,"MV3":0.9638357431391927,"CH1":0.3675246686452701}