{"MV1":0.8593730186172358,"MV3":0.05714951532354373,"CH1":0.08483258437321484}