{"MV1":0.562052517042097,"MV3":0.0146605034874554,"CH1":0.6264332712033133}