{"MV1":0.0031002409733549285,"MV3":0.4137565332596136,"CH1":0.6084277602675282}