{"MV1":0.08469844843706986,"MV3":0.5771401601380286,"CH1":0.04962729592090487}