{"MV1":0.9319357031461794,"MV3":0.32079525992883784,"CH1":0.44752999256613}