{"MV1":0.14688420203733377,"MV3":0.6719276885635569,"CH1":0.16571250294832995}