{"MV1":0.6215360911287143,"MV3":0.12909888438312556,"CH1":0.014165397181543637}