{"MV1":0.8135927931275498,"MV3":0.6634748927813471,"CH1":0.8226413286438046}