{"MV1":0.3821533096368168,"MV3":0.7068866006444358,"CH1":0.0064331105731247895}