{"MV1":0.5279436910889163,"MV3":0.2825101831281308,"CH1":0.31041768618996646}