{"MV1":0.7980692612969369,"MV3":0.6530483259681118,"CH1":0.41154349339981755}