{"MV1":0.7682695600738078,"MV3":0.9826044317205159,"CH1":0.9772009849588457}