{"MV1":0.7232362436522027,"MV3":0.6926724210076908,"CH1":0.1952281280435585}