{"MV1":0.40712795873034113,"MV3":0.4648370777274451,"CH1":0.5871253426799284}