{"MV1":0.75011978892698,"MV3":0.860423738310971,"CH1":0.6325060198939716}