{"MV1":0.8802409893373834,"MV3":0.9526073322633496,"CH1":0.38591433696543787}