{"MV1":0.6101296556518789,"MV3":0.9613774276829253,"CH1":0.09602200597570698}