{"MV1":0.159423413138445,"MV3":0.4088435105019168,"CH1":0.7262295490884653}