{"MV1":0.007436337014724015,"MV3":0.528830999473079,"CH1":0.8812857725398046}