{"MV1":0.8921316352364218,"MV3":0.8019053949090431,"CH1":0.4966445225114895}