{"MV1":0.02477337973263738,"MV3":0.30133551742857934,"CH1":0.03302344351913644}