{"MV1":0.21705466241481342,"MV3":0.004059528535610757,"CH1":0.728263869341075}