{"MV1":0.7915070640537706,"MV3":0.24401335077168573,"CH1":0.8956461141893151}