{"MV1":0.40947459445742407,"MV3":0.4871237846594553,"CH1":0.8137483386897315}