{"MV1":0.4342285929667704,"MV3":0.1473567563674697,"CH1":0.10734282310416232}