{"MV1":0.970066737024153,"MV3":0.845049637051287,"CH1":0.8080325088986139}