{"MV1":0.46590045245464684,"MV3":0.32787923105263805,"CH1":0.01695745488404199}