{"MV1":0.5925414990041691,"MV3":0.44550967317152557,"CH1":0.38104687571927776}