{"MV1":0.4935012997967424,"MV3":0.9310011291256947,"CH1":0.6043539767818975}