{"MV1":0.6287487286320775,"MV3":0.5873291385434584,"CH1":0.5383206260482484}