{"MV1":0.7703548509745665,"MV3":0.12242740219229697,"CH1":0.3161379732262253}