{"MV1":0.5961429869443856,"MV3":0.5768739899238431,"CH1":0.8777260810391935}