{"MV1":0.15948804017654072,"MV3":0.9258289500146647,"CH1":0.2952190752450643}