{"MV1":0.00688786715577161,"MV3":0.10228450837600878,"CH1":0.25171207540279783}