{"MV1":0.17044765322783229,"MV3":0.8293186947694446,"CH1":0.45400323723454084}