{"MV1":0.5473566221696897,"MV3":0.8327039915056299,"CH1":0.8461164690138514}