{"MV1":0.5946229192688047,"MV3":0.7085661485684357,"CH1":0.22018530802955105}