{"MV1":0.6372711562726546,"MV3":0.7027612804603032,"CH1":0.7713283959540557}