{"MV1":0.38886352487322196,"MV3":0.901750025697536,"CH1":0.7903264377158505}