{"MV1":0.2791948034180609,"MV3":0.48271538417116566,"CH1":0.5172952910960088}