{"MV1":0.7459624878928549,"MV3":0.6807913723755437,"CH1":0.13718695748760268}