{"MV1":0.4636078044650137,"MV3":0.779758173038051,"CH1":0.6524060756457852}