{"MV1":0.5000693618539571,"MV3":0.3766669188818549,"CH1":0.15227919992949668}