{"MV1":0.6532738187452063,"MV3":0.4925212090679586,"CH1":0.011444993657486191}