{"MV1":0.7403201153833873,"MV3":0.35228310175113575,"CH1":0.25593009431144476}