{"MV1":0.24200709110979746,"MV3":0.09012108734238744,"CH1":0.35791614530445104}