{"MV1":0.0057647123970514524,"MV3":0.6866348475323507,"CH1":0.45261560753185504}