{"MV1":0.48943003724457057,"MV3":0.5783370374652678,"CH1":0.9260067647057828}