{"MV1":0.29365302818773686,"MV3":0.40262207772433833,"CH1":0.45002193125108825}