{"MV1":0.07304324134532092,"MV3":0.78061429773288,"CH1":0.14861827269675532}