{"MV1":0.8414825001584937,"MV3":0.24491678188895882,"CH1":0.2719711545695974}