{"MV1":0.393172789350529,"MV3":0.49940029533106445,"CH1":0.09031215372202661}