{"MV1":0.2203340667466256,"MV3":0.2607152802486298,"CH1":0.7473901294998372}