{"MV1":0.600942095701884,"MV3":0.22755028784494258,"CH1":0.24144680960752785}