{"MV1":0.4802906241735224,"MV3":0.36906998370431787,"CH1":0.5062801885758279}