{"MV1":0.8140565246253606,"MV3":0.4549643693437121,"CH1":0.41072076695767157}