{"MV1":0.8380668329005038,"MV3":0.5237667407209375,"CH1":0.06016629863239398}