{"MV1":0.20853583937186093,"MV3":0.7838825886939562,"CH1":0.6548714473747481}