{"MV1":0.16819088102907642,"MV3":0.47443460560796624,"CH1":0.04641654862684541}