{"MV1":0.5526939893886565,"MV3":0.9673202387964301,"CH1":0.9472324688730613}