{"MV1":0.1645746525809254,"MV3":0.5573864752932646,"CH1":0.7005916035157155}