{"MV1":0.2013880236361646,"MV3":0.7294283891154434,"CH1":0.7976755500368566}