{"MV1":0.8392397932560167,"MV3":0.5561949416374959,"CH1":0.9713088344532166}