{"MV1":0.8831855243682584,"MV3":0.05057187353901227,"CH1":0.7774249664245061}