{"MV1":0.80766629270038,"MV3":0.8921191646264888,"CH1":0.6764054267227517}