{"MV1":0.29764216136673605,"MV3":0.7299704032453286,"CH1":0.058814110160774424}