{"MV1":0.6877169731254695,"MV3":0.4789269303652386,"CH1":0.3740183157195185}