{"MV1":0.4431126966519747,"MV3":0.07229445754522734,"CH1":0.2477733578928618}