{"MV1":0.5054924339650542,"MV3":0.15835461453262623,"CH1":0.8612508523201144}