{"MV1":0.1414566623048219,"MV3":0.40539335114483754,"CH1":0.6529729547167784}