{"MV1":0.34035831159332686,"MV3":0.3722306935649461,"CH1":0.36227341580995187}