{"MV1":0.0206904276913068,"MV3":0.9343171563548648,"CH1":0.6735439566389924}