{"MV1":0.20306961433394521,"MV3":0.12531829113501192,"CH1":0.21541699665960412}