{"MV1":0.5607707283657561,"MV3":0.6647794938497853,"CH1":0.8391279708863123}