{"MV1":0.8616915870766231,"MV3":0.2994082703022055,"CH1":0.8030669119755226}