{"MV1":0.8754371575039981,"MV3":0.5768463587632143,"CH1":0.11024300378371876}