{"MV1":0.7227853972882866,"MV3":0.23935234123969484,"CH1":0.24205840087893826}