{"MV1":0.47041951856535313,"MV3":0.05473423899240071,"CH1":0.16873185973292992}