{"MV1":0.21821782639403342,"MV3":0.6424568625515399,"CH1":0.7575077191787729}