{"MV1":0.9058334975658339,"MV3":0.23766382359416416,"CH1":0.30898264407354414}