{"MV1":0.3857338914648928,"MV3":0.43525894237015994,"CH1":0.4072505130578028}