{"MV1":0.7912461337906181,"MV3":0.3692832009582466,"CH1":0.2802018215306027}