{"MV1":0.7130339110624084,"MV3":0.5622147674825241,"CH1":0.9497710372303776}