{"MV1":0.8457284176885191,"MV3":0.14611119105551185,"CH1":0.06913023020995357}