{"MV1":0.24675642651490526,"MV3":0.656078745827401,"CH1":0.6171242903827787}