{"MV1":0.12904490960232085,"MV3":0.3402666155703409,"CH1":0.3895298839342951}