{"MV1":0.8042589530942656,"MV3":0.023102517110968446,"CH1":0.8622022261403939}