{"MV1":0.1679582895648567,"MV3":0.23351169695574658,"CH1":0.7180063574282668}