{"MV1":0.39268323839233055,"MV3":0.3255967233872198,"CH1":0.29177300537940165}