{"MV1":0.735772738237202,"MV3":0.7939379262767852,"CH1":0.7200429568491867}