{"MV1":0.5943530689088257,"MV3":0.1473988624149556,"CH1":0.24473480022564298}