{"MV1":0.4289614822387413,"MV3":0.975148050722114,"CH1":0.8821683151071682}