{"MV1":0.46948877587303417,"MV3":0.153334461463556,"CH1":0.013659307531541431}