{"MV1":0.473835699288755,"MV3":0.6857445454846336,"CH1":0.20917217967539647}