{"MV1":0.818172398890288,"MV3":0.8455569349805265,"CH1":0.24105851020167124}