{"MV1":0.5420301720543694,"MV3":0.5896454494872782,"CH1":0.5200996562724091}