{"MV1":0.9653440186040909,"MV3":0.6009498693090757,"CH1":0.10317360040979229}