{"MV1":0.6846827751725386,"MV3":0.1860001541025923,"CH1":0.6214843752325024}