{"MV1":0.5373445412476963,"MV3":0.5529201647152293,"CH1":0.4013638808448359}