{"MV1":0.8253303480849167,"MV3":0.5422572502622827,"CH1":0.5076063904321686}