{"MV1":0.8247481358820283,"MV3":0.0774828786715851,"CH1":0.04043757587081431}