{"MV1":0.15128935834440027,"MV3":0.6403424928973553,"CH1":0.5015037990958559}