{"MV1":0.4605109574119063,"MV3":0.9860195883872921,"CH1":0.512054628159759}