{"MV1":0.22429300612324754,"MV3":0.9649770244931812,"CH1":0.5712288933595286}