{"MV1":0.04501587073039748,"MV3":0.7568161703739256,"CH1":0.9825361556391057}