{"MV1":0.6590155546810558,"MV3":0.6965242728329061,"CH1":0.8187947315234884}