{"MV1":0.03420348141200835,"MV3":0.1144589054821108,"CH1":0.2120825429048966}