{"MV1":0.5972322291698924,"MV3":0.1639616664967558,"CH1":0.5313148571100286}