{"MV1":0.4904559990693559,"MV3":0.5049792908606424,"CH1":0.5612984222466585}