{"MV1":0.02266862196953323,"MV3":0.018160843756841794,"CH1":0.08706784789227573}