{"MV1":0.1609478172307378,"MV3":0.3684814947490902,"CH1":0.6300172202951069}