{"MV1":0.26224752602456913,"MV3":0.8642564381001506,"CH1":0.21066834532806422}