{"MV1":0.7693391557343439,"MV3":0.562837133884358,"CH1":0.764636786196636}