{"MV1":0.7239532885026851,"MV3":0.2377716884831289,"CH1":0.44684620361000493}