{"MV1":0.7483076985491559,"MV3":0.4934757985448128,"CH1":0.6272237172952666}