{"MV1":0.354276657288886,"MV3":0.7846741148894947,"CH1":0.02801121516239735}