{"MV1":0.16599059934456584,"MV3":0.2084766471831978,"CH1":0.8190567827868893}