{"MV1":0.0207314837636825,"MV3":0.536802014488767,"CH1":0.7942865902930552}