{"MV1":0.556409196094308,"MV3":0.4007095156311251,"CH1":0.6411495679022684}