{"MV1":0.26780404558093274,"MV3":0.1909428813777111,"CH1":0.5742608628962599}