{"MV1":0.14239599285182425,"MV3":0.6580675253758606,"CH1":0.7379888086963319}