{"MV1":0.40161354178090114,"MV3":0.38050872152235027,"CH1":0.3210386111774717}