{"MV1":0.6406685347857721,"MV3":0.2030578747306201,"CH1":0.9515120379779135}