{"MV1":0.1953941712790782,"MV3":0.40454797044578583,"CH1":0.5970166672847115}