{"MV1":0.8859923346378856,"MV3":0.3556639624525709,"CH1":0.20028585811520327}