{"MV1":0.24076104325392467,"MV3":0.40466862677189586,"CH1":0.9665585405799197}