{"MV1":0.1161861981319553,"MV3":0.9309809452998762,"CH1":0.8143272490078521}