{"MV1":0.6006207198205847,"MV3":0.7248587429557242,"CH1":0.29488007084197065}