{"MV1":0.7152315018408255,"MV3":0.2998199852839317,"CH1":0.28452370282822426}