{"MV1":0.06282904060689742,"MV3":0.6346219686270371,"CH1":0.52137292521398}