{"MV1":0.455956622342806,"MV3":0.440492512558892,"CH1":0.9262366343695622}