{"MV1":0.3378275329702686,"MV3":0.6384063202685007,"CH1":0.8221913260772558}