{"MV1":0.39018935627930174,"MV3":0.0012230430421733551,"CH1":0.3456178172374659}