{"MV1":0.29179904699620207,"MV3":0.9388377104480433,"CH1":0.9119211736164407}