{"MV1":0.5065964954906584,"MV3":0.7594738412212358,"CH1":0.3706044417524551}