{"MV1":0.5975227528487916,"MV3":0.00042331740095302717,"CH1":0.30077236320041156}