{"MV1":0.47742906416844,"MV3":0.9980302141114784,"CH1":0.6795504671709423}