{"MV1":0.36943365952805685,"MV3":0.8775713440919181,"CH1":0.03295485278775845}