{"MV1":0.8685321063546299,"MV3":0.807229740698351,"CH1":0.9715816313584666}