{"MV1":0.6581805294308902,"MV3":0.8705180005339993,"CH1":0.9525180413811727}