{"MV1":0.6528190171060998,"MV3":0.24657941664527105,"CH1":0.8212138418626465}