{"MV1":0.12822647148294208,"MV3":0.6606240925517639,"CH1":0.36988167182199194}