{"MV1":0.523343610171142,"MV3":0.18731353567145037,"CH1":0.20417772500302}