{"MV1":0.813905085318626,"MV3":0.9179053715641782,"CH1":0.3959488624370775}