{"MV1":0.8536303112394471,"MV3":0.7526081745641596,"CH1":0.16477794669502788}