{"MV1":0.5906421337636983,"MV3":0.7785637438190373,"CH1":0.4408175778762514}