{"MV1":0.4872674018437507,"MV3":0.37740422654963823,"CH1":0.6627386380321028}