{"MV1":0.225969045764582,"MV3":0.529175625499058,"CH1":0.5793080300368434}