{"MV1":0.2585319014296812,"MV3":0.6814870416712727,"CH1":0.2600713611034018}