{"MV1":0.45182575468248465,"MV3":0.2557796550790512,"CH1":0.5018005520472677}