{"MV1":0.8040274038697985,"MV3":0.7055426034529434,"CH1":0.13788652082740338}