{"MV1":0.8498480747060113,"MV3":0.23784962949757693,"CH1":0.08778246688439872}