{"MV1":0.6144147323071354,"MV3":0.2417732874766917,"CH1":0.6993057015401206}