{"MV1":0.8216327857985155,"MV3":0.7572680934928325,"CH1":0.6210657649074606}