{"MV1":0.9010221402491989,"MV3":0.7035917769452604,"CH1":0.315268993481004}