{"MV1":0.4974960935243705,"MV3":0.011755681077724844,"CH1":0.05893025122105755}