{"MV1":0.03383345111991476,"MV3":0.39908107203554166,"CH1":0.5835864318975016}