{"MV1":0.12733859931767244,"MV3":0.7140114174702024,"CH1":0.529449589782296}