{"MV1":0.4289259204540521,"MV3":0.6607598893709465,"CH1":0.5810483105130959}