{"MV1":0.5265260274247513,"MV3":0.5273238226974029,"CH1":0.34231385972794515}