{"MV1":0.32208380702317896,"MV3":0.2588833759102913,"CH1":0.28189163628593383}