{"MV1":0.15534553866874656,"MV3":0.5295426711655299,"CH1":0.1655391445482638}