{"MV1":0.4257954882849685,"MV3":0.5526299303565848,"CH1":0.8460382288197968}