{"MV1":0.13112110907378405,"MV3":0.44504611294008867,"CH1":0.5080633989721206}