{"MV1":0.41928079774243965,"MV3":0.10022199942949184,"CH1":0.8063544520572019}