{"MV1":0.3703703963318097,"MV3":0.05342936008299881,"CH1":0.777958787991538}