{"MV1":0.2548596850518948,"MV3":0.2816040865448495,"CH1":0.7974262486893618}