{"MV1":0.08160513701413974,"MV3":0.8611226668161708,"CH1":0.8936195936953837}