{"MV1":0.9443406390920668,"MV3":0.4096579656877378,"CH1":0.6211834726723356}