{"MV1":0.7006856359790009,"MV3":0.8600235012527567,"CH1":0.16124516443611248}