{"MV1":0.4792839603454154,"MV3":0.9326246345697288,"CH1":0.36546166914904155}