{"MV1":0.8546997632330611,"MV3":0.5495733582296609,"CH1":0.8085066788429777}