{"MV1":0.4243913753000481,"MV3":0.7915063156746016,"CH1":0.2825428663709547}