{"MV1":0.8216698730703382,"MV3":0.8857057508006996,"CH1":0.8540270204127188}