{"MV1":0.5746205404863949,"MV3":0.5133366053112631,"CH1":0.5145367249615075}