{"MV1":0.0927360563927021,"MV3":0.8957652322142134,"CH1":0.7574877302000372}