{"MV1":0.983247304708761,"MV3":0.6941805591665237,"CH1":0.9173066282924336}