{"MV1":0.5706237773011505,"MV3":0.6570840328826756,"CH1":0.04643892710226327}