{"MV1":0.6408232370999188,"MV3":0.7638165639763588,"CH1":0.22832319432333126}