{"MV1":0.1292926310569006,"MV3":0.6855557450232326,"CH1":0.2453980304965251}