{"MV1":0.28027436002139794,"MV3":0.8927580748702508,"CH1":0.35710828901979585}