{"MV1":0.19127643659173543,"MV3":0.5523317003777234,"CH1":0.44991970273521975}