{"MV1":0.33387715027343445,"MV3":0.6240358258481369,"CH1":0.21102433784344854}