{"MV1":0.7613461101820548,"MV3":0.3154820833726085,"CH1":0.44489767398338087}