{"MV1":0.6466410394532295,"MV3":0.12074225667372229,"CH1":0.8335199045144074}