{"MV1":0.6968513793884723,"MV3":0.04207849045034051,"CH1":0.5132750318985411}