{"MV1":0.11960137400966131,"MV3":0.7158789499994452,"CH1":0.6171344579250785}