{"MV1":0.10836685522188982,"MV3":0.004165103477548837,"CH1":0.2235206196011732}