{"MV1":0.40932045946777595,"MV3":0.14201503334513021,"CH1":0.42206805959520666}