{"MV1":0.29207079989446183,"MV3":0.5726745562408744,"CH1":0.6159517567475356}