{"MV1":0.847152435039707,"MV3":0.5803139490333311,"CH1":0.7665922323517759}