{"MV1":0.16976970564642635,"MV3":0.9981693783405129,"CH1":0.6089131235950689}