{"MV1":0.9998109688990185,"MV3":0.19656254118579863,"CH1":0.8238031403161227}