{"MV1":0.4712677311076596,"MV3":0.7159721189678324,"CH1":0.9317575441710537}