{"MV1":0.5644892963082235,"MV3":0.9449448729936023,"CH1":0.32695626243687215}