{"MV1":0.5313325107563162,"MV3":0.8397413085341148,"CH1":0.27197046079495657}