{"MV1":0.8789099882455162,"MV3":0.8062666818767004,"CH1":0.6853779450767636}