{"MV1":0.658450563634547,"MV3":0.3470455667445739,"CH1":0.3263472558682561}