{"MV1":0.7949329921916454,"MV3":0.17580596238883872,"CH1":0.4608243487510103}