{"MV1":0.05983409870002154,"MV3":0.2593466339218461,"CH1":0.5220066947774366}