{"MV1":0.9413676878828329,"MV3":0.5598464616462436,"CH1":0.6935683567563804}