{"MV1":0.8755401136614395,"MV3":0.30551995240502705,"CH1":0.2153060116214207}