{"MV1":0.8459286313229851,"MV3":0.8086070646034084,"CH1":0.33293828593669184}