{"MV1":0.19118852481429582,"MV3":0.4736312610445512,"CH1":0.15950658157748832}