{"MV1":0.003225612288350721,"MV3":0.7239870404381334,"CH1":0.8730144826588314}