{"MV1":0.8737798599729313,"MV3":0.5435582520734659,"CH1":0.5707014861789972}