{"MV1":0.8537441994437741,"MV3":0.30119640532598146,"CH1":0.8863054063855904}