{"MV1":0.25893773482758997,"MV3":0.7697838222287959,"CH1":0.9083264745788062}