{"MV1":0.1772152061374267,"MV3":0.8844349158300393,"CH1":0.6222516815696432}