{"MV1":0.6227730530297539,"MV3":0.3665265849584187,"CH1":0.5226815924868177}