{"MV1":0.9746611196634694,"MV3":0.8290594120892036,"CH1":0.45925817666319024}