{"MV1":0.2980798070323789,"MV3":0.3498932713403273,"CH1":0.3520830415388675}