{"MV1":0.3480420043882394,"MV3":0.3083055587329968,"CH1":0.8842679389724944}