{"MV1":0.3857143502247835,"MV3":0.16411026383088279,"CH1":0.9812078808476669}