{"MV1":0.01694507638973175,"MV3":0.3987151179992191,"CH1":0.3756909201899944}