{"MV1":0.07396578788121755,"MV3":0.7588593193503237,"CH1":0.4219779004445571}