{"MV1":0.8566914261310893,"MV3":0.8650708310218146,"CH1":0.3929867780928147}