{"MV1":0.8961840270288541,"MV3":0.06514860512786802,"CH1":0.0028322692138953443}