{"MV1":0.15728733609898782,"MV3":0.3700369398690946,"CH1":0.6589295642495878}