{"MV1":0.4464000597575317,"MV3":0.7845212809374661,"CH1":0.9217566791462178}