{"MV1":0.2957455592607967,"MV3":0.06497431926378772,"CH1":0.0432609253512356}