{"MV1":0.5684898583358073,"MV3":0.7970847885299668,"CH1":0.08906228118690374}