{"MV1":0.638310506122119,"MV3":0.9908718463629891,"CH1":0.014544165411935372}