{"MV1":0.10490325087039454,"MV3":0.654161137787435,"CH1":0.3003817577827308}