{"MV1":0.5179178413668438,"MV3":0.055740074650030835,"CH1":0.3009937196700486}