{"MV1":0.06904236447662848,"MV3":0.501281806302215,"CH1":0.5685056182991333}