{"MV1":0.13927425687354167,"MV3":0.511269184914502,"CH1":0.2734314192083982}