{"MV1":0.08727660548583083,"MV3":0.6805125504685058,"CH1":0.4202109047268797}