{"MV1":0.8086965740554798,"MV3":0.22270284441629862,"CH1":0.6435700201828791}