{"MV1":0.501529091716368,"MV3":0.06492666251065005,"CH1":0.09927334912455898}