{"MV1":0.2514902127474661,"MV3":0.0060372899212552955,"CH1":0.9736604471945518}