{"MV1":0.4977363375012809,"MV3":0.09731042181855087,"CH1":0.3859056582366609}