{"MV1":0.21738286185722788,"MV3":0.2708368783343865,"CH1":0.3217689354017289}