{"MV1":0.44877490620781935,"MV3":0.8831993770102646,"CH1":0.2928684985261456}