{"MV1":0.9122818403055984,"MV3":0.7224575174279224,"CH1":0.24686321924171084}