{"MV1":0.5164225546871776,"MV3":0.6665853396399009,"CH1":0.22294833905093236}