{"MV1":0.15796404170695955,"MV3":0.3648391984056123,"CH1":0.43210500894333115}