{"MV1":0.6562993970812552,"MV3":0.04069026640911899,"CH1":0.3286191740979336}