{"MV1":0.8719136365832026,"MV3":0.03673774485504144,"CH1":0.432307283887715}