{"MV1":0.6510968255058658,"MV3":0.01618350720454309,"CH1":0.6859250608562146}