{"MV1":0.8654228172569685,"MV3":0.6166261026880943,"CH1":0.48121590287835814}