{"MV1":0.2589735075051478,"MV3":0.27040947140778904,"CH1":0.12104032778933804}