{"MV1":0.6081801009983581,"MV3":0.8826552625005297,"CH1":0.35975787331013964}