{"MV1":0.048717741452942054,"MV3":0.35279393225273703,"CH1":0.338221503297101}