{"MV1":0.07069059427727187,"MV3":0.14701034330948526,"CH1":0.6987726523964651}