{"MV1":0.041815941055173056,"MV3":0.35299704402459364,"CH1":0.9058999368830956}