{"MV1":0.6878563965393818,"MV3":0.1486060144069874,"CH1":0.7361004114223855}