{"MV1":0.10411410277322963,"MV3":0.6095965795621886,"CH1":0.4250579359019039}