{"MV1":0.47372245602487484,"MV3":0.12005337549468198,"CH1":0.14173897523881818}