{"MV1":0.7670420553228979,"MV3":0.2852786617524442,"CH1":0.12440214824828721}