{"MV1":0.5954078107578081,"MV3":0.7210259009172929,"CH1":0.4851708179279457}