{"MV1":0.2065248888889688,"MV3":0.6104428754687355,"CH1":0.5491136473630469}