{"MV1":0.0436985162336988,"MV3":0.24876761957445892,"CH1":0.9985484761033121}