{"MV1":0.03367884852112035,"MV3":0.4307058859774999,"CH1":0.4723343430537842}