{"MV1":0.4550453662441296,"MV3":0.24044813473878202,"CH1":0.004677363192927442}