{"MV1":0.49183840943539625,"MV3":0.16793765100659352,"CH1":0.40439879393800693}