{"MV1":0.46619205600328506,"MV3":0.3796152009014431,"CH1":0.16491832459414657}