{"MV1":0.5572696851479607,"MV3":0.794565251745173,"CH1":0.08727708457012517}