{"MV1":0.41847790555678377,"MV3":0.5127848037387861,"CH1":0.8490382109799435}