{"MV1":0.43274967298509703,"MV3":0.9043768346441352,"CH1":0.9114305422196759}