{"MV1":0.7543768505613069,"MV3":0.45995688897434517,"CH1":0.5351496610292424}