{"MV1":0.9154187739521792,"MV3":0.7381599429139911,"CH1":0.607369377058591}