{"MV1":0.8182382970286163,"MV3":0.6504777133415358,"CH1":0.17482826770785664}