{"MV1":0.7434686138120397,"MV3":0.3949234990569014,"CH1":0.5289548048477206}