{"MV1":0.41362697696753725,"MV3":0.0723780466802676,"CH1":0.5733517439700968}