{"MV1":0.15815297453821187,"MV3":0.11694533571765342,"CH1":0.6110122714931184}