{"MV1":0.2999029943413283,"MV3":0.40814902132290365,"CH1":0.6974645040502129}