{"MV1":0.02768145660796517,"MV3":0.14140081756914358,"CH1":0.3118422637892926}