{"MV1":0.9823774982190461,"MV3":0.16091562823391026,"CH1":0.2569509868662845}