{"MV1":0.8267994408892391,"MV3":0.18294591179079733,"CH1":0.22238419711058033}