{"MV1":0.7946944661649701,"MV3":0.7900760715943718,"CH1":0.10584639253714512}