{"MV1":0.7230686637784358,"MV3":0.6212547594200499,"CH1":0.7873417961659365}