{"MV1":0.19656985807765393,"MV3":0.2912199260570396,"CH1":0.5741071480733226}