{"MV1":0.6614969839704576,"MV3":0.8654663619305016,"CH1":0.02560773479128675}