{"MV1":0.6535606266932338,"MV3":0.48787204904337833,"CH1":0.5930887601946236}