{"MV1":0.8994277636492211,"MV3":0.6531865258163159,"CH1":0.6477645145106452}