{"MV1":0.6327606790178828,"MV3":0.3076245563418779,"CH1":0.4359259742658056}