{"MV1":0.927506367850379,"MV3":0.551137758641032,"CH1":0.29743309344110547}