{"MV1":0.09664909545062195,"MV3":0.1794035523523657,"CH1":0.4080013944063975}