{"MV1":0.8558594653445402,"MV3":0.3774781871662951,"CH1":0.25671456937620063}