{"MV1":0.9076840199263819,"MV3":0.8018970682152751,"CH1":0.2863230024165988}