{"MV1":0.15164607629086735,"MV3":0.9951512314636178,"CH1":0.9466531985311841}