{"MV1":0.3798462746554655,"MV3":0.4712708378016579,"CH1":0.8575355097676064}