{"MV1":0.020928621980420115,"MV3":0.1496446554792119,"CH1":0.5646483618710961}