{"MV1":0.26891844848173563,"MV3":0.6595501840723066,"CH1":0.7267109159724424}