{"MV1":0.474736848616786,"MV3":0.45875933767505017,"CH1":0.9380874744477803}