{"MV1":0.9843519764572198,"MV3":0.6691208241638396,"CH1":0.7990757504521521}