{"MV1":0.3127301218492372,"MV3":0.5402314828054577,"CH1":0.03463159584132469}