{"MV1":0.6494580603898974,"MV3":0.5792169964262275,"CH1":0.9200286344866903}