{"MV1":0.5802140683949812,"MV3":0.6660762807596872,"CH1":0.06892512199937129}