{"MV1":0.5344894050364396,"MV3":0.5868871257320956,"CH1":0.595290806120079}