{"MV1":0.17675792047902883,"MV3":0.7869537275081205,"CH1":0.6152090731330073}