{"MV1":0.15179176699359231,"MV3":0.45919988459718064,"CH1":0.752166843173145}