{"MV1":0.8491783535992775,"MV3":0.19727672966779297,"CH1":0.8867802537237103}