{"MV1":0.46440977119920035,"MV3":0.7338581079150469,"CH1":0.9754514481835269}