{"MV1":0.32689841201423675,"MV3":0.49701036213936023,"CH1":0.34821388244068074}