{"MV1":0.3911433228822385,"MV3":0.12984199855956413,"CH1":0.38458823165822376}