{"MV1":0.4773047199393562,"MV3":0.6236745565917106,"CH1":0.8118288232996379}