{"MV1":0.8361555400122305,"MV3":0.08682494995534162,"CH1":0.26549733388913876}