{"MV1":0.5752853098167311,"MV3":0.9680404263315949,"CH1":0.8291213066094203}