{"MV1":0.15761916394468456,"MV3":0.017657402323485893,"CH1":0.07053425751893394}