{"MV1":0.8365731084732851,"MV3":0.3829547156229991,"CH1":0.669905309063929}