{"MV1":0.8753909252140697,"MV3":0.3020575114775701,"CH1":0.3226315520493638}