{"MV1":0.15554365564259276,"MV3":0.19151380280726937,"CH1":0.3540828200775218}