{"MV1":0.7073103629550338,"MV3":0.31028308408210414,"CH1":0.9300781385262366}