{"MV1":0.31100782782182956,"MV3":0.41263822825467633,"CH1":0.7274752577569564}