{"MV1":0.41468292386058236,"MV3":0.16933662669102667,"CH1":0.4178743459786416}