{"MV1":0.9570767308518363,"MV3":0.14101140055831796,"CH1":0.40277073988370116}