{"MV1":0.13438172297259188,"MV3":0.4533803892054644,"CH1":0.3818496277622708}