{"MV1":0.12361533151873905,"MV3":0.6461301157199582,"CH1":0.7314633319827654}