{"MV1":0.880030654357791,"MV3":0.0847349188289348,"CH1":0.6954984046229616}