{"MV1":0.6261398593380038,"MV3":0.2776875644177579,"CH1":0.13106782617687718}