{"MV1":0.874342348865544,"MV3":0.1708372390032552,"CH1":0.3170673540194875}