{"MV1":0.008726920644994918,"MV3":0.455062465653861,"CH1":0.04577370461565211}