{"MV1":0.8348502532225759,"MV3":0.7123292959994243,"CH1":0.46882000162289805}