{"MV1":0.0358852466592422,"MV3":0.3214750170761115,"CH1":0.14956638652980747}