{"MV1":0.8589676991687738,"MV3":0.4451561717069158,"CH1":0.5473071765653075}