{"MV1":0.01330604560891857,"MV3":0.10150293258111809,"CH1":0.7389220507630443}