{"MV1":0.5006797956013742,"MV3":0.5057957579085666,"CH1":0.2650061108280555}