{"MV1":0.8243121006951537,"MV3":0.6165777184369632,"CH1":0.47065944004347826}