{"MV1":0.9953278587164736,"MV3":0.3768975820815281,"CH1":0.2704859530431267}