{"MV1":0.5551451072924766,"MV3":0.8095504438192151,"CH1":0.6595770322238435}