{"MV1":0.9609064453199118,"MV3":0.651024769208778,"CH1":0.20861864911537586}