{"MV1":0.7416633525270945,"MV3":0.3656158011235917,"CH1":0.05582351914345052}