{"MV1":0.934552309982821,"MV3":0.5644272924086648,"CH1":0.32464917787318925}