{"MV1":0.07426217465448703,"MV3":0.43036791759673787,"CH1":0.5918384683196857}