{"MV1":0.36025029086599336,"MV3":0.34573657335239216,"CH1":0.963198806573479}