{"MV1":0.4811138232724681,"MV3":0.42057721260463576,"CH1":0.2926221648171289}