{"MV1":0.646020789110648,"MV3":0.6333291405366558,"CH1":0.05913571040959342}