{"MV1":0.2173162647526009,"MV3":0.4858037832073129,"CH1":0.28806316844372004}