{"MV1":0.675090817770798,"MV3":0.5862897765498568,"CH1":0.9227293677795564}