{"MV1":0.19049264207894645,"MV3":0.0936476902527611,"CH1":0.21290366420817275}