{"MV1":0.7508372688788588,"MV3":0.3744443837574497,"CH1":0.4853487558235946}