{"MV1":0.3216234308291186,"MV3":0.7083367286684178,"CH1":0.10202938601867484}