{"MV1":0.07013577289532225,"MV3":0.9041043119214579,"CH1":0.5482979162088056}