{"MV1":0.578803718035787,"MV3":0.6375817407199501,"CH1":0.02811934466670596}