{"MV1":0.5212231490752027,"MV3":0.7014408739741933,"CH1":0.6249351373556034}