{"MV1":0.964271429244775,"MV3":0.051153859082563424,"CH1":0.5951114167394216}