{"MV1":0.6592231702231021,"MV3":0.13270337274861677,"CH1":0.8798867703578924}