{"MV1":0.07311692488177168,"MV3":0.7586284424372277,"CH1":0.8291576626271886}