{"MV1":0.8401554221818559,"MV3":0.18793597574185006,"CH1":0.11904985681246094}