{"MV1":0.16112171050232282,"MV3":0.393277544861409,"CH1":0.11177463943777155}