{"MV1":0.0692797796055038,"MV3":0.3779349131807428,"CH1":0.8636435263282606}