{"MV1":0.1478531143218963,"MV3":0.3044162365338846,"CH1":0.04369920045913933}