{"MV1":0.7734462666571261,"MV3":0.00811483955634229,"CH1":0.6439202891835806}