{"MV1":0.8958286207597366,"MV3":0.4623011591467743,"CH1":0.888727411886304}