{"MV1":0.7273053922131928,"MV3":0.40256906292626704,"CH1":0.12155398717248289}