{"MV1":0.6089907737880967,"MV3":0.8145779200227189,"CH1":0.15283249899463935}