{"MV1":0.04027678334442508,"MV3":0.23242829070611282,"CH1":0.6004794482049439}