{"MV1":0.21274427546492658,"MV3":0.673266094856227,"CH1":0.8510682019253436}