{"MV1":0.481437537100751,"MV3":0.5211077363075663,"CH1":0.18028118456212916}