{"MV1":0.35697963241936137,"MV3":0.9510646284913905,"CH1":0.006691712127628757}