{"MV1":0.15398945508014017,"MV3":0.6575355857406338,"CH1":0.3123428950201571}