{"MV1":0.329206351432787,"MV3":0.5304042180562293,"CH1":0.12655777543600966}