{"MV1":0.9112388725331496,"MV3":0.08311631789995588,"CH1":0.24603036184109095}