{"MV1":0.3647904111153154,"MV3":0.9096066722654071,"CH1":0.3572532219481557}