{"MV1":0.7978176922857876,"MV3":0.3685693482584449,"CH1":0.9500576944106259}