{"MV1":0.36803037340518285,"MV3":0.1846371928107139,"CH1":0.09366423012955738}