{"MV1":0.44405948786558747,"MV3":0.25866057258343444,"CH1":0.579379514979221}