{"MV1":0.2741885869453702,"MV3":0.03628527130465309,"CH1":0.4903705881523245}