{"MV1":0.3654173788817213,"MV3":0.48422438699019166,"CH1":0.44631106855648295}