{"MV1":0.7829027789866321,"MV3":0.8260413928652431,"CH1":0.13091807740346095}