{"MV1":0.5933666804887248,"MV3":0.2143650490442528,"CH1":0.4030498247358788}