{"MV1":0.2541645199973497,"MV3":0.20159697757176853,"CH1":0.5303838965073858}