{"MV1":0.09565254407832413,"MV3":0.5641550897708796,"CH1":0.6541259097069492}