{"MV1":0.46201465585154644,"MV3":0.5982871538834652,"CH1":0.3463984460245947}