{"MV1":0.15203155605346352,"MV3":0.4984222812131386,"CH1":0.4728618177916811}