{"MV1":0.6310294868411637,"MV3":0.23824359373026804,"CH1":0.5192002816638837}