{"MV1":0.8131407284278223,"MV3":0.2131645617562955,"CH1":0.942195393815439}