{"MV1":0.9859177910798075,"MV3":0.18388276435444095,"CH1":0.5607380451346622}