{"MV1":0.5068791634745966,"MV3":0.3000539969768359,"CH1":0.5101477174559357}