{"MV1":0.12510747149062806,"MV3":0.5680200825839428,"CH1":0.45121708364391044}