{"MV1":0.9358110843876937,"MV3":0.9090853349748613,"CH1":0.9748584131322796}