{"MV1":0.1970556605460977,"MV3":0.7090691101840519,"CH1":0.15232516470091584}