{"MV1":0.7159947888692653,"MV3":0.2964062370013152,"CH1":0.38467209865994323}