{"MV1":0.1466298672717654,"MV3":0.5086377549830005,"CH1":0.9548756397820131}