{"MV1":0.9945304912726699,"MV3":0.2198215398863146,"CH1":0.5423271750981047}