{"MV1":0.8898109347514994,"MV3":0.7547557578517324,"CH1":0.23917306192366927}