{"MV1":0.8819434909477086,"MV3":0.5466571901952193,"CH1":0.9006898646318843}