{"MV1":0.3827780862950444,"MV3":0.4607888471757301,"CH1":0.6320128400818893}