{"MV1":0.804639315194074,"MV3":0.07996856732647972,"CH1":0.2178640101814171}