{"MV1":0.4637996363585901,"MV3":0.7077245071299301,"CH1":0.010516347834417017}