{"MV1":0.9807800635177623,"MV3":0.8753682031065527,"CH1":0.6830274001832842}