{"MV1":0.10198793812486218,"MV3":0.20941502405890444,"CH1":0.6714061605417191}