{"MV1":0.16078970366948464,"MV3":0.19117643726396039,"CH1":0.6024453891325312}