{"MV1":0.25134711246461827,"MV3":0.39732369688058233,"CH1":0.02263682147915891}