{"MV1":0.5149732545497376,"MV3":0.3112269959555717,"CH1":0.9642384377105383}