{"MV1":0.5194402889214763,"MV3":0.6198573252279448,"CH1":0.1607673145091093}