{"MV1":0.34264799096008147,"MV3":0.03119765664019547,"CH1":0.508648197025542}