{"MV1":0.5089260578722085,"MV3":0.24086351997346445,"CH1":0.11390237949874416}