{"MV1":0.4856225166649265,"MV3":0.16790280724022444,"CH1":0.10385065231171975}