{"MV1":0.06446408591305575,"MV3":0.5527105111115717,"CH1":0.15211660399248017}