{"MV1":0.27672901762811086,"MV3":0.07552811907209833,"CH1":0.13120623610707605}