{"MV1":0.1453118661748971,"MV3":0.9491628634371483,"CH1":0.15983895976810703}