{"MV1":0.5261215317626163,"MV3":0.8605148106832248,"CH1":0.5681280912214667}