{"MV1":0.689523455229434,"MV3":0.08277007476528431,"CH1":0.47856632085166206}