{"MV1":0.8842686379922816,"MV3":0.5996393100391741,"CH1":0.280118673872659}