{"MV1":0.4981024907425564,"MV3":0.3752286284419153,"CH1":0.5158421563309529}