{"MV1":0.8879180772430204,"MV3":0.3615955819332761,"CH1":0.5780442001171887}