{"MV1":0.6525614008610272,"MV3":0.21174217797242567,"CH1":0.3389258009286519}