{"MV1":0.5565043623491835,"MV3":0.501036415314726,"CH1":0.5747995600567106}