{"MV1":0.3820476121767097,"MV3":0.19548458870009044,"CH1":0.4420103630416845}