{"MV1":0.9677545888945983,"MV3":0.33750582950923713,"CH1":0.8111646391603545}