{"MV1":0.8505370717687845,"MV3":0.34389471073428046,"CH1":0.7752904706623414}