{"MV1":0.7425269540671141,"MV3":0.7808815394965337,"CH1":0.01692809281366392}