{"MV1":0.9017387494479419,"MV3":0.9731225848424826,"CH1":0.9510543367286192}