{"MV1":0.5067712829383623,"MV3":0.6328237909374385,"CH1":0.9062746051049442}