{"MV1":0.2081543169558786,"MV3":0.7065055823872416,"CH1":0.0945221416168559}