{"MV1":0.22151173118793988,"MV3":0.19839302440905826,"CH1":0.08188998772416944}