{"MV1":0.9985935920671904,"MV3":0.1654465814163868,"CH1":0.22420745965684352}