{"MV1":0.06505209872714757,"MV3":0.0701745593059444,"CH1":0.7322915727950362}