{"MV1":0.4826077496254416,"MV3":0.6116547536663804,"CH1":0.5408179667593396}