{"MV1":0.3602386189874167,"MV3":0.6908537069983968,"CH1":0.03350808654792048}