{"MV1":0.870947948081161,"MV3":0.3721519441746126,"CH1":0.42882635507596845}