{"MV1":0.3354275288283708,"MV3":0.023933929949573773,"CH1":0.5118646344262817}