{"MV1":0.5025249265658503,"MV3":0.34105943515584713,"CH1":0.5775498284163583}