{"MV1":0.7269941911841927,"MV3":0.7273594432353295,"CH1":0.6614812218582106}