{"MV1":0.5346431338720354,"MV3":0.30155088023301035,"CH1":0.3926674347991249}