{"MV1":0.03337920948481066,"MV3":0.49251289683566835,"CH1":0.4443318632873182}