{"MV1":0.2745595085452851,"MV3":0.19053050304604768,"CH1":0.38993190587296767}