{"MV1":0.550181481347368,"MV3":0.998045078535803,"CH1":0.1244531657043888}