{"MV1":0.0512729881981171,"MV3":0.13652027839563186,"CH1":0.08775008052670485}