{"MV1":0.5984239318308066,"MV3":0.03225991942699735,"CH1":0.7543378476084435}