{"MV1":0.3608614642206659,"MV3":0.5181244214972414,"CH1":0.780474366737442}