{"MV1":0.7211687695443865,"MV3":0.7775355154030982,"CH1":0.8878394342926836}