{"MV1":0.6712777624746764,"MV3":0.5031581504150624,"CH1":0.03943084150573839}