{"MV1":0.3418050894440944,"MV3":0.3855539605725389,"CH1":0.933207210547841}