{"MV1":0.7240044019873221,"MV3":0.120351704672373,"CH1":0.8301226599479959}