{"MV1":0.3940530709693698,"MV3":0.3280223862599394,"CH1":0.8082778817021422}