{"MV1":0.18533430546919671,"MV3":0.25346449641913626,"CH1":0.08565228597154051}