{"MV1":0.4093494268260258,"MV3":0.8841957503277886,"CH1":0.2786359009494782}