{"MV1":0.7100026136685845,"MV3":0.5486611330911207,"CH1":0.14142936139051077}