{"MV1":0.8800046132657967,"MV3":0.2114958898815642,"CH1":0.9262587538831916}