{"MV1":0.223849265327848,"MV3":0.9571823194756701,"CH1":0.34673957075536477}