{"MV1":0.8722782180117635,"MV3":0.26084612534369434,"CH1":0.7432522923269714}