{"MV1":0.3355007685789534,"MV3":0.28744397236569363,"CH1":0.939821090510192}