{"MV1":0.1029118044995857,"MV3":0.5592491530498392,"CH1":0.02698357881893143}