{"MV1":0.8371405360862031,"MV3":0.030901356198178354,"CH1":0.20463761279084625}