{"MV1":0.8233945407383368,"MV3":0.9655785216448923,"CH1":0.7877357468589198}