{"MV1":0.6897430020260723,"MV3":0.4091903182683012,"CH1":0.6560358798787489}