{"MV1":0.6423664756163314,"MV3":0.6454618113720798,"CH1":0.22697693058445945}