{"MV1":0.780526504710058,"MV3":0.024420555771375918,"CH1":0.833644930638947}