{"MV1":0.4681192891031226,"MV3":0.25862702448416486,"CH1":0.08500863154373028}