{"MV1":0.4337045396609692,"MV3":0.7169353651613972,"CH1":0.03832109149998286}