{"MV1":0.08379616748625285,"MV3":0.4475889181466931,"CH1":0.42078884064306155}