{"MV1":0.19831437627201054,"MV3":0.4375415092719728,"CH1":0.1106735959461429}