{"MV1":0.7166160867063738,"MV3":0.9842772992922065,"CH1":0.6594590882774746}