{"MV1":0.38808883080245304,"MV3":0.4863344096537785,"CH1":0.6418486859676135}