{"MV1":0.3025785684010829,"MV3":0.40000697616388015,"CH1":0.8062360775740448}