{"MV1":0.5793849388596246,"MV3":0.39327003006539796,"CH1":0.24160334233841496}