{"MV1":0.8806517549812131,"MV3":0.638286139002624,"CH1":0.5775355740919365}