{"MV1":0.9859195122315756,"MV3":0.3912842214113288,"CH1":0.37081793025086496}