{"MV1":0.16587357031602212,"MV3":0.001304348122744603,"CH1":0.6770805158080989}