{"MV1":0.6684080898271927,"MV3":0.12875941262625323,"CH1":0.23131610403088565}