{"MV1":0.44673841030528105,"MV3":0.9683865932547621,"CH1":0.09682881388197628}