{"MV1":0.8980312434718534,"MV3":0.43149773272982006,"CH1":0.4135561584234896}