{"MV1":0.3615619207305628,"MV3":0.6356332107794587,"CH1":0.2858787284739882}