{"MV1":0.7100291756943374,"MV3":0.12983855686722534,"CH1":0.5703592347964974}