{"MV1":0.3235323820820094,"MV3":0.9713655115792634,"CH1":0.688653117936442}