{"MV1":0.3184197209081443,"MV3":0.7237558574976533,"CH1":0.979862936329185}