{"MV1":0.03625592450106496,"MV3":0.8855933443724586,"CH1":0.5588130670957915}