{"MV1":0.9169979505943467,"MV3":0.3296835905165003,"CH1":0.4521838934509035}