{"MV1":0.5282925608410075,"MV3":0.797604858529198,"CH1":0.74525574621003}