{"MV1":0.8769678874508422,"MV3":0.8974547996096565,"CH1":0.7619250319084202}