{"MV1":0.7515611065483139,"MV3":0.6030896020646106,"CH1":0.43862864194021767}