{"MV1":0.26778845581622546,"MV3":0.7913641916525566,"CH1":0.5619526869915759}