{"MV1":0.00954919267337162,"MV3":0.5599263931579758,"CH1":0.20234630068340032}