{"MV1":0.7890135099648312,"MV3":0.06773579433973165,"CH1":0.0675739037084987}