{"MV1":0.43760528719630143,"MV3":0.5589426103085474,"CH1":0.027069856800374215}