{"MV1":0.2002560293627088,"MV3":0.33606874279896193,"CH1":0.34060897572921645}