{"MV1":0.9427962646253699,"MV3":0.4991627920058763,"CH1":0.30260014049158634}