{"MV1":0.36171729570290945,"MV3":0.47274941657907343,"CH1":0.03132361328260669}