{"MV1":0.16174723471743824,"MV3":0.11546404177027125,"CH1":0.8099434156719552}