{"MV1":0.5633956045115065,"MV3":0.4600827578451483,"CH1":0.54972603207053}