{"MV1":0.6130225920354062,"MV3":0.55989338371117,"CH1":0.6488346424534778}