{"MV1":0.4157322426380443,"MV3":0.7549081133155118,"CH1":0.3855557664685182}