{"MV1":0.8957332175460024,"MV3":0.8628624231536869,"CH1":0.6400704131490373}