{"MV1":0.2255621835793039,"MV3":0.4431991557149254,"CH1":0.6281013567411566}