{"MV1":0.5176462431338569,"MV3":0.08851280286984753,"CH1":0.5539188621562721}