{"MV1":0.2341354190849264,"MV3":0.970672991231734,"CH1":0.5714664165233997}