{"MV1":0.1924744519723507,"MV3":0.16582935436275603,"CH1":0.9514118823134097}