{"MV1":0.43156765948536235,"MV3":0.05648741664271639,"CH1":0.6969160728900327}