{"MV1":0.5278260398967096,"MV3":0.6068982834121567,"CH1":0.014988877118230715}