{"MV1":0.748337254426812,"MV3":0.5255821022182411,"CH1":0.30192191014621117}