{"MV1":0.08092023579041896,"MV3":0.11679217543776066,"CH1":0.1154909172889621}