{"MV1":0.23802946763224198,"MV3":0.8844112238751375,"CH1":0.9800945427072751}