{"MV1":0.15404638832488304,"MV3":0.9643563922860482,"CH1":0.005730454304036181}