{"MV1":0.2519210254540919,"MV3":0.7606150719274059,"CH1":0.6063263170361931}