{"MV1":0.8009611975202768,"MV3":0.2043210537941761,"CH1":0.15880470981250117}