{"MV1":0.3675007515399711,"MV3":0.7223739832372618,"CH1":0.6722889465000621}