{"MV1":0.743448372278192,"MV3":0.44099527304782793,"CH1":0.12770027424331354}