{"MV1":0.16020618021717248,"MV3":0.16600113040744202,"CH1":0.8752965992374061}