{"MV1":0.7520839108606254,"MV3":0.5308738001731935,"CH1":0.4467231362278009}