{"MV1":0.46341801743105326,"MV3":0.10730958287011239,"CH1":0.10432003608107743}