{"MV1":0.5051674259997979,"MV3":0.7110865899868333,"CH1":0.1360452425763885}