{"MV1":0.6771847360126475,"MV3":0.27947037322319823,"CH1":0.6568300073894084}