{"MV1":0.14417272881067833,"MV3":0.3260947906760474,"CH1":0.28678787508408077}