{"MV1":0.9644993774409311,"MV3":0.8224204178898011,"CH1":0.9653029656865378}