{"MV1":0.16166205469802908,"MV3":0.24361830890463987,"CH1":0.09758028290193388}