{"MV1":0.04326260455688968,"MV3":0.4446834875675344,"CH1":0.13448601097094914}