{"MV1":0.6237137746209279,"MV3":0.14953565522247458,"CH1":0.023649484171845425}