{"MV1":0.7821697839249961,"MV3":0.4130561726665104,"CH1":0.46654163120976766}