{"MV1":0.9029536020284651,"MV3":0.48709171339459045,"CH1":0.8453969289386216}