{"MV1":0.7490751359236153,"MV3":0.5806585511290797,"CH1":0.3168048330333635}