{"MV1":0.20711690257099913,"MV3":0.9938464558618614,"CH1":0.2440370989306495}