{"MV1":0.7386996152712667,"MV3":0.8560227491938234,"CH1":0.2144124082675103}