{"MV1":0.7909249439647684,"MV3":0.9136336586565521,"CH1":0.8370223652632033}