{"MV1":0.9016920907579956,"MV3":0.35850284079264216,"CH1":0.3974394673710214}