{"MV1":0.27823902654981114,"MV3":0.01206979132866004,"CH1":0.14115107500712432}