{"MV1":0.18314565967577656,"MV3":0.2356111667330707,"CH1":0.6553752069623522}