{"MV1":0.9767849400705308,"MV3":0.3501789242713188,"CH1":0.09535396194356183}