{"MV1":0.5170042165500647,"MV3":0.8849164244592346,"CH1":0.1410392362977877}