{"MV1":0.7538260498827599,"MV3":0.5493183959019854,"CH1":0.23716574869888063}