{"MV1":0.7029003544715343,"MV3":0.6877945228785683,"CH1":0.31678492156087}