{"MV1":0.36598724082122724,"MV3":0.2983731407275396,"CH1":0.6904080409937877}