{"MV1":0.035362339259060405,"MV3":0.8405563987775864,"CH1":0.9560088979530983}