{"MV1":0.15102774073037362,"MV3":0.26889096601817164,"CH1":0.02434069490807811}