{"MV1":0.0009708027037756972,"MV3":0.6846111130897315,"CH1":0.2733717697425727}