{"MV1":0.6674476733278714,"MV3":0.3088091355392094,"CH1":0.07726660244433348}