{"MV1":0.3759750577214981,"MV3":0.7950194701697506,"CH1":0.933859827865898}