{"MV1":0.4462740297850515,"MV3":0.29765240383851665,"CH1":0.06516017204493196}