{"MV1":0.22140875560211204,"MV3":0.34292964046073493,"CH1":0.11870384294715663}