{"MV1":0.4869399170512304,"MV3":0.3989225416790815,"CH1":0.40246698949527615}