{"MV1":0.24714536141082022,"MV3":0.237672761293661,"CH1":0.4536620933524096}