{"MV1":0.28437767234636624,"MV3":0.972998318963895,"CH1":0.305872378684396}