{"MV1":0.12396945445456209,"MV3":0.3591618058181282,"CH1":0.005624545221105226}