{"MV1":0.025940585564052543,"MV3":0.18631843403994908,"CH1":0.4012179312586328}