{"MV1":0.16520732918705072,"MV3":0.13328803319739657,"CH1":0.39039915257523694}