{"MV1":0.8823071700083223,"MV3":0.09715290034173718,"CH1":0.2735962030554989}