{"MV1":0.6793668448982365,"MV3":0.539826877321394,"CH1":0.7038062262303559}