{"MV1":0.5919894976570946,"MV3":0.8752306555359202,"CH1":0.3536079539666317}