{"MV1":0.2799602161105694,"MV3":0.715133016097208,"CH1":0.6095827218423907}