{"MV1":0.8940868059234137,"MV3":0.1040966777869824,"CH1":0.1507795617168718}