{"MV1":0.5998504968276913,"MV3":0.8181649032524623,"CH1":0.17364665127423717}