{"MV1":0.29457324880383484,"MV3":0.3916631366486787,"CH1":0.6927697479250996}