{"MV1":0.36210457938033014,"MV3":0.7118105833869377,"CH1":0.3409108264735733}