{"MV1":0.2409403128116947,"MV3":0.9675254972491073,"CH1":0.5978204715372655}