{"MV1":0.33457100751378455,"MV3":0.5580760386155857,"CH1":0.6958707408963852}