{"MV1":0.5893884073894464,"MV3":0.09222191957510484,"CH1":0.22228056753043102}