{"MV1":0.6874846691566181,"MV3":0.7583294968306834,"CH1":0.7544608828297706}