{"MV1":0.3182001768649316,"MV3":0.5878841540462316,"CH1":0.7526455504898537}