{"MV1":0.756671100252678,"MV3":0.9085798089217637,"CH1":0.9367324734621744}