{"MV1":0.612819721518185,"MV3":0.5974623530011837,"CH1":0.6095577677271463}