{"MV1":0.5258389686702204,"MV3":0.47657453731241417,"CH1":0.8577815345116055}