{"MV1":0.825851770545404,"MV3":0.6685323703545923,"CH1":0.10057067230873651}