{"MV1":0.8079864972231131,"MV3":0.8412613859879641,"CH1":0.9636960015190928}