{"MV1":0.13730174412269036,"MV3":0.5722718395643906,"CH1":0.17268051413076324}