{"MV1":0.6200289370549864,"MV3":0.045883658045166587,"CH1":0.3138251563153578}