{"MV1":0.629495911901097,"MV3":0.9541629791974287,"CH1":0.17524401903516262}