{"MV1":0.10424618999161595,"MV3":0.586772316599786,"CH1":0.025390900088115287}