{"MV1":0.6643139913635674,"MV3":0.7722307327379734,"CH1":0.6387510885903943}