{"MV1":0.9670092110330665,"MV3":0.15854664116568007,"CH1":0.17807751137019678}