{"MV1":0.5497247769825409,"MV3":0.8949947835018784,"CH1":0.3833654661695023}