{"MV1":0.6210394857685326,"MV3":0.2733391947301069,"CH1":0.7538739204465398}