{"MV1":0.8215305573737464,"MV3":0.14380458295333054,"CH1":0.24299598006980094}