{"MV1":0.10149883352477562,"MV3":0.9456951730128402,"CH1":0.02257130457087142}