{"MV1":0.7924368436567651,"MV3":0.55743172327083,"CH1":0.4739315392824006}