{"MV1":0.3083010268016876,"MV3":0.056195732035049906,"CH1":0.17255310559105197}