{"MV1":0.8480067083360995,"MV3":0.556795996142551,"CH1":0.27461871815246564}