{"MV1":0.9687387055939607,"MV3":0.5744013468392735,"CH1":0.7414347494118718}