{"MV1":0.2880151179959348,"MV3":0.03224002840832263,"CH1":0.2755906929790607}