{"MV1":0.9236363421549825,"MV3":0.21937176681553627,"CH1":0.8162832133425656}