{"MV1":0.952929993758494,"MV3":0.3144619731588033,"CH1":0.46608523779367517}