{"MV1":0.7447665463450677,"MV3":0.06965380168209812,"CH1":0.7464988779966943}