{"MV1":0.48634324824471364,"MV3":0.5870056035246219,"CH1":0.7417483042020132}