{"MV1":0.011197826247334008,"MV3":0.16182711312528963,"CH1":0.8209484361902538}