{"MV1":0.4275854134898328,"MV3":0.9777116143906118,"CH1":0.13091026248312798}