{"MV1":0.7779465038980513,"MV3":0.10605070252038529,"CH1":0.5466835167896058}