{"MV1":0.520306193490631,"MV3":0.45862736415287486,"CH1":0.8192238152814467}