{"MV1":0.8752709374278131,"MV3":0.8675105559799026,"CH1":0.07911716289113924}