{"MV1":0.439012075347601,"MV3":0.20979079539779344,"CH1":0.284237662530315}