{"MV1":0.6212647935615304,"MV3":0.005259016525826721,"CH1":0.436526257686659}