{"MV1":0.819479944098187,"MV3":0.1204981526304355,"CH1":0.4679813675979694}