{"MV1":0.37409803564752553,"MV3":0.2312649673328946,"CH1":0.8380271572978201}