{"MV1":0.026590552163456183,"MV3":0.0965866551887109,"CH1":0.08139503252396374}