{"MV1":0.8195981536497583,"MV3":0.6318352841266324,"CH1":0.7609735438465357}