{"MV1":0.2528530669063055,"MV3":0.4033331460641981,"CH1":0.196222828452413}