{"MV1":0.48011832940093524,"MV3":0.11752760818289298,"CH1":0.7687519419675343}