{"MV1":0.3326089458202489,"MV3":0.6729701240055442,"CH1":0.8730669965885006}