{"MV1":0.6569638048015327,"MV3":0.7853997077633803,"CH1":0.9460692122570563}