{"MV1":0.8321132875115232,"MV3":0.021873189630831402,"CH1":0.7765087958237185}