{"MV1":0.9727509541486716,"MV3":0.8736285851251238,"CH1":0.7798627059170495}