{"MV1":0.9437061415279949,"MV3":0.8187623842573754,"CH1":0.8381399952118337}