{"MV1":0.20365749669438726,"MV3":0.8788349769945183,"CH1":0.1267570402562469}