{"MV1":0.10792031032207605,"MV3":0.7026337975762046,"CH1":0.8564239685542815}