{"MV1":0.35799740905667654,"MV3":0.05726670750000751,"CH1":0.8720209281237907}