{"MV1":0.43472940764176404,"MV3":0.9884171201352548,"CH1":0.5233229679595363}