{"MV1":0.010261461610395206,"MV3":0.9690308345823527,"CH1":0.4208321262258953}