{"MV1":0.8278594091004678,"MV3":0.8327222942747875,"CH1":0.7933822243361395}