{"MV1":0.22122948948392274,"MV3":0.13793109049155172,"CH1":0.32768841401950854}