{"MV1":0.7002387747708729,"MV3":0.7618914422115937,"CH1":0.1641025066408036}