{"MV1":0.2951871290006005,"MV3":0.19988631067092655,"CH1":0.10133203145750758}