{"MV1":0.38590455840879734,"MV3":0.28243996146805206,"CH1":0.17175165900288736}