{"MV1":0.4912409692340406,"MV3":0.00452283880267268,"CH1":0.15659136055009448}