{"MV1":0.45886860079012803,"MV3":0.1811058508215586,"CH1":0.41953736680116904}