{"MV1":0.41586101564867695,"MV3":0.3294970708563991,"CH1":0.8203038174967344}