{"MV1":0.7156543223752114,"MV3":0.6482458274468015,"CH1":0.4483953768430171}