{"MV1":0.6076101014434627,"MV3":0.8729734605244235,"CH1":0.3011090176109984}