{"MV1":0.023912522079522214,"MV3":0.0025000337384547544,"CH1":0.4453950695415825}