{"MV1":0.3483280938628712,"MV3":0.6853426460614572,"CH1":0.8021085472814843}