{"MV1":0.8055366273721583,"MV3":0.993651558831608,"CH1":0.1145483016158616}