{"MV1":0.965078161704614,"MV3":0.28717876974496015,"CH1":0.9712076750743145}