{"MV1":0.5751058940581826,"MV3":0.18036155354814143,"CH1":0.42987927495226796}