{"MV1":0.9773436995756517,"MV3":0.5983975435581798,"CH1":0.21844302675311844}