{"MV1":0.15711042517826257,"MV3":0.40998323634362077,"CH1":0.9140302477251513}