{"MV1":0.5163449983337735,"MV3":0.9890568249411137,"CH1":0.6162095494212809}