{"MV1":0.4839517149228749,"MV3":0.1615722210540005,"CH1":0.4609615335422481}