{"MV1":0.8930795129674313,"MV3":0.5482330843075048,"CH1":0.38259645380164076}