{"MV1":0.6965489341157576,"MV3":0.4498767416392193,"CH1":0.23843779653453168}