{"MV1":0.6682303088031695,"MV3":0.327723695341528,"CH1":0.7540782379479617}