{"MV1":0.15616957932708286,"MV3":0.6635980014263382,"CH1":0.02744081249978536}