{"MV1":0.11625376316352798,"MV3":0.34278892687502116,"CH1":0.31211456697023743}