{"MV1":0.276446583895799,"MV3":0.9976235833244933,"CH1":0.608546246465819}