{"MV1":0.16941853035372334,"MV3":0.6873843274123883,"CH1":0.9682232251105601}