{"MV1":0.1685129658105855,"MV3":0.7135844792081764,"CH1":0.1522876832125306}