{"MV1":0.13483158298884723,"MV3":0.31616852422946107,"CH1":0.5659910969645962}