{"MV1":0.6320199290821124,"MV3":0.39805483348761883,"CH1":0.752989656761017}