{"MV1":0.6519693222704434,"MV3":0.6288192616049548,"CH1":0.40222977259400416}