{"MV1":0.265875902758112,"MV3":0.9874430128741114,"CH1":0.22596005291145216}