{"MV1":0.4027167289425361,"MV3":0.804156037247325,"CH1":0.415134592027375}