{"MV1":0.9358024732401284,"MV3":0.38442615600343477,"CH1":0.20161554860379516}