{"MV1":0.47017731696639375,"MV3":0.79739346053271,"CH1":0.44564003265248264}