{"MV1":0.3588547470307353,"MV3":0.6640524854223937,"CH1":0.2166084504928083}