{"MV1":0.40965384342684175,"MV3":0.94859242352092,"CH1":0.5510584214557692}