{"MV1":0.9107376755124834,"MV3":0.88802357099055,"CH1":0.2174080609121054}