{"MV1":0.2925907379438981,"MV3":0.22416918067857883,"CH1":0.41713705458279104}