{"MV1":0.07336326101148338,"MV3":0.9073316596895705,"CH1":0.7619920224649855}