{"MV1":0.6215850019162341,"MV3":0.26404027403348596,"CH1":0.19584714784981272}