{"MV1":0.5833900195514986,"MV3":0.97111853219101,"CH1":0.0008857985336859775}