{"MV1":0.7190102880673817,"MV3":0.5691355260140788,"CH1":0.783714491930551}