{"MV1":0.4327686150296163,"MV3":0.3463044642698262,"CH1":0.29277864658145525}