{"MV1":0.023281561035428777,"MV3":0.7616063598713109,"CH1":0.7192133256469025}