{"MV1":0.46884349748114384,"MV3":0.6726743211230785,"CH1":0.1328913504023529}