{"MV1":0.836403767664458,"MV3":0.23739495645031317,"CH1":0.7680884069641475}