{"MV1":0.3917106189032268,"MV3":0.7669832219450172,"CH1":0.7733622332675003}