{"MV1":0.3563916171699584,"MV3":0.581903732563414,"CH1":0.19531594208330216}