{"MV1":0.9701175488280549,"MV3":0.39054373333725245,"CH1":0.6192010922535243}