{"MV1":0.3564397242752696,"MV3":0.5639637369888375,"CH1":0.6006011350113974}