{"MV1":0.6215456241202677,"MV3":0.8164068840631753,"CH1":0.9316341860655183}