{"MV1":0.11794489974956035,"MV3":0.9764416244950759,"CH1":0.8907044223260906}