{"MV1":0.048949259864941363,"MV3":0.5422730255857948,"CH1":0.4703003816391407}