{"MV1":0.9277847867176163,"MV3":0.4697343910293412,"CH1":0.9338649134718291}