{"MV1":0.11988511399049584,"MV3":0.925467102717475,"CH1":0.03067317806072012}