{"MV1":0.9685508069354345,"MV3":0.3835297886325363,"CH1":0.8379721310367958}