{"MV1":0.7052716950581598,"MV3":0.8284751670954776,"CH1":0.5529997188064384}