{"MV1":0.0733529151877036,"MV3":0.28321275121255796,"CH1":0.18013465643231474}