{"MV1":0.9806048911542637,"MV3":0.41800759344275307,"CH1":0.7840837118785683}