{"MV1":0.44924123485373635,"MV3":0.35413318400321125,"CH1":0.4509313679658753}