{"MV1":0.5699678667641067,"MV3":0.25459480548444935,"CH1":0.3400513325772394}