{"MV1":0.8222367439434602,"MV3":0.8993068877741656,"CH1":0.19330682788720277}