{"MV1":0.5770544803046086,"MV3":0.6357438604020161,"CH1":0.9155311452878198}