{"MV1":0.2604015755356829,"MV3":0.3008413285435809,"CH1":0.8436196380246097}