{"MV1":0.41794692353387364,"MV3":0.7297320605716371,"CH1":0.9918104885223257}