{"MV1":0.14755823377019295,"MV3":0.21205460125269582,"CH1":0.2878982359035387}