{"MV1":0.17854004041652338,"MV3":0.8139658598724485,"CH1":0.8297646838629176}