{"MV1":0.2724296005314748,"MV3":0.9588744804318821,"CH1":0.09382088543172995}