{"MV1":0.0674528642637946,"MV3":0.07990433460240765,"CH1":0.9459318051297464}