{"MV1":0.407265869456773,"MV3":0.2215149211197477,"CH1":0.29839795783000556}