{"MV1":0.8948193836134992,"MV3":0.2877466759843452,"CH1":0.33045987385972264}