{"MV1":0.3321211548768992,"MV3":0.10770012374776283,"CH1":0.13359032633927514}