{"MV1":0.04562538667925642,"MV3":0.8773901345789464,"CH1":0.10646186963174709}