{"MV1":0.4713407569787402,"MV3":0.1824015811000358,"CH1":0.8852230883480225}