{"MV1":0.6484853008483693,"MV3":0.49247907677140124,"CH1":0.7952904990635864}