{"MV1":0.4361844517982377,"MV3":0.9675260345374836,"CH1":0.2916605614224066}