{"MV1":0.09498291199207276,"MV3":0.2911301200242067,"CH1":0.23979561272177663}