{"MV1":0.2929127482147109,"MV3":0.6241810073835352,"CH1":0.8006081357902822}