{"MV1":0.5735400995751462,"MV3":0.7005141453403101,"CH1":0.11895599429345816}