{"MV1":0.7479362293361114,"MV3":0.8717401973226397,"CH1":0.9547819887875484}