{"MV1":0.053703509801911964,"MV3":0.53180935282667,"CH1":0.9406078860609463}