{"MV1":0.9870252961020608,"MV3":0.29715569691705923,"CH1":0.8497497217300526}