{"MV1":0.08422451787825613,"MV3":0.8702244072004073,"CH1":0.9922576469730235}