{"MV1":0.24458574547636525,"MV3":0.2650851544701529,"CH1":0.07647380329558062}