{"MV1":0.8288633805159462,"MV3":0.4703167104777569,"CH1":0.9536489286362184}