{"MV1":0.5761811613038337,"MV3":0.8428599264533183,"CH1":0.11658251685698529}