{"MV1":0.4283409605004459,"MV3":0.88929127524304,"CH1":0.6402521677698761}