{"MV1":0.6062332550715718,"MV3":0.08543687618574336,"CH1":0.8278564378126423}