{"MV1":0.830924582003101,"MV3":0.913894840690132,"CH1":0.1248750694836811}