{"MV1":0.7805965016796927,"MV3":0.4913338294018207,"CH1":0.6814487603438945}