{"MV1":0.03031516105382459,"MV3":0.5574304208458819,"CH1":0.6350643351937867}