{"MV1":0.33936394175901075,"MV3":0.36444015533197216,"CH1":0.11384208451321187}