{"MV1":0.8519907446414999,"MV3":0.6528291842194129,"CH1":0.8376688178918907}