{"MV1":0.17914462184977564,"MV3":0.14319113921447013,"CH1":0.03114860003097908}