{"MV1":0.14063707546364157,"MV3":0.18112535231242877,"CH1":0.9875629967958374}