{"MV1":0.22847033283275409,"MV3":0.5101875198169127,"CH1":0.41974623168861225}