{"MV1":0.910901360714144,"MV3":0.29608300584820124,"CH1":0.8714154559601387}