{"MV1":0.4413582488474648,"MV3":0.5615545931109505,"CH1":0.1007082640201391}