{"MV1":0.388849470307317,"MV3":0.36720559350856974,"CH1":0.8510512487560647}