{"MV1":0.2882434507955126,"MV3":0.9958321499707313,"CH1":0.19677546712157357}