{"MV1":0.3495028903539571,"MV3":0.04282440061129977,"CH1":0.9983979075737329}