{"MV1":0.4752732590424299,"MV3":0.9764999400083464,"CH1":0.700149964247327}