{"MV1":0.49189784913674317,"MV3":0.09040741949668274,"CH1":0.8036857173431632}