{"MV1":0.49927058620690834,"MV3":0.739949440230117,"CH1":0.8802898859907026}