{"MV1":0.762264085150678,"MV3":0.41286450153354926,"CH1":0.5974933488288249}