{"MV1":0.20292537426928825,"MV3":0.7257263855977887,"CH1":0.9281585285899312}