{"MV1":0.8574110723248555,"MV3":0.9970964488321337,"CH1":0.18713714847785745}