{"MV1":0.40826623486199454,"MV3":0.14011101712432195,"CH1":0.494121567264015}