{"MV1":0.6146804252812449,"MV3":0.10728218269994716,"CH1":0.31774319252947725}