{"MV1":0.47945312371638515,"MV3":0.23592970488298126,"CH1":0.03167535134625177}