{"MV1":0.4279313911377235,"MV3":0.638145204980787,"CH1":0.9900386712559336}