{"MV1":0.24234629276983233,"MV3":0.1413867579431035,"CH1":0.8007095824564691}