{"MV1":0.037270759054121805,"MV3":0.17953834429146098,"CH1":0.2953520791236933}