{"MV1":0.5499200258367765,"MV3":0.9691483783850288,"CH1":0.9309280498474576}