{"MV1":0.959645316484273,"MV3":0.6694627193536147,"CH1":0.08084130129728839}