{"MV1":0.4129830994545213,"MV3":0.0889687836985632,"CH1":0.4017986317676886}