{"MV1":0.10947234863584543,"MV3":0.6528117777015284,"CH1":0.7058165580691309}