{"MV1":0.3710145362197126,"MV3":0.4034024834340637,"CH1":0.20152335988356296}