{"MV1":0.15938240279700944,"MV3":0.09934968648509857,"CH1":0.11680052408680064}