{"MV1":0.02325893915245969,"MV3":0.6125607569477198,"CH1":0.1971248696298764}