{"MV1":0.8262696086920484,"MV3":0.8324432146950065,"CH1":0.5695279318893567}