{"MV1":0.00895694155329474,"MV3":0.1820629223339335,"CH1":0.158556327969529}