{"MV1":0.7368533032273081,"MV3":0.8070168958659042,"CH1":0.35201143259317313}