{"MV1":0.8355361969184575,"MV3":0.13567864247791683,"CH1":0.7097444006562745}