{"MV1":0.6800290660104541,"MV3":0.30790048426061756,"CH1":0.2578457161411317}