{"MV1":0.13133696475837753,"MV3":0.69257392553073,"CH1":0.5654166787051624}