{"MV1":0.7826920957744704,"MV3":0.9426546143755243,"CH1":0.30388333417403846}