{"MV1":0.3893937326136946,"MV3":0.07444928998796685,"CH1":0.7649024729349325}