{"MV1":0.7000405577227085,"MV3":0.9296762264014133,"CH1":0.21907288794121493}