{"MV1":0.9135535046799031,"MV3":0.3445329151996881,"CH1":0.20184153899249735}