{"MV1":0.43695138420432955,"MV3":0.009420223914711201,"CH1":0.7542600025189508}