{"MV1":0.2932379964986388,"MV3":0.44846750456554885,"CH1":0.527632649926821}