{"MV1":0.8045734937802907,"MV3":0.7463100874626948,"CH1":0.4044795460459458}