{"MV1":0.7214985036048313,"MV3":0.7691527742236237,"CH1":0.6356664923021874}