{"MV1":0.32569384183628625,"MV3":0.867202358003776,"CH1":0.9203390307489695}