{"MV1":0.2646361012586258,"MV3":0.7321659795166243,"CH1":0.16859793245882215}