{"MV1":0.375392279828372,"MV3":0.9381065906695477,"CH1":0.3558827428579101}