{"MV1":0.7197827643173417,"MV3":0.6054328190949204,"CH1":0.30059983282802116}