{"MV1":0.012261909394833737,"MV3":0.05568393599149357,"CH1":0.5312403725380408}