{"MV1":0.4899538392620544,"MV3":0.7088474597094525,"CH1":0.13070109231819338}