{"MV1":0.19327174533711322,"MV3":0.6556326998376111,"CH1":0.9821350804450775}