{"MV1":0.5551656940246033,"MV3":0.2546678836517845,"CH1":0.08353260403173612}