{"MV1":0.14492604592461011,"MV3":0.9947059584603032,"CH1":0.4762013648733049}