{"MV1":0.7396491393220308,"MV3":0.3741340379011655,"CH1":0.47749712251957865}