{"MV1":0.47634518042875673,"MV3":0.5276591506511379,"CH1":0.38579644569606486}