{"MV1":0.5251146253912247,"MV3":0.8058955494626922,"CH1":0.9004480437832477}