{"MV1":0.5413712595918175,"MV3":0.8510410616268421,"CH1":0.4705466473385046}