{"MV1":0.3464015232883888,"MV3":0.4056817854146293,"CH1":0.40541154270339474}