{"MV1":0.1554375420952051,"MV3":0.8099940123528374,"CH1":0.8142238570159885}