{"MV1":0.9057260406029045,"MV3":0.10123523055363892,"CH1":0.8914307494342857}