{"MV1":0.6332317061518803,"MV3":0.6984835877557016,"CH1":0.5855580078773168}