{"MV1":0.2297264857799971,"MV3":0.29748139568371845,"CH1":0.5824144246475177}