{"MV1":0.5931850537918569,"MV3":0.9018543898309331,"CH1":0.5876623804640576}