{"MV1":0.24085071366815636,"MV3":0.9364439783332065,"CH1":0.10200578876565314}