{"MV1":0.7075435538857034,"MV3":0.02025424176254409,"CH1":0.15364119985752334}