{"MV1":0.6995086904276583,"MV3":0.9517522236767259,"CH1":0.2068148930031498}