{"MV1":0.12835237214767192,"MV3":0.1505045222236524,"CH1":0.8948334808085595}