{"MV1":0.46210335652253465,"MV3":0.23266998343484857,"CH1":0.9024716834076834}