{"MV1":0.5260443415770459,"MV3":0.6862226168148061,"CH1":0.29333343880117835}