{"MV1":0.8693328320264287,"MV3":0.3478195821628237,"CH1":0.8169111983400098}