{"MV1":0.7945617275003422,"MV3":0.9531197147167406,"CH1":0.9584849005032346}