{"MV1":0.07800151266995625,"MV3":0.4623093948048239,"CH1":0.8969215257983544}