{"MV1":0.7194752743165664,"MV3":0.8603308967905522,"CH1":0.14010184769099543}