{"MV1":0.6744918257373297,"MV3":0.06598458949160968,"CH1":0.9783146923679011}