{"MV1":0.36402387726330265,"MV3":0.14356597395855009,"CH1":0.2837256164239057}