{"MV1":0.5466340353058693,"MV3":0.5680574020149138,"CH1":0.0967577416209}