{"MV1":0.7753300877936149,"MV3":0.553182731986352,"CH1":0.3972402064969699}