{"MV1":0.9257982146774958,"MV3":0.9029481590166695,"CH1":0.10173864632204721}