{"MV1":0.8169771983654708,"MV3":0.8738229459677643,"CH1":0.7687442637104164}