{"MV1":0.13544960031870246,"MV3":0.747810508447416,"CH1":0.9536190915137017}