{"MV1":0.5964116672412307,"MV3":0.03747515247487587,"CH1":0.3471719361219424}