{"MV1":0.11466394065889995,"MV3":0.6834537004179364,"CH1":0.4685074301844592}