{"MV1":0.11529994397063392,"MV3":0.9567764233355004,"CH1":0.6241767927069763}