{"MV1":0.7075718606078102,"MV3":0.735157316737349,"CH1":0.692557152452147}