{"MV1":0.41157147352919166,"MV3":0.9294506804316485,"CH1":0.387570372793003}