{"MV1":0.3062102455036395,"MV3":0.34662434313164514,"CH1":0.17682627645234072}