{"MV1":0.8313202291103517,"MV3":0.08652331519692724,"CH1":0.9577926639694391}