{"MV1":0.7073562406094267,"MV3":0.7726319253412406,"CH1":0.9350474293230644}