{"MV1":0.2486127922933764,"MV3":0.7732286882538385,"CH1":0.21294952170888548}