{"MV1":0.5979434407197353,"MV3":0.23786577708557177,"CH1":0.2832894856800723}