{"MV1":0.3907489975867946,"MV3":0.4673676743958981,"CH1":0.8361927052449957}