{"MV1":0.8686099568872047,"MV3":0.7025291601213397,"CH1":0.22525422754139057}