{"MV1":0.9047621485254843,"MV3":0.12086261378634944,"CH1":0.39233987813929394}