{"MV1":0.4633369834510318,"MV3":0.7142226917828367,"CH1":0.13156843285695197}