{"MV1":0.9215054055402053,"MV3":0.9073527949325338,"CH1":0.05386701152787321}