{"MV1":0.9289744067508989,"MV3":0.7879344550540041,"CH1":0.5291540323911116}