{"MV1":0.09402444691026834,"MV3":0.5529471912122847,"CH1":0.07995718725553913}