{"MV1":0.46918405401884766,"MV3":0.4315609261682881,"CH1":0.6865168763473738}