{"MV1":0.6379526712881569,"MV3":0.32996153468532885,"CH1":0.6947205702868164}