{"MV1":0.04456514792842736,"MV3":0.011799585976930538,"CH1":0.7716363795089315}