{"MV1":0.10979218619942965,"MV3":0.5982642428725891,"CH1":0.500897822200467}