{"MV1":0.7001582881302112,"MV3":0.7641295291784578,"CH1":0.6825944507752773}