{"MV1":0.8783555115906738,"MV3":0.8721278673012216,"CH1":0.6493222523870653}