{"MV1":0.23741819327556657,"MV3":0.9419978407302233,"CH1":0.806878836481491}