{"MV1":0.29134339541237253,"MV3":0.0710352715532152,"CH1":0.3025460200246122}