{"MV1":0.1036565275178487,"MV3":0.10676047240480657,"CH1":0.02880080207149438}