{"MV1":0.9863499465975197,"MV3":0.3558637117177351,"CH1":0.040117036053274435}