{"MV1":0.8592039775462654,"MV3":0.8583557098341679,"CH1":0.08525837830417848}