{"MV1":0.005597156908460521,"MV3":0.24519459989766101,"CH1":0.978610664939942}