{"MV1":0.4089637838436736,"MV3":0.1878331277315456,"CH1":0.9829640304884527}