{"MV1":0.02482144525791863,"MV3":0.6562353304127094,"CH1":0.5749341357565212}