{"MV1":0.9403505648708249,"MV3":0.8276329564747901,"CH1":0.7376642945221238}