{"MV1":0.2068416129529982,"MV3":0.5923786743284553,"CH1":0.3672497319242529}