{"MV1":0.08084014258376437,"MV3":0.8193405987650498,"CH1":0.6840303653672964}