{"MV1":0.38013645070908797,"MV3":0.29700058205763735,"CH1":0.460943058003761}