{"MV1":0.6543813251472085,"MV3":0.26602656414461656,"CH1":0.18810186581782007}