{"MV1":0.10545587473121498,"MV3":0.8353246562515227,"CH1":0.9451014591446175}