{"MV1":0.8686703533421665,"MV3":0.3511412474053912,"CH1":0.22109999428192229}