{"MV1":0.5983134048103217,"MV3":0.10672841694503854,"CH1":0.04031512299044582}