{"MV1":0.4124041616769697,"MV3":0.9249736976482276,"CH1":0.4568606362002312}