{"MV1":0.6117970911157612,"MV3":0.5222166949639238,"CH1":0.4774042763838474}