{"MV1":0.880637919383019,"MV3":0.22688154276751016,"CH1":0.505366439863216}