{"MV1":0.8774197885687464,"MV3":0.7116684442911568,"CH1":0.8395389458989714}