{"MV1":0.5699774051721995,"MV3":0.09036033354808992,"CH1":0.1770994472881009}