{"MV1":0.560038810354515,"MV3":0.3995568188384828,"CH1":0.050963949365028904}