{"MV1":0.4547292243434199,"MV3":0.07077795385066654,"CH1":0.15986843604562684}