{"MV1":0.6937783636599806,"MV3":0.0797386660563939,"CH1":0.21375012072141242}