{"MV1":0.6046957479802202,"MV3":0.15511596092481572,"CH1":0.03050605825361541}