{"MV1":0.971618555276852,"MV3":0.31811832450005617,"CH1":0.8248227278601296}