{"MV1":0.056689692862149754,"MV3":0.610877470774607,"CH1":0.2937439310568297}