{"MV1":0.839882791272577,"MV3":0.9680560996182774,"CH1":0.5112809504885917}