{"MV1":0.9957954616691609,"MV3":0.06358296457450596,"CH1":0.6906672332781064}