{"MV1":0.47359190298984344,"MV3":0.6700360653423375,"CH1":0.757684495969496}