{"MV1":0.029529330405241416,"MV3":0.35324050529239737,"CH1":0.40100525154287237}