{"MV1":0.9857117545164731,"MV3":0.9109207183869356,"CH1":0.3026701273630876}