{"MV1":0.6949843847702228,"MV3":0.36641525627171545,"CH1":0.7858658118767262}