{"MV1":0.4282962806368067,"MV3":0.10780899946441036,"CH1":0.4484322313121625}