{"MV1":0.8993230923411225,"MV3":0.2852363035569372,"CH1":0.11405645331993464}