{"MV1":0.9161819766741356,"MV3":0.6365317130496797,"CH1":0.38837066978116697}