{"MV1":0.7993511559384026,"MV3":0.8273340758443944,"CH1":0.1810096201135427}