{"MV1":0.32126716937638955,"MV3":0.23904440176943242,"CH1":0.4765733141768551}