{"MV1":0.6727903359970936,"MV3":0.3417239877048881,"CH1":0.6098656545228988}