{"MV1":0.6363597355096459,"MV3":0.8858348176862368,"CH1":0.340796302907336}