{"MV1":0.9780795316055465,"MV3":0.08228138032175136,"CH1":0.08571206704001244}