{"MV1":0.4552544373690567,"MV3":0.5097471937353684,"CH1":0.2899726448170068}