{"MV1":0.3510380561915153,"MV3":0.5350382243834171,"CH1":0.8137031569992426}