{"MV1":0.5175652756727294,"MV3":0.7537773761200119,"CH1":0.4884119013486695}