{"MV1":0.6511760028205842,"MV3":0.9810093209247248,"CH1":0.6242404993636038}