{"MV1":0.996628947115409,"MV3":0.7323947875576213,"CH1":0.04825043598794965}