{"MV1":0.5486067098635792,"MV3":0.7731991039832935,"CH1":0.592267385643539}