{"MV1":0.11288732824516268,"MV3":0.36237610462046144,"CH1":0.1617024785463519}