{"MV1":0.9391704315643179,"MV3":0.534872738153906,"CH1":0.06012026359118272}