{"MV1":0.8144584198253474,"MV3":0.3418827542611468,"CH1":0.12674238140515304}