{"MV1":0.6076017918414095,"MV3":0.23710835048586787,"CH1":0.17459007876456378}