{"MV1":0.4731999893504716,"MV3":0.4407961612670134,"CH1":0.6372272776482281}