{"MV1":0.08311128010574786,"MV3":0.20905844473759938,"CH1":0.9368336944644271}