{"MV1":0.15654397215918092,"MV3":0.7577457649280082,"CH1":0.5298300000457832}