{"MV1":0.7871678215410237,"MV3":0.3125909778800853,"CH1":0.08990464133252751}