{"MV1":0.9856971869686096,"MV3":0.1825793903246209,"CH1":0.3140111045631945}