{"MV1":0.9144833996360842,"MV3":0.05506307936911392,"CH1":0.7734825025925535}