{"MV1":0.9887277081297832,"MV3":0.7643810418077849,"CH1":0.1375950540463241}