{"MV1":0.03494170376063155,"MV3":0.043954707718275254,"CH1":0.8049680492385488}