{"MV1":0.3386185970074499,"MV3":0.8733723101369807,"CH1":0.6691025040446454}