{"MV1":0.10980737230972037,"MV3":0.07270985579266243,"CH1":0.39793704602531266}