{"MV1":0.7359305117170506,"MV3":0.9492703683791557,"CH1":0.6782574566964615}