{"MV1":0.5272117603092903,"MV3":0.4502763141246795,"CH1":0.21556317869780262}