{"MV1":0.5796978776179935,"MV3":0.19920925711944226,"CH1":0.6132064367477683}