{"MV1":0.423181336281482,"MV3":0.587214322544007,"CH1":0.1997658050035026}