{"MV1":0.33545410927858454,"MV3":0.8000061607344283,"CH1":0.44284791945161295}