{"MV1":0.26090885264493213,"MV3":0.5883428026868439,"CH1":0.20596629521501286}