{"MV1":0.5305355335296349,"MV3":0.5979501022654081,"CH1":0.6520759314473553}