{"MV1":0.35863907073469603,"MV3":0.37793020624090745,"CH1":0.7082129328901313}