{"MV1":0.9880025245829953,"MV3":0.14022798588961172,"CH1":0.2517434118884483}