{"MV1":0.8745004353317446,"MV3":0.46793847124917465,"CH1":0.9992661796210581}