{"MV1":0.7079900533573767,"MV3":0.5643501689526308,"CH1":0.46114255046272934}