{"MV1":0.20236992801693976,"MV3":0.9734526137328505,"CH1":0.7492244776189914}