{"MV1":0.7402395221544237,"MV3":0.6667024623723631,"CH1":0.24133054190551106}