{"MV1":0.15078547926302188,"MV3":0.535399214201272,"CH1":0.7442444810439532}