{"MV1":0.623245796807969,"MV3":0.9641988779404047,"CH1":0.5355675989301176}