{"MV1":0.49695497925977594,"MV3":0.2672421136521109,"CH1":0.0834125140988684}