{"MV1":0.9755868537602025,"MV3":0.233386814602067,"CH1":0.3404379481493002}