{"MV1":0.4950119966416404,"MV3":0.033002596582223265,"CH1":0.20093925101678634}