{"MV1":0.7873918631933928,"MV3":0.021886401362743557,"CH1":0.1693334740627025}