{"MV1":0.37986656213760284,"MV3":0.7188305049167261,"CH1":0.7182039116730651}