{"MV1":0.6945251914544391,"MV3":0.5418622259006417,"CH1":0.5220900315611244}