{"MV1":0.07029569747485864,"MV3":0.4008196183103446,"CH1":0.3513551232008245}