{"MV1":0.8508225220715724,"MV3":0.667995309104586,"CH1":0.8108794149630101}