{"MV1":0.9286435769939381,"MV3":0.24236966107190627,"CH1":0.14489878868406114}