{"MV1":0.22862963578987672,"MV3":0.9375014749308614,"CH1":0.5509047091633976}