{"MV1":0.2920872491463755,"MV3":0.5106245818163728,"CH1":0.36295510722006574}