{"MV1":0.15490301498802894,"MV3":0.5747563375335525,"CH1":0.5982123863648859}