{"MV1":0.7254289395218564,"MV3":0.003874688749666122,"CH1":0.9134170789203395}