{"MV1":0.8308495371130756,"MV3":0.34412784717436673,"CH1":0.8304180593598127}