{"MV1":0.18741468758426028,"MV3":0.5866958006180559,"CH1":0.43225224826197606}