{"MV1":0.8300178879830113,"MV3":0.9145682168340562,"CH1":0.031446240877818}