{"MV1":0.5859610156859288,"MV3":0.8496345760323546,"CH1":0.3715849148924646}