{"MV1":0.9190764500910622,"MV3":0.28371563112911025,"CH1":0.33455434953513374}