{"MV1":0.9217918348016141,"MV3":0.6387299487351807,"CH1":0.07830439504051989}