{"MV1":0.7053720250138203,"MV3":0.052146527943566334,"CH1":0.8553672977772592}