{"MV1":0.6231822009008623,"MV3":0.20362947303405077,"CH1":0.19655075273806744}