{"MV1":0.5849779070451996,"MV3":0.03597120866515002,"CH1":0.6923062267479736}