{"MV1":0.7043474760559943,"MV3":0.2594714395299357,"CH1":0.5211752591825153}