{"MV1":0.2894718012415298,"MV3":0.08705626107730136,"CH1":0.20248169872626365}