{"MV1":0.4995967107946607,"MV3":0.7246063590051527,"CH1":0.06903510844836569}