{"MV1":0.180319409563654,"MV3":0.1780457367787559,"CH1":0.526069804264611}