{"MV1":0.021532801903371257,"MV3":0.8283240772415987,"CH1":0.49631175586510945}