{"MV1":0.5608612409423349,"MV3":0.5361163261868458,"CH1":0.9054715264868358}