{"MV1":0.2990765961115054,"MV3":0.5720273867443512,"CH1":0.6466636008472236}