{"MV1":0.1360671015549504,"MV3":0.5953444958770749,"CH1":0.1394368060284944}