{"MV1":0.875346170941744,"MV3":0.48991471192212055,"CH1":0.7508088964315734}