{"MV1":0.3057723390291234,"MV3":0.31734629127127556,"CH1":0.25029968323584795}