{"MV1":0.2743341907984228,"MV3":0.7586556774599565,"CH1":0.06639469841037393}