{"MV1":0.6973155119818051,"MV3":0.7904660322521095,"CH1":0.12886273232060097}