{"MV1":0.4153692233007146,"MV3":0.32634436192239746,"CH1":0.9506195340908282}