{"MV1":0.26546777842364433,"MV3":0.5630864095735396,"CH1":0.49048595725127375}