{"MV1":0.8556082066495323,"MV3":0.6318721591196561,"CH1":0.9317014346110849}