{"MV1":0.8335506654674777,"MV3":0.015641104286793217,"CH1":0.18978306331268868}