{"MV1":0.2543578471059248,"MV3":0.6457473918817721,"CH1":0.7497848148275364}