{"MV1":0.22446314914095788,"MV3":0.04530406333658399,"CH1":0.14615775308194157}