{"MV1":0.8943806515696755,"MV3":0.9155105763682583,"CH1":0.6987019777901979}