{"MV1":0.8471383358607214,"MV3":0.8602150395865115,"CH1":0.28520073714297145}