{"MV1":0.512996963665195,"MV3":0.7084047237249019,"CH1":0.7042870653809935}