{"MV1":0.46881194443325946,"MV3":0.06672179839724046,"CH1":0.0271395853795251}