{"MV1":0.9835489068300954,"MV3":0.468438307617575,"CH1":0.035529022729744786}