{"MV1":0.021387346865935908,"MV3":0.8529079756087075,"CH1":0.0811701173127577}