{"MV1":0.2510055758649823,"MV3":0.7165579406034269,"CH1":0.6851008258448624}