{"MV1":0.3514752076309352,"MV3":0.4065510533378087,"CH1":0.1811220316604506}