{"MV1":0.6418250027821679,"MV3":0.1840350560245796,"CH1":0.7250738803526581}