{"MV1":0.035591043537910094,"MV3":0.22504448586873693,"CH1":0.7391941374205494}