{"MV1":0.5886812164256952,"MV3":0.7806572507581961,"CH1":0.42527877984183005}