{"MV1":0.8918815517232984,"MV3":0.35411604817294307,"CH1":0.7733117866931695}