{"MV1":0.6885166110521501,"MV3":0.8396561737082173,"CH1":0.3194246468330335}