{"MV1":0.6762670228996973,"MV3":0.14916233540353452,"CH1":0.16477535033189095}