{"MV1":0.9256956332892191,"MV3":0.466965151262423,"CH1":0.6700306219847696}