{"MV1":0.24482624956839316,"MV3":0.7339641003227781,"CH1":0.9107767286818359}