{"MV1":0.36229743184919483,"MV3":0.510895017072767,"CH1":0.532183744963749}