{"MV1":0.7326472535986173,"MV3":0.27470115386171623,"CH1":0.7605775079168481}