{"MV1":0.7908172454349567,"MV3":0.5898679053204833,"CH1":0.7481166559359059}