{"MV1":0.8644341867082144,"MV3":0.34621955973135876,"CH1":0.8041470398013211}