{"MV1":0.30233751086250815,"MV3":0.7283688653761408,"CH1":0.7289741703565382}