{"MV1":0.9326371567170679,"MV3":0.14513897793586195,"CH1":0.244392311969579}