{"MV1":0.34861437604468415,"MV3":0.7127319214715494,"CH1":0.3614490234103951}