{"MV1":0.4468822138150679,"MV3":0.9437147982685112,"CH1":0.4672656398416213}