{"MV1":0.8243773884792713,"MV3":0.20499001276173723,"CH1":0.8205282210335022}