{"MV1":0.28884249359000835,"MV3":0.19207435199486877,"CH1":0.9963302759124313}