{"MV1":0.07884224563724052,"MV3":0.6266666353391411,"CH1":0.4801022299252089}