{"MV1":0.38906770631372645,"MV3":0.45002421903393686,"CH1":0.5198906073555253}