{"MV1":0.19164658039306082,"MV3":0.6674781514565697,"CH1":0.4870499904296426}