{"MV1":0.527019673715729,"MV3":0.3407771065086469,"CH1":0.18410902436972587}