{"MV1":0.803326307045525,"MV3":0.9852312670397956,"CH1":0.8181052420805695}