{"MV1":0.37888320444434875,"MV3":0.14735752840993666,"CH1":0.05188938852878844}