{"MV1":0.2173986214774597,"MV3":0.09479397242558707,"CH1":0.24014441220298222}