{"MV1":0.347978454993494,"MV3":0.9965745956899108,"CH1":0.8519325430560521}