{"MV1":0.6559041115837507,"MV3":0.6268248095838871,"CH1":0.5160725257345846}