{"MV1":0.4108838199518581,"MV3":0.3289114876752238,"CH1":0.07053526467023774}