{"MV1":0.5022623670192936,"MV3":0.07703364654549061,"CH1":0.668698510240004}