{"MV1":0.263834922875155,"MV3":0.29148378422393995,"CH1":0.19635401021685406}