{"MV1":0.8849536959300102,"MV3":0.6610182229724523,"CH1":0.9507990814248736}