{"MV1":0.6869054647052735,"MV3":0.657136680393868,"CH1":0.3719113759539563}