{"MV1":0.2290813957853538,"MV3":0.47909476121826866,"CH1":0.4884560309528254}