{"MV1":0.054598876272346275,"MV3":0.8087191094107457,"CH1":0.05237157956146976}