{"MV1":0.539804027200685,"MV3":0.5945659468420659,"CH1":0.08924807071094565}