{"MV1":0.257046328057298,"MV3":0.6813167686506912,"CH1":0.9165319134200719}