{"MV1":0.6103735816295014,"MV3":0.3641502511018556,"CH1":0.15036030214056761}