{"MV1":0.5226948236710078,"MV3":0.4138413279947222,"CH1":0.16944317749379867}