{"MV1":0.5684486376517194,"MV3":0.7977946506717443,"CH1":0.7129493187975778}