{"MV1":0.9076647123561724,"MV3":0.7574380019224456,"CH1":0.22676383913751408}