{"MV1":0.11103249541260052,"MV3":0.2787084284030974,"CH1":0.6775331507695754}