{"MV1":0.06523421640722593,"MV3":0.7880151359979505,"CH1":0.9283705604151804}