{"MV1":0.18817551416303324,"MV3":0.30912052831356496,"CH1":0.5547669925267322}