{"MV1":0.6600849529796905,"MV3":0.30964770581700396,"CH1":0.08070186931924961}