{"MV1":0.7022052195936195,"MV3":0.8266971316546823,"CH1":0.8716181226871133}