{"MV1":0.9948989090390619,"MV3":0.4812710256499527,"CH1":0.5017495349101546}