{"MV1":0.8430700473091993,"MV3":0.2704304976579007,"CH1":0.8970896514808799}