{"MV1":0.7798292110398379,"MV3":0.40167023787783185,"CH1":0.5797672086804506}