{"MV1":0.11720430173408913,"MV3":0.6923353560203768,"CH1":0.30177884717686365}