{"MV1":0.2172793743628436,"MV3":0.6715722778685852,"CH1":0.9062335855815009}