{"MV1":0.3348493058495081,"MV3":0.8576697560723753,"CH1":0.21888155082073824}