{"MV1":0.6418235111442061,"MV3":0.1561639853951261,"CH1":0.2889682659253481}