{"MV1":0.7348970039544913,"MV3":0.7799772159022212,"CH1":0.906530169880644}