{"MV1":0.8395922749411692,"MV3":0.871623690262999,"CH1":0.6831187979643395}