{"MV1":0.609451531444162,"MV3":0.12246980153537046,"CH1":0.8071302761364093}