{"MV1":0.9242065272645725,"MV3":0.20784246454248412,"CH1":0.8617691591410201}