{"MV1":0.5546002072137295,"MV3":0.8038713216623942,"CH1":0.835807065749557}