{"MV1":0.09341383679113624,"MV3":0.5330870926276114,"CH1":0.335066977917}