{"MV1":0.7878209928987917,"MV3":0.7480836275170167,"CH1":0.18810914965206504}