{"MV1":0.6467110365410258,"MV3":0.7398512539268899,"CH1":0.682686149238862}