{"MV1":0.11667641647146931,"MV3":0.9749399517529066,"CH1":0.9050891540422779}