{"MV1":0.63647153389749,"MV3":0.470898899512489,"CH1":0.02481629718313172}