{"MV1":0.4442054845266268,"MV3":0.8314010238994072,"CH1":0.12463396425438955}