{"MV1":0.0778865664255659,"MV3":0.6044274070316752,"CH1":0.4647726908117066}