{"MV1":0.23788422186291458,"MV3":0.24975040692631145,"CH1":0.033139758383131546}