{"MV1":0.9550907100388639,"MV3":0.2541401597522751,"CH1":0.8551482923668504}