{"MV1":0.7597645658135014,"MV3":0.5660507546524726,"CH1":0.4620929833471298}