{"MV1":0.8646356247609864,"MV3":0.5900466392827678,"CH1":0.4550274886103919}