{"MV1":0.8364462002824595,"MV3":0.5271167530742552,"CH1":0.5309804150844529}