{"MV1":0.33708832958151536,"MV3":0.9256636877046447,"CH1":0.7167582804028905}