{"MV1":0.7407338244538931,"MV3":0.16515135181445684,"CH1":0.8985031246704257}