{"MV1":0.10086593709683223,"MV3":0.15000192230095977,"CH1":0.8466578249869114}