{"MV1":0.42889904586627536,"MV3":0.053775451521251405,"CH1":0.6298274961785724}