{"MV1":0.8072177980249134,"MV3":0.7997158078088229,"CH1":0.5815978163291164}