{"MV1":0.6898632219110893,"MV3":0.20295437241683434,"CH1":0.8830001946888496}