{"MV1":0.9078610433900058,"MV3":0.22843699202548995,"CH1":0.4599671465418077}