{"MV1":0.6177465504404198,"MV3":0.5509521706139189,"CH1":0.5853025397023125}