{"MV1":0.42864180113117034,"MV3":0.529555608206827,"CH1":0.2734680113870088}