{"MV1":0.7237768902571553,"MV3":0.09035624139081855,"CH1":0.5706409618717616}