{"MV1":0.20604949825696728,"MV3":0.5833465382324837,"CH1":0.03343532233003432}