{"MV1":0.9940468773942925,"MV3":0.03606592415933618,"CH1":0.3963819716600353}