{"MV1":0.8103388506083147,"MV3":0.4311547440905549,"CH1":0.2822157835201363}