{"MV1":0.978944315278438,"MV3":0.22565005809135774,"CH1":0.2358057756773394}