{"MV1":0.7339609261424643,"MV3":0.0867387372960079,"CH1":0.3007923988407901}