{"MV1":0.8440073685100715,"MV3":0.9773442585540474,"CH1":0.7304482546080007}