{"MV1":0.2433836362851982,"MV3":0.43065139051431167,"CH1":0.662100606040848}