{"MV1":0.7169981255500667,"MV3":0.006612359374458254,"CH1":0.8331638373577301}