{"MV1":0.27968428841729487,"MV3":0.7779338976337586,"CH1":0.7712373128131264}