{"MV1":0.6122645008553232,"MV3":0.28560565049782094,"CH1":0.3926207764508415}