{"MV1":0.10301726588010351,"MV3":0.7710697429299055,"CH1":0.9886005841894088}