{"MV1":0.7235253486895217,"MV3":0.0615447703192844,"CH1":0.18561912187774632}