{"MV1":0.9051960320573355,"MV3":0.5785653363289316,"CH1":0.6768728351537818}