{"MV1":0.18436951002143287,"MV3":0.7482318609847944,"CH1":0.8457588036069137}