{"MV1":0.6739953935693738,"MV3":0.06769010836211331,"CH1":0.04112349451545505}