{"MV1":0.808216478633905,"MV3":0.5168790550204169,"CH1":0.3003858509692787}