{"MV1":0.7280055134625858,"MV3":0.1932237742956071,"CH1":0.35110062091278393}