{"MV1":0.45763605975140553,"MV3":0.8489843969345048,"CH1":0.8949188872265406}