{"MV1":0.8605648372014991,"MV3":0.44919531807030155,"CH1":0.03331906309396693}