{"MV1":0.8797888223441456,"MV3":0.3937967145926953,"CH1":0.760718603486657}