{"MV1":0.008882154936728837,"MV3":0.540934482175434,"CH1":0.19692444798005837}