{"MV1":0.7017240278692034,"MV3":0.27487042758578295,"CH1":0.5678849934365492}