{"MV1":0.1776751892579308,"MV3":0.267059109800423,"CH1":0.6129727422512397}