{"MV1":0.6788488037669068,"MV3":0.5950691479376242,"CH1":0.3624286510880458}