{"MV1":0.45548073869902783,"MV3":0.8453354663117685,"CH1":0.37301137158411446}