{"MV1":0.45188607646741685,"MV3":0.5281848438355184,"CH1":0.5213566439584225}