{"MV1":0.5464162702971259,"MV3":0.44015679068701774,"CH1":0.6116862203916645}