{"MV1":0.672284882327855,"MV3":0.3456262582574624,"CH1":0.1492946785709579}