{"MV1":0.9091055662808598,"MV3":0.2732575484958544,"CH1":0.6251754949548299}