{"MV1":0.47179176628636965,"MV3":0.7126960644359716,"CH1":0.11927164420816583}