{"MV1":0.5835813191282335,"MV3":0.9392852936258417,"CH1":0.4979649093046631}