{"MV1":0.6065913421211493,"MV3":0.14583469207626187,"CH1":0.9143307529170724}