{"MV1":0.662948972502399,"MV3":0.8374948669093089,"CH1":0.5570289692689675}