{"MV1":0.6573779591595573,"MV3":0.4996601842426108,"CH1":0.6245982676901252}