{"MV1":0.6780723807464705,"MV3":0.03503560955688012,"CH1":0.5365206072579298}