{"MV1":0.08440667918158684,"MV3":0.266539067219862,"CH1":0.1840359047144997}