{"MV1":0.36441799996852176,"MV3":0.48020677279492263,"CH1":0.5338894709187348}