{"MV1":0.9123079721879219,"MV3":0.09957665215661582,"CH1":0.15849341677322093}