{"MV1":0.21541407936492918,"MV3":0.9725873466083901,"CH1":0.6503658182600174}