{"MV1":0.8602456235224298,"MV3":0.9008657525864935,"CH1":0.05316391420357891}