{"MV1":0.7733111699168476,"MV3":0.259455809510167,"CH1":0.07416926970518267}