{"MV1":0.9021191534932307,"MV3":0.3066772310003817,"CH1":0.2801708904117174}