{"MV1":0.4590928694329446,"MV3":0.10363415358831063,"CH1":0.7057924102889859}