{"MV1":0.44485523155031614,"MV3":0.3166296566648943,"CH1":0.7255234668955676}