{"MV1":0.09502995132011127,"MV3":0.46946925494056435,"CH1":0.6320553894813096}