{"MV1":0.14375491089160797,"MV3":0.537489594732929,"CH1":0.9031898154173365}