{"MV1":0.7522728538922745,"MV3":0.48494425910809846,"CH1":0.9739177195072214}