{"MV1":0.5977917791276119,"MV3":0.5337422450308653,"CH1":0.4151518750374741}