{"MV1":0.656978036943714,"MV3":0.8612022304412073,"CH1":0.1963526388724326}