{"MV1":0.40625430063306833,"MV3":0.0029187517484557945,"CH1":0.032043690230534994}