{"MV1":0.3919798058091054,"MV3":0.22017774477428154,"CH1":0.6967645877667037}