{"MV1":0.2696155586434589,"MV3":0.40971026672724076,"CH1":0.5328005343201184}