{"MV1":0.9101344163599207,"MV3":0.31487787116659516,"CH1":0.29683411075348154}