{"MV1":0.7825376570814639,"MV3":0.12177001195900738,"CH1":0.03979985864164737}