{"MV1":0.34967929443671053,"MV3":0.8826362913662504,"CH1":0.8565603240387362}