{"MV1":0.3785176734958451,"MV3":0.6904626171933637,"CH1":0.051539143809858246}