{"MV1":0.22986898802571143,"MV3":0.1808020535052709,"CH1":0.016621831272466525}