{"MV1":0.37623248432546585,"MV3":0.4689912204547305,"CH1":0.805597864205852}