{"MV1":0.32005019128596823,"MV3":0.02360868829248386,"CH1":0.9512768927217651}