{"MV1":0.6724257022049499,"MV3":0.8338045370196692,"CH1":0.13821147262142452}