{"MV1":0.9112262719920496,"MV3":0.5354539918399793,"CH1":0.1961977781634644}