{"MV1":0.5934374776629123,"MV3":0.23735242764489772,"CH1":0.3524123326815183}