{"MV1":0.4121491214058446,"MV3":0.7766407129342996,"CH1":0.6030393877717444}