{"MV1":0.11409790843343104,"MV3":0.9694150029604559,"CH1":0.4943483238424846}