{"MV1":0.934980266958566,"MV3":0.7024420887004471,"CH1":0.045999383608017363}