{"MV1":0.08789564481670242,"MV3":0.5055692199722571,"CH1":0.37449339758785416}