{"MV1":0.9830239504531499,"MV3":0.7849913489660212,"CH1":0.39132050333711055}