{"MV1":0.32237700371439326,"MV3":0.10267825770783867,"CH1":0.8797266099762916}