{"MV1":0.1487613833768472,"MV3":0.28352123924209405,"CH1":0.7430370424422826}