{"MV1":0.9311708961072807,"MV3":0.3692261043430144,"CH1":0.6643162820875591}