{"MV1":0.5582705882425036,"MV3":0.24361936583300925,"CH1":0.2914035832125924}