{"MV1":0.995287626728233,"MV3":0.15118002268771058,"CH1":0.9231282150055311}