{"MV1":0.49687524710965025,"MV3":0.6152745934507158,"CH1":0.6710635324498199}