{"MV1":0.2923328996984583,"MV3":0.46623977832563146,"CH1":0.12364511014417123}