{"MV1":0.850754702203444,"MV3":0.3352509710552546,"CH1":0.7480244560336271}