{"MV1":0.386909137589304,"MV3":0.8646767291606006,"CH1":0.5601403035667744}