{"MV1":0.6786395540036639,"MV3":0.16947353843837865,"CH1":0.0932065726590584}