{"MV1":0.6661677053070565,"MV3":0.1242056325673987,"CH1":0.8289121992225349}