{"MV1":0.382145119941239,"MV3":0.015700425448839317,"CH1":0.38065793704313977}