{"MV1":0.6816818500577002,"MV3":0.6086534610396604,"CH1":0.628985000086544}