{"MV1":0.8405078111891559,"MV3":0.7013137723776814,"CH1":0.4448553618951605}