{"MV1":0.5449920613472533,"MV3":0.9349513402369493,"CH1":0.9247725646568845}