{"MV1":0.12173513532577374,"MV3":0.4491499597037918,"CH1":0.8400316707018654}