{"MV1":0.7951394137574513,"MV3":0.15861597597756572,"CH1":0.8895690049637599}