{"MV1":0.015010801967688225,"MV3":0.5058428908844074,"CH1":0.4184498178579711}