{"MV1":0.20805749873310497,"MV3":0.12414699079657154,"CH1":0.7713188280637777}