{"MV1":0.8692083903227895,"MV3":0.9971707846966092,"CH1":0.7366369575031378}