{"MV1":0.23822165533178252,"MV3":0.8623583506477254,"CH1":0.7452361390784231}