{"MV1":0.13526068559391524,"MV3":0.6520408459140785,"CH1":0.6721508964851527}