{"MV1":0.414551246058393,"MV3":0.057342487291544786,"CH1":0.8670935166474533}