{"MV1":0.4147121055255911,"MV3":0.8331553459319052,"CH1":0.015137436462741682}