{"MV1":0.8444564119882184,"MV3":0.03976450267908904,"CH1":0.8358531486323397}