{"MV1":0.14380026041484184,"MV3":0.5170626965057786,"CH1":0.9625030815607752}