{"MV1":0.0875510752052473,"MV3":0.16836189954434555,"CH1":0.4889393471610032}