{"MV1":0.8551301111330215,"MV3":0.5309776827179824,"CH1":0.32380824097120553}