{"MV1":0.4097742110499466,"MV3":0.47558911512284296,"CH1":0.8919512749371676}