{"MV1":0.012465252569623497,"MV3":0.45408468677223657,"CH1":0.48611987944945956}