{"MV1":0.329835769464913,"MV3":0.2723506192585199,"CH1":0.014836456533155351}