{"MV1":0.22993721611632145,"MV3":0.7448278863242328,"CH1":0.2876791569155118}