{"MV1":0.6672705683439892,"MV3":0.11584024648770685,"CH1":0.529027809671373}