{"MV1":0.6134352150904699,"MV3":0.5718640551057915,"CH1":0.9582058771655868}