{"MV1":0.5349816334775729,"MV3":0.28927414342413094,"CH1":0.718289718515355}