{"MV1":0.826413646369784,"MV3":0.26718619445081837,"CH1":0.5536503035340878}