{"MV1":0.23649632351165462,"MV3":0.9972620431893966,"CH1":0.18614950631121385}