{"MV1":0.3076290397043512,"MV3":0.40077995573183267,"CH1":0.11685547309284217}