{"MV1":0.5520072209003202,"MV3":0.2867283255738078,"CH1":0.4972392849727675}