{"MV1":0.13748283786784332,"MV3":0.8495492625647553,"CH1":0.9324913234476755}