{"MV1":0.0700804738633325,"MV3":0.07185163639600067,"CH1":0.18043674205596705}