{"MV1":0.6924294760159957,"MV3":0.9672750090958121,"CH1":0.23595431515771337}