{"MV1":0.9311145167198607,"MV3":0.04195153401198726,"CH1":0.18852038322432696}