{"MV1":0.8480347483299987,"MV3":0.03650667244893424,"CH1":0.25965521163042826}