{"MV1":0.09591208002584772,"MV3":0.4081614715363985,"CH1":0.9033757288761728}