{"MV1":0.3774657361939362,"MV3":0.22966559972673206,"CH1":0.6322885112755063}