{"MV1":0.7283636483008973,"MV3":0.37189755615732356,"CH1":0.8986354207265871}