{"MV1":0.7266730897557544,"MV3":0.5567556601768366,"CH1":0.5335873709052814}