{"MV1":0.8538022514829566,"MV3":0.22636052787917316,"CH1":0.744577094151293}