{"MV1":0.2977014168182033,"MV3":0.8413965408535843,"CH1":0.8586846862779203}