{"MV1":0.8816331459524089,"MV3":0.44080771883533365,"CH1":0.8315107063796552}