{"MV1":0.8444412331836284,"MV3":0.6581536286839054,"CH1":0.5076289341361984}