{"MV1":0.45912817705723474,"MV3":0.6144306412963642,"CH1":0.4009749998375338}