{"MV1":0.1422249457164333,"MV3":0.4436046841432151,"CH1":0.3574284855766503}