{"MV1":0.6738464726064944,"MV3":0.9620229215246854,"CH1":0.08077138953490981}