{"MV1":0.24774899197594746,"MV3":0.9834143349618382,"CH1":0.2630396524326659}