{"MV1":0.24201663541115126,"MV3":0.20796754007573193,"CH1":0.7715973797460933}