{"MV1":0.6254076876957451,"MV3":0.6803620976966329,"CH1":0.7276305838425553}