{"MV1":0.20673088849018972,"MV3":0.5852721719435309,"CH1":0.9230217328827764}