{"MV1":0.04054926853948604,"MV3":0.39931013922939007,"CH1":0.8920890370699108}