{"MV1":0.4046228732328725,"MV3":0.04535349539792377,"CH1":0.2201325196027517}