{"MV1":0.2918116624074272,"MV3":0.5209443901474752,"CH1":0.8650110999448254}