{"MV1":0.09002011253477005,"MV3":0.21924111588658257,"CH1":0.30909382640186067}