{"MV1":0.747714178485592,"MV3":0.7301035130727545,"CH1":0.5930382368936282}