{"MV1":0.8802636433350874,"MV3":0.09384265777596468,"CH1":0.4925315381578731}