{"MV1":0.5952408649918031,"MV3":0.8235773042656717,"CH1":0.5070850599452189}