{"MV1":0.8500419730669495,"MV3":0.3825968988516133,"CH1":0.33959912504242507}