{"MV1":0.5998252892495985,"MV3":0.30373140737700544,"CH1":0.7648369175521705}