{"MV1":0.6063426961598664,"MV3":0.5449094549766261,"CH1":0.24138335864861937}