{"MV1":0.2691869346083472,"MV3":0.8434456250751177,"CH1":0.7815007380061647}