{"MV1":0.21522718945885988,"MV3":0.5470144462998688,"CH1":0.8792914584935423}