{"MV1":0.6234494975961554,"MV3":0.5703085081191022,"CH1":0.6159360580703562}