{"MV1":0.5558841394993904,"MV3":0.05462012502511915,"CH1":0.8202312670553165}