{"MV1":0.16226697016142355,"MV3":0.25879553182403436,"CH1":0.08406979889686239}