{"MV1":0.3095537006590682,"MV3":0.8779242763100846,"CH1":0.9889638255469687}