{"MV1":0.05108757511697748,"MV3":0.49149520607159425,"CH1":0.9697065136577068}