{"MV1":0.02835090676807339,"MV3":0.9320006899896168,"CH1":0.9127595291717628}