{"MV1":0.6842836419966326,"MV3":0.2930303693884839,"CH1":0.7144184323689566}