{"MV1":0.6454623554324908,"MV3":0.9331950879184031,"CH1":0.30119154290878025}