{"MV1":0.016231842934257834,"MV3":0.19938826076541183,"CH1":0.5385969361481778}