{"MV1":0.6884641128211291,"MV3":0.05177388111213843,"CH1":0.5937309164640373}