{"MV1":0.14139399033979805,"MV3":0.9701879997831244,"CH1":0.29778779299776237}