{"MV1":0.30495653050581084,"MV3":0.6129326691280061,"CH1":0.23463410406028595}