{"MV1":0.2987405338212228,"MV3":0.7616207698545401,"CH1":0.9078468335343328}