{"MV1":0.08208908230205969,"MV3":0.1736525544243247,"CH1":0.6651926437709922}