{"MV1":0.9650089725971995,"MV3":0.6993249325601655,"CH1":0.34345269260942646}