{"MV1":0.36066475246923113,"MV3":0.8869092352406042,"CH1":0.4729898997344766}