{"MV1":0.7397860777133154,"MV3":0.5922740838569303,"CH1":0.4715860111689457}