{"MV1":0.8764664005002478,"MV3":0.8877933105182991,"CH1":0.7723376081136755}