{"MV1":0.062448799793304755,"MV3":0.9456751118870758,"CH1":0.6163013149142309}