{"MV1":0.035166783981455896,"MV3":0.02686714927439149,"CH1":0.47131334838118044}