{"MV1":0.6682190287408044,"MV3":0.8788551241777801,"CH1":0.4571297441595118}