{"MV1":0.29679664541840345,"MV3":0.8318520976174533,"CH1":0.38265145378266463}