{"MV1":0.12177821670668465,"MV3":0.27129821756676953,"CH1":0.09846977733402074}