{"MV1":0.9313367932365871,"MV3":0.3563331765225378,"CH1":0.19209976759603287}