{"MV1":0.27132793568787716,"MV3":0.6056047238384044,"CH1":0.05948063794225755}