{"MV1":0.694990928460316,"MV3":0.10999443507741813,"CH1":0.8663976907071074}