{"MV1":0.38773940871503065,"MV3":0.6041566882598656,"CH1":0.832166376873651}