{"MV1":0.24720663024922362,"MV3":0.08587637748400734,"CH1":0.8408716838409432}