{"MV1":0.7689055600829493,"MV3":0.9900347044741564,"CH1":0.8875186574134705}