{"MV1":0.7387462744768415,"MV3":0.061046255826523455,"CH1":0.33550252546639625}