{"MV1":0.7393353590343309,"MV3":0.7913716351985435,"CH1":0.26726457105771895}