{"MV1":0.05931915541816446,"MV3":0.8540878625561921,"CH1":0.1455780803410247}