{"MV1":0.419511212821464,"MV3":0.36159065293897263,"CH1":0.12041203440358572}