{"MV1":0.15690096143791232,"MV3":0.7984645903406423,"CH1":0.6833081644359849}