{"MV1":0.24576145367843405,"MV3":0.354508891397316,"CH1":0.6572211066506919}