{"MV1":0.4453031641473746,"MV3":0.6537870295280013,"CH1":0.4814998477882144}