{"MV1":0.5439200699337772,"MV3":0.8399449004334283,"CH1":0.9329193172050663}