{"MV1":0.5374504303808307,"MV3":0.8546517856285648,"CH1":0.3739787723952548}