{"MV1":0.08556097470716606,"MV3":0.08694068094202878,"CH1":0.8991180762877741}