{"MV1":0.4931581510713,"MV3":0.9244073953696904,"CH1":0.3092525735542383}