{"MV1":0.9825646042580777,"MV3":0.621679065017661,"CH1":0.5043991977937822}