{"MV1":0.9391553841872868,"MV3":0.11442341378600507,"CH1":0.7997469446541621}