{"MV1":0.45121954777090734,"MV3":0.6966054960238132,"CH1":0.9181194764681374}