{"MV1":0.5319738536636027,"MV3":0.9023312539081472,"CH1":0.5522049671511531}