{"MV1":0.8098785339675597,"MV3":0.9272949039450579,"CH1":0.6621052478681759}