{"MV1":0.5942754353400239,"MV3":0.5520970613615162,"CH1":0.40599999207291637}