{"MV1":0.71831006940471,"MV3":0.06614547017870032,"CH1":0.010265226221414014}