{"MV1":0.36806721014407895,"MV3":0.13730211798987602,"CH1":0.9144792971276805}