{"MV1":0.194024036422888,"MV3":0.8710647998341157,"CH1":0.7238334006053645}