{"MV1":0.7765244670589256,"MV3":0.8950294693827127,"CH1":0.8291650271204017}