{"MV1":0.8226401459822156,"MV3":0.7119397130556776,"CH1":0.04811953360705057}