{"MV1":0.30566926874276346,"MV3":0.8535919163051401,"CH1":0.42374668057170894}