{"MV1":0.9491214385796086,"MV3":0.3501231069221302,"CH1":0.3545120031736575}