{"MV1":0.08296229378145592,"MV3":0.9693127647645987,"CH1":0.7951270841699617}