{"MV1":0.24248306598111413,"MV3":0.13761111002269377,"CH1":0.4292428737780293}