{"MV1":0.19471396708195,"MV3":0.8990276868410053,"CH1":0.41563098450397407}