{"MV1":0.4169747356048632,"MV3":0.2577447205742839,"CH1":0.3011148606648998}