{"MV1":0.5118615121091656,"MV3":0.568625784600518,"CH1":0.1661558174962372}