{"MV1":0.7245910822999002,"MV3":0.8969330803125957,"CH1":0.4787641334337557}