{"MV1":0.5380847115629251,"MV3":0.053413498634193646,"CH1":0.45447301232648163}