{"MV1":0.4708099532121828,"MV3":0.04055228239141162,"CH1":0.9801040007665036}