{"MV1":0.7124680745856277,"MV3":0.009414422488114194,"CH1":0.9360622478714424}