{"MV1":0.35996854083969965,"MV3":0.12989006380121593,"CH1":0.3141349950902247}