{"MV1":0.26251628379380954,"MV3":0.7038426477240524,"CH1":0.04678621904597147}