{"MV1":0.1652898646257609,"MV3":0.9214212171918111,"CH1":0.9620890589661214}