{"MV1":0.48151368840178155,"MV3":0.2785984128020512,"CH1":0.30721814336974995}