{"MV1":0.033004362176713875,"MV3":0.9381232926120777,"CH1":0.694218686741132}