{"MV1":0.11877388828782809,"MV3":0.6597288349284082,"CH1":0.6079518715670437}