{"MV1":0.9157549082720834,"MV3":0.5040004524860988,"CH1":0.5004804623002147}