{"MV1":0.8359305373122357,"MV3":0.9783726102921682,"CH1":0.2061439207154524}