{"MV1":0.6444615348196535,"MV3":0.29467507788490843,"CH1":0.005154021860154456}