{"MV1":0.3002600965261155,"MV3":0.811574425401005,"CH1":0.116499853128335}