{"MV1":0.9024759779430122,"MV3":0.47924443134547345,"CH1":0.39258614164455496}