{"MV1":0.40089778896967254,"MV3":0.18822206401425812,"CH1":0.2981234670393704}