{"MV1":0.570248678763915,"MV3":0.2165328276661065,"CH1":0.3726064343324371}