{"MV1":0.15881820355520915,"MV3":0.41543748218411847,"CH1":0.436937278241213}