{"MV1":0.5832352614133197,"MV3":0.6614239705842366,"CH1":0.48724439159846256}