{"MV1":0.20331387959231817,"MV3":0.6451479682765484,"CH1":0.15855937564887834}