{"MV1":0.8910291226336065,"MV3":0.9486133572032912,"CH1":0.5012899283713387}