{"MV1":0.657217234805858,"MV3":0.8417834737338413,"CH1":0.9499818101281634}