{"MV1":0.6753693288082163,"MV3":0.038850966992369784,"CH1":0.9413408802986616}