{"MV1":0.46255186499532863,"MV3":0.00415813890429495,"CH1":0.5511797776204399}