{"MV1":0.9551316680000805,"MV3":0.06892662345847855,"CH1":0.2418506368592529}