{"MV1":0.9243683900560657,"MV3":0.025675996129165712,"CH1":0.845364070723514}