{"MV1":0.09596840003722373,"MV3":0.6483616022236736,"CH1":0.5563544481873767}