{"MV1":0.0005286597159535056,"MV3":0.5496228396854239,"CH1":0.0030261468526152635}