{"MV1":0.8311792175065484,"MV3":0.47261108967000387,"CH1":0.5483945392176652}