{"MV1":0.7825645228190857,"MV3":0.5609937984434659,"CH1":0.19194188175049887}