{"MV1":0.7641919188266022,"MV3":0.8891312310689788,"CH1":0.4733323345352285}