{"MV1":0.9131579610629537,"MV3":0.9543999797887213,"CH1":0.10010944269263489}