{"MV1":0.20330175641460801,"MV3":0.7465945698555942,"CH1":0.442318999272588}