{"MV1":0.877037091779358,"MV3":0.6178540633166569,"CH1":0.310688336851631}