{"MV1":0.47578375942026796,"MV3":0.11653557184440244,"CH1":0.5554588044238364}