{"MV1":0.4291086358292875,"MV3":0.28371130025074864,"CH1":0.16523293308162634}