{"MV1":0.05872137855031334,"MV3":0.9250371540682378,"CH1":0.910158714629975}