{"MV1":0.7399965677164884,"MV3":0.9993501276663473,"CH1":0.7367250167959656}