{"MV1":0.5674996137057143,"MV3":0.9981012160406271,"CH1":0.7145914192325912}