{"MV1":0.3449966290326363,"MV3":0.5419304966967979,"CH1":0.5902009487012788}