{"MV1":0.7667112714851742,"MV3":0.1637357199294741,"CH1":0.7989359609511718}