{"MV1":0.17932305554614725,"MV3":0.7598331999844098,"CH1":0.8286507755470044}