{"MV1":0.2291943488846684,"MV3":0.5648535782384326,"CH1":0.03576230642339984}