{"MV1":0.11690162037919316,"MV3":0.5217729356594185,"CH1":0.7215667521747179}