{"MV1":0.20136611680156058,"MV3":0.19847355452353999,"CH1":0.20093672522516726}