{"MV1":0.1012131680853341,"MV3":0.983851290257988,"CH1":0.5031831711993506}