{"MV1":0.3594571191749546,"MV3":0.22761890274827423,"CH1":0.1861285434500075}