{"MV1":0.25779600420813664,"MV3":0.2142438250316453,"CH1":0.409774988700788}