{"MV1":0.6629632569900196,"MV3":0.7083674849440829,"CH1":0.9396168009913463}