{"MV1":0.5884780356910405,"MV3":0.2735578648123451,"CH1":0.3516288444444149}