{"MV1":0.5279743264055261,"MV3":0.47590331189467017,"CH1":0.5987830851029616}