{"MV1":0.9434306542014509,"MV3":0.6968391164107648,"CH1":0.48193202227938725}