{"MV1":0.006885875445674983,"MV3":0.9852042134743366,"CH1":0.6745524764168875}