{"MV1":0.3262929461045804,"MV3":0.3968188059394895,"CH1":0.5133911150385939}