{"MV1":0.23557075209724732,"MV3":0.1940412165723855,"CH1":0.6196553235200013}