{"MV1":0.5177005485373015,"MV3":0.007615378095739644,"CH1":0.5750824030525546}