{"MV1":0.2406801102283722,"MV3":0.8097746317472383,"CH1":0.31575453685771393}