{"MV1":0.7242792447404419,"MV3":0.8342960042579342,"CH1":0.199208574014349}