{"MV1":0.906903878150723,"MV3":0.9901652315792991,"CH1":0.27854272439675387}