{"MV1":0.11846262175183864,"MV3":0.5022962377180055,"CH1":0.40790716156408025}