{"MV1":0.3113511113847275,"MV3":0.20069906705306495,"CH1":0.27461075832161963}