{"MV1":0.5837834424939017,"MV3":0.1581433072111671,"CH1":0.9453618447480632}