{"MV1":0.8055408752656541,"MV3":0.3481458811353999,"CH1":0.9867123546356511}