{"MV1":0.9857577315070377,"MV3":0.4729943956825696,"CH1":0.45063157372577656}