{"MV1":0.937526258418117,"MV3":0.5170356751636273,"CH1":0.5583332735418954}