{"MV1":0.4661864391494749,"MV3":0.4413072339305595,"CH1":0.9546117199179915}