{"MV1":0.02841933902235627,"MV3":0.43075850646897995,"CH1":0.5317878495589097}