{"MV1":0.8059006649044129,"MV3":0.4981859780036241,"CH1":0.5863319680192149}