{"MV1":0.6178711188040952,"MV3":0.9907227687657677,"CH1":0.44702930019141096}