{"MV1":0.9024795172291302,"MV3":0.47528930997022445,"CH1":0.8357338013207922}