{"MV1":0.19360035136848575,"MV3":0.02946049926094585,"CH1":0.25554790560939133}