{"MV1":0.6467937687357305,"MV3":0.8285983634962804,"CH1":0.7684617354229445}