{"MV1":0.9215972496255389,"MV3":0.11848606288168129,"CH1":0.6974404406578274}