{"MV1":0.6079534024099791,"MV3":0.4841412804516865,"CH1":0.9937890618120039}