{"MV1":0.909855855430505,"MV3":0.25489915183765255,"CH1":0.5406874298258402}