{"MV1":0.9366744842675772,"MV3":0.7576103243032482,"CH1":0.8029055170152644}