{"MV1":0.680046763361519,"MV3":0.7466447347898876,"CH1":0.8788724243254409}