{"MV1":0.6187743033548443,"MV3":0.8034938964013442,"CH1":0.8308231209879672}