{"MV1":0.9994763059899487,"MV3":0.013441358431057648,"CH1":0.8065445969141222}