{"MV1":0.14464085390762638,"MV3":0.7607605531775321,"CH1":0.543282303596677}