{"MV1":0.5036154727931772,"MV3":0.683736226676524,"CH1":0.3041905565839558}