{"MV1":0.8155433538159607,"MV3":0.47199839468185933,"CH1":0.17442130905171338}