{"MV1":0.35693457579458177,"MV3":0.28657864158486945,"CH1":0.8843115525154768}