{"MV1":0.5879396565183348,"MV3":0.8944843817431078,"CH1":0.1143638722159126}