{"MV1":0.41251084161372376,"MV3":0.5245107810523881,"CH1":0.9171918402087837}