{"MV1":0.9103133343603729,"MV3":0.9978718147440233,"CH1":0.1112077437382355}