{"MV1":0.42134750410572086,"MV3":0.8462253451628802,"CH1":0.09305104925960139}