{"MV1":0.39918014930045786,"MV3":0.17925666702147847,"CH1":0.4602883022135703}