{"MV1":0.6199664655850927,"MV3":0.1612595408014984,"CH1":0.6649119243798772}