{"MV1":0.6498240205614763,"MV3":0.545218678466183,"CH1":0.4750006554504723}