{"MV1":0.5029881175642257,"MV3":0.5265804402280445,"CH1":0.5774430743258343}