{"MV1":0.2583584152725523,"MV3":0.4925888756137662,"CH1":0.10819405561817652}