{"MV1":0.024838364822796777,"MV3":0.5925094163739227,"CH1":0.42558472050518725}