{"MV1":0.2319115646024449,"MV3":0.9108521660105742,"CH1":0.7512080934337017}