{"MV1":0.06172655660402793,"MV3":0.35802349431363945,"CH1":0.654131902125494}