{"MV1":0.8296169214077985,"MV3":0.24627869318968065,"CH1":0.5741359289259204}