{"MV1":0.9379563794992718,"MV3":0.38096249017813155,"CH1":0.07704996430492039}