{"MV1":0.6487570836642387,"MV3":0.11769853309450218,"CH1":0.604687558602291}