{"MV1":0.5531617672459449,"MV3":0.35364301672065857,"CH1":0.8966803954091355}