{"MV1":0.7481400973601289,"MV3":0.2638337057244713,"CH1":0.728814826875018}