{"MV1":0.20193395962620642,"MV3":0.3836020238540445,"CH1":0.5284664514760309}