{"MV1":0.5511794886353607,"MV3":0.7960994669263157,"CH1":0.5731684788036047}