{"MV1":0.1592680607862088,"MV3":0.015527040535280645,"CH1":0.8846399912701336}