{"MV1":0.2218994348223885,"MV3":0.0951404389615329,"CH1":0.07040492358632977}