{"MV1":0.6261289457447642,"MV3":0.7355594327639801,"CH1":0.2966114675633359}