{"MV1":0.6952008182342166,"MV3":0.050019618750258954,"CH1":0.9099114435723367}