{"MV1":0.20289825459577293,"MV3":0.17794570852665215,"CH1":0.9327066217177785}