{"MV1":0.5144230424118766,"MV3":0.42867471650486655,"CH1":0.7471380105405695}