{"MV1":0.21017274164132038,"MV3":0.9178523338619066,"CH1":0.6699753173126949}