{"MV1":0.4452472422305157,"MV3":0.8126230905401933,"CH1":0.15118094600181708}