{"MV1":0.403824551557065,"MV3":0.017776687340927633,"CH1":0.08952695491213492}