{"MV1":0.34224042875631333,"MV3":0.1699279237611786,"CH1":0.8041544996212497}