{"MV1":0.3252671819921189,"MV3":0.18871597339306212,"CH1":0.8641494393796978}