{"MV1":0.15975953941569565,"MV3":0.8468179720549457,"CH1":0.975561854593218}