{"MV1":0.7272249134085581,"MV3":0.6910757061981011,"CH1":0.20657595791311145}