{"MV1":0.5884569004742749,"MV3":0.4697642969040152,"CH1":0.3919920712906476}