{"MV1":0.29829407767243066,"MV3":0.7091769764178356,"CH1":0.4886022221448818}