{"MV1":0.5366589711567719,"MV3":0.7643813069561954,"CH1":0.03543874043615669}