{"MV1":0.38478602815319896,"MV3":0.0464505102792514,"CH1":0.8138650253030275}