{"MV1":0.04836360683510155,"MV3":0.5640417881632043,"CH1":0.6988123351943696}