{"MV1":0.1754836525260277,"MV3":0.5827343334754441,"CH1":0.1454345898691798}