{"MV1":0.925604346129991,"MV3":0.525000302140525,"CH1":0.20403908255536707}