{"MV1":0.01507202289653553,"MV3":0.19992842593060922,"CH1":0.36604827417577923}