{"MV1":0.9699934643146152,"MV3":0.9724290047091876,"CH1":0.9869565404006977}