{"MV1":0.2911956188018603,"MV3":0.56156285813092,"CH1":0.09722393301991172}