{"MV1":0.33916413769795695,"MV3":0.4815695147676563,"CH1":0.08171334106381434}