{"MV1":0.4065037058360633,"MV3":0.9984417704425328,"CH1":0.8584134825551718}