{"MV1":0.7092734121089351,"MV3":0.5106760722854107,"CH1":0.643364117213172}