{"MV1":0.7468996288141572,"MV3":0.7574571296606962,"CH1":0.16050597972110636}