{"MV1":0.006901908544790114,"MV3":0.1170881669082714,"CH1":0.6352063761397133}