{"MV1":0.48612217737912233,"MV3":0.6756911293779226,"CH1":0.2886536485001212}