{"MV1":0.48630241460277,"MV3":0.4852475388157732,"CH1":0.8022948485788228}