{"MV1":0.3635791462279574,"MV3":0.7632787000948803,"CH1":0.38344950877717277}