{"MV1":0.6719229859516256,"MV3":0.3521584947217483,"CH1":0.03414466834617147}