{"MV1":0.6779981609856364,"MV3":0.5466268403233985,"CH1":0.7566800698223647}