{"MV1":0.540973105521276,"MV3":0.22637759519278855,"CH1":0.8227895777421977}