{"MV1":0.12730554420976714,"MV3":0.8074553701828846,"CH1":0.9859210379344736}