{"MV1":0.9472344249396338,"MV3":0.2660538482257818,"CH1":0.8749284749021713}