{"MV1":0.5248984212931439,"MV3":0.9847330891393159,"CH1":0.6520300557610503}