{"MV1":0.6470929910945864,"MV3":0.983758903048917,"CH1":0.2988734414843861}