{"MV1":0.20734212650032158,"MV3":0.3842483198399391,"CH1":0.8915979519843302}