{"MV1":0.8120901805525302,"MV3":0.5272786630362488,"CH1":0.7855109171950205}