{"MV1":0.5988870655816609,"MV3":0.4509350010972222,"CH1":0.5733123927927365}