{"MV1":0.8589455524699164,"MV3":0.32388800316951283,"CH1":0.4683878436978297}