{"MV1":0.8032076362825148,"MV3":0.7784114671974343,"CH1":0.6805054606230172}