{"MV1":0.6412933995413297,"MV3":0.05584420360539355,"CH1":0.9370370938249175}