{"MV1":0.7830732050156899,"MV3":0.8277655646243147,"CH1":0.39146627409275203}