{"MV1":0.7100634281685089,"MV3":0.27504662112990996,"CH1":0.6740024263412997}