{"MV1":0.8259478411507157,"MV3":0.5525502355652497,"CH1":0.47939743299552084}