{"MV1":0.925515893523443,"MV3":0.3635871239544225,"CH1":0.1238744960935908}