{"MV1":0.6860666761359046,"MV3":0.37438670587887957,"CH1":0.45052866102392086}