{"MV1":0.08217039232282097,"MV3":0.21504172358109963,"CH1":0.6723711212902473}