{"MV1":0.4017353047676532,"MV3":0.4498623208247291,"CH1":0.9804563834123466}