{"MV1":0.33567548492279253,"MV3":0.8876684793648213,"CH1":0.2251621176484282}