{"MV1":0.805131663017338,"MV3":0.3214898625130964,"CH1":0.6957355830573962}