{"MV1":0.13147758529647324,"MV3":0.5510860740391381,"CH1":0.3236420174155614}