{"MV1":0.7978646340681769,"MV3":0.2938564309900882,"CH1":0.7014364022246828}