{"MV1":0.632330113798715,"MV3":0.941362881837291,"CH1":0.6990755407323903}