{"MV1":0.17224510284946082,"MV3":0.8510418711117275,"CH1":0.3613849038518484}