{"MV1":0.8068345503973029,"MV3":0.441671018497785,"CH1":0.2976645619811108}