{"MV1":0.6374226316729762,"MV3":0.8494777888132521,"CH1":0.09595669900674597}