{"MV1":0.6790019997475225,"MV3":0.8685317249474028,"CH1":0.7245021375658062}