{"MV1":0.56648376917123,"MV3":0.02385666191168745,"CH1":0.8372286400006181}