{"MV1":0.905141276996096,"MV3":0.7690708419858807,"CH1":0.16396202385389635}