{"MV1":0.6024450626305455,"MV3":0.9764240986860853,"CH1":0.18336444799095553}