{"MV1":0.8090150302172235,"MV3":0.7134300908290796,"CH1":0.15523142832002468}