{"MV1":0.7830371561284835,"MV3":0.3815121386068746,"CH1":0.011902738377477906}