{"MV1":0.6583837186598618,"MV3":0.09738716954548432,"CH1":0.07106613473577839}