{"MV1":0.7338557269022705,"MV3":0.1411115538283657,"CH1":0.6876792373370939}