{"MV1":0.38947553532650614,"MV3":0.08193993030602043,"CH1":0.6353436534384309}