{"MV1":0.865318514379589,"MV3":0.9830467529950917,"CH1":0.2603652737264138}