{"MV1":0.1180809904462149,"MV3":0.8326026467940458,"CH1":0.7704095587671614}