{"MV1":0.8221675924879616,"MV3":0.5251682169504043,"CH1":0.9020945994396512}