{"MV1":0.05267669360423344,"MV3":0.14571372160182294,"CH1":0.6885625759576391}