{"MV1":0.0528508841033295,"MV3":0.6506812789348575,"CH1":0.11060616124908429}