{"MV1":0.6046372927737672,"MV3":0.504905722319873,"CH1":0.32040339735033097}