{"MV1":0.5804341103594232,"MV3":0.09752260397106782,"CH1":0.48553866367993215}