{"MV1":0.04057840250650524,"MV3":0.6563852167667991,"CH1":0.4826539061260542}