{"MV1":0.5034817033355979,"MV3":0.31600291137875625,"CH1":0.26317414549994733}