{"MV1":0.7659811194076176,"MV3":0.8731945123596978,"CH1":0.666088973775976}