{"MV1":0.5305884539396063,"MV3":0.7654521746623635,"CH1":0.27589385506646946}