{"MV1":0.21449072583907414,"MV3":0.5446679017977102,"CH1":0.2708721505820253}