{"MV1":0.6482836950449673,"MV3":0.7012680458016111,"CH1":0.9575881022449202}