{"MV1":0.09816481888513895,"MV3":0.044350952973035374,"CH1":0.8234622327894832}