{"MV1":0.7772066255483788,"MV3":0.9887368722035856,"CH1":0.6540501409868911}