{"MV1":0.04937320966868963,"MV3":0.5777892233940096,"CH1":0.36350659300739896}