{"MV1":0.5388301949602994,"MV3":0.8693655841892342,"CH1":0.791149912747536}