{"MV1":0.7968504348953701,"MV3":0.8514248468646336,"CH1":0.24346351715021852}