{"MV1":0.0559368294827961,"MV3":0.0006523378402856217,"CH1":0.9607632996064481}