{"MV1":0.2975042266948438,"MV3":0.8394768691256641,"CH1":0.6684708633182539}