{"MV1":0.7913160738395493,"MV3":0.8774429536533915,"CH1":0.5318046129883441}