{"MV1":0.2814137502827978,"MV3":0.7440139730836053,"CH1":0.9435208249266607}