{"MV1":0.3841392315779085,"MV3":0.15988751893998598,"CH1":0.41355343671026745}