{"MV1":0.11743589785022779,"MV3":0.8921649123976966,"CH1":0.31969704088102646}