{"MV1":0.9816620612056319,"MV3":0.20235855832416283,"CH1":0.42333505540443395}