{"MV1":0.0594129712284881,"MV3":0.8854754035764815,"CH1":0.6358736783104507}