{"MV1":0.34366856479225927,"MV3":0.9121992388872149,"CH1":0.09220602586314797}