{"MV1":0.5888206380770564,"MV3":0.672882960615728,"CH1":0.9909410883864394}