{"MV1":0.0873095378607871,"MV3":0.6433276964743467,"CH1":0.6383677495739317}