{"MV1":0.6653409334302677,"MV3":0.8262269551777369,"CH1":0.5161992111035734}