{"MV1":0.8230276398639803,"MV3":0.7708275736381937,"CH1":0.2866580952656165}