{"MV1":0.48899348460501046,"MV3":0.4111664816544305,"CH1":0.856366375840304}