{"MV1":0.34323802854747976,"MV3":0.45965481770828553,"CH1":0.07051333650207192}