{"MV1":0.01664085855186348,"MV3":0.449812945053253,"CH1":0.3868436375770441}