{"MV1":0.24326092160997026,"MV3":0.07170387437266512,"CH1":0.010788812225626554}