{"MV1":0.5665198191204609,"MV3":0.5630733454398145,"CH1":0.11298687378007655}