{"MV1":0.003047396248013756,"MV3":0.1492992512367214,"CH1":0.34026345379573997}