{"MV1":0.5204015153777755,"MV3":0.4968483930681781,"CH1":0.8054787027047476}