{"MV1":0.6569866436319471,"MV3":0.35013534157811677,"CH1":0.23074014499139672}