{"MV1":0.5728672459047238,"MV3":0.981107814575466,"CH1":0.47902608939431846}