{"MV1":0.9179901177878692,"MV3":0.021026217447614126,"CH1":0.1777706621395212}