{"MV1":0.6760933513115825,"MV3":0.1756889263528677,"CH1":0.7931698952266045}