{"MV1":0.8760681739967443,"MV3":0.9216784949389393,"CH1":0.7049203126747425}