{"MV1":0.33718882288635676,"MV3":0.81716544608121,"CH1":0.8221957210381214}