{"MV1":0.7882328522003157,"MV3":0.4344494926204937,"CH1":0.6867215888335123}