{"MV1":0.3677876952724143,"MV3":0.6954218626410353,"CH1":0.6282117572127693}