{"MV1":0.7134356162150554,"MV3":0.571203297428769,"CH1":0.15404747072751612}