{"MV1":0.06338106586094838,"MV3":0.2912289131083945,"CH1":0.8030209171058779}