{"MV1":0.9671089725904205,"MV3":0.41203641823521875,"CH1":0.49493452346483413}