{"MV1":0.775086416765855,"MV3":0.8940172001117984,"CH1":0.8424534933502088}