{"MV1":0.9551771510691461,"MV3":0.30074867576614983,"CH1":0.4979048857851769}