{"MV1":0.6552107469136329,"MV3":0.009458552695769007,"CH1":0.9597410413342534}