{"MV1":0.057412983834785325,"MV3":0.6079723458816081,"CH1":0.7687111487181348}