{"MV1":0.6894951563286318,"MV3":0.3868470989806325,"CH1":0.5502108169497624}