{"MV1":0.6655858188411643,"MV3":0.8705945720707194,"CH1":0.7955413696183002}