{"MV1":0.42652060852272944,"MV3":0.38046676888069464,"CH1":0.9286953253901842}