{"MV1":0.05734987984877182,"MV3":0.6021138739267519,"CH1":0.9510428428025349}