{"MV1":0.27251698187180495,"MV3":0.6251062989775452,"CH1":0.2925771231692246}