{"MV1":0.1508277126422426,"MV3":0.18538936046780508,"CH1":0.17601014915597524}