{"MV1":0.1252379428402023,"MV3":0.24226467987494626,"CH1":0.3527548897181859}