{"MV1":0.934906983915895,"MV3":0.7642165759655483,"CH1":0.49816790629292984}