{"MV1":0.5451846453283764,"MV3":0.3361377766132405,"CH1":0.3070693752828987}