{"MV1":0.4319052453875031,"MV3":0.13822223353829577,"CH1":0.8151242465596638}