{"MV1":0.6778262739212584,"MV3":0.22868247869912406,"CH1":0.38298285344766503}