{"MV1":0.08560755058394975,"MV3":0.9010015617003259,"CH1":0.3213546274327336}