{"MV1":0.4785606889727383,"MV3":0.6327623801126216,"CH1":0.8628384409209824}