{"MV1":0.17273938925616072,"MV3":0.8819641552151094,"CH1":0.5065746640452649}