{"MV1":0.1342796472186678,"MV3":0.8941732489128402,"CH1":0.09713629766830112}