{"MV1":0.20774471253265392,"MV3":0.7471919721219548,"CH1":0.20887737275364437}