{"MV1":0.9548873802126343,"MV3":0.7817216921149995,"CH1":0.9835143678481142}