{"MV1":0.6876737173057189,"MV3":0.38963601817724314,"CH1":0.4209461730908376}