{"MV1":0.853334343777519,"MV3":0.9288597601031564,"CH1":0.3995714456479428}