{"MV1":0.6215497057841224,"MV3":0.5020026413106992,"CH1":0.30714502085766937}