{"MV1":0.1374181868040696,"MV3":0.45233816146411376,"CH1":0.6395770571190729}