{"MV1":0.12509373098975185,"MV3":0.10144330533518897,"CH1":0.7528268211067677}