{"MV1":0.584570057513629,"MV3":0.8631683432416626,"CH1":0.5285818802068718}