{"MV1":0.7390269429606622,"MV3":0.7973165290175604,"CH1":0.3674616506394417}