{"MV1":0.15071478259251325,"MV3":0.7570079134889129,"CH1":0.14629371435428828}