{"MV1":0.47407792200354737,"MV3":0.832592624429002,"CH1":0.8509137271296859}