{"MV1":0.7437744761548616,"MV3":0.48287581737322083,"CH1":0.029335650829850457}