{"MV1":0.5317070922741639,"MV3":0.6934927061104704,"CH1":0.9311277606593975}