{"MV1":0.7661756753183435,"MV3":0.9656747717656861,"CH1":0.06060852146727269}