{"MV1":0.762127804776527,"MV3":0.4445728515347972,"CH1":0.2701709171936931}