{"MV1":0.8425152536433705,"MV3":0.6337306224352559,"CH1":0.14283932887666217}