{"MV1":0.32021179957142265,"MV3":0.6710850256282269,"CH1":0.16455695655804536}