{"MV1":0.6975021111535568,"MV3":0.2888371338472663,"CH1":0.33809768296411113}