{"MV1":0.2306900822217708,"MV3":0.9117909409864107,"CH1":0.10226115412313741}