{"MV1":0.7440916050898667,"MV3":0.5095911473857738,"CH1":0.8213419944018978}