{"MV1":0.8169608191560691,"MV3":0.3750012053466476,"CH1":0.17544860554962105}