{"MV1":0.34864028859132845,"MV3":0.4674500722322925,"CH1":0.6420831283518703}