{"MV1":0.15679308857187502,"MV3":0.003498944175717278,"CH1":0.8661659946027106}