{"MV1":0.039997318731150755,"MV3":0.10851325902911513,"CH1":0.8480767047792886}