{"MV1":0.6776853187577625,"MV3":0.86752112196942,"CH1":0.05771726627180018}