{"MV1":0.17572512734449441,"MV3":0.2265960748722079,"CH1":0.9292093357222595}