{"MV1":0.7755419625386902,"MV3":0.40726053794090145,"CH1":0.8401814892801497}