{"MV1":0.3812323472978557,"MV3":0.7938179066618309,"CH1":0.7710520735237346}