{"MV1":0.09277422400575341,"MV3":0.21029466092473714,"CH1":0.20971664265207968}