{"MV1":0.0701922556174932,"MV3":0.32967336262377434,"CH1":0.492327939600295}