{"MV1":0.7966182514907129,"MV3":0.41164541561550205,"CH1":0.3091565264904722}