{"MV1":0.7667953682783912,"MV3":0.2528837867635332,"CH1":0.8495252840823168}