{"MV1":0.5272216002401346,"MV3":0.3890697458863005,"CH1":0.7234716236328155}