{"MV1":0.9761468285212653,"MV3":0.22807299530711123,"CH1":0.055361568257243365}