{"MV1":0.7716695873209837,"MV3":0.7841014398460378,"CH1":0.130633037483317}