{"MV1":0.13110394809363113,"MV3":0.9105761547704329,"CH1":0.8308632960873467}