{"MV1":0.9790375232524406,"MV3":0.4953291249373202,"CH1":0.5918788959618737}