{"MV1":0.45472833552936054,"MV3":0.445901592978874,"CH1":0.1527933633171199}