{"MV1":0.8373022910829833,"MV3":0.8091546531360684,"CH1":0.47172581260278945}