{"MV1":0.1270015538929834,"MV3":0.3139239962448144,"CH1":0.5552093764599199}