{"MV1":0.6648114237995745,"MV3":0.259200927099723,"CH1":0.9716102960572883}