{"MV1":0.9417565229576281,"MV3":0.8799241715888035,"CH1":0.14792691674264835}