{"MV1":0.6023163185318939,"MV3":0.07198679278547415,"CH1":0.22613859217027765}