{"MV1":0.19025062243503077,"MV3":0.8308266429931171,"CH1":0.6161538371436373}