{"MV1":0.19396801221035165,"MV3":0.3025630738318822,"CH1":0.23889436558647636}