{"MV1":0.7617149421603306,"MV3":0.8231150176766885,"CH1":0.722921208265083}