{"MV1":0.48905416857567563,"MV3":0.9929083639246673,"CH1":0.9157928975875705}