{"MV1":0.5546654487594459,"MV3":0.14317268897561908,"CH1":0.6500940202099239}