{"MV1":0.7305782925164601,"MV3":0.9867723092139612,"CH1":0.41460502621768547}