{"MV1":0.025606665715215304,"MV3":0.3854108820064106,"CH1":0.8217273703144592}