{"MV1":0.7950500850816113,"MV3":0.45402470550804963,"CH1":0.2850275678963239}