{"MV1":0.48545116495122886,"MV3":0.9158829834083467,"CH1":0.9170961555984621}