{"MV1":0.549435203621992,"MV3":0.651907930656917,"CH1":0.33540572795225565}