{"MV1":0.6439269471172061,"MV3":0.3045857004235255,"CH1":0.6716047319634147}