{"MV1":0.5207771387776042,"MV3":0.010724396375070833,"CH1":0.392962384081062}