{"MV1":0.4227200624678157,"MV3":0.5684076537893785,"CH1":0.6826442165949991}