{"MV1":0.013269325736264492,"MV3":0.8756044437971904,"CH1":0.617969095324607}