{"MV1":0.5258709817869541,"MV3":0.9127925665000155,"CH1":0.058489254121954826}