{"MV1":0.42133281358231167,"MV3":0.03681547795662543,"CH1":0.5237646082025279}