{"MV1":0.42456075881060784,"MV3":0.0792372410577522,"CH1":0.540376284221923}