{"MV1":0.3508388749895345,"MV3":0.3484916789326411,"CH1":0.12466010885566647}