{"MV1":0.5205858479504785,"MV3":0.9934627538101357,"CH1":0.45337125146522816}