{"MV1":0.005587669661475836,"MV3":0.03108948616793117,"CH1":0.5630141723303447}