{"MV1":0.4608455578219557,"MV3":0.2959635024826429,"CH1":0.4075719107758847}