{"MV1":0.5009875861940977,"MV3":0.06572267884379324,"CH1":0.3995925901467582}