{"MV1":0.13583057498756645,"MV3":0.565629815571294,"CH1":0.4404029069355836}