{"MV1":0.2744144926867119,"MV3":0.2771415098758785,"CH1":0.8785070218523879}