{"MV1":0.6107956745120067,"MV3":0.6850070014480163,"CH1":0.7542668295167108}