{"MV1":0.5122893328634183,"MV3":0.1486223393610684,"CH1":0.5394112246130695}