{"MV1":0.74683428614347,"MV3":0.28482084098202076,"CH1":0.07115457105366862}