{"MV1":0.28180555188319556,"MV3":0.258154354752393,"CH1":0.8121299534183325}