{"MV1":0.9075911133857525,"MV3":0.9687871531599216,"CH1":0.31988796067154757}