{"MV1":0.2770867335819541,"MV3":0.055950003584146035,"CH1":0.5605355132149487}