{"MV1":0.5060276350693549,"MV3":0.9661423655524618,"CH1":0.7509191729478119}