{"MV1":0.09214892298219035,"MV3":0.7910114524906562,"CH1":0.7991204987314771}