{"MV1":0.7915548540508796,"MV3":0.9774696424270513,"CH1":0.7939040565364319}