{"MV1":0.83915130573896,"MV3":0.4781812373220333,"CH1":0.2778312372047028}