{"MV1":0.22767300791368172,"MV3":0.11809448051220006,"CH1":0.2180654138032998}