{"MV1":0.7711075088746598,"MV3":0.8771977621478976,"CH1":0.8442055294124802}