{"MV1":0.5127895067992871,"MV3":0.05742703864038334,"CH1":0.9111253837781308}