{"MV1":0.3803643133404758,"MV3":0.3588914082929021,"CH1":0.31385484606724867}