{"MV1":0.27104454457214455,"MV3":0.7499857655083068,"CH1":0.44460538818742135}