{"MV1":0.6345296452374098,"MV3":0.37996614499476256,"CH1":0.9199485752575567}