{"MV1":0.7877251842412218,"MV3":0.8063945695811893,"CH1":0.5640311412112037}