{"MV1":0.3772193494527778,"MV3":0.054191062269112855,"CH1":0.8394232302953002}