{"MV1":0.23472114840214664,"MV3":0.0601400462183348,"CH1":0.08647894219180519}