{"MV1":0.46440094358310924,"MV3":0.22785202997395404,"CH1":0.7574607149499858}