{"MV1":0.645877815488563,"MV3":0.9357335258779913,"CH1":0.8655545102674331}