{"MV1":0.34634129830989435,"MV3":0.258395573007306,"CH1":0.566530238333022}