{"MV1":0.40927290697000807,"MV3":0.9860748435247416,"CH1":0.6408297777949932}