{"MV1":0.15202916197439564,"MV3":0.9976421031182284,"CH1":0.18028290645710676}