{"MV1":0.251108527528489,"MV3":0.7098867474987626,"CH1":0.9613777834181341}