{"MV1":0.17214835535572026,"MV3":0.7395938431749417,"CH1":0.5375067057988577}