{"MV1":0.8487254558702523,"MV3":0.5007819276538634,"CH1":0.8669412095331466}