{"MV1":0.4625627436825941,"MV3":0.5102327743626879,"CH1":0.8105468234145224}