{"MV1":0.08285444837480471,"MV3":0.0008792255909015889,"CH1":0.5106249231270719}