{"MV1":0.72754756446313,"MV3":0.659908087464173,"CH1":0.308758514413768}