{"MV1":0.25438284983504544,"MV3":0.8163727881459895,"CH1":0.4981201173539551}