{"MV1":0.9160210100114352,"MV3":0.06281327914548573,"CH1":0.8146520039069263}