{"MV1":0.10471126552364773,"MV3":0.5155842544995123,"CH1":0.6713998128399219}