{"MV1":0.6366137921880909,"MV3":0.2589262479855384,"CH1":0.9653948497391917}