{"MV1":0.013318740053325118,"MV3":0.23640577792111672,"CH1":0.05761477214918698}