{"MV1":0.08364977724324407,"MV3":0.7421905158319696,"CH1":0.8793709463934193}