{"MV1":0.2786907681858023,"MV3":0.08393982130071409,"CH1":0.502689082192457}