{"MV1":0.216664513496874,"MV3":0.7062535700505963,"CH1":0.04234315631636432}