{"MV1":0.6154534296030234,"MV3":0.4338341145070944,"CH1":0.03539478876204394}