{"MV1":0.2684610536576487,"MV3":0.6474787428475334,"CH1":0.9743718636693026}