{"MV1":0.8427630189671215,"MV3":0.38434613951153906,"CH1":0.9453690274041981}