{"MV1":0.8915168398981107,"MV3":0.8727634176797343,"CH1":0.8579504893080059}