{"MV1":0.4486847259143141,"MV3":0.46443935849310625,"CH1":0.8240329701436503}