{"MV1":0.5472255765784697,"MV3":0.561791277790485,"CH1":0.7166165478716574}