{"MV1":0.7409981292712454,"MV3":0.05054978228562279,"CH1":0.8716238862014289}