{"MV1":0.007907546820608125,"MV3":0.01736320625037957,"CH1":0.7567930402346162}