{"MV1":0.38634908925895917,"MV3":0.5854711191461209,"CH1":0.4933987532052475}