{"MV1":0.23549882232770625,"MV3":0.8188011582143087,"CH1":0.6702254556806079}