{"MV1":0.8469427315489375,"MV3":0.7098615114200201,"CH1":0.06675474732349729}