{"MV1":0.06686380111027901,"MV3":0.33871764047774355,"CH1":0.30183362009750636}