{"MV1":0.27180770500216056,"MV3":0.2266489297225649,"CH1":0.8557454467066299}