{"MV1":0.3453917027870196,"MV3":0.3303275776754073,"CH1":0.5795258183153076}