{"MV1":0.23186823784375699,"MV3":0.8900282605772579,"CH1":0.46108453305049846}