{"MV1":0.27555378444744516,"MV3":0.09210014584686366,"CH1":0.04807352238545681}