{"MV1":0.6932578724073621,"MV3":0.8587835025457201,"CH1":0.10874542434199097}