{"MV1":0.8722891857345779,"MV3":0.4513769249895968,"CH1":0.8720512370988559}