{"MV1":0.13211944562336553,"MV3":0.7245794246143574,"CH1":0.7181091521884251}