{"MV1":0.32808604999241764,"MV3":0.3107860897079776,"CH1":0.11398901885124169}