{"MV1":0.7317709532387175,"MV3":0.6065801402663191,"CH1":0.31868714948396626}