{"MV1":0.30732151509315464,"MV3":0.8525004908737537,"CH1":0.6015851457658008}