{"MV1":0.05954449220306057,"MV3":0.26311537651172545,"CH1":0.5025770825785735}