{"MV1":0.22160198317688262,"MV3":0.3260017229378738,"CH1":0.8070354686947622}