{"MV1":0.6426311533187068,"MV3":0.6475060480646332,"CH1":0.20150034607310074}