{"MV1":0.540879235478499,"MV3":0.47333511028791797,"CH1":0.7168973711967653}