{"MV1":0.5153827701509031,"MV3":0.7451563670616406,"CH1":0.1309031557048539}