{"MV1":0.19328959796783585,"MV3":0.8944148811589364,"CH1":0.6551006724157038}