{"MV1":0.8324957088073601,"MV3":0.8277142365976543,"CH1":0.4963604102692679}