{"MV1":0.11446745988327822,"MV3":0.33861880312580084,"CH1":0.8196469282328063}