{"MV1":0.7619545812610894,"MV3":0.7883298528495327,"CH1":0.037095293136089835}