{"MV1":0.6560645002206139,"MV3":0.4852560510571178,"CH1":0.46947121256129176}