{"MV1":0.6264394914331266,"MV3":0.7750081693166995,"CH1":0.8173778917029565}