{"MV1":0.7733956228457438,"MV3":0.06627586653777806,"CH1":0.1351804073486199}