{"MV1":0.7383952867870095,"MV3":0.7683306580758792,"CH1":0.9430788004953171}