{"MV1":0.23065308123871653,"MV3":0.09917591265017123,"CH1":0.5862473682952293}