{"MV1":0.0966066507949983,"MV3":0.5335558156569941,"CH1":0.3923444871999182}