{"MV1":0.843652570855053,"MV3":0.23194984037323085,"CH1":0.7448359742795125}