{"MV1":0.23407309539542331,"MV3":0.5417863177422547,"CH1":0.1475837195504044}