{"MV1":0.16459478678368222,"MV3":0.7120194313663363,"CH1":0.924373307170943}