{"MV1":0.24884510815459127,"MV3":0.6463245577107505,"CH1":0.8092905962729953}