{"MV1":0.9815526741273115,"MV3":0.5230453018316503,"CH1":0.6013778609199335}