{"MV1":0.7267653574064957,"MV3":0.5979186042615633,"CH1":0.2902950147691742}