{"MV1":0.840382655986924,"MV3":0.37647919418691855,"CH1":0.7528886932915633}