{"MV1":0.6018999853967536,"MV3":0.9384303619692314,"CH1":0.8602065812615433}