{"MV1":0.34084811205265353,"MV3":0.594227325786041,"CH1":0.16398652833153415}