{"MV1":0.3085819740284045,"MV3":0.5849446443516462,"CH1":0.25868959573473327}