{"MV1":0.20852294751275335,"MV3":0.21041128577208812,"CH1":0.9361609789855657}