{"MV1":0.43905786200101815,"MV3":0.9841066629472838,"CH1":0.014322759898423132}