{"MV1":0.9191863170695354,"MV3":0.1860474486946161,"CH1":0.631495528275644}