{"MV1":0.6846559724469035,"MV3":0.18939737899328257,"CH1":0.7908300643563771}