{"MV1":0.4296121624174607,"MV3":0.03299498488044472,"CH1":0.09586043175563541}