{"MV1":0.5154407689584539,"MV3":0.36025665851803446,"CH1":0.3298640720692527}