{"MV1":0.6620271015108152,"MV3":0.16004064215384695,"CH1":0.7166596665610637}