{"MV1":0.07329325372422113,"MV3":0.36550599274815987,"CH1":0.40357402336537795}