{"MV1":0.993413518865696,"MV3":0.35503391556068986,"CH1":0.8801954408767567}