{"MV1":0.922422935808398,"MV3":0.6608808164888267,"CH1":0.6008368957065944}