{"MV1":0.16232679907882652,"MV3":0.6223173791468617,"CH1":0.7921641105268654}