{"MV1":0.38875014952540843,"MV3":0.5552295229355397,"CH1":0.8286765524579789}