{"MV1":0.5606881054651511,"MV3":0.8394632679611228,"CH1":0.2248988894831082}