{"MV1":0.5046576384029897,"MV3":0.7231627935133673,"CH1":0.11215992709788192}