{"MV1":0.07801075376611322,"MV3":0.6845990508932916,"CH1":0.251169019664618}