{"MV1":0.6237192759950744,"MV3":0.7871337903183429,"CH1":0.32289253473406365}