{"MV1":0.7342747145941845,"MV3":0.9642731171964541,"CH1":0.8105705464277981}