{"MV1":0.5550821061558985,"MV3":0.1812625889157754,"CH1":0.3700518146761477}