{"MV1":0.9640065668687151,"MV3":0.7882022751120167,"CH1":0.43420013091498677}