{"MV1":0.9297495296761147,"MV3":0.8604278279340752,"CH1":0.06511132699140865}