{"MV1":0.849502389153596,"MV3":0.47836421154923847,"CH1":0.2718561160541275}