{"MV1":0.7907292542336775,"MV3":0.7247765057652109,"CH1":0.9458119068143135}