{"MV1":0.20160345268944402,"MV3":0.08447387336667966,"CH1":0.5663656777950519}