{"MV1":0.916736931537962,"MV3":0.13824042925645041,"CH1":0.3330887173638786}