{"MV1":0.5578932692597482,"MV3":0.3272652044611616,"CH1":0.41470120387215126}