{"MV1":0.8255702437286504,"MV3":0.49605910196629766,"CH1":0.7974038687324028}