{"MV1":0.42902586258306896,"MV3":0.9808793427718274,"CH1":0.8909727466883771}