{"MV1":0.7480811330177592,"MV3":0.8288155984804516,"CH1":0.801726135262598}