{"MV1":0.7124718793479774,"MV3":0.9431543450813145,"CH1":0.9873140612089552}