{"MV1":0.28570140058987603,"MV3":0.9836326472182616,"CH1":0.6338524049944316}