{"MV1":0.14087453245163972,"MV3":0.11836955167829843,"CH1":0.7379140215353815}