{"MV1":0.5078878125560755,"MV3":0.9634005496475233,"CH1":0.240532268119794}