{"MV1":0.18045223926501863,"MV3":0.950594247574132,"CH1":0.25333665744416733}