{"MV1":0.5210367648095767,"MV3":0.1337316843421419,"CH1":0.32464743501025084}