{"MV1":0.5698872321111842,"MV3":0.9172799719043967,"CH1":0.9989270432665682}