{"MV1":0.485921006685454,"MV3":0.6192366029201989,"CH1":0.615868383207135}