{"MV1":0.9038331669727572,"MV3":0.9365040725466037,"CH1":0.44085428239221913}