{"MV1":0.0827046019346721,"MV3":0.987784712948043,"CH1":0.1305968208063929}