{"MV1":0.7353719972071168,"MV3":0.8615125776859216,"CH1":0.05249741352315118}