{"MV1":0.15725083892803882,"MV3":0.791981549158763,"CH1":0.2155045982446976}