{"MV1":0.029244492645652653,"MV3":0.9390244922708286,"CH1":0.13293640609910962}