{"MV1":0.48842503238278934,"MV3":0.14062420207312554,"CH1":0.7767191742901831}