{"MV1":0.7187347013051048,"MV3":0.6960132833678067,"CH1":0.6865151620122131}