{"MV1":0.9869626125151912,"MV3":0.23454966553427548,"CH1":0.5432966008960357}