{"MV1":0.6397582379939991,"MV3":0.8885259280224073,"CH1":0.30290999511989103}