{"MV1":0.5048252126759942,"MV3":0.7288000293265721,"CH1":0.588895302287514}