{"MV1":0.1946964331390576,"MV3":0.594124610738915,"CH1":0.694274737253736}