{"MV1":0.13999194020543992,"MV3":0.10814173295843876,"CH1":0.14316997518625707}