{"MV1":0.35362901723902074,"MV3":0.8137294095805377,"CH1":0.7617762364477499}