{"MV1":0.3911413007236084,"MV3":0.16546457385014635,"CH1":0.487339815316677}