{"MV1":0.16240949270952132,"MV3":0.3108971293824042,"CH1":0.6328481430914639}