{"MV1":0.672942986517504,"MV3":0.1724895494260329,"CH1":0.9081913500347711}