{"MV1":0.4901901182682433,"MV3":0.6548855539552403,"CH1":0.22951785321361196}