{"MV1":0.4357684839714373,"MV3":0.27119057983866535,"CH1":0.9154375159589263}