{"MV1":0.4948080506578306,"MV3":0.4916319572617296,"CH1":0.49349705184196857}