{"MV1":0.3430049647631056,"MV3":0.5481423578567496,"CH1":0.3847443711277191}