{"MV1":0.9598293483274914,"MV3":0.5603059978017054,"CH1":0.2791050910733598}