{"MV1":0.5302597573563491,"MV3":0.7152317956144507,"CH1":0.24499960403422205}