{"MV1":0.6967741248627647,"MV3":0.39380354517241367,"CH1":0.5478859625581534}