{"MV1":0.3141803036337796,"MV3":0.5586278622299108,"CH1":0.46201859114058264}