{"MV1":0.01638368229695264,"MV3":0.6315068188951963,"CH1":0.3653249007985443}