{"MV1":0.38244637856651287,"MV3":0.16094509300722393,"CH1":0.6985377460950988}