{"MV1":0.24193030267348337,"MV3":0.41644279598367584,"CH1":0.11757796251248831}