{"MV1":0.4783894972594739,"MV3":0.8191056346444331,"CH1":0.09356857066232138}