{"MV1":0.39184574411986484,"MV3":0.4494114101600829,"CH1":0.6823630353622551}