{"MV1":0.48185644510535275,"MV3":0.8940986272055713,"CH1":0.6725415747676204}