{"MV1":0.8289734479246347,"MV3":0.6960649714653734,"CH1":0.8745283666752997}