{"MV1":0.4785514018006233,"MV3":0.025700321491294864,"CH1":0.18222589279728774}