{"MV1":0.14052219129925536,"MV3":0.7251174531920117,"CH1":0.7988188863917268}