{"MV1":0.9641589141686802,"MV3":0.12185030158113008,"CH1":0.26536697153482247}