{"MV1":0.29444010899466966,"MV3":0.3875663141625406,"CH1":0.1576034249697963}