{"MV1":0.12129991700877674,"MV3":0.8309340148223745,"CH1":0.5547194680389241}