{"MV1":0.3431101339493786,"MV3":0.5135298281292161,"CH1":0.006184595018582262}