{"MV1":0.45401279300171393,"MV3":0.7455420541414118,"CH1":0.5741043936649632}