{"MV1":0.3674157325592212,"MV3":0.38249909765404455,"CH1":0.12106492453295414}