{"MV1":0.8378696427960777,"MV3":0.7556590633804781,"CH1":0.8212525005490022}