{"MV1":0.36335036457065295,"MV3":0.4921442038155913,"CH1":0.27599382293861174}