{"MV1":0.7603695702816529,"MV3":0.9319975778348432,"CH1":0.40799171684361335}