{"MV1":0.9629145157491824,"MV3":0.9200208607421693,"CH1":0.7472611024732202}