{"MV1":0.7147479050068419,"MV3":0.5142812035675343,"CH1":0.1373457736194722}