{"MV1":0.9507736251937974,"MV3":0.7672580053978872,"CH1":0.3721864898123176}