{"MV1":0.4332686775276883,"MV3":0.8781250398166985,"CH1":0.16922064142992477}