{"MV1":0.8234183892045234,"MV3":0.40213380422170264,"CH1":0.11220987443630959}