{"MV1":0.4740883481236061,"MV3":0.010696569534638822,"CH1":0.06852598665955001}