{"MV1":0.11241264095101233,"MV3":0.38732588920508604,"CH1":0.5553607675358441}