{"MV1":0.893554812118584,"MV3":0.34188689581982823,"CH1":0.7155646428253408}