{"MV1":0.1138401516452976,"MV3":0.8256500699460045,"CH1":0.8985457234418038}