{"MV1":0.8751085527614155,"MV3":0.10890731361091077,"CH1":0.8278839539769988}