{"MV1":0.41314547744493757,"MV3":0.26006770019195447,"CH1":0.9378856906529314}