{"MV1":0.30742669195539263,"MV3":0.042987020759265526,"CH1":0.5547993646212629}