{"MV1":0.9118911960212921,"MV3":0.5322018601007514,"CH1":0.6312023921014219}