{"MV1":0.03779689027494271,"MV3":0.7510075104938865,"CH1":0.40557046979289013}