{"MV1":0.9448269609120573,"MV3":0.29408042879760754,"CH1":0.9102711800720455}