{"MV1":0.8115106171346894,"MV3":0.5793297731360747,"CH1":0.3349016875780009}