{"MV1":0.7993294722983615,"MV3":0.6602392464956879,"CH1":0.44004050655466054}