{"MV1":0.7252001859681491,"MV3":0.5497415314123153,"CH1":0.3189869850813394}