{"MV1":0.8318300443520638,"MV3":0.49933891842817635,"CH1":0.9998834003120457}