{"MV1":0.7567727130275057,"MV3":0.40991299351305943,"CH1":0.3370045592711989}