{"MV1":0.28732430870276227,"MV3":0.5087475073725515,"CH1":0.7699436377188205}