{"MV1":0.009864830299064486,"MV3":0.8157501679733188,"CH1":0.9290340564089353}