{"MV1":0.7978442308042061,"MV3":0.35292325234268795,"CH1":0.8371979238696792}