{"MV1":0.11775168394194657,"MV3":0.7330304437230927,"CH1":0.45255602717811916}