{"MV1":0.1664142391223944,"MV3":0.1816238892395574,"CH1":0.41763415631962164}