{"MV1":0.12773733236827534,"MV3":0.9079907777690136,"CH1":0.6323290685564626}