{"MV1":0.43226952411573805,"MV3":0.4825754840192412,"CH1":0.5684580907438347}