{"MV1":0.8754573465769383,"MV3":0.44443853630000596,"CH1":0.7068880402161895}