{"MV1":0.5519109765623331,"MV3":0.5093603073456684,"CH1":0.15844135670953186}