{"MV1":0.9324280116170036,"MV3":0.4306658752687931,"CH1":0.7534337852230254}