{"MV1":0.5404952970672459,"MV3":0.7554615472364877,"CH1":0.4753171578299443}