{"MV1":0.9712682740405478,"MV3":0.27764256853099456,"CH1":0.5906722453222122}