{"MV1":0.23297376779852752,"MV3":0.09035787545532226,"CH1":0.6071420264263656}