{"MV1":0.861956291005309,"MV3":0.19118670974325636,"CH1":0.9703954472443354}