{"MV1":0.6248524052553713,"MV3":0.5516140576573313,"CH1":0.8845441961467962}