{"MV1":0.002520194852293045,"MV3":0.548035517664616,"CH1":0.19309700564266874}