{"MV1":0.8901003813683269,"MV3":0.15254838249333846,"CH1":0.32139152020120487}