{"MV1":0.5086665601057027,"MV3":0.9285898282376318,"CH1":0.2507134973554449}