{"MV1":0.9340039586352222,"MV3":0.3856924148591777,"CH1":0.6465488282139851}