{"MV1":0.9881275808504294,"MV3":0.2620452344720502,"CH1":0.24305787990448313}