{"MV1":0.8199782149865052,"MV3":0.1673665867075721,"CH1":0.8383090634365797}