{"MV1":0.258015020547364,"MV3":0.8027011682634716,"CH1":0.8279067793384308}