{"MV1":0.27900736724892283,"MV3":0.4083659708241991,"CH1":0.4188830849358788}