{"MV1":0.8008652883993935,"MV3":0.34128371171569716,"CH1":0.09479711222407528}