{"MV1":0.7273074080046772,"MV3":0.7682902989217019,"CH1":0.19208348177663392}