{"MV1":0.2707817466399193,"MV3":0.18820719104742112,"CH1":0.8763370605320019}