{"MV1":0.3044789668025827,"MV3":0.4101193308119566,"CH1":0.6024670729966342}