{"MV1":0.4572328775870137,"MV3":0.5469082469153135,"CH1":0.5877412993997848}