{"MV1":0.23057194826570826,"MV3":0.8258326002318115,"CH1":0.49712606958658556}