{"MV1":0.030132983246158873,"MV3":0.15290834730509284,"CH1":0.27422693437297285}