{"MV1":0.5057149216863465,"MV3":0.3339159676508249,"CH1":0.9204693179886224}