{"MV1":0.060824308919799064,"MV3":0.48350779126601406,"CH1":0.6964581766327133}