{"MV1":0.0013982630221071046,"MV3":0.6812498719591563,"CH1":0.05362480359585042}