{"MV1":0.6432214297829707,"MV3":0.87192891628721,"CH1":0.598290726764033}