{"MV1":0.41737746026568034,"MV3":0.48229348445970555,"CH1":0.6361969171366588}