{"MV1":0.9075038478269256,"MV3":0.4193923335287456,"CH1":0.7369735923788865}