{"MV1":0.04727433498695577,"MV3":0.915550485963542,"CH1":0.7003693690901504}