{"MV1":0.6872715997629619,"MV3":0.07481974000649727,"CH1":0.05672828213249548}