{"MV1":0.8150717156171463,"MV3":0.3921442479964363,"CH1":0.9932478644953755}