{"MV1":0.7703421546939271,"MV3":0.3317759826730774,"CH1":0.8012046240849109}