{"MV1":0.9468882936230154,"MV3":0.7839547692585704,"CH1":0.021878143392435545}