{"MV1":0.571414205095655,"MV3":0.2889086365964544,"CH1":0.14058206959615416}