{"MV1":0.7494297473010859,"MV3":0.6403826006929532,"CH1":0.85943951569816}