{"MV1":0.6831301909831881,"MV3":0.5274189498655808,"CH1":0.4337086403258037}