{"MV1":0.9657081962489678,"MV3":0.2847968389530925,"CH1":0.8015450842520798}