{"MV1":0.7719790200550444,"MV3":0.3994179666619063,"CH1":0.8259052878293076}