{"MV1":0.8284882845976261,"MV3":0.5251648040562048,"CH1":0.6370389921531593}