{"MV1":0.132396806847476,"MV3":0.6560259193519947,"CH1":0.5196449036150624}