{"MV1":0.34084754833383024,"MV3":0.6564831262657218,"CH1":0.8382177845971998}