{"MV1":0.3788272541800717,"MV3":0.2690413154504411,"CH1":0.45865028846319755}