{"MV1":0.458360447754096,"MV3":0.8028601742991077,"CH1":0.6394688205082386}