{"MV1":0.5864001806265372,"MV3":0.43157656215731466,"CH1":0.5436165766992549}