{"MV1":0.05070941368536863,"MV3":0.5355213734664958,"CH1":0.31915165645058363}