{"MV1":0.5792288644380497,"MV3":0.5073864516173484,"CH1":0.2557344124009471}