{"MV1":0.35132538440545436,"MV3":0.983189348699013,"CH1":0.8109854160132539}