{"MV1":0.6761045041716598,"MV3":0.6892769497198983,"CH1":0.002696316079526362}