{"MV1":0.7823056906386171,"MV3":0.23456618651589256,"CH1":0.5102740201399916}