{"MV1":0.4322787954050531,"MV3":0.8764086960421678,"CH1":0.4569417521623158}