{"MV1":0.10374242557474145,"MV3":0.26459742586415114,"CH1":0.1780331193572562}