{"MV1":0.8218258556676024,"MV3":0.3942606789402936,"CH1":0.22121941539025625}