{"MV1":0.7005649473329274,"MV3":0.11347976438374374,"CH1":0.5346612949039256}