{"MV1":0.5985854141309598,"MV3":0.4122216358545898,"CH1":0.8929517453222876}