{"MV1":0.6045256493504751,"MV3":0.7055253852238341,"CH1":0.18006678093239314}