{"MV1":0.011841057216020356,"MV3":0.8252911361683479,"CH1":0.8659356707870621}