{"MV1":0.1944899572430011,"MV3":0.743359227142692,"CH1":0.7661557870292693}