{"MV1":0.6687604282120281,"MV3":0.13674009205846005,"CH1":0.8626199494053031}