{"MV1":0.5276676491825215,"MV3":0.7701130128142935,"CH1":0.5485424222003698}