{"MV1":0.33678530195553547,"MV3":0.5191866383227794,"CH1":0.8008759203103477}