{"MV1":0.8517506563280587,"MV3":0.02750782482994074,"CH1":0.976319255503122}