{"MV1":0.7966049163316667,"MV3":0.3512784499200916,"CH1":0.5701872860710635}