{"MV1":0.2365257547017744,"MV3":0.5715247719103048,"CH1":0.8832217378559214}