{"MV1":0.9717242729528907,"MV3":0.21105412287626601,"CH1":0.6899924553953527}