{"MV1":0.021280912988511758,"MV3":0.7041651279766625,"CH1":0.36542759209450293}