{"MV1":0.9765404907074109,"MV3":0.7625119496087817,"CH1":0.18067581100100072}