{"MV1":0.7265079258841962,"MV3":0.9001455593311378,"CH1":0.41641696352394386}