{"MV1":0.2570297668815805,"MV3":0.3825029022564622,"CH1":0.38785558392188546}