{"MV1":0.8978310339101606,"MV3":0.16804793371763804,"CH1":0.3604927859476911}