{"MV1":0.37519680152034895,"MV3":0.9714229284741214,"CH1":0.07429397736660459}