{"MV1":0.9733278332893209,"MV3":0.9649770887251603,"CH1":0.3949196686723523}