{"MV1":0.9054764706737378,"MV3":0.7884108037047391,"CH1":0.10476874353686438}