{"MV1":0.8740806603007946,"MV3":0.5458442265777178,"CH1":0.04890706023443936}