{"MV1":0.14348114562888403,"MV3":0.40711803082644216,"CH1":0.08389621355904875}