{"MV1":0.7259187426490215,"MV3":0.5010136296266684,"CH1":0.3756767882835852}