{"MV1":0.5859664333231491,"MV3":0.9502278769622086,"CH1":0.8199689412996414}