{"MV1":0.5302225710608881,"MV3":0.317106825822311,"CH1":0.3777664352351121}