{"MV1":0.20689336886288978,"MV3":0.33858388149246543,"CH1":0.988797486638353}