{"MV1":0.9631573091102092,"MV3":0.2315490173666901,"CH1":0.4949262553390291}