{"MV1":0.2097774950371436,"MV3":0.231825408642106,"CH1":0.18523933120767855}