{"MV1":0.03415505301516064,"MV3":0.2371712040029016,"CH1":0.8247570298948106}