{"MV1":0.8062580391331302,"MV3":0.9311822055965042,"CH1":0.8714422286826687}