{"MV1":0.6692382573411959,"MV3":0.8958149412936511,"CH1":0.5736970490707484}