{"MV1":0.0535366646740677,"MV3":0.30761941353095146,"CH1":0.5018282606429312}