{"MV1":0.8907470256964984,"MV3":0.7855920410084714,"CH1":0.09164367252782213}