{"MV1":0.283102365658064,"MV3":0.1583632168761815,"CH1":0.7277851359561086}