{"MV1":0.22769416885762905,"MV3":0.23400978049333343,"CH1":0.37189718464794486}