{"MV1":0.568638079135059,"MV3":0.9089856957111639,"CH1":0.03802398995009315}