{"MV1":0.07765561119621667,"MV3":0.41693256111173627,"CH1":0.6700799751654051}