{"MV1":0.07719702340412171,"MV3":0.8874700889868065,"CH1":0.007157883211778682}