{"MV1":0.18204900034373384,"MV3":0.7592158620628421,"CH1":0.26034865616988834}