{"MV1":0.9759824956646829,"MV3":0.05141870208845101,"CH1":0.2601842756189713}