{"MV1":0.5379400086207442,"MV3":0.7112937629795414,"CH1":0.6016444531428266}