{"MV1":0.19360230997682193,"MV3":0.6849979136278367,"CH1":0.32657628161390495}