{"MV1":0.5633934890698988,"MV3":0.7824826439751564,"CH1":0.25016752698022626}