{"MV1":0.7847502156854289,"MV3":0.7663168666754533,"CH1":0.49152298280120577}