{"MV1":0.29909997960041346,"MV3":0.27050953420544144,"CH1":0.07535086212802633}