{"MV1":0.3648316954710006,"MV3":0.743910968347527,"CH1":0.4696417586576469}