{"MV1":0.4555612359427351,"MV3":0.16961395685679137,"CH1":0.8371747872635026}