{"MV1":0.5363042327788076,"MV3":0.6439962097512806,"CH1":0.7342605279048539}