{"MV1":4.182289656740057e-05,"MV3":0.8767130035613784,"CH1":0.03123013608778835}