{"MV1":0.43510267863585983,"MV3":0.5009832331220124,"CH1":0.24531529834946297}