{"MV1":0.30272913853440053,"MV3":0.9051545631449266,"CH1":0.9056989098039059}