{"MV1":0.9603491740195955,"MV3":0.42465525343555977,"CH1":0.4684657719555979}