{"MV1":0.03412327641111457,"MV3":0.7229046504998231,"CH1":0.6188754388515353}