{"MV1":0.22045152469844764,"MV3":0.6644208142053757,"CH1":0.18260031067663818}