{"MV1":0.6649370895586111,"MV3":0.03631196724238106,"CH1":0.06059462816578676}