{"MV1":0.47751239994816574,"MV3":0.9756401751755037,"CH1":0.12433480675406328}