{"MV1":0.7121326149472715,"MV3":0.7833539906481405,"CH1":0.5431386603399808}