{"MV1":0.45868192846116107,"MV3":0.09718654902364965,"CH1":0.9426896298426661}