{"MV1":0.0353308283131889,"MV3":0.47253678357802353,"CH1":0.5772684320686144}