{"MV1":0.6733549894285638,"MV3":0.35842731957416185,"CH1":0.9661067773536497}