{"MV1":0.8211057980591837,"MV3":0.6064604257480519,"CH1":0.26710519503018515}