{"MV1":0.3152837388079227,"MV3":0.6326476843008767,"CH1":0.2081550965857828}