{"MV1":0.123081689952944,"MV3":0.8492879215770324,"CH1":0.7052916179565036}