{"MV1":0.834737728193665,"MV3":0.033227067874146976,"CH1":0.7418573927403085}