{"MV1":0.08694141758361962,"MV3":0.7249465904245265,"CH1":0.19288478348588445}