{"MV1":0.09153200174819387,"MV3":0.27870576562372973,"CH1":0.6042639368505504}