{"MV1":0.08465628979480855,"MV3":0.865520518002706,"CH1":0.567983508562769}