{"MV1":0.4492210769683349,"MV3":0.011812606237020962,"CH1":0.6956874598062536}