{"MV1":0.3795900336313607,"MV3":0.7169623727541429,"CH1":0.011401129844552882}