{"MV1":0.3212840824526825,"MV3":0.34288144798868125,"CH1":0.2000845329466906}