{"MV1":0.06291074808668817,"MV3":0.3999119321211203,"CH1":0.6426028470964259}