{"MV1":0.3316245673945375,"MV3":0.40748872107324907,"CH1":0.5695298232970395}