{"MV1":0.5884009882083253,"MV3":0.726826155377855,"CH1":0.4884252056741476}