{"MV1":0.6506566480112287,"MV3":0.12516532931189805,"CH1":0.3042722694297335}