{"MV1":0.71529654705091,"MV3":0.39179432729110675,"CH1":0.19094193106947221}