{"MV1":0.41579092811258667,"MV3":0.8013421163119763,"CH1":0.4557353302152125}