{"MV1":0.2616794362715207,"MV3":0.21486605596700514,"CH1":0.7053577525408693}