{"MV1":0.6020658590741231,"MV3":0.6879890507802576,"CH1":0.95428134347467}