{"MV1":0.23121112513573483,"MV3":0.8937512081933771,"CH1":0.3939161225202279}