{"MV1":0.5397971403431402,"MV3":0.03749705691492977,"CH1":0.8217845044582132}