{"MV1":0.25978966429811423,"MV3":0.5197288066577225,"CH1":0.5774993611793009}