{"MV1":0.36404645970003835,"MV3":0.19288115139452955,"CH1":0.9244893819814666}