{"MV1":0.16005980422654442,"MV3":0.10262294543094175,"CH1":0.039717296789885115}