{"MV1":0.11542941646537663,"MV3":0.7489561717189578,"CH1":0.026624873603891652}