{"MV1":0.8923220367715036,"MV3":0.6465175072978843,"CH1":0.9746403717533849}