{"MV1":0.802870622606355,"MV3":0.19179213486234126,"CH1":0.6965127088399374}