{"MV1":0.3342756589689856,"MV3":0.34708942859154146,"CH1":0.6202364115536987}