{"MV1":0.9735392398493737,"MV3":0.12129825152128182,"CH1":0.36554869219971264}