{"MV1":0.08000375978865659,"MV3":0.6716776930606629,"CH1":0.02158510375875744}