{"MV1":0.24189092415811286,"MV3":0.38442818118466415,"CH1":0.05839730707831692}