{"MV1":0.20459663256287508,"MV3":0.0658554176841416,"CH1":0.3678325087991955}