{"MV1":0.45718856252268814,"MV3":0.9865181331849997,"CH1":0.22198154396652658}