{"MV1":0.21726142809871407,"MV3":0.9054375856759906,"CH1":0.03247424740906846}