{"MV1":0.021002152606234503,"MV3":0.3614927230296323,"CH1":0.46951124546262624}