{"MV1":0.1441083408644811,"MV3":0.921940678941052,"CH1":0.24387426624190445}