{"MV1":0.38472611312574834,"MV3":0.8160809273354656,"CH1":0.3490232987342339}