{"MV1":0.5214948359113342,"MV3":0.2790874376225819,"CH1":0.1421276180579314}