{"MV1":0.27091520995291496,"MV3":0.17361962542470588,"CH1":0.5115381699802778}