{"MV1":0.030088486320838714,"MV3":0.4042195144702758,"CH1":0.630767730319162}