{"MV1":0.639747553416774,"MV3":0.954656340386892,"CH1":0.30919412792190204}