{"MV1":0.21027283519676288,"MV3":0.9058789561702235,"CH1":0.34715168312021794}