{"MV1":0.4453360347424211,"MV3":0.35590838780570944,"CH1":0.2925628587808059}