{"MV1":0.4206206190966225,"MV3":0.686721291818512,"CH1":0.09668759265966786}