{"MV1":0.19261974254653091,"MV3":0.5545405491610483,"CH1":0.24009516643130047}