{"MV1":0.9421096961403115,"MV3":0.020270596591893786,"CH1":0.8390072625403665}