{"MV1":0.4704495535761435,"MV3":0.3753645917688899,"CH1":0.3134842799234552}