{"MV1":0.6817430026320255,"MV3":0.025857414065571738,"CH1":0.5504318514468415}