{"MV1":0.8897051219846829,"MV3":0.4550882773540288,"CH1":0.3925274411740014}