{"MV1":0.6137705299062871,"MV3":0.4610320184249237,"CH1":0.6814250632441201}