{"MV1":0.7301672063864807,"MV3":0.7204032944183354,"CH1":0.6396559647216005}