{"MV1":0.09714735162097177,"MV3":0.7515583940131678,"CH1":0.07002703603955684}