{"MV1":0.5786330739034554,"MV3":0.9511499080218317,"CH1":0.48657304071902097}