{"MV1":0.9296313942696577,"MV3":0.3583469667435192,"CH1":0.00048572072027575075}