{"MV1":0.411370157945504,"MV3":0.38738982595032934,"CH1":0.11564863727505503}