{"MV1":0.8066825505168189,"MV3":0.4630156454283565,"CH1":0.9848242134676806}