{"MV1":0.5893113019217241,"MV3":0.06981376092187519,"CH1":0.8323125462291706}