{"MV1":0.8024015088189005,"MV3":0.41366270756872014,"CH1":0.09204538109180871}