{"MV1":0.7387149774923543,"MV3":0.7771395224283645,"CH1":0.08938111781600555}