{"MV1":0.9063169807534062,"MV3":0.6796875118907536,"CH1":0.4863453856071308}