{"MV1":0.761061765111207,"MV3":0.5694428091230943,"CH1":0.06731480325814243}