{"MV1":0.8155086991529671,"MV3":0.6388789000210832,"CH1":0.970298122670235}