{"MV1":0.9719915456790088,"MV3":0.7857549972669251,"CH1":0.6147171475817952}