{"MV1":0.3593094617018391,"MV3":0.49910048608110447,"CH1":0.4803693380829229}