{"MV1":0.587562625729013,"MV3":0.07512585023543938,"CH1":0.09768165005594553}