{"MV1":0.5100869854116813,"MV3":0.6947566221566129,"CH1":0.9861172615805934}