{"MV1":0.33749991162350457,"MV3":0.0530375658756711,"CH1":0.4499824242689551}