{"MV1":0.1664306550305381,"MV3":0.11460000566417894,"CH1":0.009283822753557214}