{"MV1":0.36642325103379714,"MV3":0.28742738567044857,"CH1":0.8163230512425492}