{"MV1":0.904777477495629,"MV3":0.690361095652933,"CH1":0.2701616831874143}