{"MV1":0.5224462352853463,"MV3":0.6490552218717629,"CH1":0.09640360493810773}