{"MV1":0.7144565382767972,"MV3":0.9251942087684552,"CH1":0.5355119628941337}