{"MV1":0.5637581206576419,"MV3":0.7689318320234618,"CH1":0.8254207375845235}