{"MV1":0.47697597037212824,"MV3":0.13204471726007383,"CH1":0.699789877091205}