{"MV1":0.10112683808194267,"MV3":0.220907858188226,"CH1":0.9850284923856693}