{"MV1":0.7103465258918021,"MV3":0.16656616944554303,"CH1":0.5799024962489064}