{"MV1":0.9671052863220383,"MV3":0.6801449424519268,"CH1":0.2750987310670787}