{"MV1":0.8449107073771855,"MV3":0.6779869492916119,"CH1":0.32367719276782203}