{"MV1":0.4708891866963968,"MV3":0.08068306129471214,"CH1":0.02715257207528954}