{"MV1":0.309964247537484,"MV3":0.6042899148824236,"CH1":0.38381770474190413}