{"MV1":0.8536580412221885,"MV3":0.043315050824622836,"CH1":0.07504557751604268}