{"MV1":0.87962702108123,"MV3":0.7405986067782595,"CH1":0.26759367874020323}