{"MV1":0.4037303641269149,"MV3":0.3348087902103831,"CH1":0.6340396378770473}