{"MV1":0.902436876829062,"MV3":0.5666933121056253,"CH1":0.2744176656426258}