{"MV1":0.7036184970715859,"MV3":0.057610323306301114,"CH1":0.09514132268751396}