{"MV1":0.011953641211329136,"MV3":0.09604240529445185,"CH1":0.056225413931200396}