{"MV1":0.40303787580847605,"MV3":0.14597435542996584,"CH1":0.7648954023159181}