{"MV1":0.5851025103838186,"MV3":0.7956120800674709,"CH1":0.16097709427591422}