{"MV1":0.2884799160608451,"MV3":0.4363648445387306,"CH1":0.2618989751156562}