{"MV1":0.6691365249854727,"MV3":0.9164921184178444,"CH1":0.977835313907917}