{"MV1":0.03163470128842594,"MV3":0.028662994209361137,"CH1":0.6915819403982407}