{"MV1":0.27128613856026895,"MV3":0.9449666260545357,"CH1":0.817913900499047}