{"MV1":0.12493931980433537,"MV3":0.5390847819668497,"CH1":0.020688045061322047}