{"MV1":0.25600295404955153,"MV3":0.19243111904533194,"CH1":0.28629723520077055}