{"MV1":0.9052731357787596,"MV3":0.8631153261232906,"CH1":0.7271253479058407}