{"MV1":0.7879524834282715,"MV3":0.42028055620674376,"CH1":0.25940375016813066}