{"MV1":0.6046161265581836,"MV3":0.22985991888549728,"CH1":0.3732117224529041}