{"MV1":0.032572173743686594,"MV3":0.43997467534759216,"CH1":0.45572210382394907}