{"MV1":0.4606377427945668,"MV3":0.15765219581211642,"CH1":0.587991433405294}