{"MV1":0.39279751506588556,"MV3":0.2760365702945108,"CH1":0.13086722082822633}