{"MV1":0.13169253743962117,"MV3":0.5963241578427653,"CH1":0.2790124499652782}