{"MV1":0.03860986920840781,"MV3":0.7557453981776,"CH1":0.5987444780475955}