{"MV1":0.5387486365353967,"MV3":0.5641247305564794,"CH1":0.8837191392057971}