{"MV1":0.2867206450213502,"MV3":0.8960977756819622,"CH1":0.5744478147128668}