{"MV1":0.8295587266180654,"MV3":0.7584693808820095,"CH1":0.5876048596263964}