{"MV1":0.6299253871336619,"MV3":0.6940301264285563,"CH1":0.2919786351906628}