{"MV1":0.6938815812784056,"MV3":0.12642636190474232,"CH1":0.8528221314206756}