{"MV1":0.5005342459645762,"MV3":0.8822994755748713,"CH1":0.020508461768715458}