{"MV1":0.7815411333110723,"MV3":0.7618333621941153,"CH1":0.9757817686890565}