{"MV1":0.5433069266651605,"MV3":0.44447928424365135,"CH1":0.66849550476882}