{"MV1":0.03496143804977159,"MV3":0.050032001475880494,"CH1":0.0660608225727004}