{"MV1":0.4206774699935121,"MV3":0.1582503426835299,"CH1":0.708848429970818}