{"MV1":0.38383780146547264,"MV3":0.5826947139459048,"CH1":0.973631358507336}