{"MV1":0.8469448902337174,"MV3":0.28214352620851546,"CH1":0.6465987121533032}