{"MV1":0.7644016357094908,"MV3":0.6988214623805432,"CH1":0.3629650427796969}