{"MV1":0.7900782399645845,"MV3":0.9502434648224297,"CH1":0.9067991566913634}