{"MV1":0.31694703259609347,"MV3":0.7795574599876248,"CH1":0.2444313535783582}