{"MV1":0.27360379160080905,"MV3":0.198235150691085,"CH1":0.5489873876013243}