{"MV1":0.3190037414789273,"MV3":0.8554456507246175,"CH1":0.39547049966708336}