{"MV1":0.5211193935052739,"MV3":0.33914420398524336,"CH1":0.6977775776785523}