{"MV1":0.051272200113560595,"MV3":0.8172049954940128,"CH1":0.15304219426337695}