{"MV1":0.17017070844791138,"MV3":0.7558895359984097,"CH1":0.38653269503080956}