{"MV1":0.7994464191179058,"MV3":0.08083501638659907,"CH1":0.5223891217837566}