{"MV1":0.3750026823735877,"MV3":0.514932810060518,"CH1":0.7133871878697713}