{"MV1":0.27470979535533147,"MV3":0.36690383329020804,"CH1":0.8748754317362608}