{"MV1":0.2872721978495002,"MV3":0.8951639215176795,"CH1":0.6070391768850742}