{"MV1":0.39115335737965906,"MV3":0.93892295758629,"CH1":0.774146582209511}