{"MV1":0.7031975436515361,"MV3":0.9900114364593887,"CH1":0.9980926065587383}