{"MV1":0.5304379095746806,"MV3":0.23241502507530365,"CH1":0.13040881545604666}