{"MV1":0.11629574497089468,"MV3":0.5610206444343393,"CH1":0.16541558207023932}