{"MV1":0.31474487963451137,"MV3":0.6672939713782498,"CH1":0.9774363954070673}