{"MV1":0.5486685253134498,"MV3":0.3156614177340792,"CH1":0.7321273998813072}