{"MV1":0.5080526093256477,"MV3":0.8312412762310099,"CH1":0.9515120479713456}