{"MV1":0.19255354010786974,"MV3":0.2679455023992431,"CH1":0.28134406021040126}