{"MV1":0.8666153184835312,"MV3":0.4807451881102538,"CH1":0.9886150578893173}