{"MV1":0.7387265375344718,"MV3":0.5682817834638259,"CH1":0.05031373630214453}