{"MV1":0.4184924584340086,"MV3":0.5695667036223928,"CH1":0.6135523799554906}