{"MV1":0.192459178181144,"MV3":0.12307456713738496,"CH1":0.9265355897369457}