{"MV1":0.015434186450384524,"MV3":0.35628392710942847,"CH1":0.9896616690767511}