{"MV1":0.36623340005894855,"MV3":0.37974459630141477,"CH1":0.9975216402171981}