{"MV1":0.9738377080466056,"MV3":0.021425510661247538,"CH1":0.1093245986927791}