{"MV1":0.09614016496661115,"MV3":0.8462846297502113,"CH1":0.06610481147988834}