{"MV1":0.34286445533589627,"MV3":0.25018724199828624,"CH1":0.0007702473091366624}