{"MV1":0.3773560188809544,"MV3":0.09720573425246748,"CH1":0.1564254827262932}