{"MV1":0.10195629381508053,"MV3":0.8902462430748731,"CH1":0.14294522582566294}