{"MV1":0.23710333415288642,"MV3":0.2271063627905019,"CH1":0.8859705901272783}