{"MV1":0.8868307350120598,"MV3":0.709754748725384,"CH1":0.9821835988359194}