{"MV1":0.03020791824605562,"MV3":0.6386970100042987,"CH1":0.9761192570256033}