{"MV1":0.10109460759125344,"MV3":0.2799017477661586,"CH1":0.6323736403625748}