{"MV1":0.4646705475214852,"MV3":0.06757773117795396,"CH1":0.5952725750194212}