{"MV1":0.9649607355091981,"MV3":0.5163823551288411,"CH1":0.8360746304210619}