{"MV1":0.4333996304864367,"MV3":0.5353962335336718,"CH1":0.005411376804269952}