{"MV1":0.5519476691609106,"MV3":0.7408000777358169,"CH1":0.4281417257569935}