{"MV1":0.6193409167888335,"MV3":0.7649268805033986,"CH1":0.6622535726553388}