{"MV1":0.9587353721636476,"MV3":0.4854158720436409,"CH1":0.4346742235910288}