{"MV1":0.5889780379623067,"MV3":0.15498417115719632,"CH1":0.934930682231256}