{"MV1":0.7757597417931227,"MV3":0.6047896039677255,"CH1":0.5038766879492153}