{"MV1":0.031219629506307522,"MV3":0.7862154019113414,"CH1":0.7793453039366386}