{"MV1":0.27866707768345833,"MV3":0.548203179538659,"CH1":0.3839322279076708}