{"MV1":0.031376620521769594,"MV3":0.3387113205331582,"CH1":0.7680747382099936}