{"MV1":0.2913921963149244,"MV3":0.537113498774498,"CH1":0.8435844887317678}