{"MV1":0.8959630264426448,"MV3":0.6741279316256882,"CH1":0.1008146080488389}