{"MV1":0.7837066624292869,"MV3":0.8261410653139682,"CH1":0.06869808369562025}