{"MV1":0.7735496556991961,"MV3":0.15833077386451022,"CH1":0.6016345025924505}