{"MV1":0.5079885662024287,"MV3":0.8811479969833118,"CH1":0.7438965449455541}