{"MV1":0.12721066090051103,"MV3":0.7363624767888276,"CH1":0.4593503961217187}