{"MV1":0.9872313633322904,"MV3":0.23220132749091815,"CH1":0.5980586776016249}