{"MV1":0.45567469175084596,"MV3":0.5233052522036316,"CH1":0.8503692123910621}