{"MV1":0.6903833825830348,"MV3":0.15337573633253454,"CH1":0.797548296048198}