{"MV1":0.5912410167929674,"MV3":0.3096159359746782,"CH1":0.2851008525023371}