{"MV1":0.6970867071700876,"MV3":0.1347572116588588,"CH1":0.976758756226451}