{"MV1":0.6271025197454796,"MV3":0.803064173345188,"CH1":0.21298714800972218}