{"MV1":0.4192696895904504,"MV3":0.3859851143225621,"CH1":0.8906529725356962}