{"MV1":0.3888896877314977,"MV3":0.3444438800454006,"CH1":0.7853082373463013}