{"MV1":0.013848312877987379,"MV3":0.5023676717819047,"CH1":0.3008117809103785}