{"MV1":0.37414867705624677,"MV3":0.5275179653809563,"CH1":0.6855795005637538}