{"MV1":0.011407343585372542,"MV3":0.9953923514678884,"CH1":0.9778659196173732}