{"MV1":0.468442520162186,"MV3":0.8362287275492413,"CH1":0.6171965996620769}