{"MV1":0.3338070246006226,"MV3":0.9516988757020695,"CH1":0.29486718265271417}