{"MV1":0.838408710715854,"MV3":0.3889750963977495,"CH1":0.6695418218584561}