{"MV1":0.33996005000610907,"MV3":0.6174446191526985,"CH1":0.7704699066080806}