{"MV1":0.12947322113363513,"MV3":0.10870628312171082,"CH1":0.7392283685528511}