{"MV1":0.09865803781585114,"MV3":0.12391447235583297,"CH1":0.6448512132961609}