{"MV1":0.1346659999705485,"MV3":0.8463830325088271,"CH1":0.913590625674553}