{"MV1":0.3649961441569891,"MV3":0.5746391482080138,"CH1":0.6440345267166748}