{"MV1":0.47253639883801735,"MV3":0.21513602536084742,"CH1":0.8054369738708377}