{"MV1":0.8311555401170004,"MV3":0.059372652220609834,"CH1":0.2941155459621838}