{"MV1":0.14986571216967148,"MV3":0.5132411381893486,"CH1":0.2548627833207714}