{"MV1":0.13066239536776159,"MV3":0.7180155003342478,"CH1":0.36388736850136505}