{"MV1":0.7676323959531015,"MV3":0.7948730533956374,"CH1":0.9504260063158915}