{"MV1":0.24545862261852436,"MV3":0.8482796336347481,"CH1":0.834834795491933}