{"MV1":0.4801227237289968,"MV3":0.4797520657661489,"CH1":0.745218542701293}