{"MV1":0.4705539211630557,"MV3":0.5553646204722608,"CH1":0.5958856103578261}