{"MV1":0.9510176087500526,"MV3":0.2355140135455014,"CH1":0.958439550627103}