{"MV1":0.7497137701847675,"MV3":0.9396754093765912,"CH1":0.9868917869909418}