{"MV1":0.1446201829556576,"MV3":0.22370894107255201,"CH1":0.29685480851790924}