{"MV1":0.17878056256458763,"MV3":0.12782110430675575,"CH1":0.3158895775435915}