{"MV1":0.7196271335730295,"MV3":0.21046940810648074,"CH1":0.24404406403953682}