{"MV1":0.6159765933046987,"MV3":0.11005994565157762,"CH1":0.8371842525576669}