{"MV1":0.5681013547298734,"MV3":0.5649975660048582,"CH1":0.6691830913988268}