{"MV1":0.09818307612527488,"MV3":0.947303134078354,"CH1":0.18668198063496333}