{"MV1":0.3240919106677216,"MV3":0.25849448184751056,"CH1":0.05414921633768921}