{"MV1":0.44939872231899614,"MV3":0.7684474768896673,"CH1":0.5539386868437927}