{"MV1":0.6502288032920603,"MV3":0.12542705432835288,"CH1":0.18792055901732763}