{"MV1":0.2096210953731944,"MV3":0.9452858544819067,"CH1":0.9394882858917838}