{"MV1":0.9274289219126964,"MV3":0.5396471226526337,"CH1":0.85143365523691}