{"MV1":0.2285576788578837,"MV3":0.18645444585041837,"CH1":0.22894321716518617}