{"MV1":0.8350356802640676,"MV3":0.20795485228523036,"CH1":0.22420288400017674}