{"MV1":0.7140818218194508,"MV3":0.7596655831915707,"CH1":0.6858986901837983}