{"MV1":0.8754439256223905,"MV3":0.0893612506141146,"CH1":0.8787173547711296}