{"MV1":0.09090321187136607,"MV3":0.35895335592805055,"CH1":0.2718825342261024}