{"MV1":0.14745492736700505,"MV3":0.9234428609034105,"CH1":0.013606015282509376}