{"MV1":0.7747002032825223,"MV3":0.4472129548806608,"CH1":0.9901553519391643}