{"MV1":0.5448320428007585,"MV3":0.821410459064473,"CH1":0.31165043313118845}