{"MV1":0.7105197654057569,"MV3":0.5107799458845177,"CH1":0.7845251720432597}