{"MV1":0.38562818565118917,"MV3":0.8369339839185852,"CH1":0.38069533865898875}