{"MV1":0.17459216850160442,"MV3":0.08265045354016942,"CH1":0.5303099164603436}