{"MV1":0.7510597998413935,"MV3":0.38510376349458586,"CH1":0.12852950581540856}