{"MV1":0.5449704221782752,"MV3":0.4673698579449739,"CH1":0.7890542356879664}