{"MV1":0.6151848863542698,"MV3":0.6141743577635917,"CH1":0.5727613826450475}