{"MV1":0.06866556599862617,"MV3":0.29689521094167914,"CH1":0.11658553755764367}