{"MV1":0.8400226980372396,"MV3":0.1292409388932203,"CH1":0.5271825306774801}