{"MV1":0.015316878599382688,"MV3":0.8108892427502619,"CH1":0.5074022312747006}