{"MV1":0.507100176692904,"MV3":0.24136083668397157,"CH1":0.7943021679288995}