{"MV1":0.3594257773099815,"MV3":0.04449875042328122,"CH1":0.9345017334421529}