{"MV1":0.5035880235222878,"MV3":0.8055628957727576,"CH1":0.7192828927968272}