{"MV1":0.2619926932338711,"MV3":0.739363630434163,"CH1":0.8838666732087407}