{"MV1":0.44231147600028253,"MV3":0.9370736187140615,"CH1":0.20410341031416135}