{"MV1":0.8302451994675666,"MV3":0.6161035774604853,"CH1":0.2895413618697763}