{"MV1":0.5640139195226177,"MV3":0.1266663904899029,"CH1":0.16792958412548065}