{"MV1":0.6709867767115018,"MV3":0.6588982519923184,"CH1":0.7520658329037232}