{"MV1":0.026980664323599357,"MV3":0.5308690647972696,"CH1":0.19215356394897276}