{"MV1":0.03385736504988701,"MV3":0.11965598790179988,"CH1":0.988045843829191}