{"MV1":0.20890027029401903,"MV3":0.6744656564813287,"CH1":0.6288898182885709}