{"MV1":0.1394689365408619,"MV3":0.9479243029658648,"CH1":0.9918721625924471}