{"MV1":0.4072798502013797,"MV3":0.7169560137896446,"CH1":0.0594149905184419}