{"MV1":0.9317657225735205,"MV3":0.6193072296288463,"CH1":0.8045086584377616}