{"MV1":0.9309719595668117,"MV3":0.48142320972120045,"CH1":0.8065599206516796}