{"MV1":0.04469881514918694,"MV3":0.44655862349429254,"CH1":0.8799617131119815}