{"MV1":0.4109181613849725,"MV3":0.5480622236960406,"CH1":0.21361516035757588}