{"MV1":0.6966231648612099,"MV3":0.37664434897043253,"CH1":0.15769078309924334}