{"MV1":0.584826694192128,"MV3":0.07238391495277663,"CH1":0.6886226166444656}