{"MV1":0.5997464677474056,"MV3":0.7155121517845212,"CH1":0.44401601336328156}