{"MV1":0.5925897463669837,"MV3":0.47392796710567997,"CH1":0.9189932952767593}