{"MV1":0.44560731667674447,"MV3":0.8800180460487076,"CH1":0.21202679037634709}