{"MV1":0.5779363204164017,"MV3":0.15819943562948735,"CH1":0.7429821500793269}