{"MV1":0.6153822568150771,"MV3":0.7490707892315257,"CH1":0.5618527703119758}