{"MV1":0.45655383330065,"MV3":0.5651406425798102,"CH1":0.9589568085317257}