{"MV1":0.02919028813085689,"MV3":0.9749586428647103,"CH1":0.9944294771848377}