{"MV1":0.6765374073960596,"MV3":0.5585721087543404,"CH1":0.5700207380796497}