{"MV1":0.9358220120865216,"MV3":0.25907710647719406,"CH1":0.5317667500850964}