{"MV1":0.2250039350554135,"MV3":0.897149463938438,"CH1":0.039214112411924185}