{"MV1":0.9667266433260885,"MV3":0.10291740430660301,"CH1":0.041299807381143916}