{"MV1":0.3467682781365906,"MV3":0.5826179018474948,"CH1":0.8380652658873136}