{"MV1":0.03899572024021092,"MV3":0.660816068986181,"CH1":0.5117900888923446}