{"MV1":0.388409363955764,"MV3":0.10990913221296916,"CH1":0.47403473500826554}