{"MV1":0.614542892509811,"MV3":0.5016269202101713,"CH1":0.5565670577016624}