{"MV1":0.3867938416990969,"MV3":0.001430620117063297,"CH1":0.06919718881573611}