{"MV1":0.6881998220951941,"MV3":0.3160106092102395,"CH1":0.267017306693735}