{"MV1":0.9638967869776986,"MV3":0.05941428569000562,"CH1":0.943039749442555}