{"MV1":0.5508094384825871,"MV3":0.045232680668867764,"CH1":0.8736153640790757}