{"MV1":0.25174987514620206,"MV3":0.8325675732118494,"CH1":0.5329475689332173}