{"MV1":0.9130534631715861,"MV3":0.9958760184556656,"CH1":0.7485373241207035}