{"MV1":0.2460877634941342,"MV3":0.5077887163598394,"CH1":0.342332632651689}