{"MV1":0.527952987954677,"MV3":0.4079244343184384,"CH1":0.4093488163541177}