{"MV1":0.7099146608345855,"MV3":0.1491857365964553,"CH1":0.34704834965726583}