{"MV1":0.7249822216323865,"MV3":0.5234627682196074,"CH1":0.02213979202633387}