{"MV1":0.9037631431418632,"MV3":0.9568339771437169,"CH1":0.7513264976363586}