{"MV1":0.05438725240312259,"MV3":0.8921167785154466,"CH1":0.5916869243968056}