{"MV1":0.9606762973505921,"MV3":0.9080911275474595,"CH1":0.28242178711980737}