{"MV1":0.42908611153828213,"MV3":0.9112395752533937,"CH1":0.9994863940536777}