{"MV1":0.3053042593406021,"MV3":0.6253486516037594,"CH1":0.009202578047805554}