{"MV1":0.475707008950761,"MV3":0.6639091626705226,"CH1":0.6474627365321498}