{"MV1":0.4423509118283473,"MV3":0.053122589356311756,"CH1":0.3493336140215876}