{"MV1":0.7292870202576156,"MV3":0.7209000492465861,"CH1":0.4884190214109302}