{"MV1":0.6407523571108713,"MV3":0.4822004926225064,"CH1":0.6798074046276049}