{"MV1":0.6932902592187277,"MV3":0.07878691747514954,"CH1":0.7974464289480722}