{"MV1":0.11366470219226099,"MV3":0.8959083149891506,"CH1":0.2606314375972233}