{"MV1":0.4186626417740176,"MV3":0.6693637075450972,"CH1":0.4636107506779318}