{"MV1":0.4756939973847898,"MV3":0.48687763539318385,"CH1":0.868935351309181}