{"MV1":0.014494909704794723,"MV3":0.5983047664286759,"CH1":0.3065678324236596}