{"MV1":0.011536160286747199,"MV3":0.9029591794301526,"CH1":0.4264124930049106}