{"MV1":0.5040325568907696,"MV3":0.4349046544851426,"CH1":0.14520932867431413}