{"MV1":0.0968202657156948,"MV3":0.24883384615844195,"CH1":0.3710091946689883}