{"MV1":0.18944173755910254,"MV3":0.42465915932779763,"CH1":0.42252626118190884}