{"MV1":0.8529696107477743,"MV3":0.06432756454388644,"CH1":0.438390535633297}