{"MV1":0.8881712876213539,"MV3":0.17063976253869162,"CH1":0.10743960753843207}