{"MV1":0.4690030425898152,"MV3":0.8582728238663115,"CH1":0.9685640607843172}