{"MV1":0.15502279965935883,"MV3":0.595548642463927,"CH1":0.9101958321897402}