{"MV1":0.3344525618563856,"MV3":0.29980021020477154,"CH1":0.8228904637500007}