{"MV1":0.027035956648923443,"MV3":0.11400863125737226,"CH1":0.18246641273983066}