{"MV1":0.49912905368380356,"MV3":0.457155338890456,"CH1":0.48954990944011}