{"MV1":0.8332768231208948,"MV3":0.9608981898957982,"CH1":0.8700217767485855}