{"MV1":0.1710837678380679,"MV3":0.8079474537759391,"CH1":0.053146955880049584}