{"MV1":0.337168241646707,"MV3":0.6004748183310431,"CH1":0.7805340998408323}