{"MV1":0.7537812748763122,"MV3":0.3566014732933783,"CH1":0.6905314153286749}