{"MV1":0.4164973762793649,"MV3":0.9491072278629332,"CH1":0.9036366952010311}