{"MV1":0.5020458583106311,"MV3":0.2731581772597297,"CH1":0.10252052972748182}