{"MV1":0.8023409303054412,"MV3":0.7841004866027809,"CH1":0.9387938168349402}