{"MV1":0.5620614379686846,"MV3":0.8436036882258706,"CH1":0.6296848155099887}