{"MV1":0.07517581298564613,"MV3":0.1518037279861093,"CH1":0.9825653277935522}