{"MV1":0.2665379410705093,"MV3":0.2648696946385827,"CH1":0.15527657836766418}