{"MV1":0.6257081497157058,"MV3":0.31389049396175883,"CH1":0.6120254416957209}