{"MV1":0.1775055800556543,"MV3":0.23031315236427008,"CH1":0.7656499512305671}