{"MV1":0.04221107868976537,"MV3":0.8114564264209229,"CH1":0.8413128516620986}