{"MV1":0.9132507214337422,"MV3":0.9214405610497637,"CH1":0.34530011639522407}