{"MV1":0.8598558785429434,"MV3":0.388643600970615,"CH1":0.07008338780091417}