{"MV1":0.12853450210756168,"MV3":0.3047257751709014,"CH1":0.9082601187015935}