{"MV1":0.2344002668012719,"MV3":0.2948813390380417,"CH1":0.5333693661958289}