{"MV1":0.10567489346999726,"MV3":0.8028828058671277,"CH1":0.9151157749302802}