{"MV1":0.25046951457406685,"MV3":0.4210910426100054,"CH1":0.3889389270533802}