{"MV1":0.16966894379505504,"MV3":0.4834260729627917,"CH1":0.8219874615126519}