{"MV1":0.27318010106880786,"MV3":0.14656526811821136,"CH1":0.018730052596687696}