{"MV1":0.8934415460223418,"MV3":0.5413875726954943,"CH1":0.9207452878858658}