{"MV1":0.8135257245851292,"MV3":0.8786892850724198,"CH1":0.6827602564610004}