{"MV1":0.006241094778619227,"MV3":0.6465667021566034,"CH1":0.2141663326034008}