{"MV1":0.06542092275765665,"MV3":0.8228440870811525,"CH1":0.13035758270188513}