{"MV1":0.49216991932035237,"MV3":0.5862798626123015,"CH1":0.9590688300201353}