{"MV1":0.44054114463828065,"MV3":0.1830573278129859,"CH1":0.23150515251053938}