{"MV1":0.27939804560720927,"MV3":0.7599307572232286,"CH1":0.87323777737565}