{"MV1":0.7014507120559172,"MV3":0.721786802119168,"CH1":0.9267938514514756}