{"MV1":0.7737928120598273,"MV3":0.6613239444333293,"CH1":0.745053185777807}