{"MV1":0.8007414827099124,"MV3":0.3375786343971836,"CH1":0.8617393924593496}