{"MV1":0.19399581712609326,"MV3":0.9277915169131856,"CH1":0.707169825990146}