{"MV1":0.32125110056583417,"MV3":0.020474545173010283,"CH1":0.5422294545666445}