{"MV1":0.40058834129054033,"MV3":0.099576854224118,"CH1":0.7291555036696201}