{"MV1":0.10095231034781449,"MV3":0.529567457349993,"CH1":0.5845266145154975}