{"MV1":0.4118230279891326,"MV3":0.9711754939721787,"CH1":0.18508622155389287}