{"MV1":0.6981855535722108,"MV3":0.724976328989681,"CH1":0.2173162292200601}