{"MV1":0.8960705106262166,"MV3":0.9518358002832894,"CH1":0.08769450676684332}