{"MV1":0.07061337897024622,"MV3":0.8148081248808032,"CH1":0.9268219808468906}