{"MV1":0.470168238404295,"MV3":0.9939598103021106,"CH1":0.32060258221472027}