{"MV1":0.6520318287158169,"MV3":0.559830841608607,"CH1":0.18044291183935202}