{"MV1":0.06514789426564183,"MV3":0.27714542673773257,"CH1":0.14440743713147053}