{"MV1":0.6669015471493097,"MV3":0.046506151171455956,"CH1":0.21893417750799582}