{"MV1":0.20903810461983874,"MV3":0.02462493672759669,"CH1":0.007103303162449337}