{"MV1":0.04166650153016316,"MV3":0.2662120209525508,"CH1":0.1717063516927645}