{"MV1":0.9776633862337822,"MV3":0.3407678843142713,"CH1":0.887885768998997}