{"MV1":0.9866882518363421,"MV3":0.3505677837521728,"CH1":0.5204554383076518}