{"MV1":0.8114624289165534,"MV3":0.3303908308057495,"CH1":0.9634064841160896}