{"MV1":0.9106435543761809,"MV3":0.20380125491282663,"CH1":0.7196417318105216}