{"MV1":0.1757295875661402,"MV3":0.1541424327330838,"CH1":0.6863171424134307}