{"MV1":0.6079458234453828,"MV3":0.32502109534299717,"CH1":0.40043974622092837}