{"MV1":0.22027057532480632,"MV3":0.07839619446757629,"CH1":0.11554801467141051}