{"MV1":0.628136247777125,"MV3":0.4949477416416831,"CH1":0.17075707340477375}