{"MV1":0.826209663143007,"MV3":0.7426859807712801,"CH1":0.2832666208249679}