{"MV1":0.38850604183662363,"MV3":0.8313806115543356,"CH1":0.9740781779765055}