{"MV1":0.23041384010478672,"MV3":0.5520421893899199,"CH1":0.7764014790737296}