{"MV1":0.3823792939569789,"MV3":0.8884499081254609,"CH1":0.8400408291480174}