{"MV1":0.5309583497936478,"MV3":0.3919003576388952,"CH1":0.3009049030352646}