{"MV1":0.5646105605546229,"MV3":0.2645648456298063,"CH1":0.16540530400578712}