{"MV1":0.20663579697073764,"MV3":0.29877858999605256,"CH1":0.6746243178855879}