{"MV1":0.40390416247049765,"MV3":0.8959463238184739,"CH1":0.35336489887493894}