{"MV1":0.36066014193903073,"MV3":0.27148183855971475,"CH1":0.45232622642558296}