{"MV1":0.8133086777912581,"MV3":0.6233469637407456,"CH1":0.43087620733977483}