{"MV1":0.3729115141144168,"MV3":0.08711810937109232,"CH1":0.6716067489184785}