{"MV1":0.20250413456524796,"MV3":0.16913970078105278,"CH1":0.8585992877585755}