{"MV1":0.811681432403519,"MV3":0.8603889389843964,"CH1":0.6069967571448655}