{"MV1":0.8911085349749573,"MV3":0.767123310872933,"CH1":0.13600025140431082}