{"MV1":0.4536326501534773,"MV3":0.08069823383089736,"CH1":0.3005032067595893}