{"MV1":0.8345520578097111,"MV3":0.521204834373317,"CH1":0.8287761037208352}