{"MV1":0.44475033403885345,"MV3":0.8559602914714806,"CH1":0.7255672328737814}