{"MV1":0.26218166890395356,"MV3":0.8896265220455218,"CH1":0.10697975996144826}