{"MV1":0.9724398388705171,"MV3":0.41809668744118955,"CH1":0.11229099628907568}