{"MV1":0.8773248585699353,"MV3":0.9246465174502418,"CH1":0.4315561397577856}