{"MV1":0.26903663277668355,"MV3":0.6313102434701753,"CH1":0.5247756213570491}