{"MV1":0.823614199214974,"MV3":0.9042600742271343,"CH1":0.1512997293911833}