{"MV1":0.9102264731040055,"MV3":0.2619158997561316,"CH1":0.7153310053495853}