{"MV1":0.7703356604389185,"MV3":0.8036690950203128,"CH1":0.8779149003214854}