{"MV1":0.15812565553457802,"MV3":0.18596659770739232,"CH1":0.3063242438977031}