{"MV1":0.12827988646525712,"MV3":0.41692540999833505,"CH1":0.5063941598580686}