{"MV1":0.9974768789206746,"MV3":0.022617397092057123,"CH1":0.0740338289984318}