{"MV1":0.05250182886233501,"MV3":0.9517727250584586,"CH1":0.8951717731636885}