{"MV1":0.5814528010016985,"MV3":0.04938264699732764,"CH1":0.18166139561909211}