{"MV1":0.22266919488528059,"MV3":0.7256577935520794,"CH1":0.7172389300707053}