{"MV1":0.5728203602579904,"MV3":0.33859001252265486,"CH1":0.027427586192649067}