{"MV1":0.7859740442825173,"MV3":0.7014660655825502,"CH1":0.5041939801371819}