{"MV1":0.9261428800344145,"MV3":0.7171633191252917,"CH1":0.13381263311432978}