{"MV1":0.8894447527861392,"MV3":0.7626733877173796,"CH1":0.9071970107327415}