{"MV1":0.40925306795153316,"MV3":0.203339754879722,"CH1":0.8440377476466319}