{"MV1":0.6983483863225176,"MV3":0.9705568790679936,"CH1":0.6966308836299971}