{"MV1":0.3685237054843882,"MV3":0.13098214258971863,"CH1":0.7213047502736556}