{"MV1":0.903815241051114,"MV3":0.18893815647103807,"CH1":0.46230967207200924}