{"MV1":0.09688719719913863,"MV3":0.33914043683483663,"CH1":0.15153433548690087}