{"MV1":0.7617852810511069,"MV3":0.7318619846112386,"CH1":0.8827496130597547}