{"MV1":0.5386265457340953,"MV3":0.9741864061107223,"CH1":0.8815436321505968}