{"MV1":0.27153924761887605,"MV3":0.8668869821666101,"CH1":0.5120665323809565}