{"MV1":0.3956735218471257,"MV3":0.9458688990007923,"CH1":0.2560386077277689}