{"MV1":0.5343874681000488,"MV3":0.5015150141219823,"CH1":0.5114941190045192}