{"MV1":0.3370415507619532,"MV3":0.804055602669187,"CH1":0.3344635140108143}