{"MV1":0.8992530996650694,"MV3":0.8838119195979741,"CH1":0.6186145418454663}