{"MV1":0.37428818298213984,"MV3":0.07203118471780112,"CH1":0.9612740082659366}