{"MV1":0.793886321668101,"MV3":0.11643613391005359,"CH1":0.9843649955315189}