{"MV1":0.6892639710664097,"MV3":0.15055896704651028,"CH1":0.6811462160276389}