{"MV1":0.13009726566913948,"MV3":0.3249143164437487,"CH1":0.04099430596082121}