{"MV1":0.3021112806010413,"MV3":0.041418594226882544,"CH1":0.008808833042218134}