{"MV1":0.8783205569565922,"MV3":0.18036117346890623,"CH1":0.41740589912946746}