{"MV1":0.2241350541467334,"MV3":0.7719691368585597,"CH1":0.8419533738964956}