{"MV1":0.7880598157424169,"MV3":0.2847818775463943,"CH1":0.8010844443812409}