{"MV1":0.08072933941472493,"MV3":0.9080934727550759,"CH1":0.5750741531307427}