{"MV1":0.2765641654222394,"MV3":0.6466352973464157,"CH1":0.3715897457771179}