{"MV1":0.7565998652444056,"MV3":0.04152526843677107,"CH1":0.2651156045190983}