{"MV1":0.6504274627950744,"MV3":0.48224991429618014,"CH1":0.061427222529372605}