{"MV1":0.020158517768299244,"MV3":0.9274453706023389,"CH1":0.9482961072069606}