{"MV1":0.3499583720723478,"MV3":0.3934440206953411,"CH1":0.7096136880338182}