{"MV1":0.9524524288345657,"MV3":0.6871045941256068,"CH1":0.8083905584996548}