{"MV1":0.7898012796470225,"MV3":0.06852316131756397,"CH1":0.0033954856346016804}