{"MV1":0.8172546006549961,"MV3":0.6418168637256788,"CH1":0.5545177573342631}