{"MV1":0.976919244152025,"MV3":0.4187657715667381,"CH1":0.813763888599335}