{"MV1":0.17619650143818644,"MV3":0.8411616343708633,"CH1":0.33713558129688015}