{"MV1":0.4008855528099743,"MV3":0.9908467715553895,"CH1":0.9110939702229155}