{"MV1":0.36668640036087485,"MV3":0.6169444412693698,"CH1":0.047589786696438874}