{"MV1":0.5984905061429526,"MV3":0.9002212629449334,"CH1":0.8342795734640182}