{"MV1":0.5067316980967539,"MV3":0.9561729817023356,"CH1":0.6203271827672161}