{"MV1":0.4746981968230606,"MV3":0.3881543342930601,"CH1":0.7583998093538529}