{"MV1":0.5680181577534792,"MV3":0.4275670852373965,"CH1":0.9870895508405959}