{"MV1":0.008546868968794974,"MV3":0.7239949940175987,"CH1":0.608379235694197}