{"MV1":0.5435509036017189,"MV3":0.7514022964076137,"CH1":0.38435907121010826}