{"MV1":0.9156076477912932,"MV3":0.6992381627495708,"CH1":0.4902554272985449}