{"MV1":0.31110321735093127,"MV3":0.049414212417907444,"CH1":0.03742983221334495}