{"MV1":0.9594456404328813,"MV3":0.8931521811153527,"CH1":0.295435167149401}