{"MV1":0.17651251100879006,"MV3":0.7871941576813566,"CH1":0.7124672844481048}