{"MV1":0.9360621764493589,"MV3":0.29908216500984375,"CH1":0.7292987202966377}