{"MV1":0.08362816931457095,"MV3":0.42377391599385883,"CH1":0.1063796873592796}