{"MV1":0.6461298110325718,"MV3":0.3159341588212198,"CH1":0.0921467967009253}