{"MV1":0.4281899621379722,"MV3":0.800698336239381,"CH1":0.6109815556382288}