{"MV1":0.41455032719272455,"MV3":0.043911985671516995,"CH1":0.9004499185823089}