{"MV1":0.10628046580957196,"MV3":0.2380140278965549,"CH1":0.04671277725465106}