{"MV1":0.834250885149515,"MV3":0.1265773711047663,"CH1":0.07921137426951597}