{"MV1":0.0694956139871975,"MV3":0.5110129066500061,"CH1":0.8018913489981175}