{"MV1":0.8474523381163025,"MV3":0.16622397699145486,"CH1":0.4046945546963512}