{"MV1":0.5603175938262089,"MV3":0.8107336621398049,"CH1":0.35744557084821305}