{"MV1":0.5368858634388771,"MV3":0.6728118803502351,"CH1":0.9713074227959758}