{"MV1":0.6227561315312725,"MV3":0.4221305869042049,"CH1":0.6597784814952133}