{"MV1":0.8816544848280086,"MV3":0.7661650912203295,"CH1":0.5870178271236115}