{"MV1":0.3668891180583853,"MV3":0.21387463323123201,"CH1":0.6113359122656674}