{"MV1":0.32515380488154644,"MV3":0.4089175724658295,"CH1":0.8648690186244413}