{"MV1":0.2970352483458476,"MV3":0.6829042969095603,"CH1":0.25323683363859273}