{"MV1":0.5745751754164254,"MV3":0.5375462589484192,"CH1":0.9587542766815983}