{"MV1":0.803450467052408,"MV3":0.29648557753148586,"CH1":0.2846972795855426}