{"MV1":0.6462556487383865,"MV3":0.3055814229756484,"CH1":0.3544060312668963}