{"MV1":0.600008807679878,"MV3":0.8575528142918035,"CH1":0.24697386032597513}