{"MV1":0.7134933746196926,"MV3":0.30478776411478836,"CH1":0.9307272313637602}