{"MV1":0.0433955692557183,"MV3":0.40506198515120606,"CH1":0.5178763797457848}