{"MV1":0.4009309311940361,"MV3":0.024965872575103965,"CH1":0.6862118424602818}