{"MV1":0.5991894237361557,"MV3":0.6250864796405768,"CH1":0.5472157826376366}