{"MV1":0.39902762398564173,"MV3":0.7726414824032918,"CH1":0.39624151904589733}