{"MV1":0.4333830146113219,"MV3":0.99591726592158,"CH1":0.2577517881707403}