{"MV1":0.6238689099171606,"MV3":0.17890155237386274,"CH1":0.8491674653283262}