{"MV1":0.17858185847993557,"MV3":0.1283581098352915,"CH1":0.7572048486604632}