{"MV1":0.8282157338778835,"MV3":0.0468528524138202,"CH1":0.01814876251048192}