{"MV1":0.13683123943178432,"MV3":0.16803934783815622,"CH1":0.2879168103922014}