{"MV1":0.7400924406742645,"MV3":0.8794683828372885,"CH1":0.6428929709652282}