{"MV1":0.0945454277811556,"MV3":0.2856067578815503,"CH1":0.5810350423440694}