{"MV1":0.12711188700287124,"MV3":0.16172856569975713,"CH1":0.11664507905060173}