{"MV1":0.7589499047295325,"MV3":0.7371741699776613,"CH1":0.5888550009980857}