{"MV1":0.34785131763271526,"MV3":0.739375733751723,"CH1":0.6494866699027945}