{"MV1":0.9970173637938464,"MV3":0.9372001894671865,"CH1":0.09893324125273173}