{"MV1":0.4701221393578249,"MV3":0.8541618308270141,"CH1":0.564449392222054}