{"MV1":0.559437946050695,"MV3":0.4842974664514311,"CH1":0.6151305070892777}