{"MV1":0.8634344558848835,"MV3":0.15349191555973118,"CH1":0.5070404705950889}