{"MV1":0.1811900258374204,"MV3":0.1572347967526232,"CH1":0.7843943213017801}