{"MV1":0.198689194623078,"MV3":0.26509984811955756,"CH1":0.05175361275275381}