{"MV1":0.6110323066853648,"MV3":0.05986608945019023,"CH1":0.2290798851939877}