{"MV1":0.6395350336140713,"MV3":0.8730132471969395,"CH1":0.3250500549289299}