{"MV1":0.7796336660906008,"MV3":0.08143446276997335,"CH1":0.4571550910103035}