{"MV1":0.5891956065459002,"MV3":0.869229652827284,"CH1":0.8124926562296259}