{"MV1":0.18603792473848724,"MV3":0.6110927155117295,"CH1":0.2695738751340577}