{"MV1":0.1856873904074099,"MV3":0.42396376499281563,"CH1":0.6186608698276322}