{"MV1":0.07490853523606344,"MV3":0.628709560708753,"CH1":0.9590974051730158}