{"MV1":0.2572948929082487,"MV3":0.1891347141231562,"CH1":0.5828723056741785}