{"MV1":0.3757267853701355,"MV3":0.1384765312571461,"CH1":0.37049246944922487}