{"MV1":0.6815698620775353,"MV3":0.587793778424937,"CH1":0.3550162872914483}