{"MV1":0.016992995399277122,"MV3":0.911108922338085,"CH1":0.10744491337639683}