{"MV1":0.17423287401137366,"MV3":0.8279990478795392,"CH1":0.1314033634356767}