{"MV1":0.13977859037893592,"MV3":0.07691512320869498,"CH1":0.3664559822866922}