{"MV1":0.48814446503080133,"MV3":0.3250619746329808,"CH1":0.8000857733077392}