{"MV1":0.5675200275128656,"MV3":0.9410475849333046,"CH1":0.8841853642247682}