{"MV1":0.9682554964536303,"MV3":0.7354919064737142,"CH1":0.07521407125603463}