{"MV1":0.19383363428108225,"MV3":0.551134181549257,"CH1":0.13946124038166952}