{"MV1":0.4097132157879819,"MV3":0.254917752571563,"CH1":0.30824066136455563}