{"MV1":0.6171557734336678,"MV3":0.773408150497136,"CH1":0.6088780623717885}