{"MV1":0.02754514752993298,"MV3":0.24006047620238824,"CH1":0.43679898983355225}