{"MV1":0.7322472650228,"MV3":0.013329571712019872,"CH1":0.1086365879819926}