{"MV1":0.5622295592860137,"MV3":0.2958542506852857,"CH1":0.30672993010136207}