{"MV1":0.09323539660047142,"MV3":0.14570377272482704,"CH1":0.5189687485356642}