{"MV1":0.2690552285469364,"MV3":0.8403159918094587,"CH1":0.9378251752400143}