{"MV1":0.7389517802679368,"MV3":0.5679160727438983,"CH1":0.6232745531677619}