{"MV1":0.13730361826752324,"MV3":0.40744194095217556,"CH1":0.9982077660004137}