{"MV1":0.17094715567154595,"MV3":0.45690188096270323,"CH1":0.19012171782009446}