{"MV1":0.14263773252875367,"MV3":0.15949012939758112,"CH1":0.5572356748301919}