{"MV1":0.5309452429464082,"MV3":0.10314519143078671,"CH1":0.7980140051658898}