{"MV1":0.9101796539082055,"MV3":0.5681692570999516,"CH1":0.5954267924829998}