{"MV1":0.22120398431982824,"MV3":0.001981225723961866,"CH1":0.10713780318310373}