{"MV1":0.9602108708010233,"MV3":0.5909438980206073,"CH1":0.09340833518150893}