{"MV1":0.14199226457283431,"MV3":0.9699532348133568,"CH1":0.681790968908418}