{"MV1":0.7378746704747294,"MV3":0.3201708224461567,"CH1":0.1370669459006323}