{"MV1":0.7369466628554772,"MV3":0.13279947249950685,"CH1":0.36005012788939983}