{"MV1":0.8308043480953713,"MV3":0.8846813330178033,"CH1":0.2801736388339211}