{"MV1":0.17728218556426723,"MV3":0.6527698888499659,"CH1":0.435594131035397}