{"MV1":0.6588089223491754,"MV3":0.7659809861770404,"CH1":0.6687604598361817}