{"MV1":0.05134123078265207,"MV3":0.7507354744288423,"CH1":0.09727396816713885}