{"MV1":0.06932907041185388,"MV3":0.9744793408141058,"CH1":0.14583588782930323}