{"MV1":0.2639974258748251,"MV3":0.9694761916002478,"CH1":0.03738913926470766}