{"MV1":0.8510746587856833,"MV3":0.08497482553893942,"CH1":0.9093953882737656}