{"MV1":0.3506069766514046,"MV3":0.49471855984981816,"CH1":0.7235178720431631}