{"MV1":0.8552790570448927,"MV3":0.7497357629344712,"CH1":0.7324133581001898}