{"MV1":0.7107951141911927,"MV3":0.5159109392451491,"CH1":0.3912883082681783}