{"MV1":0.37583465016811124,"MV3":0.12276905766957324,"CH1":0.2984501458423937}