{"MV1":0.20336758845262415,"MV3":0.06762866777811427,"CH1":0.5622453837498333}