{"MV1":0.8324246167887033,"MV3":0.7133006103762325,"CH1":0.542012925086923}