{"MV1":0.3634057149152786,"MV3":0.05836559644398842,"CH1":0.6143513301810177}