{"MV1":0.6076325914788709,"MV3":0.31781216735164897,"CH1":0.7874425986453114}