{"MV1":0.5926692203760477,"MV3":0.3522914240360878,"CH1":0.6693912681654077}