{"MV1":0.6743750379739691,"MV3":0.46483833704609456,"CH1":0.5966258496680129}