{"MV1":0.8281894183397134,"MV3":0.5441791220484276,"CH1":0.010543216290930801}