{"MV1":0.7398014668846123,"MV3":0.09815517830089193,"CH1":0.6835769710398789}