{"MV1":0.7462516417733759,"MV3":0.13829234795383172,"CH1":0.4759660447597742}