{"MV1":0.13103803874907294,"MV3":0.15375994960897466,"CH1":0.9414575550134755}