{"MV1":0.6399302895262194,"MV3":0.5348297555559841,"CH1":0.8594531520736989}