{"MV1":0.2773879815797904,"MV3":0.5094925961471324,"CH1":0.4852835174290472}