{"MV1":0.9831264045384437,"MV3":0.17000869782808892,"CH1":0.9666679027111801}