{"MV1":0.8122047116945698,"MV3":0.0006146181771369275,"CH1":0.2998378939367673}