{"MV1":0.9110042440193905,"MV3":0.9696468796638672,"CH1":0.49166291841229115}