{"MV1":0.8441952472834543,"MV3":0.49818005465016646,"CH1":0.4575269621107739}