{"MV1":0.7686579306284649,"MV3":0.6654350580458746,"CH1":0.23431180733650447}