{"MV1":0.03635561561952827,"MV3":0.05825702232037988,"CH1":0.536783735211932}