{"MV1":0.9202705655539811,"MV3":0.8181031411683068,"CH1":0.007726742472759507}