{"MV1":0.09324008143009699,"MV3":0.9629898766910839,"CH1":0.6665063563201482}