{"MV1":0.3943322270150583,"MV3":0.19370377438398723,"CH1":0.11178561441853518}