{"MV1":0.9898396444282955,"MV3":0.68580561453012,"CH1":0.6878002428754842}