{"MV1":0.13101653651654466,"MV3":0.3446377028099802,"CH1":0.5021545288622019}