{"MV1":0.2751422055346806,"MV3":0.49375594697279523,"CH1":0.32556268546888834}