{"MV1":0.16039562446408384,"MV3":0.4804623969859749,"CH1":0.23052839045642592}