{"MV1":0.5517191174799388,"MV3":0.7825795862166836,"CH1":0.707651848558287}