{"MV1":0.11518117736410449,"MV3":0.7849105380857995,"CH1":0.5158286842700966}