{"MV1":0.8612130221939609,"MV3":0.43512108030954255,"CH1":0.6082887688745866}