{"MV1":0.417440827437923,"MV3":0.3569073187778494,"CH1":0.579395906994606}