{"MV1":0.46543108483869866,"MV3":0.7187308111484997,"CH1":0.7042836131060437}