{"MV1":0.4772393425441306,"MV3":0.19805315264410095,"CH1":0.954524089970548}