{"MV1":0.10131883028787658,"MV3":0.5913056819227199,"CH1":0.048193922528896316}