{"MV1":0.15550046966261422,"MV3":0.6459208182186844,"CH1":0.12858047420449192}