{"MV1":0.4238414516591278,"MV3":0.015342768375353422,"CH1":0.8127351144084378}