{"MV1":0.2724688511962784,"MV3":0.619743371280483,"CH1":0.38964780688220024}