{"MV1":0.3591149824109977,"MV3":0.8241924466869426,"CH1":0.02187393019374606}