{"MV1":0.2608607753201123,"MV3":0.8732980107873994,"CH1":0.7095469814570753}