{"MV1":0.020236066666364128,"MV3":0.8944394244840552,"CH1":0.46929417712826027}