{"MV1":0.15634233953922982,"MV3":0.20092763801088265,"CH1":0.9291288379173833}