{"MV1":0.5601711782863628,"MV3":0.1759013447797586,"CH1":0.24912134536998065}