{"MV1":0.9546069875100099,"MV3":0.7609983209835228,"CH1":0.6478644471974148}