{"MV1":0.6245462650450693,"MV3":0.9924863874003461,"CH1":0.7106047673415655}