{"MV1":0.7368466869516004,"MV3":0.8773638612277352,"CH1":0.9372132750338049}