{"MV1":0.8660822422314246,"MV3":0.7848428189906623,"CH1":0.866114381483983}