{"MV1":0.8902777131543855,"MV3":0.9370906336658403,"CH1":0.1892485961217174}