{"MV1":0.9158262005488297,"MV3":0.1563358222335557,"CH1":0.5638964756635988}