{"MV1":0.8616951404936717,"MV3":0.9410153235936275,"CH1":0.5943690055792563}