{"MV1":0.46710662231646616,"MV3":0.3239538065728641,"CH1":0.6254680236765053}