{"MV1":0.6482859256772491,"MV3":0.44813967913215713,"CH1":0.9508915316269032}