{"MV1":0.28741498826216627,"MV3":0.41708151207684896,"CH1":0.21182822918191935}