{"MV1":0.7107965139673637,"MV3":0.8781951106606166,"CH1":0.5618572943152262}