{"MV1":0.9384676018890129,"MV3":0.012701180176202143,"CH1":0.1906394140009826}