{"MV1":0.39145479074977285,"MV3":0.5666917989274387,"CH1":0.9869605194303257}