{"MV1":0.6647179071895746,"MV3":0.971382668714782,"CH1":0.8422161456821502}