{"MV1":0.5656791358513384,"MV3":0.3075703438897821,"CH1":0.9220680299848316}