{"MV1":0.8809381809001388,"MV3":0.5962822711186542,"CH1":0.9853323944725971}