{"MV1":0.6574211376573244,"MV3":0.18206408748992975,"CH1":0.061152080710098145}