{"MV1":0.18896047115660763,"MV3":0.47671396213499817,"CH1":0.5283411320525487}