{"MV1":0.4995865307038102,"MV3":0.4263242612679865,"CH1":0.9137894964694364}