{"MV1":0.099798258525439,"MV3":0.49616705620895807,"CH1":0.39961844476457675}