{"MV1":0.9818579483497212,"MV3":0.9950049162683633,"CH1":0.2977961482807916}