{"MV1":0.8231128747618037,"MV3":0.8832693307750892,"CH1":0.7064393763104696}