{"MV1":0.7767451802403814,"MV3":0.6847742675592084,"CH1":0.20788980241534316}