{"MV1":0.6590916730507849,"MV3":0.027151116888149085,"CH1":0.8668390434321764}