{"MV1":0.13797763552567088,"MV3":0.8368955266167766,"CH1":0.8186192195040426}