{"MV1":0.6085367161019748,"MV3":0.07052915217091493,"CH1":0.3357465518451196}