{"MV1":0.24685740891079744,"MV3":0.9619608215974436,"CH1":0.06844336811859764}