{"MV1":0.056974486481253916,"MV3":0.8102517590039,"CH1":0.6452593671716204}