{"MV1":0.7833458670270582,"MV3":0.2900638171091393,"CH1":0.051975708122348085}