{"MV1":0.778128472024672,"MV3":0.3586137549747157,"CH1":0.12985316802278946}