{"MV1":0.0323605452985849,"MV3":0.04155943956664043,"CH1":0.44329031680800024}