{"MV1":0.9371265344400735,"MV3":0.7452626178668065,"CH1":0.9496792092825065}