{"MV1":0.06954420022406638,"MV3":0.0099713054414724,"CH1":0.12112419352329962}