{"MV1":0.7324737733763822,"MV3":0.24664458716902404,"CH1":0.8333836301899709}