{"MV1":0.59824738809705,"MV3":0.22010138844604799,"CH1":0.041351315403897915}