{"MV1":0.6950795393510194,"MV3":0.8664138688056083,"CH1":0.9110078492687476}