{"MV1":0.30150138806155624,"MV3":0.4448853547096079,"CH1":0.047243233220934044}