{"MV1":0.8591921039999183,"MV3":0.994889272563525,"CH1":0.35213941376385827}