{"MV1":0.041648061484412024,"MV3":0.9450232632211478,"CH1":0.4849092777621987}