{"MV1":0.5592341516143005,"MV3":0.8890405965569623,"CH1":0.004160652994206204}