{"MV1":0.8496535850949785,"MV3":0.06377774060148578,"CH1":0.9643943758833168}