{"MV1":0.31916294579416815,"MV3":0.21972532088216723,"CH1":0.964515073697628}