{"MV1":0.7716830939445323,"MV3":0.7542145176191781,"CH1":0.21214614852016167}