{"MV1":0.2835725310062508,"MV3":0.5328212494044298,"CH1":0.47028299652164873}