{"MV1":0.4011386638856622,"MV3":0.5206435359025625,"CH1":0.23967981906319746}