{"MV1":0.9967869248432784,"MV3":0.6931928669661384,"CH1":0.01977369472939494}