{"MV1":0.02198207469580682,"MV3":0.4009157617677591,"CH1":0.29767100304397853}