{"MV1":0.8884123847173244,"MV3":0.49719032180056866,"CH1":0.1756221096663797}