{"MV1":0.6318165332802566,"MV3":0.17180465264624578,"CH1":0.5739468990680772}