{"MV1":0.4965921223551185,"MV3":0.5611367942239923,"CH1":0.3800140992952946}