{"MV1":0.28765889334284445,"MV3":0.40629926461905674,"CH1":0.6602179020300553}