{"MV1":0.9002805653108313,"MV3":0.43772474956754304,"CH1":0.46929756520525423}