{"MV1":0.20670824279395572,"MV3":0.668743604402467,"CH1":0.5002378788961681}