{"MV1":0.34149226579639,"MV3":0.24383574280272213,"CH1":0.40003015848618495}