{"MV1":0.39541695565495094,"MV3":0.36131897692138804,"CH1":0.729558765126828}