{"MV1":0.787775154824544,"MV3":0.061068473709366744,"CH1":0.5516629328708627}