{"MV1":0.8033481699528692,"MV3":0.16288436729551303,"CH1":0.32325373133984625}