{"MV1":0.678907919318128,"MV3":0.31808464795215774,"CH1":0.7090014709830712}