{"MV1":0.01803716191087057,"MV3":0.6085670204011309,"CH1":0.23963805465833332}