{"MV1":0.6562072124692895,"MV3":0.08138346934318919,"CH1":0.12202716064046537}