{"MV1":0.6965818454254734,"MV3":0.4005188443695461,"CH1":0.8942133063354036}