{"MV1":0.09977890516181698,"MV3":0.3771765106373497,"CH1":0.8764717211129673}