{"MV1":0.24138552419456294,"MV3":0.40214539043253283,"CH1":0.9734147857433205}