{"MV1":0.7247251448145059,"MV3":0.6840285719375081,"CH1":0.13877194521738956}