{"MV1":0.025271732082382647,"MV3":0.34565910606222616,"CH1":0.9244371836443422}