{"MV1":0.10935783270242794,"MV3":0.4235836331700299,"CH1":0.6626518400503341}