{"MV1":0.03035746878701895,"MV3":0.32970592178650715,"CH1":0.2891723622561375}