{"MV1":0.18278152174981943,"MV3":0.9929781809034628,"CH1":0.35034502517416144}