{"MV1":0.0553207034297839,"MV3":0.9739023995020336,"CH1":0.24926668420899112}