{"MV1":0.12168154548491761,"MV3":0.2344975481451379,"CH1":0.48518330478838423}