{"MV1":0.3917721162231995,"MV3":0.3656555304552327,"CH1":0.049754422363274875}