{"MV1":0.2940598457139628,"MV3":0.009248278189801007,"CH1":0.8674912418527967}