{"MV1":0.5368887364193451,"MV3":0.860684722716462,"CH1":0.28614186812717424}