{"MV1":0.752907496661757,"MV3":0.4173963195677225,"CH1":0.1247210680681623}