{"MV1":0.2595444386564313,"MV3":0.6772118140733017,"CH1":0.9850887216771858}