{"MV1":0.7041601107351596,"MV3":0.08577956153446276,"CH1":0.24499332981904076}