{"MV1":0.43175141060581534,"MV3":0.5320881124947618,"CH1":0.03451992868305942}