{"MV1":0.022988208336338745,"MV3":0.7058395713184044,"CH1":0.5018491606274944}