{"MV1":0.8176945047314108,"MV3":0.45931282972649823,"CH1":0.3099617200285152}