{"MV1":0.07254569030639513,"MV3":0.029735805875444887,"CH1":0.3680348323050737}