{"MV1":0.2028307709017294,"MV3":0.11640846523515802,"CH1":0.778684418722561}