{"MV1":0.12766193498752998,"MV3":0.024785381391507544,"CH1":0.42179694610745366}