{"MV1":0.12474060239387386,"MV3":0.04792986058175763,"CH1":0.012920847364582877}