{"MV1":0.9552162513150156,"MV3":0.12921772058843528,"CH1":0.23556977566298587}