{"MV1":0.3799386785389042,"MV3":0.09918384100945143,"CH1":0.7104590089478633}