{"MV1":0.1681430304056204,"MV3":0.3345343112404999,"CH1":0.6718098339157884}