{"MV1":0.5632065249875464,"MV3":0.011450145179411786,"CH1":0.48007053908891906}