{"MV1":0.8634929735114361,"MV3":0.1273169759431716,"CH1":0.7448084633074404}