{"MV1":0.23754364934302497,"MV3":0.6590305577572549,"CH1":0.20578001705279336}