{"MV1":0.12389550297918983,"MV3":0.7315811343229276,"CH1":0.4436021992730794}