{"MV1":0.012570043633210681,"MV3":0.6504630226328554,"CH1":0.5187068847381133}