{"MV1":0.1797735117313337,"MV3":0.7955398040866095,"CH1":0.9253078045758484}