{"MV1":0.3006555798945598,"MV3":0.2804534958211691,"CH1":0.9600887576642221}