{"MV1":0.5462252947589853,"MV3":0.6292250762582074,"CH1":0.6042913949445876}