{"MV1":0.05873092219081644,"MV3":0.18454530181101714,"CH1":0.7302862799646309}