{"MV1":0.34854120092633867,"MV3":0.44261607796605695,"CH1":0.07241935763283791}