{"MV1":0.4542130966022101,"MV3":0.9672513400301357,"CH1":0.8971100623921737}