{"MV1":0.2195387493581198,"MV3":0.1831007190073951,"CH1":0.23614870072150485}