{"MV1":0.9820343298046904,"MV3":0.7333910319713554,"CH1":0.2409585895984785}