{"MV1":0.49921334890547286,"MV3":0.7606610700710695,"CH1":0.6383933218765774}