{"MV1":0.6577871633089616,"MV3":0.06065793916230322,"CH1":0.7369225868291329}