{"MV1":0.17440045667773074,"MV3":0.13143183066604847,"CH1":0.08326684325117406}