{"MV1":0.45337101221527887,"MV3":0.6191492326494329,"CH1":0.24780901530402177}