{"MV1":0.9499107100162714,"MV3":0.45552398209570444,"CH1":0.25450345628154747}