{"MV1":0.2768609461974709,"MV3":0.021982430405366626,"CH1":0.07525518068784642}