{"MV1":0.9688003469439959,"MV3":0.49503442046921353,"CH1":0.2960683104223808}