{"MV1":0.9015925969856021,"MV3":0.4126197463969109,"CH1":0.4443700532324363}