{"MV1":0.6566319307199572,"MV3":0.29740644727726506,"CH1":0.4580805029291981}