{"MV1":0.6610327717933326,"MV3":0.028067807530891664,"CH1":0.653312889006311}