{"MV1":0.3211998309995987,"MV3":0.629605403278873,"CH1":0.3865963598688126}