{"MV1":0.12918456528592737,"MV3":0.21526665442757098,"CH1":0.11689002520678293}