{"MV1":0.8154695129501699,"MV3":0.293390538078776,"CH1":0.26714515483380263}