{"MV1":0.5591932230084038,"MV3":0.8957473826636846,"CH1":0.6967574684491281}