{"MV1":0.3728679283812806,"MV3":0.33420931471136994,"CH1":0.5648494389891255}