{"MV1":0.5419940678092681,"MV3":0.5336924303943753,"CH1":0.8457550566164972}