{"MV1":0.20037613164671142,"MV3":0.9312231660369099,"CH1":0.3226521162765559}