{"MV1":0.8574736161367029,"MV3":0.1294045688116061,"CH1":0.0015869171760648504}