{"MV1":0.42640142910798506,"MV3":0.2834035021692606,"CH1":0.8402144579959374}