{"MV1":0.896178924859376,"MV3":0.5549339326120603,"CH1":0.5280803196364646}