{"MV1":0.05895704440870586,"MV3":0.3962278115676878,"CH1":0.817214495403623}