{"MV1":0.07473288097823882,"MV3":0.33179148231953726,"CH1":0.7644016073915199}