{"MV1":0.869023690717715,"MV3":0.12633214688228933,"CH1":0.8954178899611768}