{"MV1":0.22414607195048963,"MV3":0.8751314981681596,"CH1":0.7682159758072273}