{"MV1":0.24243738964028094,"MV3":0.4946345363671494,"CH1":0.23415854245880774}