{"MV1":0.39367442901922844,"MV3":0.02810199071474362,"CH1":0.0022678314903998853}