{"MV1":0.9214324786865634,"MV3":0.701722608848482,"CH1":0.7688481271340079}