{"MV1":0.6471918061464651,"MV3":0.5325948715187311,"CH1":0.04723037594308965}