{"MV1":0.6675374414057724,"MV3":0.7502971426241779,"CH1":0.4167989453115948}