{"MV1":0.01900357964917543,"MV3":0.5491501281206298,"CH1":0.0834644231679379}