{"MV1":0.11341787729165442,"MV3":0.12438432599614913,"CH1":0.701631409521585}