{"MV1":0.4859018155937903,"MV3":0.24090668754948252,"CH1":0.06423609368488137}