{"MV1":0.916405252317773,"MV3":0.3501567479294604,"CH1":0.828931242657824}