{"MV1":0.7542050035042863,"MV3":0.27429906741551613,"CH1":0.6012448060170476}