{"MV1":0.7160564421763076,"MV3":0.04468074447751502,"CH1":0.2824479300006336}