{"MV1":0.6201738069663917,"MV3":0.271414833522582,"CH1":0.6428605866705353}