{"MV1":0.17790583842835916,"MV3":0.9693263303004686,"CH1":0.5527725190178997}