{"MV1":0.560807070377246,"MV3":0.4750208906806659,"CH1":0.15995783999799307}