{"MV1":0.10441705816993596,"MV3":0.4822842273048523,"CH1":0.12171539926202168}