{"MV1":0.4183409366612082,"MV3":0.9165633168250765,"CH1":0.4565786930437703}