{"MV1":0.7354026161176043,"MV3":0.7882098497828065,"CH1":0.11723010485031127}