{"MV1":0.16801797908900595,"MV3":0.2975195831209265,"CH1":0.6694944276084804}