{"MV1":0.3864323781093756,"MV3":0.45822718836829246,"CH1":0.684081934513801}