{"MV1":0.8446107227608406,"MV3":0.42050632625916684,"CH1":0.956290742848485}