{"MV1":0.07855967983025636,"MV3":0.5998845110603561,"CH1":0.5105763472275021}