{"MV1":0.2513831560825176,"MV3":0.6039004119000915,"CH1":0.04439682388147248}