{"MV1":0.38327303975584304,"MV3":0.7050014718381176,"CH1":0.8777036064342879}