{"MV1":0.22445974167356297,"MV3":0.9968603382343735,"CH1":0.8123853543037136}