{"MV1":0.04141831110952909,"MV3":0.05848129821538306,"CH1":0.4834679340113023}