{"MV1":0.9381974017189348,"MV3":0.1669810376274401,"CH1":0.9427981205928782}