{"MV1":0.8349248699191587,"MV3":0.4004068372939503,"CH1":0.47634195518038525}