{"MV1":0.8337830719017052,"MV3":0.3812869022491574,"CH1":0.7266304035756992}