{"MV1":0.47261824869595404,"MV3":0.50352772346157,"CH1":0.33128219334665443}