{"MV1":0.41873900172405387,"MV3":0.4624336609083959,"CH1":0.4075498078683547}