{"MV1":0.2813509134835662,"MV3":0.9016796552946492,"CH1":0.4519761334968633}