{"MV1":0.8488008049133884,"MV3":0.37340308666718236,"CH1":0.2731799627474766}