{"MV1":0.3283999785763896,"MV3":0.038922001204073964,"CH1":0.6056347228611328}