{"MV1":0.8591844902761935,"MV3":0.7783497204462628,"CH1":0.3534667366377976}