{"MV1":0.5201476919518816,"MV3":0.5019697463293106,"CH1":0.8583734548924498}