{"MV1":0.3953451675667524,"MV3":0.8726169855067446,"CH1":0.07554059321827344}