{"MV1":0.4348848820799175,"MV3":0.2720163167205579,"CH1":0.5693914585780514}