{"MV1":0.9167694227239381,"MV3":0.08599813575283655,"CH1":0.9692822686286434}