{"MV1":0.7442235115773519,"MV3":0.1127175199843854,"CH1":0.18578613361085428}