{"MV1":0.8296430821966021,"MV3":0.38227455977248226,"CH1":0.12052609331995678}