{"MV1":0.04077662042735264,"MV3":0.6275281823342481,"CH1":0.1728667244021127}