{"MV1":0.7268033364976713,"MV3":0.08444824500717363,"CH1":0.6351542059494878}