{"MV1":0.09325637990057423,"MV3":0.9656945299311095,"CH1":0.5704198118214391}