{"MV1":0.7355511555780528,"MV3":0.6292507014265906,"CH1":0.061191643917389515}