{"MV1":0.5768205213781481,"MV3":0.7110392583437225,"CH1":0.6720727852935594}