{"MV1":0.050699479683566806,"MV3":0.47937252010722275,"CH1":0.07332326133165457}