{"MV1":0.14508962427386785,"MV3":0.23247129068191608,"CH1":0.48435322920455126}