{"MV1":0.576861289327353,"MV3":0.11423325601069345,"CH1":0.08190111972112402}