{"MV1":0.13475211191983283,"MV3":0.2023590208277004,"CH1":0.2602240875307261}