{"MV1":0.24262776683929888,"MV3":0.24523481800701818,"CH1":0.7093807666715938}