{"MV1":0.35755511760953995,"MV3":0.18932118347759885,"CH1":0.3927038472027452}