{"MV1":0.9246442276082428,"MV3":0.2339227546078122,"CH1":0.6875050092413647}