{"MV1":0.813219912599619,"MV3":0.06003938968857914,"CH1":0.3538663196466273}