{"MV1":0.002113191076045795,"MV3":0.892518095938787,"CH1":0.2074213807955979}