{"MV1":0.4242758871752337,"MV3":0.0537461768009444,"CH1":0.639226627149848}