{"MV1":0.07500616904595347,"MV3":0.9086375842467969,"CH1":0.687302962046499}