{"MV1":0.4792548289942955,"MV3":0.45571590265189,"CH1":0.06657057323335647}