{"MV1":0.2209442192820844,"MV3":0.9468642162690214,"CH1":0.8496217648457932}