{"MV1":0.3230781251330802,"MV3":0.49128101817971026,"CH1":0.7679198236442758}