{"MV1":0.3528026212607085,"MV3":0.3276168086608393,"CH1":0.6964705330020438}