{"MV1":0.6514346841696648,"MV3":0.8110901255730771,"CH1":0.9366836988366269}