{"MV1":0.8785684225401353,"MV3":0.9272065491709375,"CH1":0.848988358147477}