{"MV1":0.8090825346952094,"MV3":0.1570689077780214,"CH1":0.33857332889707636}