{"MV1":0.5608190429151929,"MV3":0.48056099668527963,"CH1":0.9312012004903402}