{"MV1":0.9710724565085734,"MV3":0.010743806219086771,"CH1":0.1670218507176371}