{"MV1":0.3814521090646974,"MV3":0.6597002799914747,"CH1":0.15351617850867416}