{"MV1":0.652230407747792,"MV3":0.9630054378886493,"CH1":0.0027027392742675627}