{"MV1":0.4206052261253368,"MV3":0.6258960468576027,"CH1":0.6207428207286637}