{"MV1":0.6946552706293255,"MV3":0.7696072339874445,"CH1":0.5481840621883577}