{"MV1":0.9757250617446396,"MV3":0.544269185793655,"CH1":0.9593005656437243}