{"MV1":0.9646234301620081,"MV3":0.3903673449455519,"CH1":0.20150627374362784}