{"MV1":0.5681622393708745,"MV3":0.9663379924736049,"CH1":0.5621789946129206}