{"MV1":0.02301615260186185,"MV3":0.885110916379803,"CH1":0.08229151559306314}