{"MV1":0.7036746033886135,"MV3":0.7445780729163657,"CH1":0.3634602258985684}