{"MV1":0.4537678293614258,"MV3":0.130987902293216,"CH1":0.19368658579894182}