{"MV1":0.5458245618478347,"MV3":0.8150552263735213,"CH1":0.41684598223277625}