{"MV1":0.284188589208462,"MV3":0.4137769357949056,"CH1":0.9267155254322847}