{"MV1":0.37047685168184374,"MV3":0.5846221701836045,"CH1":0.4656369902694051}