{"MV1":0.9030944269006598,"MV3":0.07376025493180005,"CH1":0.7265353219386478}