{"MV1":0.3822257702186165,"MV3":0.8338753899444373,"CH1":0.25325616596404743}