{"MV1":0.5101994568845676,"MV3":0.009345828513384502,"CH1":0.6734774048781681}