{"MV1":0.3335390356921135,"MV3":0.8665200772066417,"CH1":0.3352679325354707}