{"MV1":0.8012832504699091,"MV3":0.8434946384609271,"CH1":0.4407631114705407}