{"MV1":0.37136939087305443,"MV3":0.8954453888774382,"CH1":0.31114003762854114}