{"MV1":0.8727632982317208,"MV3":0.741420783838112,"CH1":0.7450390930898112}