{"MV1":0.020644033707734044,"MV3":0.7330007980725114,"CH1":0.16700007497583258}