{"MV1":0.8429445236592356,"MV3":0.0006282755719438926,"CH1":0.8031650450123388}