{"MV1":0.9499188710218756,"MV3":0.2841106617082233,"CH1":0.8033303160774641}