{"MV1":0.5157222812806156,"MV3":0.9746272087423715,"CH1":0.7777165974077649}