{"MV1":0.8167643957872446,"MV3":0.009645581443659346,"CH1":0.13862492304237017}