{"MV1":0.6504520218729758,"MV3":0.904639241227772,"CH1":0.7155724886477123}