{"MV1":0.8973608258143914,"MV3":0.9665162303156131,"CH1":0.3494217921289908}