{"MV1":0.712623957926981,"MV3":0.3957308176623827,"CH1":0.46273681920180343}