{"MV1":0.23504981524798851,"MV3":0.9223477671834138,"CH1":0.04026321854383108}