{"MV1":0.7790659703946387,"MV3":0.9167705141936361,"CH1":0.07951272623938199}