{"MV1":0.31968837564164265,"MV3":0.983812153820136,"CH1":0.8614998765573257}