{"MV1":0.826148200718034,"MV3":0.023496587955276427,"CH1":0.84819509331715}