{"MV1":0.48838563430533766,"MV3":0.849261236801157,"CH1":0.04431687449378541}