{"MV1":0.5269913800657063,"MV3":0.9982074748874056,"CH1":0.09468952719919488}