{"MV1":0.10564787637893347,"MV3":0.4840380759669749,"CH1":0.6611891982682127}