{"MV1":0.9140962062105367,"MV3":0.2669849736274389,"CH1":0.13712044274859192}