{"MV1":0.24037947673177285,"MV3":0.09564979374834093,"CH1":0.31618043667333584}