{"MV1":0.42096079315960766,"MV3":0.3089025267568838,"CH1":0.9142508199525667}