{"MV1":0.3194222399370503,"MV3":0.7294644884861342,"CH1":0.4183584915708022}