{"MV1":0.6844540041903142,"MV3":0.2765246477367941,"CH1":0.6377234903774017}