{"MV1":0.5172029408340213,"MV3":0.7977823741899416,"CH1":0.43912567363636}