{"MV1":0.19873088825473417,"MV3":0.9450157884183682,"CH1":0.6556172066449584}