{"MV1":0.41354220268829067,"MV3":0.3182361058932752,"CH1":0.7129840848946083}