{"MV1":0.06368165356338817,"MV3":0.840339124075532,"CH1":0.4330905119115478}