{"MV1":0.28974714045433625,"MV3":0.7500382230461999,"CH1":0.7867574791710751}