{"MV1":0.6429289323231954,"MV3":0.05547083898155436,"CH1":0.38331007996749855}