{"MV1":0.26908714879812545,"MV3":0.5874841670069453,"CH1":0.5305527984158176}