{"MV1":0.0991393951559244,"MV3":0.44240050762257577,"CH1":0.5803382702947469}