{"MV1":0.7823212730948657,"MV3":0.28129271656386123,"CH1":0.6934872488636964}