{"MV1":0.43152247524392984,"MV3":0.07144064575178244,"CH1":0.32852326758366224}