{"MV1":0.7105669000369728,"MV3":0.2991282022260098,"CH1":0.6818074964490269}