{"MV1":0.4396969718149897,"MV3":0.25090702808339027,"CH1":0.1633287965159198}