{"MV1":0.6937033855391407,"MV3":0.09420088551320616,"CH1":0.9536684140456088}