{"MV1":0.8035946798032262,"MV3":0.5394003420057465,"CH1":0.17828937732419659}