{"MV1":0.5286313184139718,"MV3":0.39879905468816723,"CH1":0.6320502973239147}