{"MV1":0.9623083441137587,"MV3":0.7274714921309209,"CH1":0.3360307859270104}