{"MV1":0.27737501478126136,"MV3":0.3792589221021141,"CH1":0.7678412789769993}