{"MV1":0.5219951299227256,"MV3":0.5025880787503368,"CH1":0.8334558029707427}