{"MV1":0.7865787743226811,"MV3":0.6778375293536965,"CH1":0.9527739085556102}