{"MV1":0.2794076987708489,"MV3":0.34056448385152027,"CH1":0.9770547315418023}