{"MV1":0.9521023441034998,"MV3":0.9644703181110712,"CH1":0.3990582781801424}