{"MV1":0.7759939531280055,"MV3":0.32935196770515307,"CH1":0.753079044123753}