{"MV1":0.2006463846953691,"MV3":0.7059487290001384,"CH1":0.22679047195334678}