{"MV1":0.4386618393252544,"MV3":0.7109656991667582,"CH1":0.9545436081262255}