{"MV1":0.6749393290530082,"MV3":0.18498259738618794,"CH1":0.45507549470744413}