{"MV1":0.4699588439316881,"MV3":0.42656387101106985,"CH1":0.894368616732708}