{"MV1":0.511121372712468,"MV3":0.2373382780381078,"CH1":0.30766388013474744}