{"MV1":0.50269037653355,"MV3":0.662457779114288,"CH1":0.5943199469577505}