{"MV1":0.6479228074135611,"MV3":0.5209476663258003,"CH1":0.7901775681088329}