{"MV1":0.947731715145828,"MV3":0.3656278743860245,"CH1":0.04339251396184518}