{"MV1":0.9980095745730562,"MV3":0.40414257152442656,"CH1":0.7703263591530931}