{"MV1":0.29475120294648705,"MV3":0.5211808981147024,"CH1":0.9626937904578893}