{"MV1":0.07743032987712739,"MV3":0.8455307974474574,"CH1":0.9331407656555119}