{"MV1":0.005271627857506012,"MV3":0.11970585226099018,"CH1":0.11764330755155894}