{"MV1":0.19449089973331601,"MV3":0.32441103888100875,"CH1":0.8942839033093323}