{"MV1":0.3303651850132072,"MV3":0.9713155856837372,"CH1":0.267750714234285}