{"MV1":0.1525491216892375,"MV3":0.394055581203684,"CH1":0.19790773875782142}