{"MV1":0.8751870467022723,"MV3":0.9422787573963198,"CH1":0.147156352461686}