{"MV1":0.9343655290854384,"MV3":0.8959700208428029,"CH1":0.10354396088926776}