{"MV1":0.5072646738142524,"MV3":0.5440602230911069,"CH1":0.2069531655774819}