{"MV1":0.44110138370424934,"MV3":0.6827529399323757,"CH1":0.5728137474265611}