{"MV1":0.1759608453550363,"MV3":0.4171434703490423,"CH1":0.6051519545274174}