{"MV1":0.22613841276682523,"MV3":0.2402181119360608,"CH1":0.5958194610525744}