{"MV1":0.8374387710221713,"MV3":0.5506292162666064,"CH1":0.24438607555375713}