{"MV1":0.8797070409935716,"MV3":0.5883212379525963,"CH1":0.9511933381532901}