{"MV1":0.035963129532254,"MV3":0.8914449488455671,"CH1":0.9544239217768754}