{"MV1":0.5659508360777461,"MV3":0.185643224552823,"CH1":0.39244071838376327}