{"MV1":0.9838762320800224,"MV3":0.015598220147459707,"CH1":0.528828308584692}