{"MV1":0.22629913759000053,"MV3":0.5456106594665886,"CH1":0.47538003610950463}