{"MV1":0.9176103849394298,"MV3":0.47955965216102103,"CH1":0.8852480193610012}