{"MV1":0.5711717826537435,"MV3":0.3314655023959435,"CH1":0.15202059733358675}