{"MV1":0.3122033826406001,"MV3":0.7698341349002885,"CH1":0.7629792298887363}