{"MV1":0.8428441685851754,"MV3":0.7133903289994425,"CH1":0.5979520288985057}