{"MV1":0.24696182736425654,"MV3":0.43354507606709547,"CH1":0.11461413066788184}