{"MV1":0.5112782776048934,"MV3":0.4244508371853154,"CH1":0.808194503366296}