{"MV1":0.743336618505609,"MV3":0.8811896516115643,"CH1":0.29210712270210015}