{"MV1":0.648621366751215,"MV3":0.7257872931465537,"CH1":0.5955176414552165}