{"MV1":0.04024415189309516,"MV3":0.6904220842962792,"CH1":0.30000049466294587}