{"MV1":0.4891974164139582,"MV3":0.12514830422310042,"CH1":0.8711569001439082}