{"MV1":0.07055958693886744,"MV3":0.050069461828893935,"CH1":0.3972028875444239}