{"MV1":0.09990302008936336,"MV3":0.22629608343223617,"CH1":0.4709001862563227}