{"MV1":0.9713964047490866,"MV3":0.02649269339697069,"CH1":0.26878708789810346}