{"MV1":0.6933534799656783,"MV3":0.944979732523014,"CH1":0.2757396169897046}