{"MV1":0.5124892873358304,"MV3":0.8931334304174137,"CH1":0.03571385524746251}