{"MV1":0.20908782677787674,"MV3":0.8062631176424077,"CH1":0.5344214286701341}