{"MV1":0.033299929257315175,"MV3":0.7463587030823305,"CH1":0.7117383964794273}