{"MV1":0.574252413834772,"MV3":0.8783058619647891,"CH1":0.8296092569687957}