{"MV1":0.03385641448545007,"MV3":0.8241036079704889,"CH1":0.6048517787368433}