{"MV1":0.31079252450464845,"MV3":0.4432044229451493,"CH1":0.08654617342801152}