{"MV1":0.5764991002641737,"MV3":0.6435898885313451,"CH1":0.27860459681379834}