{"MV1":0.6141321806200946,"MV3":0.8153584362367973,"CH1":0.6461380106666756}