{"MV1":0.6202976521253484,"MV3":0.89508241590966,"CH1":0.7590330725845565}