{"MV1":0.27225675401534044,"MV3":0.7420729221888149,"CH1":0.667580358436947}