{"MV1":0.8192889181457298,"MV3":0.07739195806298227,"CH1":0.6335448621051444}