{"MV1":0.12614401459869218,"MV3":0.33593742328852083,"CH1":0.6437493355832998}