{"MV1":0.7189688041321767,"MV3":0.33586755469722895,"CH1":0.7511337930445673}