{"MV1":0.9540303648769466,"MV3":0.434833179296898,"CH1":0.7519359341176255}