{"MV1":0.38966773771314034,"MV3":0.3428150153868512,"CH1":0.9272175022687345}