{"MV1":0.4904669632779557,"MV3":0.35113719847019076,"CH1":0.286233928951128}