{"MV1":0.7744451014273173,"MV3":0.40765708023446023,"CH1":0.040927347466842456}