{"MV1":0.2604646761870255,"MV3":0.44003295793930863,"CH1":0.6396095945816058}