{"MV1":0.509813385029632,"MV3":0.49965157372015223,"CH1":0.42651094573020654}