{"MV1":0.8342748912387646,"MV3":0.9089722725025218,"CH1":0.04697574474751398}