{"MV1":0.6634088031675314,"MV3":0.409162755331672,"CH1":0.35286530505531566}