{"MV1":0.6985672447696368,"MV3":0.8658285275422593,"CH1":0.6400990174696193}