{"MV1":0.5774320563388357,"MV3":0.8792918371469635,"CH1":0.9736098099634226}