{"MV1":0.5858298180879965,"MV3":0.4740290529783113,"CH1":0.9518738321434501}