{"MV1":0.7128545103556778,"MV3":0.3432915833478234,"CH1":0.33884380462910146}