{"MV1":0.12730779417553728,"MV3":0.9738059980439161,"CH1":0.19714708980874018}