{"MV1":0.44093745177427934,"MV3":0.6453662145027514,"CH1":0.19458875128320807}