{"MV1":0.7575185420230379,"MV3":0.6105079104977229,"CH1":0.08690477411584341}