{"MV1":0.14318354149511303,"MV3":0.46415657015061085,"CH1":0.1885157539280562}