{"MV1":0.9152743438005712,"MV3":0.9195303397835587,"CH1":0.6301332130627894}