{"MV1":0.8272397685956017,"MV3":0.6940164482743237,"CH1":0.17545089038765538}