{"MV1":0.037011789738843115,"MV3":0.47030158914940823,"CH1":0.3253417318286639}