{"MV1":0.024236598523318165,"MV3":0.13889034180678883,"CH1":0.3186754230520974}