{"MV1":0.5910241322524952,"MV3":0.992246983408733,"CH1":0.03040805405014846}