{"MV1":0.013892287795975067,"MV3":0.9480273675211915,"CH1":0.6829464648368213}