{"MV1":0.4051817133165745,"MV3":0.8865549541263129,"CH1":0.43671440015204843}