{"MV1":0.2024273918115912,"MV3":0.23303962931893352,"CH1":0.6890553171211072}