{"MV1":0.3505312986483471,"MV3":0.8777236716608566,"CH1":0.8816526842801692}