{"MV1":0.1894624695930205,"MV3":0.03599816545944412,"CH1":0.04441477350102341}