{"MV1":0.07028510314282821,"MV3":0.34005850246100033,"CH1":0.4817670552454576}