{"MV1":0.29274477074647454,"MV3":0.9905930209978397,"CH1":0.17961491955301678}