{"MV1":0.08136445800110836,"MV3":0.775264812653599,"CH1":0.5331172134752767}