{"MV1":0.6689193758165336,"MV3":0.9677168798288777,"CH1":0.6800948518494153}