{"MV1":0.4568802070506296,"MV3":0.7976034166189002,"CH1":0.42303737009286657}