{"MV1":0.6899300864802023,"MV3":0.5218788712563714,"CH1":0.9462299630118521}