{"MV1":0.529328620690018,"MV3":0.11376494757301092,"CH1":0.926156017051593}