{"MV1":0.49638312534368145,"MV3":0.5752662505053638,"CH1":0.7594432729966638}