{"MV1":0.5297859047685012,"MV3":0.36346506309964133,"CH1":0.26978743237487657}