{"MV1":0.026662993461138762,"MV3":0.532786320357389,"CH1":0.03699434574174287}