{"MV1":0.21979820707741726,"MV3":0.25414368584759883,"CH1":0.7366557494573971}