{"MV1":0.8382976268152811,"MV3":0.054223588688391056,"CH1":0.09504076689528096}