{"MV1":0.049477423522028885,"MV3":0.9909125825019013,"CH1":0.04960471142949052}