{"MV1":0.3586703722239656,"MV3":0.7597527535254077,"CH1":0.4423282192332446}