{"MV1":0.49529400786965516,"MV3":0.03152856412291705,"CH1":0.1881584213683244}