{"MV1":0.47193430222576893,"MV3":0.14409300004664805,"CH1":0.19246248581243453}