{"MV1":0.9360923360941091,"MV3":0.9437598113227407,"CH1":0.3022212038328347}