{"MV1":0.12117989839187904,"MV3":0.7903803481319892,"CH1":0.1632705583413342}