{"MV1":0.15698291326961689,"MV3":0.41227498170547283,"CH1":0.594547917712273}