{"MV1":0.5705225067073242,"MV3":0.01358912471948659,"CH1":0.06761555899071814}