{"MV1":0.3162843837697368,"MV3":0.8464006104403431,"CH1":0.7310522628202462}