{"MV1":0.40305677791953154,"MV3":0.7261635137216251,"CH1":0.461675281121679}