{"MV1":0.9553303634493433,"MV3":0.34929518518771596,"CH1":0.6492711087921361}