{"MV1":0.7330882239490283,"MV3":0.03883424688842585,"CH1":0.48439494368425673}