{"MV1":0.07628238428942602,"MV3":0.44377032959294804,"CH1":0.5357344383352225}