{"MV1":0.1789704360051173,"MV3":0.943464236275646,"CH1":0.5207143746056938}