{"MV1":0.0230976385971281,"MV3":0.36866007445477333,"CH1":0.2583873845850717}