{"MV1":0.06777037082968562,"MV3":0.8126314950483295,"CH1":0.18348240026009344}