{"MV1":0.6371763532313497,"MV3":0.6724448053361852,"CH1":0.04314610805578667}