{"MV1":0.16762159880873806,"MV3":0.8014150108438522,"CH1":0.5267666836254252}