{"MV1":0.849926734790857,"MV3":0.9346545375458972,"CH1":0.45284638106992636}