{"MV1":0.7816095183714113,"MV3":0.47159757978233585,"CH1":0.7959772642925119}