{"MV1":0.7582772058826417,"MV3":0.5599274245895967,"CH1":0.16235913239930733}