{"MV1":0.3045721652251564,"MV3":0.8269641937241069,"CH1":0.5656092194781118}