{"MV1":0.8199716343769914,"MV3":0.8800968936933954,"CH1":0.7199816059634728}