{"MV1":0.38303511963127,"MV3":0.4042966908416793,"CH1":0.8151387727012102}