{"MV1":0.35817556637277126,"MV3":0.3369719636275341,"CH1":0.7665267545046897}