{"MV1":0.7078537074207873,"MV3":0.3238684368618151,"CH1":0.8692926564113905}