{"MV1":0.7920821085522521,"MV3":0.616455259647474,"CH1":0.38207208079940513}