{"MV1":0.8107119854074701,"MV3":0.6089134059135327,"CH1":0.5742825836594516}