{"MV1":0.6874200498324968,"MV3":0.8308963991158246,"CH1":0.6364747930051888}