{"MV1":0.05412426353769906,"MV3":0.23357390545307077,"CH1":0.15616542431047464}