{"MV1":0.7948765761593769,"MV3":0.10175864909910204,"CH1":0.38191798797457366}