{"MV1":0.4063406298304699,"MV3":0.207025903560224,"CH1":0.17636442284628084}