{"MV1":0.21424351608740555,"MV3":0.14020300922746087,"CH1":0.14686345240047183}