{"MV1":0.20955343265846427,"MV3":0.015879928313059843,"CH1":0.35145146834351004}