{"MV1":0.5999872208167344,"MV3":0.4319204924316079,"CH1":0.32433929054122834}