{"MV1":0.8008269060305742,"MV3":0.24022169870522614,"CH1":0.40624266851380375}