{"MV1":0.42203917984005834,"MV3":0.6994161202576226,"CH1":0.8540939743989301}