{"MV1":0.7081364005399056,"MV3":0.5503308901776642,"CH1":0.23664708993460248}