{"MV1":0.6685875799181834,"MV3":0.39241377609296413,"CH1":0.29726026177326914}