{"MV1":0.5847433511541402,"MV3":0.20463555222408514,"CH1":0.6811278289569404}