{"MV1":0.13975011149288707,"MV3":0.45071485140432876,"CH1":0.18962776324881858}