{"MV1":0.5529451287803522,"MV3":0.3984844265745975,"CH1":0.4743124278370825}