{"MV1":0.8317000156214543,"MV3":0.734066721871343,"CH1":0.8376458723743446}