{"MV1":0.26816840169521095,"MV3":0.931841946931524,"CH1":0.9415319195803671}