{"MV1":0.11698301678152112,"MV3":0.5079258474491932,"CH1":0.36489327506912395}