{"MV1":0.33855438262998105,"MV3":0.14622773960191848,"CH1":0.7441763729675682}