{"MV1":0.1829389458592392,"MV3":0.713153029932627,"CH1":0.6362704737193129}