{"MV1":0.7608261802303444,"MV3":0.3457795174733653,"CH1":0.7517531951863529}