{"MV1":0.24668441169345956,"MV3":0.43562939880748763,"CH1":0.5234910463055659}