{"MV1":0.3256193805245603,"MV3":0.20145856437278686,"CH1":0.018835431352840604}