{"MV1":0.5009977836724328,"MV3":0.6339231182040309,"CH1":0.1662800058413848}