{"MV1":0.6816828962496091,"MV3":0.07378059110723445,"CH1":0.6361867567574838}