{"MV1":0.36742187190925746,"MV3":0.017607812082012786,"CH1":0.4645950485891296}