{"MV1":0.6302988918633186,"MV3":0.6585176267974733,"CH1":0.27738375329963416}