{"MV1":0.7256225041598271,"MV3":0.7391606897812785,"CH1":0.2802647493901972}