{"MV1":0.18985480213394612,"MV3":0.1444340510633757,"CH1":0.36402121272169874}