{"MV1":0.16682640101914303,"MV3":0.4299913199317632,"CH1":0.06394339759994716}