{"MV1":0.8864042819077259,"MV3":0.5926054138246103,"CH1":0.8575055827548608}