{"MV1":0.40517836678963803,"MV3":0.20283623826304165,"CH1":0.6683893558479335}