{"MV1":0.8780377578471112,"MV3":0.7690993566148698,"CH1":0.07449506135932504}