{"MV1":0.7808775156204257,"MV3":0.6394830434489868,"CH1":0.27283892457710657}