{"MV1":0.7929330680896901,"MV3":0.12152711330522437,"CH1":0.433065368564006}