{"MV1":0.11282878672720675,"MV3":0.736654868030474,"CH1":0.10614228034934692}