{"MV1":0.6005063933455393,"MV3":0.724896806521767,"CH1":0.9918695031555279}