{"MV1":0.7786383288334562,"MV3":0.23258484362013443,"CH1":0.27230020954999323}