{"MV1":0.7928272561309567,"MV3":0.4294664131437178,"CH1":0.8159768176143956}