{"MV1":0.30314907635329247,"MV3":0.18081887761742577,"CH1":0.13701206386416787}