{"MV1":0.8908365313105808,"MV3":0.1735673716949705,"CH1":0.23489169458274273}