{"MV1":0.7287041561642863,"MV3":0.5981566115706126,"CH1":0.2945117370449094}