{"MV1":0.41085582031621315,"MV3":0.3084950696083171,"CH1":0.5386996052382252}