{"MV1":0.677266631685636,"MV3":0.7350153080478813,"CH1":0.1120586591470294}