{"MV1":0.024076483162100093,"MV3":0.7574758432965912,"CH1":0.559652062978655}