{"MV1":0.5395659663153285,"MV3":0.0020272347371211863,"CH1":0.217890449745751}