{"MV1":0.3214298370053791,"MV3":0.19033117195795213,"CH1":0.9321380113079455}