{"MV1":0.6642774493388407,"MV3":0.21043266398557947,"CH1":0.6303401573857765}