{"MV1":0.1351108325510766,"MV3":0.8757801457504315,"CH1":0.658519938393337}