{"MV1":0.6593361849057214,"MV3":0.6844174452368836,"CH1":0.8038778845836914}