{"MV1":0.08558528561215673,"MV3":0.2764740841148191,"CH1":0.3806752518193699}