{"MV1":0.533507441703302,"MV3":0.2838108185388948,"CH1":0.8646717391791188}