{"MV1":0.1555868959082386,"MV3":0.1276011043871571,"CH1":0.4769370910916354}