{"MV1":0.10763583198785587,"MV3":0.22827365129484212,"CH1":0.6141213027546615}