{"MV1":0.045901847482075486,"MV3":0.8438219408673646,"CH1":0.5898074543305606}