{"MV1":0.3510603685251936,"MV3":0.07604837603298964,"CH1":0.9898685790235623}