{"MV1":0.9588170404185028,"MV3":0.5165572373065271,"CH1":0.2661690678627865}