{"MV1":0.08114851970831838,"MV3":0.2401163211252384,"CH1":0.5205388218145557}