{"MV1":0.00942486080944338,"MV3":0.5454375410363459,"CH1":0.5105282215668437}