{"MV1":0.4960917651473369,"MV3":0.49711067254003993,"CH1":0.24365701208698876}