{"MV1":0.12563935467271703,"MV3":0.18331981943564146,"CH1":0.6607454583676223}