{"MV1":0.43901868295986357,"MV3":0.4945613016375048,"CH1":0.4067060423587663}