{"MV1":0.5330015497239635,"MV3":0.6441093394244274,"CH1":0.05721541748553838}