{"MV1":0.04297020417086783,"MV3":0.784266024632813,"CH1":0.21869404741524634}