{"MV1":0.058594446226236996,"MV3":0.7470442812034912,"CH1":0.7130766890150232}