{"MV1":0.9247627898264474,"MV3":0.3677585148504873,"CH1":0.031604052886808676}