{"MV1":0.5743027636330478,"MV3":0.3521693857312572,"CH1":0.49578722935812736}