{"MV1":0.2838844448089888,"MV3":0.38868251621940775,"CH1":0.27116848072933264}