{"MV1":0.9922441772630809,"MV3":0.34559703188220114,"CH1":0.40423179665391096}