{"MV1":0.4161126266363986,"MV3":0.5635464595617434,"CH1":0.8706832350578297}