{"MV1":0.8652000447087,"MV3":0.10897414954365348,"CH1":0.4740506299990943}