{"MV1":0.3080970231513711,"MV3":0.6453282817757903,"CH1":0.12720220592617748}