{"MV1":0.15492763901112694,"MV3":0.6455528037174069,"CH1":0.4336593161819492}