{"MV1":0.30404261396968013,"MV3":0.5604621140432391,"CH1":0.486737284038376}