{"MV1":0.932654455728628,"MV3":0.8754624895630485,"CH1":0.14653272763738212}