{"MV1":0.03181671806574926,"MV3":0.17040764486115811,"CH1":0.4434161015160155}