{"MV1":0.2740106408772639,"MV3":0.5475520977841267,"CH1":0.13393012688045058}