{"MV1":0.38323916271230385,"MV3":0.30140329575983005,"CH1":0.047857074796991195}