{"MV1":0.4525098906327141,"MV3":0.5536292347126925,"CH1":0.015159641732260476}