{"MV1":0.8061770230086049,"MV3":0.21197947135748485,"CH1":0.29036553804248255}