{"MV1":0.5409782209981882,"MV3":0.50891789773182,"CH1":0.07848309925791797}