{"MV1":0.8344946352212997,"MV3":0.24596484246393824,"CH1":0.24781058762376118}