{"MV1":0.9032049475493333,"MV3":0.8623115224384605,"CH1":0.3326639111394375}