{"MV1":0.7008172838637472,"MV3":0.47772850238676956,"CH1":0.3142160153048281}