{"MV1":0.9193310775381688,"MV3":0.5277253289606889,"CH1":0.6724406536998444}