{"MV1":0.43246888495531133,"MV3":0.633421335602556,"CH1":0.9293323283627463}