{"MV1":0.6075333977170462,"MV3":0.3416940361202916,"CH1":0.10007782565412571}