{"MV1":0.10521330475478974,"MV3":0.6610989187285222,"CH1":0.8889607664795462}