{"MV1":0.069951489258404,"MV3":0.3350403402262536,"CH1":0.24028629580186245}