{"MV1":0.16774213793171477,"MV3":0.8019858458682291,"CH1":0.2384519018508241}