{"MV1":0.9918797128979358,"MV3":0.5844540392302144,"CH1":0.9690217484878386}