{"MV1":0.1513549659346598,"MV3":0.19594626610239008,"CH1":0.8075831892405471}