{"MV1":0.5037536707079037,"MV3":0.3555811940096897,"CH1":0.3402189921016321}