{"MV1":0.8504558859183238,"MV3":0.4536720927816832,"CH1":0.5080739716880998}