{"MV1":0.10197556084092207,"MV3":0.922643304844547,"CH1":0.13947313363430613}