{"MV1":0.28857324474135726,"MV3":0.7037008733529831,"CH1":0.4657652020185844}