{"MV1":0.8285525745611341,"MV3":0.7003159716941981,"CH1":0.8076080463075127}