{"MV1":0.8781216895213626,"MV3":0.43692482848904357,"CH1":0.674165172665184}