{"MV1":0.7374610124842752,"MV3":0.56166011700745,"CH1":0.2300773068182984}