{"MV1":0.9069305786624695,"MV3":0.34733627372405584,"CH1":0.6666581356886883}