{"MV1":0.3614547169083612,"MV3":0.7669013145736852,"CH1":0.7896570235391205}