{"MV1":0.7682376397646504,"MV3":0.09072940841610988,"CH1":0.1947440654224215}