{"MV1":0.9529636518896645,"MV3":0.06668272542056664,"CH1":0.5931381497396397}