{"MV1":0.6597708475389392,"MV3":0.5243948633155986,"CH1":0.8865150964223111}