{"MV1":0.780745871563151,"MV3":0.6292547639518464,"CH1":0.486129964172613}