{"MV1":0.0933491934513786,"MV3":0.5928635161885247,"CH1":0.29959970210832354}