{"MV1":0.17180631286665338,"MV3":0.2767725319389919,"CH1":0.906009069397944}