{"MV1":0.25491072954736116,"MV3":0.3151747545303538,"CH1":0.7109063788443107}