{"MV1":0.5515908462680036,"MV3":0.47921530241214505,"CH1":0.29875030539513636}