{"MV1":0.9037385678894623,"MV3":0.6156324306489637,"CH1":0.023480350024776997}