{"MV1":0.7349526425908774,"MV3":0.2644067521304485,"CH1":0.42066728828260236}