{"MV1":0.5325889719466234,"MV3":0.9471997584914532,"CH1":0.6697538557171738}