{"MV1":0.2049971373631032,"MV3":0.9037592097242397,"CH1":0.5006914255754876}