{"MV1":0.5302398163168315,"MV3":0.23173429860305972,"CH1":0.8425809814384015}