{"MV1":0.6299013829239131,"MV3":0.891096362640414,"CH1":0.8712865248413627}