{"MV1":0.6708845177182602,"MV3":0.9061670417014142,"CH1":0.8196030057359734}