{"MV1":0.1145387214247956,"MV3":0.8716193700246954,"CH1":0.24199946453354915}