{"MV1":0.06176958617760753,"MV3":0.5406926858002037,"CH1":0.8274364669801217}