{"MV1":0.644155944138962,"MV3":0.04168394229497607,"CH1":0.7895771360744723}