{"MV1":0.8800146252007393,"MV3":0.8952312088483908,"CH1":0.41108862210704233}