{"MV1":0.5571789209307342,"MV3":0.9547490742370878,"CH1":0.7098050789116921}