{"MV1":0.053655281544522704,"MV3":0.5183966284416209,"CH1":0.8336290815053544}