{"MV1":0.8005079700755608,"MV3":0.9477029892482698,"CH1":0.33627185621913414}