{"MV1":0.023993936201237465,"MV3":0.14510132520111652,"CH1":0.6714459565687089}