{"MV1":0.299032989674898,"MV3":0.15285669285313797,"CH1":0.12276487598181895}