{"MV1":0.9863836469346009,"MV3":0.055339314725443955,"CH1":0.5270425905468218}