{"MV1":0.016844703437979724,"MV3":0.9308803885437998,"CH1":0.8943760527650022}