{"MV1":0.7316600547099057,"MV3":0.5918546088242249,"CH1":0.9876841988209}