{"MV1":0.014899582596528349,"MV3":0.6878519435421343,"CH1":0.6630964535114187}