{"MV1":0.8715624712323826,"MV3":0.6326108149293962,"CH1":0.8010213712853742}