{"MV1":0.6403330226654282,"MV3":0.4886795297267844,"CH1":0.8662271723002327}