{"MV1":0.9495383658352974,"MV3":0.14145541145859186,"CH1":0.7532984252763587}