{"MV1":0.6760934415466735,"MV3":0.013129221516129053,"CH1":0.12704866789593916}