{"MV1":0.4402543664545745,"MV3":0.2203509231434725,"CH1":0.6394511809428939}