{"MV1":0.46544065866017104,"MV3":0.11978545505373561,"CH1":0.6092130977057338}