{"MV1":0.6472592302600553,"MV3":0.5528910362352392,"CH1":0.08770746019379327}