{"MV1":0.6577846553215468,"MV3":0.050901735843963625,"CH1":0.9175503297579678}