{"MV1":0.7733992948796266,"MV3":0.8960669922230843,"CH1":0.41936196248236657}