{"MV1":0.06461647424823236,"MV3":0.5234036502915697,"CH1":0.9246718034029459}