{"MV1":0.3177659424207562,"MV3":0.22962324881251728,"CH1":0.764604520137125}