{"MV1":0.1977919138382468,"MV3":0.21113517548801042,"CH1":0.15044967626494166}