{"MV1":0.324435248114631,"MV3":0.11389951680267163,"CH1":0.53232481142069}