{"MV1":0.31301797664422815,"MV3":0.4348274304043478,"CH1":0.3820206597385206}