{"MV1":0.3431140797817749,"MV3":0.9646328579057382,"CH1":0.6768619211212517}