{"MV1":0.2755464197087175,"MV3":0.045504795943518306,"CH1":0.8554196896767352}