{"MV1":0.8002627549042431,"MV3":0.7353296242452765,"CH1":0.8947122765960684}