{"MV1":0.001092020066524646,"MV3":0.48916280333317586,"CH1":0.5900933061217858}