{"MV1":0.03377639940414201,"MV3":0.49042000170405675,"CH1":0.847876910076371}