{"MV1":0.30644226719823864,"MV3":0.3282354451300399,"CH1":0.15010182435641706}