{"MV1":0.9177569632642788,"MV3":0.4831369016644559,"CH1":0.692579328745655}