{"MV1":0.3906239065799584,"MV3":0.10461606386995925,"CH1":0.8903978899776898}