{"MV1":0.6904447791033196,"MV3":0.08107850244597536,"CH1":0.26298727353534523}