{"MV1":0.7356704432114362,"MV3":0.16385532445872342,"CH1":0.10245197729644617}