{"MV1":0.9828347502307715,"MV3":0.15994659078245466,"CH1":0.5963721540216891}