{"MV1":0.5698918432094898,"MV3":0.15964346547896946,"CH1":0.43995931496205665}