{"MV1":0.013090042674323454,"MV3":0.26838541510862757,"CH1":0.373811463033522}