{"MV1":0.15825582745327238,"MV3":0.15361763477275736,"CH1":0.3067689694115082}