{"MV1":0.8848891627802755,"MV3":0.7913896250494035,"CH1":0.9855456788122402}