{"MV1":0.32200314377930184,"MV3":0.10616179056429731,"CH1":0.29431830749527066}