{"MV1":0.6578281055961986,"MV3":0.5630702854621167,"CH1":0.33181622979534975}