{"MV1":0.9728775551662392,"MV3":0.3918157786059404,"CH1":0.11354948683040811}