{"MV1":0.911978075830758,"MV3":0.21739887647432776,"CH1":0.14756847489090963}