{"MV1":0.949209239470426,"MV3":0.21360851974505835,"CH1":0.11918668765421137}