{"MV1":0.5373658516899529,"MV3":0.5559957658857331,"CH1":0.7392517242146417}