{"MV1":0.41230528097498353,"MV3":0.8597392681062329,"CH1":0.7165567743044636}