{"MV1":0.5673399333365897,"MV3":0.6381835584183941,"CH1":0.07170762757206928}