{"MV1":0.476984053335641,"MV3":0.3364629272809959,"CH1":0.4219699077885086}