{"MV1":0.9942347967127299,"MV3":0.0018531559823021793,"CH1":0.5829051670176723}