{"MV1":0.7835563321536062,"MV3":0.49958941734756745,"CH1":0.058440060943225514}