{"MV1":0.21969118148060474,"MV3":0.6769693273137729,"CH1":0.5638965237651168}