{"MV1":0.034095006297300334,"MV3":0.9003116437873698,"CH1":0.8077078537681561}