{"MV1":0.49480592962460024,"MV3":0.027026860684130405,"CH1":0.8482698363925175}