{"MV1":0.553845480385802,"MV3":0.9345614734752816,"CH1":0.9143672441376427}