{"MV1":0.9824664974285244,"MV3":0.5519188477626923,"CH1":0.10814195147095262}