{"MV1":0.20285206862588556,"MV3":0.1403352166080899,"CH1":0.08826030785860128}