{"MV1":0.2597195472315885,"MV3":0.3300025630605685,"CH1":0.919156148638459}