{"MV1":0.5856533743511414,"MV3":0.6284889321826055,"CH1":0.9569263180399211}