{"MV1":0.05414242646418599,"MV3":0.21181119498913048,"CH1":0.15680443756047924}