{"MV1":0.6240200430423939,"MV3":0.10137693115583579,"CH1":0.34788224950780766}