{"MV1":0.3849938213265873,"MV3":0.4265822664058333,"CH1":0.9804376138521941}