{"MV1":0.39430778079641304,"MV3":0.8836987729409442,"CH1":0.9599757232179017}