{"MV1":0.4868606932199616,"MV3":0.13054021664225168,"CH1":0.6179395777531349}