{"MV1":0.6503233972689434,"MV3":0.396071563406561,"CH1":0.7692860234784008}