{"MV1":0.7787453828884863,"MV3":0.759663310908255,"CH1":0.25221260801158285}