{"MV1":0.9074383497113134,"MV3":0.30736739922600476,"CH1":0.8879449128831857}