{"MV1":0.33834383904267573,"MV3":0.23963538626150271,"CH1":0.2363999835530547}