{"MV1":0.2132951543379341,"MV3":0.6451462547412411,"CH1":0.7216175891164085}