{"MV1":0.626483954237097,"MV3":0.4791630475610059,"CH1":0.1490403754055829}