{"MV1":0.10232678545692941,"MV3":0.6153231986998458,"CH1":0.4851165112809197}