{"MV1":0.827430199864466,"MV3":0.8665572728857455,"CH1":0.7594788519064792}