{"MV1":0.03745056796399915,"MV3":0.4470380024424351,"CH1":0.41271366474018023}