{"MV1":0.5684991402439167,"MV3":0.40436879242254464,"CH1":0.3076581634751221}