{"MV1":0.10950500450632483,"MV3":0.08984162145096175,"CH1":0.8112288824522652}