{"MV1":0.4279099030579716,"MV3":0.4975593670324472,"CH1":0.9938493587552018}