{"MV1":0.44130829341203415,"MV3":0.6678291111768876,"CH1":0.5897339519013356}