{"MV1":0.9120387419441086,"MV3":0.9878234293520592,"CH1":0.17718986166732065}