{"MV1":0.7080112496940705,"MV3":0.0524871743225106,"CH1":0.3878396774139211}