{"MV1":0.27065217383017603,"MV3":0.41885210236220116,"CH1":0.1711852428675451}