{"MV1":0.8694901899751429,"MV3":0.046817193146684755,"CH1":0.5884676425760773}