{"MV1":0.749847591945342,"MV3":0.8086462303019293,"CH1":0.09061212172149113}