{"MV1":0.44829777135536086,"MV3":0.5389654125658419,"CH1":0.7791499804738324}