{"MV1":0.990579122482959,"MV3":0.5430783499749072,"CH1":0.17431148597452584}