{"MV1":0.5669841079414067,"MV3":0.6206229316946007,"CH1":0.8899410219943489}