{"MV1":0.06282406395768869,"MV3":0.5637362691954566,"CH1":0.4452573382958045}