{"MV1":0.7567801212782015,"MV3":0.38242262662741544,"CH1":0.464673386968274}