{"MV1":0.5930543178265717,"MV3":0.5715497559312424,"CH1":0.6465881363352118}