{"MV1":0.9226317732041424,"MV3":0.30134332028196364,"CH1":0.22133851622881684}