{"MV1":0.29272647454370715,"MV3":0.34140787448761556,"CH1":0.8032900439188263}