{"MV1":0.6892963218982939,"MV3":0.7413294975827037,"CH1":0.35961677678078574}