{"MV1":0.4033068366789092,"MV3":0.6443829095790393,"CH1":0.12073738116419819}