{"MV1":0.41102280431919935,"MV3":0.41867473225518814,"CH1":0.754714026660236}