{"MV1":0.7404110462399125,"MV3":0.3480838325581219,"CH1":0.5972950035028324}