{"MV1":0.19293683301421372,"MV3":0.19716028099336347,"CH1":0.015896084180652914}