{"MV1":0.5723243823098917,"MV3":0.822899641381197,"CH1":0.4890437445445429}