{"MV1":0.5608615805668146,"MV3":0.9230535856791194,"CH1":0.4148698769359591}