{"MV1":0.3444063009299919,"MV3":0.6142973824134165,"CH1":0.79993806268361}