{"MV1":0.7059118624811663,"MV3":0.5611032709959932,"CH1":0.8014229076283608}