{"MV1":0.29817335086484975,"MV3":0.617575871090954,"CH1":0.5132451634135624}