{"MV1":0.8187099766840398,"MV3":0.5897651619964012,"CH1":0.9099523000878897}