{"MV1":0.4670958260835262,"MV3":0.6771268308730793,"CH1":0.569710110255835}