{"MV1":0.8356660356693766,"MV3":0.6797889234892073,"CH1":0.4725494480919675}