{"MV1":0.8373718139570414,"MV3":0.3496934952416846,"CH1":0.6091720785741229}