{"MV1":0.1390968189394559,"MV3":0.4562244423192672,"CH1":0.5984821597370049}