{"MV1":0.671497856623466,"MV3":0.35050865807846454,"CH1":0.6631962976442216}