{"MV1":0.6229485167147578,"MV3":0.35809360602724916,"CH1":0.47177786385010445}