{"MV1":0.5667819750544552,"MV3":0.13556859731961812,"CH1":0.26569444614173787}