{"MV1":0.8025336004934396,"MV3":0.38412243161396664,"CH1":0.11253609788525887}