{"MV1":0.7028101216486574,"MV3":0.4823321438409557,"CH1":0.43034409286359865}