{"MV1":0.3283830700049103,"MV3":0.3177236516158477,"CH1":0.16869545103499906}