{"MV1":0.02917060575379249,"MV3":0.6547458164900427,"CH1":0.9896282945323567}