{"MV1":0.41098683292926663,"MV3":0.15424539427977713,"CH1":0.6355018861859272}