{"MV1":0.25264192352748793,"MV3":0.09880975845937046,"CH1":0.29048184346151906}