{"MV1":0.5634120981507418,"MV3":0.813641775505128,"CH1":0.3834347185422947}