{"MV1":0.3787839302081938,"MV3":0.5374681198031498,"CH1":0.9279679002727614}