{"MV1":0.13336724357331076,"MV3":0.44922806920738956,"CH1":0.3476919448679102}