{"MV1":0.2317661471624558,"MV3":0.9280632287003926,"CH1":0.37208616057344235}