{"MV1":0.120528858046691,"MV3":0.6796387237493438,"CH1":0.6844375980971283}