{"MV1":0.3264357702294539,"MV3":0.07885846029229437,"CH1":0.21817576645221437}