{"MV1":0.5092202636362829,"MV3":0.2520284571849909,"CH1":0.5195645476422537}