{"MV1":0.47171773505479986,"MV3":0.40660212567196674,"CH1":0.6414090659110394}