{"MV1":0.9761526654984934,"MV3":0.8841704496433149,"CH1":0.30286647836579783}