{"MV1":0.7002294257276451,"MV3":0.15835758386447318,"CH1":0.9535455126702782}