{"MV1":0.5062194340898456,"MV3":0.47968875814354806,"CH1":0.5838108795942429}