{"MV1":0.4603678173793765,"MV3":0.31246962617642016,"CH1":0.9958960670774114}