{"MV1":0.7792640397885396,"MV3":0.4767136595733722,"CH1":0.8304371055141226}