{"MV1":0.12723587896369093,"MV3":0.1330859924929364,"CH1":0.25711155715639}