{"MV1":0.16321623018826525,"MV3":0.429990025454293,"CH1":0.6678798101881065}