{"MV1":0.48403894902822897,"MV3":0.4172098580482947,"CH1":0.5482599077225826}