{"MV1":0.53597389173533,"MV3":0.33298401379179676,"CH1":0.6024094893171802}