{"MV1":0.23141633402456696,"MV3":0.41805132825233027,"CH1":0.12375047946488293}