{"MV1":0.24474519626894442,"MV3":0.22105659599391525,"CH1":0.6300375528638426}