{"MV1":0.22350998033432412,"MV3":0.06826611470718291,"CH1":0.5760395793756422}