{"MV1":0.14669099925781148,"MV3":0.47613888076481803,"CH1":0.04187462547323306}