{"MV1":0.740698572779261,"MV3":0.19884076537286044,"CH1":0.875586703595459}