{"MV1":0.6287416307196481,"MV3":0.7234937366827425,"CH1":0.37928457351208333}