{"MV1":0.07329845985784866,"MV3":0.11797925284618249,"CH1":0.9207259312136032}