{"MV1":0.32162191834282683,"MV3":0.7754258322951826,"CH1":0.3855646750636903}