{"MV1":0.3719545732669356,"MV3":0.7695663134630722,"CH1":0.794092549777743}