{"MV1":0.8303222342979469,"MV3":0.2563957299260132,"CH1":0.9973708306152355}