{"MV1":0.7566252083000693,"MV3":0.9777959802247427,"CH1":0.5603280751113362}