{"MV1":0.7848011569811519,"MV3":0.462663491055024,"CH1":0.4414996791402497}