{"MV1":0.22479204863406288,"MV3":0.9625910782649268,"CH1":0.16837410526492358}