{"MV1":0.9562944840179911,"MV3":0.7107408806365686,"CH1":0.3036653692166531}