{"MV1":0.9354718064677394,"MV3":0.7111288298753089,"CH1":0.4512070511900683}