{"MV1":0.8898107709037757,"MV3":0.3678508142531055,"CH1":0.12591403981001437}