{"MV1":0.6776656741759642,"MV3":0.828675106323785,"CH1":0.2769289949676359}