{"MV1":0.41023054299453554,"MV3":0.45640924949292705,"CH1":0.02605533898892276}