{"MV1":0.696356073469247,"MV3":0.46717692762577934,"CH1":0.2727138522214163}