{"MV1":0.30472564956634873,"MV3":0.3025067000107864,"CH1":0.8507152779451627}