{"MV1":0.1691577514597533,"MV3":0.8635316735030648,"CH1":0.48420493350578653}