{"MV1":0.6378790781637383,"MV3":0.17550379125125015,"CH1":0.9342433341127602}