{"MV1":0.531569419657953,"MV3":0.10797327734765805,"CH1":0.5351983628305516}