{"MV1":0.1732071539332669,"MV3":0.5861795553274336,"CH1":0.364182846027021}