{"MV1":0.16266106904799105,"MV3":0.6444354772443177,"CH1":0.04102268313300783}