{"MV1":0.3079852941082557,"MV3":0.618157673774897,"CH1":0.5150119892367635}