{"MV1":0.7931973943062048,"MV3":0.13746019860408631,"CH1":0.5273684149651493}