{"MV1":0.5915630879215009,"MV3":0.859938550375989,"CH1":0.21072261237492818}