{"MV1":0.18391430933202635,"MV3":0.7064206059078668,"CH1":0.8469875021475732}