{"MV1":0.020623589983781998,"MV3":0.8606054856539245,"CH1":0.5458991916830561}