{"MV1":0.6170722722522807,"MV3":0.07207086030102883,"CH1":0.5877184112405337}