{"MV1":0.5370228990533744,"MV3":0.7690830969874973,"CH1":0.6214657421082269}