{"MV1":0.985862250569898,"MV3":0.7834492465004274,"CH1":0.21558334032755755}