{"MV1":0.7001970060967436,"MV3":0.41377259771784947,"CH1":0.052313540579473905}