{"MV1":0.18169485907030192,"MV3":0.330419536207029,"CH1":0.08410459771224899}