{"MV1":0.758232393233974,"MV3":0.7433407465479328,"CH1":0.858217094166987}