{"MV1":0.2644480709552244,"MV3":0.5039284984429107,"CH1":0.44127592664267434}