{"MV1":0.22104740973063597,"MV3":0.19071942762851202,"CH1":0.9640553600419076}