{"MV1":0.935124001213726,"MV3":0.18896546837339323,"CH1":0.8906346355839934}