{"MV1":0.4524175154981992,"MV3":0.008154664686105595,"CH1":0.8802871979595525}