{"MV1":0.805228934646279,"MV3":0.9516387331562915,"CH1":0.33219075376391605}