{"MV1":0.8807035396374048,"MV3":0.47143472230177763,"CH1":0.5592380356380129}