{"MV1":0.1694979860091389,"MV3":0.16090919565934314,"CH1":0.9505706691537696}