{"MV1":0.07375285157101175,"MV3":0.3361396793512422,"CH1":0.2539117754013597}