{"MV1":0.13240536998079921,"MV3":0.9942310423226619,"CH1":0.8613903825937942}