{"MV1":0.09894159079100118,"MV3":0.2845020883554923,"CH1":0.04245392679189608}