{"MV1":0.8603498237685291,"MV3":0.23622672869144357,"CH1":0.39624628479072965}