{"MV1":0.7363284405962284,"MV3":0.24808535591846104,"CH1":0.24278423889602274}