{"MV1":0.5649103328386957,"MV3":0.27504413122851545,"CH1":0.579157657218752}