{"MV1":0.25915628892607445,"MV3":0.62332962917054,"CH1":0.6678258264745025}