{"MV1":0.5272757851165895,"MV3":0.17335227921030272,"CH1":0.7129200934747348}