{"MV1":0.9702217803495949,"MV3":0.32875019911991,"CH1":0.46894057827686864}