{"MV1":0.09519470377966621,"MV3":0.936331963342896,"CH1":0.3970595840406699}