{"MV1":0.7011288976319842,"MV3":0.8232855529628664,"CH1":0.123512069855503}