{"MV1":0.9848931833704575,"MV3":0.48127543277235363,"CH1":0.7988677309557259}