{"MV1":0.5117378957752701,"MV3":0.8937402101212718,"CH1":0.6125515548921888}