{"MV1":0.2798898967645487,"MV3":0.06126634961574473,"CH1":0.7119224294335671}