{"MV1":0.8921451904523943,"MV3":0.4119386424068404,"CH1":0.24035347864649526}