{"MV1":0.5903578431564438,"MV3":0.3281661815043798,"CH1":0.7764366292992152}