{"MV1":0.6465440172864573,"MV3":0.6481750689232839,"CH1":0.20717928098830363}