{"MV1":0.9050914618349445,"MV3":0.18522125681071677,"CH1":0.6595331846064206}