{"MV1":0.7532777548444812,"MV3":0.33857037536087253,"CH1":0.73512433169915}