{"MV1":0.6170935398055045,"MV3":0.708083162773657,"CH1":0.0435000920468821}