{"MV1":0.5792188564168672,"MV3":0.7247189039226701,"CH1":0.3949204397351703}