{"MV1":0.4495695664313131,"MV3":0.647948519892905,"CH1":0.2684585125196738}