{"MV1":0.5165474720077323,"MV3":0.8876734954195787,"CH1":0.8495394354829738}