{"MV1":0.3162313184794754,"MV3":0.4813694409430912,"CH1":0.8564803582120486}