{"MV1":0.8938321636417307,"MV3":0.3614053018594524,"CH1":0.045433033780636345}