{"MV1":0.20118224050946676,"MV3":0.6689703391589593,"CH1":0.6867624799285968}