{"MV1":0.31305321564929434,"MV3":0.41230545298321863,"CH1":0.24004151047431477}