{"MV1":0.8195910990078273,"MV3":0.0005356172438890638,"CH1":0.6276877513869153}