{"MV1":0.6467289418488414,"MV3":0.6999175706396272,"CH1":0.8907679499058659}