{"MV1":0.6678843586332481,"MV3":0.9475284837055171,"CH1":0.176853113017032}