{"MV1":0.8472117953475833,"MV3":0.16907839968581762,"CH1":0.03879508321494929}