{"MV1":0.9511476770832675,"MV3":0.3641072769733782,"CH1":0.8807622122995047}