{"MV1":0.1907295484668532,"MV3":0.5925962736348664,"CH1":0.3958808468255196}