{"MV1":0.12524156083297755,"MV3":0.6065741241263479,"CH1":0.035963562259719084}