{"MV1":0.191978787301456,"MV3":0.07857332296438602,"CH1":0.9653179774566802}