{"MV1":0.86939640283805,"MV3":0.004690869968158706,"CH1":0.7466039263232066}