{"MV1":0.5798888720881361,"MV3":0.4038365673118395,"CH1":0.5789862282692578}