{"MV1":0.6616300645021931,"MV3":0.13631488352064147,"CH1":0.25757433430972365}