{"MV1":0.6564583644930813,"MV3":0.5489493097240128,"CH1":0.5903375941677165}