{"MV1":0.19258007222915519,"MV3":0.48711814399908193,"CH1":0.045163189540037396}