{"MV1":0.4840365630086322,"MV3":0.41111731811409746,"CH1":0.273794353580433}