{"MV1":0.01318901255274374,"MV3":0.6300421945745014,"CH1":0.5352703123200973}