{"MV1":0.0984768004496771,"MV3":0.8074926909588824,"CH1":0.5109240905661948}