{"MV1":0.3568357000383672,"MV3":0.3960935983489283,"CH1":0.10848828920763476}