{"MV1":0.9753153595721049,"MV3":0.2295996826329888,"CH1":0.5512970413615176}