{"MV1":0.47624400916162946,"MV3":0.8153141918226169,"CH1":0.33837154285478577}