{"MV1":0.6573697118665927,"MV3":0.16671168663023828,"CH1":0.19203869220730618}