{"MV1":0.8306745502474348,"MV3":0.411106187521759,"CH1":0.7918491117123055}