{"MV1":0.4145710437075858,"MV3":0.3040381025710729,"CH1":0.39082434026240676}