{"MV1":0.09969673488717401,"MV3":0.33111531914869397,"CH1":0.35218998565097615}