{"MV1":0.803568536618594,"MV3":0.5844129215233217,"CH1":0.38803027867665274}