{"MV1":0.4041013382105012,"MV3":0.5059521199447884,"CH1":0.08226080184293127}