{"MV1":0.4870307992363745,"MV3":0.94255467336708,"CH1":0.17338185943064688}