{"MV1":0.03927470764355434,"MV3":0.07271044081414058,"CH1":0.9883258359035734}