{"MV1":0.2816030921252596,"MV3":0.23540415819841531,"CH1":0.8964603412004959}