{"MV1":0.32724325067232785,"MV3":0.5508660874422648,"CH1":0.1286299957403797}