{"MV1":0.05658307429876708,"MV3":0.9238933362046794,"CH1":0.027710531138361416}