{"MV1":0.7657596139237579,"MV3":0.22574578319013072,"CH1":0.21418734141076412}