{"MV1":0.28985917485560053,"MV3":0.9990169948969146,"CH1":0.21444510722127752}