{"MV1":0.154097275619148,"MV3":0.6960924365067096,"CH1":0.8079534635643361}