{"MV1":0.4986601749577073,"MV3":0.1571300924373542,"CH1":0.2759304880650094}