{"MV1":0.17690611781871302,"MV3":0.2457149137618705,"CH1":0.4015822208644102}