{"MV1":0.6471689302720157,"MV3":0.26569572879945136,"CH1":0.6675768346542607}