{"MV1":0.8649987606083447,"MV3":0.8647036959985572,"CH1":0.31418649009862565}