{"MV1":0.5644997975531223,"MV3":0.3595137844816876,"CH1":0.6337823876200728}