{"MV1":0.6749792590983782,"MV3":0.4602799981983051,"CH1":0.834148838305891}