{"MV1":0.33464025773464956,"MV3":0.9626262321368397,"CH1":0.12286773600867595}