{"MV1":0.14761189086769877,"MV3":0.8150221626695863,"CH1":0.3599763831218854}