{"MV1":0.7999314252957391,"MV3":0.35124051337286133,"CH1":0.6196992612036615}