{"MV1":0.340803826769425,"MV3":0.8852970428102135,"CH1":0.16838994750873404}