{"MV1":0.9856016029399304,"MV3":0.44432207774996735,"CH1":0.8435131654271801}