{"MV1":0.7881471012746102,"MV3":0.5651872400925427,"CH1":0.4753008827598947}