{"MV1":0.6759891317495414,"MV3":0.28110353936122956,"CH1":0.3428261880404221}