{"MV1":0.06277951637112744,"MV3":0.6219553864963768,"CH1":0.5695602090999573}