{"MV1":0.7729084203868692,"MV3":0.30114759625171816,"CH1":0.6413739028000056}