{"MV1":0.11597876133540408,"MV3":0.5365031137694064,"CH1":0.8709399930209168}