{"MV1":0.409953778511682,"MV3":0.2771474332578522,"CH1":0.723651761852492}