{"MV1":0.7741981472952908,"MV3":0.14755498189010807,"CH1":0.49850676505200797}