{"MV1":0.009540156973959601,"MV3":0.16133789465209425,"CH1":0.2586297806704121}