{"MV1":0.4959788987024435,"MV3":0.7945328508039323,"CH1":0.6594237169582328}