{"MV1":0.0286121318744873,"MV3":0.7059244242962611,"CH1":0.8384175361773657}