{"MV1":0.14700846714896432,"MV3":0.7336275577104535,"CH1":0.9872180390676885}