{"MV1":0.2675030987996855,"MV3":0.4178558448527575,"CH1":0.12465230824906393}