{"MV1":0.8865731303060782,"MV3":0.13752505431351325,"CH1":0.9319083753291482}