{"MV1":0.7749157576808585,"MV3":0.8756460681924506,"CH1":0.7227968845153766}