{"MV1":0.43682573887452847,"MV3":0.36170208064822396,"CH1":0.9747022425453843}