{"MV1":0.13381952687890897,"MV3":0.09026083587623757,"CH1":0.9905014275094359}