{"MV1":0.3100470261395921,"MV3":0.802555519881296,"CH1":0.13652215733597006}