{"MV1":0.27869780185685533,"MV3":0.23789177080745394,"CH1":0.10841594723075543}