{"MV1":0.4503149856332638,"MV3":0.35480221942267554,"CH1":0.3937518671606478}