{"MV1":0.6293355437289799,"MV3":0.6810368263639626,"CH1":0.8698901905060065}