{"MV1":0.8762611171954504,"MV3":0.6003258940142163,"CH1":0.7519537285114377}