{"MV1":0.6028704420927169,"MV3":0.16581047601040932,"CH1":0.7391788925530358}