{"MV1":0.07063139126283735,"MV3":0.22604025462840716,"CH1":0.03884836061620722}