{"MV1":0.3502034437398076,"MV3":0.6090232986326451,"CH1":0.21998812066546747}