{"MV1":0.10722554467325729,"MV3":0.4719841949265887,"CH1":0.2565174745198884}