{"MV1":0.5280686722827933,"MV3":0.3372675512033648,"CH1":0.374860173720985}