{"MV1":0.4311479150830456,"MV3":0.008305311423129402,"CH1":0.4058885326922679}