{"MV1":0.3187533631295193,"MV3":0.6728863804060494,"CH1":0.4104240953553332}