{"MV1":0.30483944182486844,"MV3":0.7634212914860281,"CH1":0.6653775256537493}