{"MV1":0.047729920419719574,"MV3":0.2727683546087898,"CH1":0.1440464704545803}