{"MV1":0.06706808368768957,"MV3":0.2477462520301591,"CH1":0.0967263685819969}