{"MV1":0.6907267369730634,"MV3":0.5971375711214234,"CH1":0.5739691795883558}