{"MV1":0.8978632190852195,"MV3":0.6713649303333409,"CH1":0.601060185799814}