{"MV1":0.5726729360093014,"MV3":0.24629818514844193,"CH1":0.19928724885715565}