{"MV1":0.9805234801961319,"MV3":0.35634665726906534,"CH1":0.14006909608794782}