{"MV1":0.2802056205985801,"MV3":0.41196868413970467,"CH1":0.6785125496589679}