{"MV1":0.15817804002549019,"MV3":0.0070866392050015214,"CH1":0.42046393155607875}