{"MV1":0.38004190921948044,"MV3":0.43052472890703464,"CH1":0.9101876736920926}