{"MV1":0.046264507765594653,"MV3":0.33055915131093916,"CH1":0.5967781884422367}