{"MV1":0.7028627910710358,"MV3":0.4694768050517588,"CH1":0.7191936124115973}