{"MV1":0.7264156860551331,"MV3":0.26161959960372305,"CH1":0.45275837573209543}