{"MV1":0.6225878056796655,"MV3":0.6824350699451885,"CH1":0.270631653898575}