{"MV1":0.2909503344681631,"MV3":0.5725908551875842,"CH1":0.10985024500560436}