{"MV1":0.5127003143005675,"MV3":0.15986741297514595,"CH1":0.6541149105913099}