{"MV1":0.5027418218787758,"MV3":0.3588669153077211,"CH1":0.18459453285125194}