{"MV1":0.49427185085305914,"MV3":0.1760570992863466,"CH1":0.8433045998747896}