{"MV1":0.12012506791654565,"MV3":0.49886212794160145,"CH1":0.8927038641597289}