{"MV1":0.4935891821735574,"MV3":0.48409706311444023,"CH1":0.22390250825574987}