{"MV1":0.20948922216513444,"MV3":0.9850503045571374,"CH1":0.927687647661079}