{"MV1":0.41929095988474496,"MV3":0.32781484747468626,"CH1":0.7573075442745917}