{"MV1":0.04611103599876909,"MV3":0.48419536937449403,"CH1":0.845860821574291}