{"MV1":0.5791501712328339,"MV3":0.9594687188832763,"CH1":0.0568262480093098}