{"MV1":0.49092069706455277,"MV3":0.9340689971748654,"CH1":0.33834942032680626}