{"MV1":0.4560856612167872,"MV3":0.05483289620639753,"CH1":0.0983419158306903}