{"MV1":0.006144927230883668,"MV3":0.0052999385274865585,"CH1":0.25945684083159193}