{"MV1":0.6036463381084378,"MV3":0.144092990764894,"CH1":0.35721523978465364}