{"MV1":0.8866158416914083,"MV3":0.7641348928126148,"CH1":0.8350680071598525}