{"MV1":0.9028699450385306,"MV3":0.01575634581296581,"CH1":0.24326482514076986}