{"MV1":0.1713967850784962,"MV3":0.37575911065578205,"CH1":0.4525013184674428}