{"MV1":0.7330734708744191,"MV3":0.4946342710875,"CH1":0.9070252965759492}