{"MV1":0.24347522840417024,"MV3":0.46168534164299424,"CH1":0.33511906794652135}