{"MV1":0.6792282375971135,"MV3":0.717269881084436,"CH1":0.8962202869136936}