{"MV1":0.003929281204435475,"MV3":0.6074424530969234,"CH1":0.7631925923363104}