{"MV1":0.6061032802305252,"MV3":0.8258047628971328,"CH1":0.2400159326395057}