{"MV1":0.9044063998773242,"MV3":0.5144323301570164,"CH1":0.23279515138803164}