{"MV1":0.22991142180278012,"MV3":0.11604105964906897,"CH1":0.901861908831212}