{"MV1":0.8630056597022658,"MV3":0.8848822814846257,"CH1":0.5439762537881295}