{"MV1":0.0930579382428236,"MV3":0.4837083425197578,"CH1":0.6924585581279117}