{"MV1":0.14885636613169118,"MV3":0.20245697226249149,"CH1":0.47045135011971617}