{"MV1":0.0679748807887206,"MV3":0.8349143833440006,"CH1":0.6945139845566253}