{"MV1":0.46499965132789356,"MV3":0.2549546991226852,"CH1":0.727420522253296}