{"MV1":0.987442913964378,"MV3":0.3762587584353788,"CH1":0.8850437916458174}