{"MV1":0.4756834531206089,"MV3":0.04522982374173978,"CH1":0.9407920170657458}