{"MV1":0.4772761735754423,"MV3":0.18154130455938622,"CH1":0.7393805026448065}