{"MV1":0.5530608114663956,"MV3":0.3779105251822593,"CH1":0.8541923230222392}