{"MV1":0.3452343385882125,"MV3":0.7932060200169297,"CH1":0.3382561318096745}