{"MV1":0.7128735092077698,"MV3":0.9507664542823225,"CH1":0.11312573363262945}