{"MV1":0.20217862413780574,"MV3":0.7367904743664245,"CH1":0.5512573772994288}