{"MV1":0.8784026434387138,"MV3":0.10954285414493414,"CH1":0.021510018531624486}