{"MV1":0.4404053129983142,"MV3":0.42808059930339115,"CH1":0.7691704232958495}