{"MV1":0.28104531336796035,"MV3":0.26254740090725903,"CH1":0.4761461483495274}