{"MV1":0.5299252956423137,"MV3":0.389266046291019,"CH1":0.9062519180202573}