{"MV1":0.08361206513616148,"MV3":0.9962985708221865,"CH1":0.5449437270261007}