{"MV1":0.545228209360934,"MV3":0.11472323934041018,"CH1":0.8757418487926464}