{"MV1":0.5867795327342338,"MV3":0.766659514853911,"CH1":0.923451789931383}