{"MV1":0.7642003349327502,"MV3":0.23887915297822537,"CH1":0.9184723766963445}