{"MV1":0.9918386066264124,"MV3":0.7169721214067998,"CH1":0.5900439820352775}