{"MV1":0.8697948410974923,"MV3":0.1989555749659837,"CH1":0.7128418402000766}