{"MV1":0.8058074689033995,"MV3":0.34947338091985425,"CH1":0.08031023435980478}