{"MV1":0.2594209791712059,"MV3":0.7487161295367244,"CH1":0.43946305003915354}