{"MV1":0.09922194417684393,"MV3":0.9092294652797956,"CH1":0.7479633458729514}