{"MV1":0.02883534948553701,"MV3":0.10022877978100098,"CH1":0.8077410897369625}