{"MV1":0.09912752361647537,"MV3":0.5184734704059542,"CH1":0.07492975299226856}