{"MV1":0.7205046582837724,"MV3":0.14428821061443853,"CH1":0.28053700469418286}