{"MV1":0.2804165199379828,"MV3":0.6150426432199484,"CH1":0.9533326570142042}