{"MV1":0.9114691690816153,"MV3":0.13977949274942347,"CH1":0.01792085905607743}