{"MV1":0.536323785442861,"MV3":0.8075324724003607,"CH1":0.1888696568700443}