{"MV1":0.18285198226538957,"MV3":0.4917429671468102,"CH1":0.46553655141264005}