{"MV1":0.09364328709999536,"MV3":0.5478499946507736,"CH1":0.1572635092923711}