{"MV1":0.5973618021738492,"MV3":0.4706403595622991,"CH1":0.30140860750742804}