{"MV1":0.5462503595703184,"MV3":0.47454605175090603,"CH1":0.030936067836552228}