{"MV1":0.9984905214486158,"MV3":0.515660812731121,"CH1":0.18914678891061543}