{"MV1":0.12961063222641211,"MV3":0.19321702263489726,"CH1":0.2775204609695514}