{"MV1":0.789995829341374,"MV3":0.09517842775873153,"CH1":0.8123240864263116}