{"MV1":0.09273709056608304,"MV3":0.6279988755112256,"CH1":0.3016092406940367}