{"MV1":0.6493921720561118,"MV3":0.742961085291386,"CH1":0.053364728081831125}