{"MV1":0.7761554250007325,"MV3":0.6323264532983783,"CH1":0.2931540460203622}