{"MV1":0.8853270227314435,"MV3":0.7300507718940493,"CH1":0.24238822711429475}