{"MV1":0.2766374793534432,"MV3":0.8451425150915535,"CH1":0.39058901167522586}