{"MV1":0.2810393732626475,"MV3":0.35683181358723215,"CH1":0.009084865128984543}