{"MV1":0.3910228254332301,"MV3":0.13214502808125328,"CH1":0.9448054337649159}