{"MV1":0.011421853703025286,"MV3":0.1674868710123072,"CH1":0.45091899751756703}