{"MV1":0.7185737635418731,"MV3":0.001953956391744671,"CH1":0.7514831786786453}