{"MV1":0.06550345972603877,"MV3":0.9378051843375759,"CH1":0.7069823450328091}