{"MV1":0.6181668388499854,"MV3":0.5975323440405159,"CH1":0.8666915102990324}