{"MV1":0.5234246494398707,"MV3":0.8257967661444818,"CH1":0.7401282580623715}