{"MV1":0.6930916248428439,"MV3":0.010174518761290052,"CH1":0.5968218219979762}