{"MV1":0.7710532752943089,"MV3":0.2892452228575785,"CH1":0.43963597449597736}