{"MV1":0.10361591129053604,"MV3":0.30161445735967163,"CH1":0.16109322257159286}