{"MV1":0.6158206979443291,"MV3":0.06973402463372458,"CH1":0.755235444932968}