{"MV1":0.17790640193318052,"MV3":0.8508539850307005,"CH1":0.6916025762520855}