{"MV1":0.039392227002246094,"MV3":0.4822091098487341,"CH1":0.6682393291762664}