{"MV1":0.9669676771719529,"MV3":0.6123609593066472,"CH1":0.7670796808555922}