{"MV1":0.490164944891049,"MV3":0.6669855392198074,"CH1":0.6415957241901867}