{"MV1":0.8663307863560853,"MV3":0.9388817554000768,"CH1":0.642844740040347}