{"MV1":0.9343452758442805,"MV3":0.36522434668312775,"CH1":0.6376619235885866}