{"MV1":0.8595782963597622,"MV3":0.9932076062040494,"CH1":0.2638797329174749}