{"MV1":0.49489617621922055,"MV3":0.3818187016068251,"CH1":0.5749957180418687}