{"MV1":0.6664420950435367,"MV3":0.554797440323693,"CH1":0.20861563988087406}