{"MV1":0.33868552884158876,"MV3":0.7402872863553872,"CH1":0.010083204689782632}