{"MV1":0.22940739672790678,"MV3":0.30258646174631487,"CH1":0.09328626012329966}