{"MV1":0.37033964981195544,"MV3":0.3101667698553975,"CH1":0.863167668857872}