{"MV1":0.017000444162522554,"MV3":0.28290027051916544,"CH1":0.18988322501615673}