{"MV1":0.4257311345250254,"MV3":0.018557565783612895,"CH1":0.0004949283118287351}