{"MV1":0.029197683187691337,"MV3":0.7625478094937685,"CH1":0.06575619020298684}