{"MV1":0.36620522167708125,"MV3":0.7432710146204988,"CH1":0.8605312089116808}