{"MV1":0.6566839029409534,"MV3":0.012396774524408238,"CH1":0.19976363365724303}