{"MV1":0.2606371218994521,"MV3":0.9294744533311694,"CH1":0.28004497535874906}