{"MV1":0.41798348731593893,"MV3":0.9506695159454949,"CH1":0.8401532069312148}