{"MV1":0.48512202546846184,"MV3":0.755641117262457,"CH1":0.9106587541132615}