{"MV1":0.05624835119547056,"MV3":0.4351656914869909,"CH1":0.3735758827620608}