{"MV1":0.5232894466879823,"MV3":0.9191716510188632,"CH1":0.5530944926785173}