{"MV1":0.6430021858624008,"MV3":0.3841604025252221,"CH1":0.16670238290392292}