{"MV1":0.7230770255813717,"MV3":0.13323734509155527,"CH1":0.3134623216681407}