{"MV1":0.2045834155693652,"MV3":0.24793567663376526,"CH1":0.25058985438414016}