{"MV1":0.7763129652167533,"MV3":0.9783971868326191,"CH1":0.04400735914293186}