{"MV1":0.7596477436310647,"MV3":0.9197788344288822,"CH1":0.6554050395002893}