{"MV1":0.3234708612156819,"MV3":0.9821428231145701,"CH1":0.6928571021642558}