{"MV1":0.7799477556044631,"MV3":0.6780580573252598,"CH1":0.9708589105399377}