{"MV1":0.6663351574970034,"MV3":0.2430061760710942,"CH1":0.7672336644648801}