{"MV1":0.827839050893907,"MV3":0.9226001122543067,"CH1":0.44160770901032664}