{"MV1":0.8293182301763382,"MV3":0.2964248882602908,"CH1":0.09704366072611026}