{"MV1":0.5879124180034802,"MV3":0.9034215260330648,"CH1":0.26688761152356166}