{"MV1":0.40879941128446873,"MV3":0.9142787191964413,"CH1":0.8231006562066538}