{"MV1":0.7040669493955343,"MV3":0.9330075472856977,"CH1":0.9730357340905283}