{"MV1":0.8929631421321192,"MV3":0.43769257474678236,"CH1":0.17645256393580167}