{"MV1":0.6732211273771376,"MV3":0.5254458832820571,"CH1":0.26877697420720725}