{"MV1":0.0316463551660674,"MV3":0.945698613652175,"CH1":0.018482276253616647}