{"MV1":0.5503366919426965,"MV3":0.8984081298616717,"CH1":0.36242805288310687}