{"MV1":0.3607175583140252,"MV3":0.9112709303339983,"CH1":0.8604146634059547}