{"MV1":0.4470888774585776,"MV3":0.9084430812263024,"CH1":0.6577820029659966}