{"MV1":0.10903130637823666,"MV3":0.5832298094123703,"CH1":0.8389550414655242}