{"MV1":0.5835493134768474,"MV3":0.47950373339760866,"CH1":0.26059466083143923}