{"MV1":0.09555196611036454,"MV3":0.38041547596478587,"CH1":0.1172953291702632}