{"MV1":0.35793258608988376,"MV3":0.4166695691190023,"CH1":0.8473812466113586}