{"MV1":0.574200899037842,"MV3":0.1819295226772325,"CH1":0.4647680224292391}