{"MV1":0.6882464312627032,"MV3":0.58472762835663,"CH1":0.0694152434447568}