{"MV1":0.4526176482809354,"MV3":0.7726799278589652,"CH1":0.3894523129407318}