{"MV1":0.43675705691708655,"MV3":0.5005083089913185,"CH1":0.29209743306741864}