{"MV1":0.8656261131565213,"MV3":0.9353704270044604,"CH1":0.8953099438503329}