{"MV1":0.16441645477032407,"MV3":0.9012461253293762,"CH1":0.47246062488188545}