{"MV1":0.2200350076350277,"MV3":0.9311339340065701,"CH1":0.8502714972532259}