{"MV1":0.5040312830623808,"MV3":0.4256264087803343,"CH1":0.5041143946988925}