{"MV1":0.5178058159174145,"MV3":0.08705041543388414,"CH1":0.06949209467170403}