{"MV1":0.7437264974274792,"MV3":0.22815295359851628,"CH1":0.7651155948155302}