{"MV1":0.5232335617491143,"MV3":0.9405349524518339,"CH1":0.30021522605283446}