{"MV1":0.13650215158522316,"MV3":0.7764265476145329,"CH1":0.2919187491146289}