{"MV1":0.44384534227019945,"MV3":0.3442612176608001,"CH1":0.6931916087917339}