{"MV1":0.6996523162031911,"MV3":0.21593593141831735,"CH1":0.2011051621441382}