{"MV1":0.24735632374943073,"MV3":0.08009836035634377,"CH1":0.09473599328272675}