{"MV1":0.6760499106933003,"MV3":0.08082476629903457,"CH1":0.22564775864667064}