{"MV1":0.25015792961151784,"MV3":0.812829797033086,"CH1":0.19841166990021442}