{"MV1":0.24708837734642852,"MV3":0.42184006128722673,"CH1":0.20208914188161642}