{"MV1":0.5988286006966036,"MV3":0.8331904309036685,"CH1":0.48733144427058883}