{"MV1":0.9579545421518234,"MV3":0.8177001852379231,"CH1":0.9252920852734218}