{"MV1":0.1550757251274636,"MV3":0.8278071006745423,"CH1":0.6900048465824777}