{"MV1":0.8970691099596038,"MV3":0.6007139974646457,"CH1":0.45064729218845134}