{"MV1":0.47647233312637716,"MV3":0.25362320783621006,"CH1":0.8639750784438485}