{"MV1":0.2723059420195937,"MV3":0.9162445197517152,"CH1":0.021699521889821716}