{"MV1":0.8223784378244429,"MV3":0.36604424965278903,"CH1":0.32328926377946166}