{"MV1":0.19846430674515414,"MV3":0.9592832471135706,"CH1":0.4322223707600107}