{"MV1":0.36551298241911223,"MV3":0.5962532271469636,"CH1":0.45945427037057196}