{"MV1":0.11672745232502935,"MV3":0.43778465526786847,"CH1":0.752419718712209}