{"MV1":0.9922328661125377,"MV3":0.3333359990729472,"CH1":0.39587839812412917}