{"MV1":0.7138781142957825,"MV3":0.8290848066065236,"CH1":0.6052679667695232}