{"MV1":0.4873656045980719,"MV3":0.9201795605034541,"CH1":0.8264751947591966}