{"MV1":0.02280416781033545,"MV3":0.44417637703067336,"CH1":0.4832026771221881}