{"MV1":0.8819352530138151,"MV3":0.02715936075058001,"CH1":0.015598255259161364}