{"MV1":0.6036437048153768,"MV3":0.9744462980302157,"CH1":0.7434192012372629}