{"MV1":0.5516468528088231,"MV3":0.08593481320401197,"CH1":0.6029910666783944}