{"MV1":0.7538048898974782,"MV3":0.17956939240968606,"CH1":0.48788547464023824}