{"MV1":0.7104606397126909,"MV3":0.42837689040678095,"CH1":0.8892410430495657}