{"MV1":0.27352659475738883,"MV3":0.049559272865051796,"CH1":0.8801262205552207}