{"MV1":0.3548881306404935,"MV3":0.8851133193771438,"CH1":0.24083598333767087}