{"MV1":0.5964619630336488,"MV3":0.8624898869507452,"CH1":0.964256071482054}