{"MV1":0.19417053351727154,"MV3":0.6791272111838641,"CH1":0.3236341727786016}