{"MV1":0.06346501099036261,"MV3":0.9697741276470968,"CH1":0.9114036597355577}