{"MV1":0.6172636277455507,"MV3":0.5982981325225655,"CH1":0.13365099146105752}