{"MV1":0.22446783625183708,"MV3":0.5124613361628368,"CH1":0.6728964514522464}