{"MV1":0.16100128049438822,"MV3":0.58025723780281,"CH1":0.615604790456011}