{"MV1":0.5519787742899201,"MV3":0.542013473180908,"CH1":0.41530177793775636}