{"MV1":0.7848174915365512,"MV3":0.5474743265893711,"CH1":0.8266017913614885}