{"MV1":0.6831287219227994,"MV3":0.4416516779127019,"CH1":0.627396129308154}