{"MV1":0.5778224428104782,"MV3":0.19587471551431224,"CH1":0.4786620165937068}