{"MV1":0.49695776697851324,"MV3":0.04524817995909847,"CH1":0.5215607291334936}