{"MV1":0.3147703261835433,"MV3":0.38911203189324783,"CH1":0.06569817855669957}