{"MV1":0.09104018747553455,"MV3":0.4675346556542149,"CH1":0.7304808860119568}