{"MV1":0.45855990777885236,"MV3":0.9976434174968584,"CH1":0.007676261400849316}