{"MV1":0.1375318202462853,"MV3":0.906894157888554,"CH1":0.2832861293021728}