{"MV1":0.49067316281595463,"MV3":0.6730533900961462,"CH1":0.5170235898121461}