{"MV1":0.5078392457268464,"MV3":0.6909504732815274,"CH1":0.25374857540598916}