{"MV1":0.3241668322574873,"MV3":0.4811264497643283,"CH1":0.6918277571242846}