{"MV1":0.5177896575097521,"MV3":0.8388479511284082,"CH1":0.6066359397633322}