{"MV1":0.6165043321175898,"MV3":0.9732796125610854,"CH1":0.7752830056521149}