{"MV1":0.37559504388330256,"MV3":0.049148631647713104,"CH1":0.7070794708179367}