{"MV1":0.012540397221741606,"MV3":0.9037026672658233,"CH1":0.5028743882373586}