{"MV1":0.31321731720542545,"MV3":0.9777248599278557,"CH1":0.6709554106236918}