{"MV1":0.15112998587091253,"MV3":0.9914602510408878,"CH1":0.7662811309824299}