{"MV1":0.7010770121798698,"MV3":0.8960747901322396,"CH1":0.0033330687569780304}