{"MV1":0.2464294079752034,"MV3":0.582102080208822,"CH1":0.8698595494962308}