{"MV1":0.04435184591494534,"MV3":0.1616520633705274,"CH1":0.07664703636350256}