{"MV1":0.6094952316423123,"MV3":0.9646494272692077,"CH1":0.9313378950256548}