{"MV1":0.6801300674673424,"MV3":0.5918103768257551,"CH1":0.1600664194262612}