{"MV1":0.47454998076083466,"MV3":0.4370430484943787,"CH1":0.19693362447746943}