{"MV1":0.4529140610155368,"MV3":0.38835844300946887,"CH1":0.4331447335544095}