{"MV1":0.21628487175863842,"MV3":0.15188295309063105,"CH1":0.0005065127384351609}