{"MV1":0.8470668901465469,"MV3":0.29704765988221027,"CH1":0.5104656480059433}