{"MV1":0.17512475915157688,"MV3":0.5474028704652877,"CH1":0.9157984438810159}