{"MV1":0.5293675859871855,"MV3":0.6533306762068202,"CH1":0.0751761562612876}