{"MV1":0.2778217526606014,"MV3":0.776425192680372,"CH1":0.13479270965864976}