{"MV1":0.5363480537078927,"MV3":0.3724758820249865,"CH1":0.3817868573264358}