{"MV1":0.7068104028183237,"MV3":0.9211377148183763,"CH1":0.7489528583305648}