{"MV1":0.7043643784787647,"MV3":0.2750790678549765,"CH1":0.883364955767146}