{"MV1":0.1331518410589304,"MV3":0.32238396013948367,"CH1":0.010886645866887368}