{"MV1":0.6525018996742138,"MV3":0.48177047821027696,"CH1":0.4718973716066104}