{"MV1":0.9530196896564553,"MV3":0.5999539456648749,"CH1":0.052436834042004055}