{"MV1":0.2851327296465499,"MV3":0.6858717234619436,"CH1":0.9629418458930666}