{"MV1":0.41909663707015465,"MV3":0.6799105561644012,"CH1":0.6262552490012133}