{"MV1":0.12710677540165127,"MV3":0.3936584611939702,"CH1":0.021303464815755846}