{"MV1":0.48510061157615303,"MV3":0.43191864146869186,"CH1":0.17359383643099324}