{"MV1":0.7689563068000633,"MV3":0.1309727078540125,"CH1":0.720886541143654}