{"MV1":0.4391668143534375,"MV3":0.3802057281382766,"CH1":0.556008274586632}