{"MV1":0.39759202082476863,"MV3":0.7611005788393306,"CH1":0.35721753442276194}