{"MV1":0.9889061216614178,"MV3":0.6208093578976419,"CH1":0.62638044838554}