{"MV1":0.3796280198957066,"MV3":0.0978927327857878,"CH1":0.7823339685891709}