{"MV1":0.4115393359033226,"MV3":0.5351041152329873,"CH1":0.8338648785434615}