{"MV1":0.7422267025462596,"MV3":0.28289190334643033,"CH1":0.23286101315604868}