{"MV1":0.6353153318348629,"MV3":0.4422755757459389,"CH1":0.8395894050489711}