{"MV1":0.4317825924743498,"MV3":0.3687264340825833,"CH1":0.22619908022807333}