{"MV1":0.2601450844468197,"MV3":0.3799329146934155,"CH1":0.9175044406299768}