{"MV1":0.8059469206256561,"MV3":0.6730099467817565,"CH1":0.8817131673160349}