{"MV1":0.1335961315826295,"MV3":0.8984902930348327,"CH1":0.6878041890143006}