{"MV1":0.8231603064713983,"MV3":0.008105942631902896,"CH1":0.08893938603773732}