{"MV1":0.8807437002516452,"MV3":0.23410427346395624,"CH1":0.9728167027250069}