{"MV1":0.3134795432532633,"MV3":0.19394286253396809,"CH1":0.4752019253493701}