{"MV1":0.09531934874242065,"MV3":0.15174344255727656,"CH1":0.6253584733183204}