{"MV1":0.40521054780864696,"MV3":0.7666708935531299,"CH1":0.16281196416733457}