{"MV1":0.947050619058624,"MV3":0.6938965533413584,"CH1":0.882133187058932}