{"MV1":0.5688845314322662,"MV3":0.42492799221445676,"CH1":0.7406725965240937}