{"MV1":0.20277231603911838,"MV3":0.5762435706205511,"CH1":0.5260525958416252}