{"MV1":0.8305258569458227,"MV3":0.14941884578621434,"CH1":0.9115940506419565}