{"MV1":0.7748015630041563,"MV3":0.6439960549783161,"CH1":0.8509559943523832}