{"MV1":0.4489418496347305,"MV3":0.6872473843743931,"CH1":0.5408773049622534}