{"MV1":0.46535742175282835,"MV3":0.6123441603397335,"CH1":0.7938210197735555}