{"MV1":0.07197889574585836,"MV3":0.41921172565305986,"CH1":0.3831722910883626}