{"MV1":0.15308742344156212,"MV3":0.9808176821513112,"CH1":0.36908057312744214}