{"MV1":0.7064468359170542,"MV3":0.9218157077560388,"CH1":0.8104213662758081}