{"MV1":0.01840897458617019,"MV3":0.11727141906381966,"CH1":0.1983375352939114}