{"MV1":0.9284973301417967,"MV3":0.1332606063785382,"CH1":0.9731600899244873}