{"MV1":0.8213549472342139,"MV3":0.3925822570635329,"CH1":0.46480040806451417}