{"MV1":0.47794308920560513,"MV3":0.09590051355441664,"CH1":0.7242851598150835}