{"MV1":0.5858786867236089,"MV3":0.12280071369072687,"CH1":0.5395952493332897}