{"MV1":0.4793570513649261,"MV3":0.5419569142253453,"CH1":0.6125102110304139}