{"MV1":0.12475515804093429,"MV3":0.138342718275271,"CH1":0.6918291113560353}