{"MV1":0.3317173647612739,"MV3":0.5768619921328063,"CH1":0.7446151366264611}