{"MV1":0.096529638103527,"MV3":0.9523415440103308,"CH1":0.3314198829396753}