{"MV1":0.48256497802647347,"MV3":0.20840840844279906,"CH1":0.857483635216476}