{"MV1":0.13589137061281475,"MV3":0.990359690451635,"CH1":0.5089969006735565}