{"MV1":0.8030219579540862,"MV3":0.2677741381325882,"CH1":0.5003174841272287}