{"MV1":0.7371866887264572,"MV3":0.2314356626864077,"CH1":0.3033161581829218}