{"MV1":0.8410188044781913,"MV3":0.49629763482447375,"CH1":0.505616196395599}