{"MV1":0.820190497573759,"MV3":0.3564412613571454,"CH1":0.5678722980613987}