{"MV1":0.9834410009545559,"MV3":0.28907685628980684,"CH1":0.2820206084069079}