{"MV1":0.28590723125540785,"MV3":0.9569192520165679,"CH1":0.8633594164598304}