{"MV1":0.6625639866201758,"MV3":0.9095294966252271,"CH1":0.3252412677573191}