{"MV1":0.6354177034707914,"MV3":0.5491292908121284,"CH1":0.3486996400982807}