{"MV1":0.6594876560892061,"MV3":0.9892583231427323,"CH1":0.7833880998585786}