{"MV1":0.45974236170889327,"MV3":0.27892477993860854,"CH1":0.17548603302143762}