{"MV1":0.15807817029820082,"MV3":0.9676018797537101,"CH1":0.3184383567051049}