{"MV1":0.06084024211636496,"MV3":0.7179133077500847,"CH1":0.11169024155069829}