{"MV1":0.47827946142518885,"MV3":0.6553162193499456,"CH1":0.1331314425785466}