{"MV1":0.36979008062180074,"MV3":0.6594308223389792,"CH1":0.214718481298646}