{"MV1":0.06369964881832557,"MV3":0.9984124099406234,"CH1":0.6716603209872263}