{"MV1":0.6623667955532884,"MV3":0.09148671388226448,"CH1":0.560440596451051}