{"MV1":0.10836140588700216,"MV3":0.2563810514627666,"CH1":0.005342526630294886}