{"MV1":0.8898862688885986,"MV3":0.7910191876430862,"CH1":0.5224423895645509}