{"MV1":0.4051735696248696,"MV3":0.17348788621090994,"CH1":0.012097722988881454}