{"MV1":0.6455927763776055,"MV3":0.6296102167832878,"CH1":0.9606461223149261}