{"MV1":0.8882716555080913,"MV3":0.6436870255404163,"CH1":0.5245995586729245}