{"MV1":0.49756273360760295,"MV3":0.13637175821742087,"CH1":0.09567825537311381}