{"MV1":0.6893424500116967,"MV3":0.4628183173601015,"CH1":0.6710164912942205}