{"MV1":0.7695165809242858,"MV3":0.03557047186212192,"CH1":0.18738823707279317}