{"MV1":0.9260748792266216,"MV3":0.6117702521145955,"CH1":0.019290550542886087}