{"MV1":0.12606625601678867,"MV3":0.5728732931144574,"CH1":0.31599849211696596}