{"MV1":0.9596320529765537,"MV3":0.6269924905617543,"CH1":0.8504003635602596}