{"MV1":0.5914759894417583,"MV3":0.5906082346801393,"CH1":0.7365686198102679}