{"MV1":0.6077499515062348,"MV3":0.5994210025721209,"CH1":0.6684396187052185}