{"MV1":0.17734805870446424,"MV3":0.573530380118167,"CH1":0.07107950591834189}