{"MV1":0.5153059759610097,"MV3":0.06716144794682288,"CH1":0.03975284464878248}