{"MV1":0.5387378815703114,"MV3":0.17310147308963575,"CH1":0.41909216071088307}