{"MV1":0.6010407266030786,"MV3":0.8051181742568971,"CH1":0.4612597652002203}