{"MV1":0.06148266840133454,"MV3":0.8817649396665618,"CH1":0.8594008635006563}