{"MV1":0.8917160981805362,"MV3":0.7288455710736348,"CH1":0.7185134261021281}