{"MV1":0.006253767355887008,"MV3":0.22213134020447367,"CH1":0.4223077670292139}