{"MV1":0.7837711191844076,"MV3":0.7562536735786499,"CH1":0.3656423559677475}