{"MV1":0.24101442842880427,"MV3":0.6163206498249217,"CH1":0.7776660212305875}