{"MV1":0.10523465343279537,"MV3":0.06956922653589148,"CH1":0.6423435843820907}