{"MV1":0.8359438621513368,"MV3":0.11020023631164133,"CH1":0.5327071269789118}