{"MV1":0.2718439512126779,"MV3":0.397317041049134,"CH1":0.4215330104405196}