{"MV1":0.7381801346878363,"MV3":0.7176559181229288,"CH1":0.4403055637133151}