{"MV1":0.8722552480918336,"MV3":0.17534228488416637,"CH1":0.41667755838264087}