{"MV1":0.2106882418044007,"MV3":0.2846278056764511,"CH1":0.5155516103046981}