{"MV1":0.4305782068667613,"MV3":0.8445328279481473,"CH1":0.3076724564130001}