{"MV1":0.29403219231481814,"MV3":0.6083541065349752,"CH1":0.17092515728251778}