{"MV1":0.3744112360816866,"MV3":0.28871159638607113,"CH1":0.3964603933521297}