{"MV1":0.27902406856170503,"MV3":0.7127722484538412,"CH1":0.12653668516128558}