{"MV1":0.1756855938432702,"MV3":0.5172206690215396,"CH1":0.2613684030454704}