{"MV1":0.0014147614792154872,"MV3":0.2011101144323546,"CH1":0.0355869814368408}