{"MV1":0.03369629191513679,"MV3":0.3266122014111138,"CH1":0.20057575087326818}