{"MV1":0.8427994424453521,"MV3":0.9903447654371818,"CH1":0.7219416338492465}