{"MV1":0.1960567964647567,"MV3":0.5211588547844982,"CH1":0.14887427131945286}