{"MV1":0.6701551176041349,"MV3":0.47668706307251785,"CH1":0.19975020177831948}