{"MV1":0.944634848388506,"MV3":0.375109620448824,"CH1":0.3154253144997746}