{"MV1":0.603707802649467,"MV3":0.42355944518274813,"CH1":0.02130742442319289}