{"MV1":0.927302142311929,"MV3":0.6893008197403044,"CH1":0.7968701678037963}