{"MV1":0.7825613500132022,"MV3":0.9771848059569271,"CH1":0.18232970374744717}