{"MV1":0.0953851976006771,"MV3":0.6731965135611285,"CH1":0.8479258902656304}