{"MV1":0.5881029219840475,"MV3":0.07046990347618953,"CH1":0.48899910173423144}