{"MV1":0.21651229594553045,"MV3":0.486042493553838,"CH1":0.5124563592766919}