{"MV1":0.18645116719487154,"MV3":0.41507196625144294,"CH1":0.9660790181151835}