{"MV1":0.3206312019062716,"MV3":0.8391262128823744,"CH1":0.3185866888914366}