{"MV1":0.1870032750179882,"MV3":0.5781668088960465,"CH1":0.08200737342753073}