{"MV1":0.36724168284346914,"MV3":0.333812983348571,"CH1":0.665398943703876}