{"MV1":0.5821106989731767,"MV3":0.211513861534376,"CH1":0.32835244752860215}