{"MV1":0.6496258934163736,"MV3":0.14629107983470324,"CH1":0.9491419150609414}