{"MV1":0.039295942194429556,"MV3":0.41073306394338793,"CH1":0.17574424454169757}