{"MV1":0.1438222994149302,"MV3":0.17537118397428386,"CH1":0.8489964739843396}