{"MV1":0.002811709530771256,"MV3":0.5863467539319864,"CH1":0.4398473389136297}