{"MV1":0.784654659206372,"MV3":0.8256936158509834,"CH1":0.6738131327797543}