{"MV1":0.8812305044718762,"MV3":0.21038222291716158,"CH1":0.7149316537377404}