{"MV1":0.45075461298332054,"MV3":0.5431628064325523,"CH1":0.9252063491292527}