{"MV1":0.5125749528053907,"MV3":0.7294584011333057,"CH1":0.8793346947666839}