{"MV1":0.9394023122936689,"MV3":0.17681687438279592,"CH1":0.19389565048759183}