{"MV1":0.6295066428622232,"MV3":0.5469975268617412,"CH1":0.010590227831474563}