{"MV1":0.6279464749991194,"MV3":0.7237569755592211,"CH1":0.33113278187118544}