{"MV1":0.62131797774565,"MV3":0.1885401331346338,"CH1":0.03871770936356056}