{"MV1":0.7739215011061885,"MV3":0.5720854052688684,"CH1":0.48835894820400827}