{"MV1":0.23336900325571108,"MV3":0.004903820641737888,"CH1":0.6312622608845384}