{"MV1":0.07038313464389001,"MV3":0.6175270476153992,"CH1":0.8412165893841944}