{"MV1":0.6677378177137444,"MV3":0.9097771801534513,"CH1":0.6037176673859286}