{"MV1":0.5055227145324768,"MV3":0.4279951261431242,"CH1":0.14688262865938284}