{"MV1":0.16933532918584937,"MV3":0.8037151851371849,"CH1":0.23933738475721356}