{"MV1":0.33039677495674147,"MV3":0.08946798705782466,"CH1":0.7568880374622553}