{"MV1":0.695346043877422,"MV3":0.2601109797273108,"CH1":0.9701194791200025}