{"MV1":0.4794722121348318,"MV3":0.2726499188084508,"CH1":0.16633930879722159}