{"MV1":0.75360749412737,"MV3":0.36916547094975394,"CH1":0.004048081061859721}