{"MV1":0.15712397697863878,"MV3":0.16506922626113119,"CH1":0.6355832527506012}