{"MV1":0.986030406224397,"MV3":0.9913351050312657,"CH1":0.32051798226877715}