{"MV1":0.19150678026278634,"MV3":0.6940210895774732,"CH1":0.2647138457722371}