{"MV1":0.4963304481924461,"MV3":0.8307279816390315,"CH1":0.6134967163188841}