{"MV1":0.5385682446571934,"MV3":0.5435183494493514,"CH1":0.8744812947894876}