{"MV1":0.45292764512952177,"MV3":0.17761669125805357,"CH1":0.4200971374986038}