{"MV1":0.6819890682082809,"MV3":0.3363621624949621,"CH1":0.044229156615057996}