{"MV1":0.6290005666780258,"MV3":0.4080422251957819,"CH1":0.4154185713649541}