{"MV1":0.1460875968384493,"MV3":0.5618811086840699,"CH1":0.7049563800848004}