{"MV1":0.9871223658726326,"MV3":0.4649091571211087,"CH1":0.7540855926681209}