{"MV1":0.2667611487723778,"MV3":0.6668238208421747,"CH1":0.4261823471333491}