{"MV1":0.9836422346219724,"MV3":0.8251008461099146,"CH1":0.6473965405984586}