{"MV1":0.814072513478795,"MV3":0.6513807638595064,"CH1":0.6849629787630416}