{"MV1":0.4523551687816575,"MV3":0.7389552994388464,"CH1":0.6004594528664333}