{"MV1":0.8996823844247266,"MV3":0.14925497838096613,"CH1":0.7461584858111869}