{"MV1":0.2464978997560714,"MV3":0.4220222082317402,"CH1":0.8291453484328429}