{"MV1":0.73501795281407,"MV3":0.9843862905492133,"CH1":0.9648006391362406}