{"MV1":0.3002178129998767,"MV3":0.7826614189694797,"CH1":0.20599612430346048}