{"MV1":0.433295651247397,"MV3":0.10459815265877792,"CH1":0.023291103888232523}