{"MV1":0.0872494450714596,"MV3":0.0021754355999945574,"CH1":0.30178282738897655}