{"MV1":0.4766604773237103,"MV3":0.046578376660645016,"CH1":0.8604750551248321}