{"MV1":0.46019952808068965,"MV3":0.5791032360661564,"CH1":0.9988418795275649}