{"MV1":0.47985232245810516,"MV3":0.3806420549976224,"CH1":0.22026991059349}