{"MV1":0.11347216287402295,"MV3":0.9420384205724915,"CH1":0.21406355220407902}