{"MV1":0.42766439737308237,"MV3":0.16453744264090042,"CH1":0.4600636962071303}