{"MV1":0.49502802550598834,"MV3":0.7122563033160075,"CH1":0.3602685285174587}