{"MV1":0.5928987953510062,"MV3":0.7284291649354854,"CH1":0.634623970118401}