{"MV1":0.05182962621223619,"MV3":0.08712147119092217,"CH1":0.9430225708280724}