{"MV1":0.252232400719237,"MV3":0.0943154050764945,"CH1":0.3043057245270564}