{"MV1":0.5435782424898109,"MV3":0.5256728161627605,"CH1":0.07637842233431935}