{"MV1":0.47686240565448335,"MV3":0.24341457554445034,"CH1":0.9001708070315224}