{"MV1":0.4192937415989081,"MV3":0.5995776738826754,"CH1":0.045705722492300094}