{"MV1":0.8769654760291381,"MV3":0.09216698632100762,"CH1":0.4602811824609443}