{"MV1":0.5763155320247038,"MV3":0.8037539097002637,"CH1":0.5834480608992297}