{"MV1":0.18747160244251415,"MV3":0.6104210895014306,"CH1":0.14982187438121364}