{"MV1":0.3990340882630129,"MV3":0.7764969511803431,"CH1":0.1424023349542276}