{"MV1":0.06943100880179842,"MV3":0.7374035356245194,"CH1":0.541115684867824}