{"MV1":0.26907006534461997,"MV3":0.408624277183821,"CH1":0.8424158148251635}