{"MV1":0.9072981549552358,"MV3":0.9391840851538067,"CH1":0.6659479102148763}