{"MV1":0.6240086198406342,"MV3":0.5801769003374984,"CH1":0.9278781809142359}