{"MV1":0.5534122792617509,"MV3":0.866290562428164,"CH1":0.2192685829335992}