{"MV1":0.7478809838758281,"MV3":0.39540914963555684,"CH1":0.42232304127135056}