{"MV1":0.19948079976757693,"MV3":0.6466453046774909,"CH1":0.17266126616560773}