{"MV1":0.6153574344438967,"MV3":0.08558566607686025,"CH1":0.1031298922597943}