{"MV1":0.1490738879554261,"MV3":0.25172844462772115,"CH1":0.2013879636759116}