{"MV1":0.7544047543710998,"MV3":0.7626174660050586,"CH1":0.4316009392675598}