{"MV1":0.24804385002732388,"MV3":0.9381288251850346,"CH1":0.3377058966335057}