{"MV1":0.1565063094437622,"MV3":0.6356147691098748,"CH1":0.5914239309429341}