{"MV1":0.9177958285140538,"MV3":0.481506083300837,"CH1":0.6914555306112133}