{"MV1":0.5830606188669498,"MV3":0.05433334062747297,"CH1":0.19310627758183796}