{"MV1":0.5640771087740735,"MV3":0.6516990563520355,"CH1":0.25507080193591936}