{"MV1":0.6511277019421965,"MV3":0.3294370154103803,"CH1":0.2286898943093144}