{"MV1":0.8707492166462927,"MV3":0.29227212948800996,"CH1":0.49495765454944207}