{"MV1":0.38448364681293634,"MV3":0.1380775247643362,"CH1":0.39983625712968596}