{"MV1":0.4790716465685263,"MV3":0.24108392970888126,"CH1":0.5356637774238082}