{"MV1":0.3965300989735381,"MV3":0.5195250036231074,"CH1":0.05031414169974524}