{"MV1":0.22224923294039356,"MV3":0.18822876516644504,"CH1":0.12673362925911114}