{"MV1":0.7574962211484633,"MV3":0.033261669025765106,"CH1":0.6372833214049952}