{"MV1":0.9908033386499663,"MV3":0.051138348856125115,"CH1":0.6775115754462769}