{"MV1":0.15416360370193094,"MV3":0.7956489864472212,"CH1":0.25838018043072497}