{"MV1":0.396005158494817,"MV3":0.8667768532138171,"CH1":0.42167444426343526}