{"MV1":0.2897420081204959,"MV3":0.47419484745096585,"CH1":0.903494943907454}