{"MV1":0.7902168640515433,"MV3":0.706739505447471,"CH1":0.5157386783574823}