{"MV1":0.7164918050954374,"MV3":0.14137809237746135,"CH1":0.5799974341008307}