{"MV1":0.1421594570469451,"MV3":0.9171694356023834,"CH1":0.930801568784918}