{"MV1":0.6041041874444931,"MV3":0.0034380119844308332,"CH1":0.37461769994466954}