{"MV1":0.5505314082961684,"MV3":0.3654460375767886,"CH1":0.3417742397104139}