{"MV1":0.007321943829156741,"MV3":0.6534138456385153,"CH1":0.3379958702868032}