{"MV1":0.10705991370704337,"MV3":0.4287691310637084,"CH1":0.11942792651260958}