{"MV1":0.6960535977252975,"MV3":0.32180416844511095,"CH1":0.36622204090190746}