{"MV1":0.33908514984794114,"MV3":0.421572676890006,"CH1":0.5500121482153592}