{"MV1":0.0007376817660753598,"MV3":0.16843598489329636,"CH1":0.29714955862878745}