{"MV1":0.22545950251164892,"MV3":0.19347537907204226,"CH1":0.8082082037428853}