{"MV1":0.18406500142219495,"MV3":0.8313968837057284,"CH1":0.20971296065101608}