{"MV1":0.08746677353691734,"MV3":0.1822810218494938,"CH1":0.20600453970060106}