{"MV1":0.8555770206300038,"MV3":0.802656332412402,"CH1":0.7151723787674412}