{"MV1":0.3964789125464041,"MV3":0.7972489497545233,"CH1":0.5259079174784235}