{"MV1":0.18922464134060568,"MV3":0.5706535739127333,"CH1":0.3190302425336843}