{"MV1":0.7135426867114838,"MV3":0.9653293194340282,"CH1":0.4072021664926947}