{"MV1":0.6658859624935852,"MV3":0.1999299932079499,"CH1":0.5848367545882034}