{"MV1":0.5175473992550965,"MV3":0.9877374377495725,"CH1":0.11184592295924611}