{"MV1":0.6925659881337601,"MV3":0.21860959705821692,"CH1":0.6181886048047802}