{"MV1":0.424260498989495,"MV3":0.008174765428310415,"CH1":0.2535109403285364}