{"MV1":0.9966003761182181,"MV3":0.48160314190542697,"CH1":0.8405360779412757}