{"MV1":0.607731521302547,"MV3":0.39809865965497704,"CH1":0.7081591380909094}