{"MV1":0.004408773744127625,"MV3":0.9671750424807573,"CH1":0.723242246223683}