{"MV1":0.5504477262583755,"MV3":0.8577587941290784,"CH1":0.2280984106968591}