{"MV1":0.5953051217221794,"MV3":0.4254976669867757,"CH1":0.9598862179277818}