{"MV1":0.5962398072076038,"MV3":0.3478745496772925,"CH1":0.5994973339965269}