{"MV1":0.238439096647443,"MV3":0.5829343638776291,"CH1":0.9276488455596079}