{"MV1":0.7514398457803619,"MV3":0.2330022711199723,"CH1":0.2239609025240511}