{"MV1":0.31800198909477795,"MV3":0.5150286160873075,"CH1":0.7174752788051005}