{"MV1":0.8286789920470327,"MV3":0.10057629917152566,"CH1":0.6768573272405256}