{"MV1":0.49999573655101925,"MV3":0.6676700372490112,"CH1":0.0777828550770906}