{"MV1":0.4155633018780366,"MV3":0.27786134503017,"CH1":0.27300970089226106}