{"MV1":0.2784844981140878,"MV3":0.4928909890877773,"CH1":0.8480616206837137}