{"MV1":0.3222220599219,"MV3":0.8671284279401063,"CH1":0.9583612729563233}