{"MV1":0.45274600181175184,"MV3":0.20915972805051042,"CH1":0.440968528762144}