{"MV1":0.12626783106403883,"MV3":0.4109758200935192,"CH1":0.7274620916177947}