{"MV1":0.12353246639980453,"MV3":0.6001709173920874,"CH1":0.07012432637947441}