{"MV1":0.4202984412538282,"MV3":0.3768592934467383,"CH1":0.1359484704142696}