{"MV1":0.23982823028443612,"MV3":0.5959258346022757,"CH1":0.11223775519751078}