{"MV1":0.9118069545703013,"MV3":0.22555615185281364,"CH1":0.1015128189990181}