{"MV1":0.5810561806393195,"MV3":0.9316485473386044,"CH1":0.49937421798024184}