{"MV1":0.827636116664828,"MV3":0.0971948644367846,"CH1":0.7635201270589755}