{"MV1":0.42115575112226744,"MV3":0.4981823484911432,"CH1":0.07807175890478979}