{"MV1":0.46210446077616485,"MV3":0.9868542230521004,"CH1":0.7859448094763336}