{"MV1":0.3531929054554034,"MV3":0.3094402381466528,"CH1":0.2229193121721994}