{"MV1":0.39047332974736193,"MV3":0.6801063280035281,"CH1":0.7195723340872251}