{"MV1":0.2855047998728131,"MV3":0.6476176072011908,"CH1":0.5498011907849123}