{"MV1":0.08554105397967604,"MV3":0.5893534740628988,"CH1":0.12355570170613817}