{"MV1":0.7760406718292217,"MV3":0.9160486478423163,"CH1":0.511512908036112}