{"MV1":0.3190951587554841,"MV3":0.49022441332997724,"CH1":0.15715852633520944}