{"MV1":0.37349673781124526,"MV3":0.10168218465943346,"CH1":0.7850183347465596}