{"MV1":0.3318963046750393,"MV3":0.887333714247509,"CH1":0.8662682077232767}