{"MV1":0.9607020200635435,"MV3":0.018806450984105383,"CH1":0.9392901000053476}