{"MV1":0.07808153794697492,"MV3":0.7721827867275541,"CH1":0.2519663485294228}