{"MV1":0.322864119985377,"MV3":0.5682043796287971,"CH1":0.7575994405751282}