{"MV1":0.6861208005075753,"MV3":0.5055498139186149,"CH1":0.19657740307723282}