{"MV1":0.411082715502492,"MV3":0.5371460025038431,"CH1":0.7363681827293065}