{"MV1":0.32493813036531305,"MV3":0.5335595906070826,"CH1":0.16063262762113772}