{"MV1":0.9797515204583487,"MV3":0.9486417846557108,"CH1":0.6657914898299884}