{"MV1":0.1977746348369126,"MV3":0.49080480106152113,"CH1":0.259042148665531}