{"MV1":0.872721058766678,"MV3":0.4919217656219933,"CH1":0.559535971549394}