{"MV1":0.7369520075141445,"MV3":0.9229281075618829,"CH1":0.8461640411990238}