{"MV1":0.32910135895502546,"MV3":0.7379270813355513,"CH1":0.0693452679515536}