{"MV1":0.1012953994092809,"MV3":0.45386522656861006,"CH1":0.6621276515343877}