{"MV1":0.20343927174159937,"MV3":0.12580582294271236,"CH1":0.6847045379974465}