{"MV1":0.040823055806245234,"MV3":0.13567195940826093,"CH1":0.003896242709849007}