{"MV1":0.7478384700649799,"MV3":0.13891826093381765,"CH1":0.17807827548387378}