{"MV1":0.039431267929079694,"MV3":0.6494588665229851,"CH1":0.475289004516377}