{"MV1":0.007562798651254532,"MV3":0.009463439419648334,"CH1":0.07800383564079172}