{"MV1":0.9499265184825242,"MV3":0.3248634465972984,"CH1":0.0680526427935042}