{"MV1":0.5327443851469366,"MV3":0.919666075769321,"CH1":0.512569753105324}