{"MV1":0.5712217377783483,"MV3":0.033997501056689194,"CH1":0.5995783914566761}