{"MV1":0.007592138896633571,"MV3":0.5784403714257579,"CH1":0.5779303828786606}