{"MV1":0.8066655911538207,"MV3":0.45961220951000903,"CH1":0.8866375556160857}