{"MV1":0.8529460178514375,"MV3":0.28175474196895134,"CH1":0.04347779171200006}