{"MV1":0.822237052386491,"MV3":0.027652202200431186,"CH1":0.6798443581559707}