{"MV1":0.5225322717220483,"MV3":0.7745073678765088,"CH1":0.4641476076588802}