{"MV1":0.34795694768422925,"MV3":0.2674902330709209,"CH1":0.3520209495129132}