{"MV1":0.8506878757194296,"MV3":0.4075864850010278,"CH1":0.7080150388867574}