{"MV1":0.55611633093902,"MV3":0.4307106882079763,"CH1":0.2588988517638767}