{"MV1":0.9907609229301381,"MV3":0.2869360013543093,"CH1":0.788208429313613}