{"MV1":0.8329488725013158,"MV3":0.8741882140944115,"CH1":0.0010706155932652672}