{"MV1":0.6413146303294324,"MV3":0.1949327201327985,"CH1":0.6047389730110686}