{"MV1":0.197572974076767,"MV3":0.19761052207429874,"CH1":0.8682715798722414}