{"MV1":0.3021684184763179,"MV3":0.45105645545436424,"CH1":0.8546688560386149}