{"MV1":0.33939589247912716,"MV3":0.5974617773730211,"CH1":0.47478472195331634}