{"MV1":0.2038852542413534,"MV3":0.8301189285671288,"CH1":0.2209976724570203}