{"MV1":0.350810281157936,"MV3":0.8384822930321052,"CH1":0.4878468767380578}