{"MV1":0.5318322235855929,"MV3":0.9530335000402845,"CH1":0.7796842007685343}