{"MV1":0.5451752187178912,"MV3":0.6955490690607493,"CH1":0.9366851023007953}