{"MV1":0.9718074662327691,"MV3":0.26519018862071153,"CH1":0.06405916030474545}