{"MV1":0.06240487955800689,"MV3":0.8666535953836028,"CH1":0.2091288235812273}