{"MV1":0.9446491117654174,"MV3":0.03576702862254444,"CH1":0.9034028483017401}