{"MV1":0.23807183788427866,"MV3":0.6666026970430459,"CH1":0.36870325056185804}