{"MV1":0.9399337978115265,"MV3":0.21706751796751222,"CH1":0.5384459482428385}