{"MV1":0.757060534045528,"MV3":0.469879733649173,"CH1":0.116241559708961}