{"MV1":0.7423308852694754,"MV3":0.7886493849258245,"CH1":0.58432747500135}