{"MV1":0.936488600433153,"MV3":0.9641260943995097,"CH1":0.472711089784171}