{"MV1":0.7798503260229199,"MV3":0.9340486455319025,"CH1":0.550778294181982}