{"MV1":0.44378143994246133,"MV3":0.49519030367560846,"CH1":0.5128153659752128}