{"MV1":0.25436375699307257,"MV3":0.31557219552331073,"CH1":0.634570383862188}