{"MV1":0.2216740923208803,"MV3":0.3313593918018247,"CH1":0.019267285418658853}