{"MV1":0.4480041307162175,"MV3":0.1167803278366546,"CH1":0.531096358171489}