{"MV1":0.4283605060350729,"MV3":0.5053061600632894,"CH1":0.5777138492270741}