{"MV1":0.6328256134230554,"MV3":0.9323678298485865,"CH1":0.8094519492917758}