{"MV1":0.6636921755132343,"MV3":0.930866743206961,"CH1":0.4031974965014724}