{"MV1":0.15063797498594234,"MV3":0.3181955482986285,"CH1":0.441168328732648}