{"MV1":0.6864918093373419,"MV3":0.03335995732552566,"CH1":0.09698691546367055}