{"MV1":0.8941020115858708,"MV3":0.4106422656586105,"CH1":0.4490479043507126}