{"MV1":0.6406077078878749,"MV3":0.35687985980739967,"CH1":0.5713531619941339}