{"MV1":0.786255586474149,"MV3":0.6724629519132722,"CH1":0.6830785449843503}