{"MV1":0.28289117670206754,"MV3":0.4207327320224902,"CH1":0.5776082694593038}