{"MV1":0.39861926445066853,"MV3":0.6000505115962237,"CH1":0.8814648399913633}