{"MV1":0.3364112759091906,"MV3":0.7793075150938391,"CH1":0.435703674408074}