{"MV1":0.672272725718334,"MV3":0.022344768721283326,"CH1":0.27207437270399937}