{"MV1":0.3619990616660823,"MV3":0.250828280244181,"CH1":0.8339680414630624}