{"MV1":0.8686528293419186,"MV3":0.8635028524918462,"CH1":0.505169554047352}