{"MV1":0.685197995727261,"MV3":0.1670791549587829,"CH1":0.3222511338739419}