{"MV1":0.7103882428100771,"MV3":0.8068584641917704,"CH1":0.5176098560692067}