{"MV1":0.9117118916975087,"MV3":0.3143127746463299,"CH1":0.981454945856363}