{"MV1":0.07251297631551867,"MV3":0.6196699846695676,"CH1":0.5432442893733017}