{"MV1":0.16168096077902927,"MV3":0.06879575089884782,"CH1":0.8110421810021277}