{"MV1":0.6229572498524072,"MV3":0.8875708092454614,"CH1":0.531744046098943}