{"MV1":0.8648657960776688,"MV3":0.12163425135416828,"CH1":0.8847552603457186}