{"MV1":0.537598620956122,"MV3":0.9153085431167893,"CH1":0.47423044820500915}