{"MV1":0.5216891450424609,"MV3":0.7880972034766232,"CH1":0.25677475605812194}