{"MV1":0.33339940429080195,"MV3":0.1807059656082638,"CH1":0.7936340187685864}