{"MV1":0.5863079346868671,"MV3":0.1609995340430569,"CH1":0.45850482684416005}