{"MV1":0.411220904702692,"MV3":0.04519518111204157,"CH1":0.16158967955294823}