{"MV1":0.4321129485729647,"MV3":0.5270728378220787,"CH1":0.9830071721355281}