{"MV1":0.8329413482768515,"MV3":0.23718072144543445,"CH1":0.26613741234246324}