{"MV1":0.06622264289024804,"MV3":0.7631994729792791,"CH1":0.2828519682147147}