{"MV1":0.4707524283562331,"MV3":0.16657961425285128,"CH1":0.4656218228731802}