{"MV1":0.5485754612820887,"MV3":0.9447512750574284,"CH1":0.30952980975379907}