{"MV1":0.2848135932946023,"MV3":0.06152339086707104,"CH1":0.24788325756784246}