{"MV1":0.7055414080906689,"MV3":0.8265890082167118,"CH1":0.5776225913326016}