{"MV1":0.5749545934143666,"MV3":0.9097534425100611,"CH1":0.7487908862457496}