{"MV1":0.7790372492969422,"MV3":0.3185681844954986,"CH1":0.388958735236021}