{"MV1":0.4482443083518669,"MV3":0.6009704938320605,"CH1":0.7361852923005728}