{"MV1":0.23053688875230804,"MV3":0.339215547070587,"CH1":0.2104897033660601}