{"MV1":0.368998241957889,"MV3":0.18720393269137758,"CH1":0.7875461729815698}