{"MV1":0.8775812632104428,"MV3":0.832004164819607,"CH1":0.3836484955131766}