{"MV1":0.3189201285920862,"MV3":0.10699632751235777,"CH1":0.710365547494328}