{"MV1":0.5741794224418857,"MV3":0.2430883069662042,"CH1":0.5390817592687597}