{"MV1":0.44263272712884794,"MV3":0.4142558603960198,"CH1":0.17709364968889174}