{"MV1":0.0814674494043176,"MV3":0.6618743965175135,"CH1":0.46033023268566187}