{"MV1":0.5249281095542013,"MV3":0.35662020556206475,"CH1":0.9447202299014752}