{"MV1":0.025935258221911672,"MV3":0.8512540197110254,"CH1":0.6462224689668941}