{"MV1":0.7737976927614737,"MV3":0.8020284816356764,"CH1":0.4845235769259897}