{"MV1":0.07006780598895623,"MV3":0.2519716059513062,"CH1":0.8301789738040322}