{"MV1":0.8901555558631798,"MV3":0.6155708804044658,"CH1":0.3147887307316418}