{"MV1":0.9440783610833395,"MV3":0.12989824683271267,"CH1":0.885110256754666}