{"MV1":0.7501240996109952,"MV3":0.436375513680027,"CH1":0.9638484524432358}