{"MV1":0.1627798400120114,"MV3":0.7772873776472413,"CH1":0.4593998711617657}