{"MV1":0.2259893330271786,"MV3":0.35617329489635796,"CH1":0.08507812691122518}