{"MV1":0.19526302860666933,"MV3":0.5229257794205634,"CH1":0.7183389681493699}