{"MV1":0.9451266203737756,"MV3":0.30353968323013025,"CH1":0.8118977791926039}