{"MV1":0.10544411611082405,"MV3":0.220736856138933,"CH1":0.49481583141698415}