{"MV1":0.7815498106263533,"MV3":0.9728906553448007,"CH1":0.8101946095335298}