{"MV1":0.17178602903087659,"MV3":0.8394168874005321,"CH1":0.08948105373766846}