{"MV1":0.3030898113810341,"MV3":0.9125341511164712,"CH1":0.7452587083293942}