{"MV1":0.14489717826758886,"MV3":0.3402829271378095,"CH1":0.8042591231992738}