{"MV1":0.3765943373285525,"MV3":0.3697824225206571,"CH1":0.5897564937041329}