{"MV1":0.2718629916826073,"MV3":0.038717520772534986,"CH1":0.9152486116279862}