{"MV1":0.005657997254471914,"MV3":0.5872245554107616,"CH1":0.7312498207052822}