{"MV1":0.9714126433961745,"MV3":0.544240731850203,"CH1":0.2061187523471919}