{"MV1":0.989362805390253,"MV3":0.0609238055316591,"CH1":0.44195246122318843}