{"MV1":0.9240102274272339,"MV3":0.3615906139510173,"CH1":0.7476036075268357}