{"MV1":0.17657436953032213,"MV3":0.24508856392353962,"CH1":0.8095762155368764}