{"MV1":0.908395878313894,"MV3":0.5880331228440303,"CH1":0.7325057213476162}