{"MV1":0.19481537813465089,"MV3":0.9540244792127138,"CH1":0.636505811361775}