{"MV1":0.5383885979982508,"MV3":0.7041542687063463,"CH1":0.2527528968192255}