{"MV1":0.9288632112028781,"MV3":0.6315723744472972,"CH1":0.3340709807761808}