{"MV1":0.6023344378472935,"MV3":0.30688343298975795,"CH1":0.6844838848341205}