{"MV1":0.534598067617869,"MV3":0.4141894877358522,"CH1":0.872239407094253}