{"MV1":0.5312673365970172,"MV3":0.6996396445615028,"CH1":0.20883912602121035}