{"MV1":0.16164737612253877,"MV3":0.3274483444925632,"CH1":0.3791143166940051}