{"MV1":0.7708380075781451,"MV3":0.12268267017760248,"CH1":0.9128635721505888}