{"MV1":0.48582084577824536,"MV3":0.24054628977951975,"CH1":0.05920965845701687}