{"MV1":0.6955575376534886,"MV3":0.12003944866690952,"CH1":0.17443185081784196}