{"MV1":0.05059762416768865,"MV3":0.7862185694753663,"CH1":0.6705214745638888}