{"MV1":0.601474355695867,"MV3":0.77727706621765,"CH1":0.060374082080725255}