{"MV1":0.6543924537588498,"MV3":0.6625358228101471,"CH1":0.5193468820135985}