{"MV1":0.20272167112069506,"MV3":0.8079807279661907,"CH1":0.9527696643895214}