{"MV1":0.8074940518864937,"MV3":0.9797524969928719,"CH1":0.329569192957319}