{"MV1":0.22959989191949237,"MV3":0.8563922387491862,"CH1":0.19150391920836196}