{"MV1":0.08121467674724114,"MV3":0.7961208796316885,"CH1":0.06790109961976831}