{"MV1":0.040275863057580796,"MV3":0.22386250002888508,"CH1":0.3966059327617023}