{"MV1":0.7628996506334469,"MV3":0.6013196087009248,"CH1":0.683226950793513}