{"MV1":0.30662973361426193,"MV3":0.9599970835680568,"CH1":0.8632918538171136}