{"MV1":0.7639579837882242,"MV3":0.758335164887081,"CH1":0.051578350449269394}