{"MV1":0.3780334892007088,"MV3":0.792212189520976,"CH1":0.8211938487007592}