{"MV1":0.5793302430263907,"MV3":0.053636250042697786,"CH1":0.889756405992639}