{"MV1":0.3715713392486858,"MV3":0.37840207873428655,"CH1":0.5160657626914883}