{"MV1":0.9086557973823368,"MV3":0.11533211734916282,"CH1":0.35571900466797657}