{"MV1":0.4963118225594211,"MV3":0.8215751655007976,"CH1":0.16892250773331519}