{"MV1":0.963720446014793,"MV3":0.1312477146038621,"CH1":0.41263463206948625}