{"MV1":0.3105613500423614,"MV3":0.3710600746339351,"CH1":0.13995713297125667}