{"MV1":0.20683339915020993,"MV3":0.27581413175412206,"CH1":0.38521448361155664}