{"MV1":0.5606066655839291,"MV3":0.24318434618411744,"CH1":0.8598836070677255}