{"MV1":0.2130337021981249,"MV3":0.9646432088630431,"CH1":0.933985917026518}