{"MV1":0.7960586477927815,"MV3":0.575070192052948,"CH1":0.7754902979530867}