{"MV1":0.4780484302102138,"MV3":0.6353142485978691,"CH1":0.6730569146897327}