{"MV1":0.04615464839983452,"MV3":0.7289849459719254,"CH1":0.13934800507896616}