{"MV1":0.2685973771748228,"MV3":0.9311042259059109,"CH1":0.9767260973428868}