{"MV1":0.9355683175419917,"MV3":0.1289740382879364,"CH1":0.22491176400351043}