{"MV1":0.23258747248184175,"MV3":0.08886351062224207,"CH1":0.17328970433597324}