{"MV1":0.9969200555792804,"MV3":0.5389560211514873,"CH1":0.8054981049431419}