{"MV1":0.6038228560261265,"MV3":0.6596927541688005,"CH1":0.9383574175719384}