{"MV1":0.4150151774165868,"MV3":0.4960897215486686,"CH1":0.18422497303647156}