{"MV1":0.03241106025913787,"MV3":0.4711741160362699,"CH1":0.2651256955030471}