{"MV1":0.6821753957224796,"MV3":0.3434712179026522,"CH1":0.18743540491797228}