{"MV1":0.33255820861367724,"MV3":0.30776327329890263,"CH1":0.12745199542456465}