{"MV1":0.413753473736295,"MV3":0.09838293406467502,"CH1":0.9216650679039431}