{"MV1":0.49255898637828044,"MV3":0.1054611939492256,"CH1":0.4138381208734583}