{"MV1":0.8472243403158879,"MV3":0.21645956985500647,"CH1":0.11769520697298508}