{"MV1":0.40743062691763954,"MV3":0.46243312244374135,"CH1":0.36824379903241833}