{"MV1":0.33888522583169955,"MV3":0.7466927023229527,"CH1":0.6057076993295682}