{"MV1":0.2558344156737765,"MV3":0.1970973844964108,"CH1":0.02364770687481743}