{"MV1":0.988219589305996,"MV3":0.7559321715304576,"CH1":0.015209636859565001}