{"MV1":0.6328709539618057,"MV3":0.6450605471817714,"CH1":0.6999567290667323}