{"MV1":0.8483838422108825,"MV3":0.12060759610762783,"CH1":0.25055575875030056}