{"MV1":0.24946332112540548,"MV3":0.30596030773976,"CH1":0.638039723609693}