{"MV1":0.3495954565150844,"MV3":0.8363182399955112,"CH1":0.5510788975369396}