{"MV1":0.21583256059976286,"MV3":0.9669467401900592,"CH1":0.7141664025162495}