{"MV1":0.13961820036901895,"MV3":0.496259024127079,"CH1":0.1323411732396722}