{"MV1":0.9845200544886579,"MV3":0.16333069043519044,"CH1":0.03624384830024885}