{"MV1":0.6832947136710201,"MV3":0.7051881629635997,"CH1":0.6666344735999301}