{"MV1":0.4516241133871899,"MV3":0.8503810480035553,"CH1":0.2822645857876398}