{"MV1":0.5437318528265815,"MV3":0.5466444366295682,"CH1":0.29742875392563883}