{"MV1":0.7290019656240873,"MV3":0.7203625101118253,"CH1":0.9388427959427994}