{"MV1":0.6537606083255728,"MV3":0.8742292626408944,"CH1":0.7460758994136979}