{"MV1":0.6800381399406811,"MV3":0.18625045590162403,"CH1":0.9270206355932177}