{"MV1":0.5873510861104394,"MV3":0.12118381264724187,"CH1":0.4974556371026907}