{"MV1":0.42288891737454704,"MV3":0.567214175625505,"CH1":0.06464007136298988}